
ACS Cobol Xref v2.03.18          Dictionary File for PRINT940    24/03/2026  16:12:39:39                               Page    1

     1         >>source free
     2  *>****************************************************************
     3  *>               Print one 940 Form on plain paper               *
     4  *>                                                               *
     5  *>     This program computes RI - Rhode Island tax at section    *
     6  *>      19 of the report - Should it not be in their State tax   *
     7  *>       table  instead ?                                        *
     8  *>      If so see code at                                        *
     9  *>    RD - "19 Rhode Island Portion of 15c                       *
    10  *>   and   code at arounbd 608 starting with :                   *
    11  *>      if       PY-PR1-Co-State = "RI"                          *
    12  *>                 move     WS-Tot-Taxable-Futa to WS-RI-Tax     *
    13  *>      etc.                                                     *
    14  *>                                                               *
    15  *>   Temp program name may be py210 - coding from print940       *
    16  *>                                                               *
    17  *>    Prograam uses RW - Report Writer.                          *
    18  *>                                                               *
    19  *>****************************************************************
    20  *>
    21   identification          division.
    22  *>================================
    23  *>
    24        program-id.       print940.
    25  *>**
    26        Author.           Vincent B Coen FBCS, FIDM, FIDPM, 08/03/2026.
    27  *>**
    28  *>    Security.         Copyright (C) 2025 - 2026 & later, Vincent Bryan Coen.
    29  *>                      Distributed under the GNU General Public License.
    30  *>                      See the file COPYING for details.
    31  *>**
    32  *>    Remarks.          Print Form 940 Report for end of year processing.
    33  *>                      Semi-sourced from Basic code from print940.
    34  *>**
    35  *>    Version.          See Prog-Name In Ws.
    36  *>**
    37  *>    Called Modules.   NONE other than SYSTEM to lpr.
    38  *>**
    39  *>    Functions Used:   CURRENT-DATE
    40  *>                      SYSTEM.
    41  *>
    42  *>    Files used :
    43  *>                      pypr1.   Params  for PR2 data
    44  *>                      pyded.   Deductions
    45  *>                      pycoh.   Company History.
    46  *>                      pyhis.   Employee History.
    47  *>
    48  *>    Error messages used.
    49  *> System wide:
    50  *>                      SY00.
    51  *> Program specific:
    52  *>                      PY00
    53  *>                      PY
    54  *>**
ACS Cobol Xref v2.03.18          Dictionary File for PRINT940    24/03/2026  16:12:39:39                               Page    2

    55  *> Changes:
    56  *> 08/03/2026 vbc - 1.0.00 Coding starting.
    57  *>                         After testing version will be set to v3.3.
    58  *>                         WARNING: You MUST set the terminal program to be 80
    59  *>                         cols wide and MORE than 27 lines deep and this is to
    60  *>                         allow for the some of the extra lines beyond 24 to
    61  *>                         be used as areas for the warning or error messages
    62  *>                         to be displayed. 26 lines is the minimum.
    63  *>                         This procedure must be applied at all times when
    64  *>                         running Payroll.
    65  *>                         For almost all terminal programs, can be achieved
    66  *>                         by pulling the left and bottom edges of the terminal
    67  *>                         screen with the mouse and holding right button and
    68  *>                         pulling until the correct number is displayed, and
    69  *>                         doing so, one at a time or pulling bottom right
    70  *>                         corner.
    71  *> 11/03/2026 vbc -        Coding Completed.
    72  *>
    73  *>*************************************************************************
    74  *> Copyright Notice.
    75  *> ****************
    76  *>
    77  *> These files and programs are part of the Applewood Computers Accounting
    78  *> System and is Copyright (c) Vincent B Coen. 1976-2026 and later.
    79  *>
    80  *> This program is now free software; you can redistribute it and/or modify it
    81  *> under the terms listed here and of the GNU General Public License as
    82  *> published by the Free Software Foundation; version 3 and later as revised
    83  *> for PERSONAL USAGE ONLY and that includes for use within a business but
    84  *> EXCLUDES repackaging or for Resale, Rental or Hire in ANY way.
    85  *>
    86  *> Persons interested in repackaging, redevelopment for the purpose of resale or
    87  *> distribution in a rental or hire mode must get in touch with the copyright
    88  *> holder with your commercial plans and proposals to vbcoen@gmail.com.
    89  *>
    90  *> ACAS is distributed in the hope that it will be useful, but WITHOUT
    91  *> ANY WARRANTY; without even the implied warranty of MERCHANTABILITY or
    92  *> FITNESS FOR A PARTICULAR PURPOSE.  See the GNU General Public License
    93  *> for more details. If it breaks, you own both pieces but I will endeavour
    94  *> to fix it, providing you tell me about the problem.
    95  *>
    96  *> You should have received a copy of the GNU General Public License along
    97  *> with ACAS; see the file COPYING.  If not, write to the Free Software
    98  *> Foundation, 59 Temple Place, Suite 330, Boston, MA 02111-1307 USA.
    99  *>
   100  *>*************************************************************************
   101  *>
   102   environment             division.
   103  *>================================
   104  *>
   105  *>C  copy "envdiv.cob".
   106   configuration section.
   107   source-computer.      Linux.
   108   object-computer.      Linux.
ACS Cobol Xref v2.03.18          Dictionary File for PRINT940    24/03/2026  16:12:39:39                               Page    3

   109  *> special-names.
   110  *>     console is crt.
   111  *> SPECIAL-NAMES.
   112  *>       CRT STATUS IS COB-CRT-STATUS.
   113   REPOSITORY.
   114         FUNCTION ALL INTRINSIC.
   115  *>
   116   input-output            section.
   117   file-control.
   118  *>C  copy "selpyparam1.cob".
   119  *>
   120  *> Payroll param-1 (USA)
   121  *>
   122       select  PY-Param1-File  assign        File-47
   123                               access        dynamic
   124                               organization  is relative
   125                               relative key  is RRN
   126                               status        PY-PR1-Status.
   127  *>C  copy "selpyded.cob".
   128  *>
   129  *> Payroll Deductions (USA)
   130  *>
   131       select  PY-System-Deduction-File
   132                               assign        File-42
   133                               access        dynamic
   134                               organization  is relative
   135                               relative key  is RRN
   136                               status        PY-Ded-Status.
   137  *>
   138  *>C  copy "selpycoh.cob".
   139  *>
   140  *> Payroll Company History
   141  *>
   142       select  PY-Comp-Hist-File
   143                               assign        File-41
   144                               access        dynamic
   145                               organization  relative
   146                               relative key  RRN    *> or Coh-Apply-No or ?
   147                               status        PY-Coh-Status.
   148  *>
   149  *>C  copy "selpyhis.cob".
   150  *>
   151  *> Payroll History
   152  *>
   153       select  PY-History-File
   154                               assign        File-45
   155                               access        dynamic
   156                               organization  indexed
   157                               record key is His-Emp-No
   158                               status        PY-His-Emp-Status.
   159  *>
   160  *>
   161  *>C  copy "selprint.cob".    *> 132
   162  *>
ACS Cobol Xref v2.03.18          Dictionary File for PRINT940    24/03/2026  16:12:39:39                               Page    4

   163  *> removed org line seq as causing double line printing in OC CE
   164  *>
   165         select  print-file     assign        "prt-1"
   166                                organization line sequential.
   167  *>
   168   data                    division.
   169  *>================================
   170  *>
   171   file section.
   172  *>
   173  *>C  copy "fdpyparam1.cob".
   174  *>*******************************************
   175  *>                                          *
   176  *>  File Definition For Payroll Param  File *
   177  *>                                          *
   178  *>*******************************************
   179  *>   Record Size 1024 Bytes (13/10/25)
   180  *>   see wspyparam1.cob for later updates
   181  *>
   182   fd  PY-Param1-File.
   183  *>
   184  *>C  copy "wspyparam1.cob".
   185  *>*******************************************
   186  *>                                          *
   187  *>  Record Definition For Py param1 File    *
   188  *>     Uses RRN = 1                         *
   189  *>                                          *
   190  *>  If moved to ACAS system file will be    *
   191  *>    record 5 and if split for PR1 rec 6.  *
   192  *>     amd only the FH will need a change & *
   193  *>      possibly the DAL if all of Payroll  *
   194  *>      is to be supported in Mysql         *
   195  *> A decision to be made after testing.     *
   196  *>                                          *
   197  *>*******************************************
   198  *>
   199  *>  File size 624 bytes padded to 1024 by filler.
   200  *>     RESIZE NEEDED 1/12/25
   201  *>
   202  *> 13/10/25 vbc - Created.
   203  *>  Consider adding to system file as rec #5 after basic testing
   204  *> 08/11/25 vbc - Rec  changed still 1024.
   205  *> 11/11/25 vbc - Moved PR2 fields embedded within PR1 area to PR2 rec size the same.
   206  *> 26/11/25 vbc - Added new field PY-PR2-Last-Employee-no - filler adjusted.
   207  *> 28/11/25 vbc - Added new field PY-PR1-Tax-ID  to ident employer with IRS set
   208  *>                as x(24) as format not known.
   209  *> 09/03/26 vbc - PR2 fields changed from x to bin-short unsigned.
   210  *>   WILL NEED RESIZING..
   211  *>
   212   01  PY-Param1-Record.
   213       03  PY-PR1-Block.                         *> Size = 670
   214           05  PY-PR1-Company-Data.                 *> size 298
   215               07  PY-PR1-Co-Name       pic x(60). *> Applewood Computers  [ 60 ] ?
   216               07  PY-PR1-Trade-Name    pic x(32).
ACS Cobol Xref v2.03.18          Dictionary File for PRINT940    24/03/2026  16:12:39:39                               Page    5

   217               07  PY-PR1-Co-Address-1  pic x(32). *> 17 Stag Green Avenue [ 30 ]
   218               07  PY-PR1-Co-Address-2  pic x(32). *> Hatfield             [ 30 ]
   219               07  PY-PR1-Co-Address-3  pic x(32). *> Hertfordshire        [ 30 ]
   220               07  PY-PR1-Co-Address-4  pic x(32). *> spaces
   221               07  PY-PR1-Co-Post-Code.
   222                   09  PY-PR1-Co-Zip    pic x(10).
   223                   09  PY-PR1-Co-State  pic xx.
   224               07  PY-PR1-Co-Phone      pic x(12). *> 01234-123456
   225               07  PY-PR1-Co-Email      pic x(30). *> vbcoen@gmail.com
   226               07  PY-PR1-Tax-ID        pic x(24). *> Used for Employer ID for IRS  NEW 27/11/25
   227  *>
   228  *> Only set if PY-PR1-IRS-Used or PY-PR1-GL-Used  = "Y" <<<<<<<<<<<<<<<<<<<<<<<<<<
   229  *>
   230           05  PY-PR1-Offset-Cash-Acct  binary-char unsigned.    *> def 1  another file rec 5 or 6 digits
   231           05  PY-PR1-Dflt-Gross-Acct   binary-char unsigned.    *>   DITTO
   232           05  PY-PR1-Dflt-Dist-Acct    binary-char unsigned.    *>  def 3
   233           05  PY-PR1-Max-Dist-Accts    binary-char unsigned.   *> rem 11/06/79 these aren't in pr1 file, Are now!
   234  *>
   235           05  PY-PR1-Min-Wage          pic 9(5)v99    comp-3.  *>  def 0
   236           05  PY-PR1-Void-Check-Amt    pic 9(5)v99    comp-3.
   237  *>
   238           05  PY-PR1-Rate2-Factor      pic 9(5)v99    comp-3.  *> def 1.5
   239           05  PY-PR1-Rate3-Factor      pic 9(5)v99    comp-3.  *> def 2.0
   240           05  PY-PR1-Max-Pay-Factor    pic 9(5)v99    comp-3.  *> def 3.0
   241           05  PY-PR1-Dflt-Pay-Rate     pic 9(5)v99    comp-3.  *> def 1.0
   242           05  PY-PR1-Dflt-Vac-Rate     pic 9(5)v99    comp-3.  *> def 0.42
   243           05  PY-PR1-Dflt-SL-Rate      pic 9(5)v99    comp-3.  *> def 0.21
   244           05  PY-PR1-Dflt-Norm-Units   pic 9(5)v99    comp-3.  *> def 1  Regular
   245  *>
   246           05  PY-PR1-Last-Day-Pay-Period  pic 9(8). *> temp entry ? from param entry *nix format
   247           05  PY-PR1-Void-Checks-Over-Max pic x.    *> def N      - Y or N
   248           05  PY-PR1-Rate4-Exclusion-Type pic 9.    *> def 1  (1..4)
   249           05  PY-PR1-Check-Printing-Used  pic x.    *> def Y (or N)
   250           05  PY-PR1-Check-History-Used   pic x.    *> def N      - or Y
   251           05  PY-PR1-S-Used               pic x.    *> def N      - or N Semi M
   252           05  PY-PR1-M-Used               pic x.    *> def Y      - Y  Month
   253           05  PY-PR1-W-Used               pic x.    *> Def N   "  - Y  Weekly
   254           05  PY-PR1-B-Used               pic x.    *> def N   "  - Y  Bi Month
   255           05  PY-PR1-JC-Used              pic x.    *> def N      - Y
   256           05  PY-PR1-GL-Used              pic x.    *> def N      - or Y
   257           05  PY-PR1-IRS-Used             pic x.    *> del Y      - or N
   258           05  PY-PR1-Dflt-Pay-Interval    pic x.    *> def S  could be SMBW - S=Salary,W=Weekly, M=Monthly & B=Bi-Monthly
   259           05  PY-PR1-Dist-Used            pic x.    *> def N  was binary-char unsigned.    *> def Y ????? what
   260           05  PY-PR1-Currency-Sign        pic x.    *> Def "$"
   261           05  PY-PR1-OS-Delimiter         pic x.    *>   / for *nix and \ for windows Used via ACAS param
   262           05  PY-PR1-Debugging            pic x.    *> Def N (or Y !
   263           05  PY-PR1-Hard-Delete          pic x.    *> Def N (or Y)
   264  *>
   265  *>  Where are these stored, if anywhere ?
   266  *>
   267  *> interval$(1)="SEMI-MONTHLY"
   268  *> interval$(2)="MONTHLY"
   269  *> interval$(3)="BIWEEKLY"
   270  *> interval$(4)="WEEKLY"
ACS Cobol Xref v2.03.18          Dictionary File for PRINT940    24/03/2026  16:12:39:39                               Page    6

   271  *>
   272           05  PY-PR1-Dflt-HS-Type      pic x.     *> def S  Dflt-Pay-Type ??
   273           05  PY-PR1-Rate-Name         pic x(15)       occurs 4.   *> def  "REGULAR"
   274                                                                    *> def  "OVERTIME" "SPEC. OVERTIME" "COMMISSION"
   275           05  PY-PR1-Fed-ID            pic x(15). *> "FEDERAL ID"
   276           05  PY-PR1-State-ID          pic x(15). *> "STATE ID"
   277           05  PY-PR1-Local-ID          pic x(15). *> "LOCAL ID"
   278           05  PY-PR1-Date-Format       pic 9.     *> Def: 2=mm/dd/ccyy,  1=dd/mm/ccyy
   279  *>                                                  ( Value reversed from BASIC code to match ACAS.
   280           05  PY-PR1-Date.                        *> WHAT IS THIS FOR ? - will ASSUME today for the BUT NEEDED - SO FAR NO.
   281  *>                                                  moment defaulting to USA mode - ditto for other dates
   282               07  PY-PR1-Date-Mo       pic 99.    *> def 1
   283               07  PY-PR1-Date-Dy       pic 99.    *> def 2
   284               07  PY-PR1-Date-Yr       pic 9(4).  *> def 3 Added CC
   285           05  PY-PR1-Page-Lines-P      pic 99.    *> def 60  Portrait
   286           05  PY-PR1-Page-Lines-L      pic 99.    *> def 60  Landscape
   287           05  PY-PR1-Page-Width-P      pic 999.   *> def 132  -- Portrait paper = 80
   288           05  PY-PR1-Page-Width-L      pic 999.   *> def 132  -- landscape paper = 120
   289           05  PY-PR1-User-Prog-Used    pic x.     *>  N   ----  These three not used
   290           05  PY-PR1-User-Prog         pic x(8).  *> spaces
   291           05  PY-PR1-User-Prog-Desc    pic x(20). *> spaces
   292           05  PY-PR1-Max-Chk-Cats      binary-char.  *>     This block values to be determined
   293           05  PY-PR1-Max-Emp-Eds       binary-char.  *>  3  NEEDED <<   a number but not really neeeded as fields are exact #
   294           05  PY-PR1-Max-Ed-Cats       binary-char.  *>
   295           05  PY-PR1-Max-Swt-Entries   binary-char.  *>            A / marks in use for any one line
   296           05  PY-PR1-Lo-Ded-Chk-Cat    binary-char.  *>
   297           05  PY-PR1-Hi-Ded-Chk-Cat    binary-char.  *>
   298           05  PY-PR1-Lo-Earn-Chk-Cat   binary-char.  *>
   299           05  PY-PR1-Hi-Earn-Chk-Cat   binary-char.  *>
   300           05  PY-PR1-Max-Sys-Eds       binary-char.  *> 5
   301  *>
   302           05  PY-PR1-Print-Spool-Name  pic x(48). *> All 3 from ACAS system params
   303           05  PY-PR1-Print-Spool-Name2 pic x(48). *> but only 1st used (or is it)
   304           05  PY-PR1-Print-Spool-Name3 pic x(48). *>     consider creating a pdf file from prt-1
   305  *>
   306       03  PY-PR2-Block.                        *> Size = 94  COULD BE REC 2 ? (+ filler = 640 or 768 etc) (RRN = 2). sizes wrong
   307           05  PY-PR2-Year              pic 9(4).  *> current year
   308           05  PY-PR2-Year-Next         pic 9(4).  *> Year + 1  --- New field
   309           05  PY-PR2-Last-SM-Apply-No  pic 9(4).  *> def 0
   310           05  PY-PR2-Last-WB-Apply-No  pic 9(4).  *> def 0
   311           05  PY-PR2-Hrs-Batch-No      pic 9(4).  *> def 0
   312           05  PY-PR2-Last-Day-Last-W   pic 9(8).  *> }
   313           05  PY-PR2-Last-Day-Last-B   pic 9(8).  *> }
   314           05  PY-PR2-Last-Day-Last-S   pic 9(8).  *> }  use todays to yyyymmdd
   315           05  PY-PR2-Last-Day-Last-M   pic 9(8).  *> }       error,  may be not ??????
   316           05  PY-PR2-Check-Date        pic 9(8).  *> }
   317           05  PY-PR2-Last-Employee-No  pic 9(8)   comp.    *>  ?? NEW for py010 data entry EXCLUDES check digit. allows for # = 64k
   318           05  PY-PR2-No-Active-Emps    binary-short unsigned.   *> def 0 - NEEDED ??
   319           05  PY-PR2-No-Employees      binary-short unsigned.   *> def 0 - NEEDED ??
   320           05  PY-PR2-No-Of-SM-Applies  binary-short unsigned.   *> SIZE emough 65k ?  - 12/02/79 pr2.no.of.xx.applies% = number of sm, wb applies this quarter
   321           05  PY-PR2-No-Of-WB-Applies  binary-short unsigned.   *> SIZE emough 65k ?    DITTO
   322           05  PY-PR2-Just-Closed-Year  binary-short unsigned.   *>                    - 12/02/79 pr2.just.closed.year% = no applies run since year end close
   323           05  PY-PR2-No-Accts          binary-char  unsigned.    *> def 4 = 4 accounts ? is it needed ??
   324           05  PY-PR2-940-Printed       pic x.     *> N  (or Y)
ACS Cobol Xref v2.03.18          Dictionary File for PRINT940    24/03/2026  16:12:39:39                               Page    7

   325           05  PY-PR2-941-Printed       pic x.     *> N  (or Y)
   326           05  PY-PR2-W2-Printed        pic x.     *> N  (or Y)
   327           05  PY-PR2-Last-Q-Ended      pic 9.     *> 4 ( vals 1, 2, 3 or 4 )
   328           05  PY-PR2-Last-Check-No     pic 9(15). *> 000000                - 12/02/79 pr2.last.check.no$    = last check number written by PYCHECKS
   329  *>
   330       03  filler                       pic x(260).  *> could just be 768.
   331  *>
   332  *>
   333  *>C  copy "fdpyded.cob".
   334  *>*******************************************
   335  *>                                          *
   336  *>  File Definition For PY Deductions File  *
   337  *>                                          *
   338  *>*******************************************
   339  *>   Record Size 438 Bytes
   340  *>   see wspyded.cob for later updates
   341  *>
   342   fd  PY-System-Deduction-File.
   343  *>
   344  *>C  copy "wspyded.cob".
   345  *>*******************************************
   346  *>                                          *
   347  *>  Record Definition For Py Deduction File *
   348  *>     Uses RRN = 1                         *
   349  *>*******************************************
   350  *>  File size 339 bytes ??   was 337
   351  *> 25/10/25 vbc - Created.
   352  *> 08/11/25 vbc - Rec size changed
   353  *> 12/11/25 vbc - and again - less.
   354  *> 15/11/25 vbc - again more + 9.
   355  *> 28/12/25 vbc - Consider increasing table to support a.n.other new ded rates.
   356  *> 16/01/26 vbc - Increased size by 2.
   357  *>
   358   01  PY-System-Deduction-Record.
   359       03  Ded-FWT-Used             pic x.    *> Y NEEDED ?
   360       03  Ded-SWT-Used             pic x.    *> Y needed ?
   361       03  Ded-LWT-Used             pic x.   *>  N
   362       03  Ded-FICA-Used            pic x.   *>  Y
   363       03  Ded-CO-FICA-Used         pic x.   *>
   364       03  Ded-SDI-Used             pic x.   *>
   365       03  Ded-CO-FUTA-Used         pic x.   *>
   366       03  Ded-CO-SUI-Used          pic x.   *>
   367       03  Ded-EIC-Used             pic x.   *>
   368  *>
   369       03  Ded-FWT-Allowance-Amt    pic S9(5)v99   comp-3.
   370  *>
   371       03  Ded-FWT-Acct-No          pic 99.
   372       03  Ded-SWT-Acct-No          pic 99.
   373       03  Ded-LWT-Acct-No          pic 99.
   374       03  Ded-FICA-Acct-No         pic 99.
   375       03  Ded-CO-FICA-Acct-No      pic 99.
   376       03  Ded-SDI-Acct-No          pic 99.
   377       03  Ded-CO-FUTA-Acct-No      pic 99.
   378       03  Ded-CO-SUI-Acct-No       pic 99.
ACS Cobol Xref v2.03.18          Dictionary File for PRINT940    24/03/2026  16:12:39:40                               Page    8

   379       03  Ded-EIC-Acct-No          pic 99.
   380  *>19 ^
   381       03  Ded-FICA-Rate            pic 99v99    comp-3.
   382       03  Ded-FICA-Limit           pic 9(5)v99  comp-3.
   383       03  Ded-CO-FICA-Rate         pic 99v99    comp-3.
   384       03  Ded-CO-FICA-Limit        pic 9(5)v99  comp-3.
   385       03  Ded-SDI-Rate             pic 99v99    comp-3.
   386       03  Ded-SDI-Limit            pic 9(5)v99  comp-3.
   387       03  Ded-CO-FUTA-Rate         pic 99v99    comp-3.
   388       03  Ded-CO-FUTA-Limit        pic 9(5)v99  comp-3.
   389       03  Ded-CO-FUTA-Max-Credit   pic 9(5)v99  comp-3.
   390       03  Ded-CO-SUI-Rate          pic 99v99    comp-3.
   391       03  Ded-CO-SUI-Limit         pic 9(5)v99  comp-3.
   392       03  Ded-EIC-Rate             pic 99v99    comp-3.
   393       03  Ded-EIC-Limit            pic 9(5)v99  comp-3.
   394       03  Ded-EIC-Excess-Rate      pic 99v99    comp-3.
   395       03  Ded-EIC-Excess-Limit     pic 9(5)v99  comp-3.
   396  *>34 +  28  + 50 = 112
   397       03  Ded-FWT-Mar                  occurs 7.
   398           05  Ded-FWT-Mar-Cutoff   pic 9(5)v99  comp-3.
   399           05  Ded-FWT-Mar-Percent  pic 9(3)v99  comp-3.
   400  *>
   401       03  Ded-FWT-Sin                  occurs 7.
   402           05  Ded-FWT-Sin-Cutoff   pic 9(5)v99  comp-3.
   403           05  Ded-FWT-Sin-Percent  pic 9(3)v99  comp-3.
   404  *>
   405       03  Ded-Sys-Entries-Used     pic 99.  *> allow for this block to be > 10
   406       03  Ded-Sys-Data-Blocks          occurs 5.
   407           05  Ded-Sys-Amt-Percent  pic x.   *>  A
   408           05  Ded-Sys-Chk-Cat      pic 99.  *>  7 ( 2 - 7 if Earn-Ded = E. 9 - 16 if Earn-Ded = D
   409           05  Ded-Sys-Earn-Ded     pic x.   *>  E
   410           05  Ded-Sys-Exclusion    pic 9.   *>  1 ( 1 - 4)
   411           05  Ded-Sys-Limit-Used   pic x.   *>  Y
   412           05  Ded-Sys-Used         pic x.   *>  N
   413           05  Ded-Sys-Desc         pic x(15).
   414           05  Ded-Sys-Acct-No      binary-char  unsigned.
   415           05  Ded-Sys-Factor       pic 9(5)v99  comp-3.
   416           05  Ded-Sys-Limit        pic 9(5)v99  comp-3.
   417  *> Field count 112
   418  *>
   419  *>C  copy "fdpycoh.cob".
   420  *>*******************************************
   421  *>                                          *
   422  *>  File Definition For PY Company History  *
   423  *>              File                        *
   424  *>*******************************************
   425  *>   Record Size 513 Bytes
   426  *>   see wspycoh.cob for later updates
   427  *>
   428   fd  PY-Comp-Hist-File.
   429  *>
   430  *>C  copy "wspycoh.cob".
   431  *>*******************************************
   432  *>                                          *
ACS Cobol Xref v2.03.18          Dictionary File for PRINT940    24/03/2026  16:12:39:40                               Page    9

   433  *>  Record Definition For Company History   *
   434  *>              File                        *
   435  *>     Uses RRN         as  relative key    *
   436  *>   BUT could be Apply-No                  *
   437  *>*******************************************
   438  *>  File size 513 bytes.    ?? resize <<<<<<<<
   439  *>
   440  *> THESE FIELD DEFINITIONS MAY NEED CHANGING
   441  *>
   442  *> 30/10/25 vbc - Created.
   443  *> 04/12/25 vbc - Some fields chgd to 9 from x etc & get rid of tabs.
   444  *>
   445   01  PY-Comp-Hist-Record.
   446    *>   03  RRN                      pic 9.              *> Possibly needs to use Apply-No
   447       03  Coh-Interval                 pic x.
   448       03  Coh-Starting-Up              pic x.              *> on 1st starting set to Y, after 1st apply set to N but is this CORRECT ?
   449  *>                                                           Should the tests relate to specific Emp His / Emp records ?
   450  *>
   451       03  Coh-Last-Apply-No            pic 9(4) comp.           *> Possibly the KEY and not RRN then can be removed if multiple records??
   452       03  Coh-QTD                                  comp-3.
   453           05  Coh-QTD-Income-Taxable   pic 9(7)v99.
   454           05  Coh-QTD-Other-Taxable    pic 9(7)v99.
   455           05  Coh-QTD-Other-NonTaxable pic 9(7)v99.
   456           05  Coh-QTD-Fica-Taxable     pic 9(7)v99.
   457           05  Coh-QTD-Tips             pic 9(7)v99.
   458           05  Coh-QTD-Net              pic 9(7)v99.
   459           05  Coh-QTD-Eic-Credit       pic 9(7)v99.
   460           05  Coh-QTD-Fwt-Liab         pic 9(7)v99.
   461           05  Coh-QTD-Swt-Liab         pic 9(7)v99.
   462           05  Coh-QTD-Lwt-Liab         pic 9(7)v99.
   463           05  Coh-QTD-Fica-Liab        pic 9(7)v99.
   464           05  Coh-QTD-Sdi-Liab         pic 9(7)v99.
   465           05  Coh-QTD-Co-Futa-Liab     pic 9(7)v99.
   466           05  Coh-QTD-Co-Fica-Liab     pic 9(7)v99.
   467           05  Coh-QTD-Co-Sui-Liab      pic 9(7)v99.
   468           05  Coh-QTD-Sys              pic 9(7)v99   occurs 5.
   469           05  Coh-QTD-Emp              pic 9(7)v99   occurs 3.
   470           05  Coh-QTD-Other-Ded        pic 9(7)v99.
   471           05  Coh-QTD-Units            pic 9(7)v99   occurs 4.
   472           05  Coh-QTD-Comp-Time-Earned pic 9(7)v99.
   473           05  Coh-QTD-Comp-Time-Taken  pic 9(7)v99.
   474           05  Coh-QTD-Vac-Earned       pic 9(7)v99.
   475           05  Coh-QTD-Vac-Taken        pic 9(7)v99.
   476           05  Coh-QTD-Sl-Earned        pic 9(7)v99.
   477           05  Coh-QTD-Sl-Taken         pic 9(7)v99.
   478       03  Coh-QTD                                  comp-3.
   479           05  Coh-YTD-Income-Taxable   pic 9(7)v99.
   480           05  Coh-YTD-Other-Taxable    pic 9(7)v99.
   481           05  Coh-YTD-Other-NonTaxable pic 9(7)v99.
   482           05  Coh-YTD-Fica-Taxable     pic 9(7)v99.
   483           05  Coh-YTD-Tips             pic 9(7)v99.
   484           05  Coh-YTD-Net              pic 9(7)v99.
   485           05  Coh-YTD-Eic-Credit       pic 9(7)v99.
   486           05  Coh-YTD-Fwt-Liab         pic 9(7)v99.
ACS Cobol Xref v2.03.18          Dictionary File for PRINT940    24/03/2026  16:12:39:40                               Page   10

   487           05  Coh-YTD-Swt-Liab         pic 9(7)v99.
   488           05  Coh-YTD-Lwt-Liab         pic 9(7)v99.
   489           05  Coh-YTD-Fica-Liab        pic 9(7)v99.
   490           05  Coh-YTD-Sdi-Liab         pic 9(7)v99.
   491           05  Coh-YTD-Co-Futa-Liab     pic 9(7)v99.
   492           05  Coh-YTD-Co-Fica-Liab     pic 9(7)v99.
   493           05  Coh-YTD-Co-Sui-Liab      pic 9(7)v99.
   494           05  Coh-YTD-Sys              pic 9(7)v99   occurs 5.
   495           05  Coh-YTD-Emp              pic 9(7)v99   occurs 3.
   496           05  Coh-YTD-Other-Ded        pic 9(7)v99.
   497           05  Coh-YTD-Units            pic 9(7)v99   occurs 4.
   498           05  Coh-YTD-Comp-Time-Earned pic 9(7)v99.
   499           05  Coh-YTD-Comp-Time-Taken  pic 9(7)v99.
   500           05  Coh-YTD-Vac-Earned       pic 9(7)v99.
   501           05  Coh-YTD-Vac-Taken        pic 9(7)v99.
   502           05  Coh-YTD-Sl-Earned        pic 9(7)v99.
   503           05  Coh-YTD-Sl-Taken         pic 9(7)v99.
   504       03  Coh-Date                     pic 9(8)     comp    occurs 12.   *>  ccyymmdd
   505       03  Coh-Tax                      pic 9(7)v99  comp-3  occurs 12.
   506       03  Coh-Q-Taxes.
   507           05  Coh-Q-Tax                pic 9(7)v99  comp-3  occurs 4.
   508           05  Coh-Q-Fica-Tax           pic 9(7)v99  comp-3  occurs 4.
   509           05  Coh-Q-Co-Futa-Liab       pic 9(7)v99  comp-3  occurs 4.
   510       03  Coh-All-Q-Taxes redefines Coh-Q-Taxes.    *> Used in py930 for data I/P and ???
   511           05  Coh-All-Q-Tax            pic 9(7)v99  comp-3  occurs 12.
   512  *>
   513  *>
   514  *>C  copy "fdpyhis.cob".
   515  *>*******************************************
   516  *>                                          *
   517  *>  File Definition For PY Employee History *
   518  *>                 File                     *
   519  *>                                          *
   520  *>*******************************************
   521  *>   Record Size 232 Bytes
   522  *>   see wspyhis.cob for later updates
   523  *>
   524   fd  PY-History-File.
   525  *>
   526  *>C  copy "wspyhis.cob".
   527  *>*******************************************
   528  *>                                          *
   529  *>  Record Definition For Employee          *
   530  *>       History  File                      *
   531  *>     Uses His-Emp-No as key               *
   532  *>*******************************************
   533  *>  File size 314 bytes.
   534  *>
   535  *> THESE FIELD DEFINITIONS MAY NEED CHANGING
   536  *>
   537  *> 29/10/25 vbc - Created.
   538  *> 09/12/25 vbc - Added xtras DEDs for QTD & YTD
   539  *> 17/03/26 vbc - MCare added for QTD & YTD.
   540  *>
ACS Cobol Xref v2.03.18          Dictionary File for PRINT940    24/03/2026  16:12:39:40                               Page   11

   541   01  PY-History-Record.
   542       03  His-Emp-No                    pic 9(7)   comp.
   543       03  His-QTD                                  comp-3.
   544           05  His-QTD-Income-Taxable    pic 9(7)v99.
   545           05  His-QTD-Other-Taxable     pic 9(7)v99.
   546           05  His-QTD-Other-NonTaxable  pic 9(7)v99.
   547           05  His-QTD-Fica-Taxable      pic 9(7)v99.
   548           05  His-QTD-Tips              pic 9(7)v99.
   549           05  His-QTD-Net               pic 9(7)v99.
   550           05  His-QTD-EIC               pic 9(7)v99.
   551           05  His-QTD-FWT               pic 9(7)v99.
   552           05  His-QTD-SWT               pic 9(7)v99.
   553           05  His-QTD-LWT               pic 9(7)v99.
   554           05  His-QTD-FICA              pic 9(7)v99.
   555           05  His-QTD-SDI               pic 9(7)v99.
   556           05  His-QTD-MCare             pic 9(7)v99.
   557           05  His-QTD-Sys               pic 9(7)v99  occurs 5.
   558           05  His-QTD-Emp               pic 9(7)v99  occurs 3.
   559           05  His-QTD-Units             pic 9(7)v99  occurs 4.
   560           05  His-QTD-Other-Ded         pic 9(7)v99.
   561           05  His-QTD-Extras            pic 9(7)v99  occurs 5. *> extra state/fed deductions enough ?
   562       03  His-YTD                                  comp-3.
   563           05  His-YTD-Income-Taxable    pic 9(7)v99.
   564           05  His-YTD-Other-Taxable     pic 9(7)v99.
   565           05  His-YTD-Other-NonTaxable  pic 9(7)v99.
   566           05  His-YTD-Fica-Taxable      pic 9(7)v99.
   567           05  His-YTD-Tips              pic 9(7)v99.
   568           05  His-YTD-Net               pic 9(7)v99.
   569           05  His-YTD-EIC               pic 9(7)v99.
   570           05  His-YTD-FWT               pic 9(7)v99.
   571           05  His-YTD-SWT               pic 9(7)v99.
   572           05  His-YTD-LWT               pic 9(7)v99.
   573           05  His-YTD-FICA              pic 9(7)v99.
   574           05  His-YTD-SDI               pic 9(7)v99.
   575           05  His-YTD-MCare             pic 9(7)v99.
   576           05  His-YTD-Sys               pic 9(7)v99  occurs 5.
   577           05  His-YTD-Emp               pic 9(7)v99  occurs 3.
   578           05  His-YTD-Units             pic 9(7)v99  occurs 4.
   579           05  His-YTD-Other-Ded         pic 9(7)v99.
   580           05  His-YTD-Extras            pic 9(7)v99  occurs 5. *> extra state/fed deductions enough ?
   581       03  filler                        pic x(4).
   582  *>
   583  *>   IS this header rec needed (Last-To-Date ? )
   584  *>
   585   01  PY-History-Header.
   586       03  Hdr-His-No                    pic 9(7)   comp.     *> value zero.
   587       03  Hdr-His-Last-To-Date          pic 9(8)   comp.   *> ccyymmdd
   588       03  FILLER                        pic x(320).        *> Expansion ?
   589  *>
   590  *>
   591  *>
   592   fd  Print-File
   593       reports are 940-Report.
   594  *>
ACS Cobol Xref v2.03.18          Dictionary File for PRINT940    24/03/2026  16:12:39:40                               Page   12

   595   working-storage section.
   596  *>-----------------------
   597   77  prog-name               pic x(17) value "PRINT940 (1.0.00)".  *> First release pre testing. Prog name will be changed.
   598  *>
   599  *>C  copy "print-spool-command.cob".     *> CHECK PRN file for content Landscape mode
   600  *>
   601  *> 2023/02/18 vbc - Added PP-Name and Print-File-Name - Landscape
   602  *>
   603   01  Print-Report.
   604       03  filler          pic x(117)     value
   605       "lpr -r -o 'orientation-requested=4 page-left=21 page-top=24 " &   *> was 48 - 28/4/24 18mm from Top of page
   606       "page-right=10 sides=two-sided-long-edge cpi=12 lpi=8' -P ".
   607       03  PSN             pic x(48)      value "Smart_Tank_7300 ".  *> This is the Cups print spool, change it for yours
   608       03  PP-Name         pic x(24)      value "prt-1".      *> Don't change this line 18/02/23 was X(15)
   609  *>
   610   01  PP-Print-File-Name  pic x(24)      value "prt-1".
   611  *>
   612  *> copy "wsmaps03.cob". *> NEEDED ?
   613  *>C  copy "wsfnctn.cob".  *> NEEDED ?
   614  *>**********************************
   615  *>                                 *
   616  *>  File Access Control Functions  *
   617  *>                                 *
   618  *>**********************************
   619  *> 28/05/16 vbc - Added RDB setup fields - socket, host, port to user, passwd, schema.
   620  *> 25/08/16 vbc - Amended size of RDBMS-Socket from 32 to 64 chars.
   621  *> 01/10/16 vbc - Changed WE-Error & Rrn to pic 999 / 9.  To see if it is the cause
   622  *>                of No data in SYSTOT-REC bug after running sys4LD.
   623  *> 29/10/16 vbc - FS-Action increased size from 20 to 22 for logest msg in sys002.
   624  *>  7/12/16 vbc - Increased Access-Type to 99 from 9 for extra adhoc functions
   625  *>                such as select x ORDER BY etc.
   626  *>                Not used yet.
   627  *> 22/12/16 vbc - Oops, previous chg should have been for File-Function.
   628  *>                next-read-raw changed to 13.
   629  *> 06/01/17 vbc - Increased size of rrn for GL. System to be recompiled.
   630  *> 18/04/17 vbc - Added function Read-Next-Header (34) for SL020, 50, 140.
   631  *> 21/04/18 vbc - Added ACAS-Path and Path-Work for scr save/dumps delete files).
   632  *> 20/05/23 vbc - Added notes for read header for sl820.
   633  *> 06/08/23 vbc - Activated  fn-not-greater-than (for Stock file).
   634  *>
   635   01  File-Access.
   636       03  We-Error        pic 999.
   637       03  Rrn             pic 9(5)   comp.     *> increased from 9 for GL.
   638       03  Fs-Reply        pic 99.
   639       03  s1              pic x.               *> this is USED for some programs 28.05.18.
   640       03  Curs            pic 9(4).
   641       03  filler redefines Curs.
   642           05  Lin         pic 99.
   643           05  Cole        pic 99.
   644       03  Curs2           pic 9(4).
   645       03  filler redefines Curs2.
   646           05  Lin2        pic 99.
   647           05  Col2        pic 99.
   648  *>
ACS Cobol Xref v2.03.18          Dictionary File for PRINT940    24/03/2026  16:12:39:40                               Page   13

   649  *> Holds path to current working dir - used for screen dump & restores.
   650  *>
   651       03  ACAS-Path       pic x(525)     value spaces.
   652       03  Path-Work       pic x(525)     value spaces.
   653  *>
   654       03  FS-Action       pic x(22)  value spaces.
   655  *> current range 1 thru 3
   656  *>     1 = Stock-Key (or only key), 2 = Stock-Abrev-Key, 3 = Stock-Desc
   657       03  Logging-Data.
   658           05  Accept-Reply    pic x      value space.
   659           05  File-Key-No     pic 9.
   660           05  ws-Log-System   pic 9      value zero.       *> loaded by caller of FHlogger
   661           05  ws-No-Paragraph pic 999.
   662           05  SQL-Err         pic x(5).
   663           05  SQL-Msg         pic x(512) value spaces.
   664           05  SQL-State       pic x(5).
   665           05  WS-File-Key     pic x(64)  value spaces.     *> loaded by caller of FHlogging increased to 64-- 30/12/16
   666           05  WS-Log-Where    pic x(231) value spaces.
   667           05  WS-Log-File-No  pic 99     value zeroes.     *> loaded by caller of FHlogger
   668           05  WS-Count-Rows   pic 9(7)   value zeroes.     *> used in Delete-All in valueMT
   669       03  RDB-Data.
   670           05  DB-Schema   pic x(12)  value spaces.
   671           05  DB-UName    pic x(12)  value spaces.
   672           05  DB-UPass    pic x(12)  value spaces.
   673           05  DB-Host     pic x(32)  value spaces.
   674           05  DB-Socket   pic x(64)  value spaces.
   675           05  DB-Port     pic x(5)   value spaces.
   676  *>
   677  *>  Helps to tell MT to move file record from the FD or the WS record. NOT YET USED
   678  *>
   679       03  Main-Record-Move-Flag pic 9 value zero.
   680           88  MRMF-Move-FD           value 1.
   681           88  MRMF-Move-WS           value 2.
   682  *>
   683  *>   need to change next one if used in the DAL, e.g., move "66" ...
   684  *>
   685       03  FA-RDBMS-Flat-Statuses.                        *> Comes from System-Record via acas0nn
   686           07  FA-File-System-Used  pic 9.
   687               88  FA-FS-Cobol-Files-Used        value zero.
   688               88  FA-FS-RDBMS-Used              value 1.
   689  *>                 88  FA-FS-MySql-Used          value 1.  *> ditto
   690  *>                 88  FA-FS-Oracle-Used         value 2.  *> THESE NOT IN USE
   691  *>                 88  FA-FS-Postgres-Used       value 3.  *> ditto
   692  *>                 88  FA-FS-DB2-Used            value 4.  *> ditto
   693  *>                 88  FA-FS-MS-SQL-Used         value 5.  *> ditto
   694               88  FA-FS-Valid-Options           values 0 thru 1.    *> 5. (not in use unless 1-5)
   695           07  FA-File-Duplicates-In-Use pic 9.                      *> NO LONGER USED other than for a '6' = rdb.
   696               88  FA-FS-Duplicate-Processing    value 1.
   697  *>
   698  *> Block for File/table access via acas000 thru acas033 for IS files and rdbms
   699  *> Also see RDBMS-Flat-Statuses in System-Record
   700  *>
   701       03  File-Function   pic 99.
   702           88  fn-open            value 1.
ACS Cobol Xref v2.03.18          Dictionary File for PRINT940    24/03/2026  16:12:39:40                               Page   14

   703           88  fn-close           value 2.
   704           88  fn-read-next       value 3.
   705           88  fn-read-indexed    value 4.
   706           88  fn-write           value 5.
   707           88  fn-Delete-All      value 6.       *> 10/10/16 - Delete all records.
   708           88  fn-re-write        value 7.
   709           88  fn-delete          value 8.
   710           88  fn-start           value 9.
   711  *>
   712           88  fn-Write-Raw       value 15.
   713           88  fn-Read-Next-Raw   value 13.       *> 14/11/16 - Special 4 LD.
   714  *>
   715           88  fn-Read-By-Name    value 31.       *> 15/01/17 for Salesled (SL160), could be used for GL ledger?
   716           88  fn-Read-By-Batch   value 32.       *> 08/02/17 for OTM3/5 (sl095/pl095)
   717           88  fn-Read-By-Cust    value 33.       *> 09/02/17 for OTM3 (sl110, 120, 190)
   718           88  fn-Read-Next-Header value 34.      *> 18/04/17 for Invoice (sl020, 50, 140, 820)
   719  *>
   720       03  Access-Type     pic 9.                *> For rdbms 2 should cover all !!!
   721           88  fn-input           value 1.
   722           88  fn-i-o             value 2.
   723           88  fn-output          value 3.
   724           88  fn-extend          value 4.       *> not valid for ISAM
   725           88  fn-equal-to        value 5.
   726           88  fn-less-than       value 6.
   727           88  fn-greater-than    value 7.
   728           88  fn-not-less-than   value 8.
   729           88  fn-not-greater-than value 9.
   730  *>
   731  *>
   732  *>C  copy "Test-Data-Flags.cob".  *> set sw-Testing to zero to stop logging.  *> NEEDED ?
   733  *>
   734  *>  This data is present in ALL ACAS modules.
   735  *>   When testing comlete you can set SW-Testing to zero
   736  *>    to stop the logging file being produced.
   737  *>
   738   01 ACAS-DAL-Common-data.     *> For DAL processing.
   739  *>
   740  *> log file reporting for testing otherwise zero
   741  *>
   742       03  SW-Testing               pic 9   value 1.    *>   zero.
   743           88  Testing-1                    value 1.
   744  *>
   745  *>  Testing only for displays ws-where etc  otherwise zero
   746  *>
   747       03  SW-Testing-2             pic 9   value zero.
   748           88  Testing-2                    value 1.
   749  *>
   750       03  Log-File-Rec-Written     pic 9(6) value zero.    *> in both acas0nn and a DAL.
   751  *>
   752  *>
   753   01  WS-Data.
   754       03  Menu-Reply          pic x.
   755       03  PY-PR1-Status       pic xx       value zero.
   756       03  PY-Coh-Status       pic xx.
ACS Cobol Xref v2.03.18          Dictionary File for PRINT940    24/03/2026  16:12:39:40                               Page   15

   757       03  PY-Ded-Status       pic xx       value zero.
   758       03  PY-His-Emp-Status   pic xx       value zero.
   759  *>
   760       03  WS-Reply            pic x.
   761       03  WS-Eval-Msg         pic x(25)    value spaces.
   762       03  WS-Env-Columns      pic 999      value zero.
   763       03  WS-Env-Lines        pic 999      value zero.
   764       03  WS-22-Lines         pic 99.
   765       03  WS-23-Lines         pic 99.
   766       03  WS-Lines            pic 99.
   767       03  A                   pic 99       value zero.
   768       03  B                   pic 99       value zero.
   769       03  C                   pic 99       value zero.
   770       03  WS-Page-Lines       binary-char unsigned value 56. *> Narrow reports as system is for Landscape used.
   771       03  WS-Rec-Cnt          pic 99       value zero.
   772       03  WS-Page-Cnt         pic 999      value zero.
   773       03  WS-Line-Cnt         pic 999      value 90.         *> Force heads at start
   774  *>
   775   01  WS-Process-Flags.
   776       03  WS-Year-End         pic x        value "N".
   777       03  WS-End-of-Qtr       pic 9(8).    *> ccyymmdd
   778       03  WS-Qtr-End redefines WS-End-of-Qtr.
   779           05  WS-EoQ-Year     pic 9(4).
   780           05  WS-EoQ-Month    pic 99.
   781           05  WS-EoQ-Day      pic 99.
   782       03  WS-Common-Date      pic 9(8).    *> ccyymmdd of To-Day which is Local / default date format.
   783  *>
   784  *> Date variables etc
   785  *>
   786   01  WS-Accumulator-Fields       value zeros.
   787       03  WS-Over-6k          pic s9(9)v99   comp-3.
   788       03  WS-Tot-Renum-Paid   pic s9(9)v99   comp-3.
   789       03  WS-Pay              pic s9(9)v99   comp-3.
   790       03  WS-Exempt           pic s9(9)v99   comp-3.
   791       03  WS-Gross-Pay        pic s9(9)v99   comp-3.
   792       03  WS-Contrib-at-2-7   pic s9(9)v99   comp-3.
   793       03  WS-Contrib-at-Rate  pic s9(9)v99   comp-3.
   794       03  WS-AddL-Credits     pic s9(9)v99   comp-3.
   795       03  WS-Actual-Contrib   pic s9(9)v99   comp-3.
   796       03  WS-Tot-Tent-Cred    pic s9(9)v99   comp-3.
   797       03  WS-Tot-Taxable-Futa pic s9(9)v99   comp-3.
   798       03  WS-Gross-Fed-Tax    pic s9(9)v99   comp-3.
   799       03  WS-Maximum-Cred     pic s9(9)v99   comp-3.
   800       03  WS-Smaller          pic s9(9)v99   comp-3.
   801       03  WS-RI-Tax           pic s9(9)v99   comp-3.
   802       03  WS-RI-Cred          pic s9(9)v99   comp-3.
   803       03  WS-Cred-Allowable   pic s9(9)v99   comp-3.
   804       03  WS-Net-Fed-Tax      pic s9(9)v99   comp-3.
   805       03  WS-Tot-Deposited    pic s9(9)v99   comp-3.
   806       03  WS-Balance-Due      pic s9(9)v99   comp-3.
   807       03  WS-OverPay          pic s9(9)v99   comp-3.
   808  *>
   809       03  WS-Rate.
   810           05  WS-Rate9        pic 99.99.
ACS Cobol Xref v2.03.18          Dictionary File for PRINT940    24/03/2026  16:12:39:40                               Page   16

   811           05  filler          pic x      value "%".
   812       03  WS-Max-Rate.
   813           05  WS-Max-Rate9    pic 99.99.
   814           05  filler          pic x      value "%".
   815  *>
   816   01  WS-Test-Date            pic x(10).
   817   01  WS-Test-YMD             pic 9(8).
   818   01  WS-PR1-Dating           pic 9(8).
   819   01  WS-Date-Formats.
   820       03  WS-Swap             pic 99.
   821       03  WS-Conv-Date        pic x(10).
   822       03  WS-Date             pic x(10)   value "99/99/9999".
   823       03  WS-UK redefines WS-Date.   *> Other optional format
   824           05  WS-Days         pic 99.
   825           05  filler          pic x.
   826           05  WS-Month        pic 99.
   827           05  filler          pic x.
   828           05  WS-Year         pic 9(4).
   829       03  WS-USA redefines WS-Date.  *> Default format
   830           05  WS-USA-Month    pic 99.
   831           05  filler          pic x.
   832           05  WS-USA-Days     pic 99.
   833           05  filler          pic x.
   834           05  filler          pic 9(4).
   835       03  WS-Intl redefines WS-Date.   *> Not used.
   836           05  WS-Intl-Year    pic 9(4).
   837           05  filler          pic x.
   838           05  WS-Intl-Month   pic 99.
   839           05  filler          pic x.
   840           05  WS-Intl-Days    pic 99.
   841  *>
   842  *> 01  COB-CRT-Status      pic 9(4)         value zero.   *> NEEDED ?
   843  *>     copy "screenio.cpy".
   844  *>
   845  *>C  copy "wstime.cob".
   846   01  ws-time.
   847       03  wsa-date.
   848         05  wsa-yy        pic 99.
   849         05  wsa-mm        pic 99.
   850         05  wsa-dd        pic 99.
   851       03  wsb-time.
   852         05  wsb-hh        pic 99.
   853         05  wsb-mm        pic 99.
   854         05  wsb-ss        pic 99.
   855         05  filler        pic xx.
   856       03  wsd-time.
   857         05  wsd-hh        pic 99.
   858         05  wsd-sa        pic x  value ":".
   859         05  wsd-mm        pic 99.
   860         05  wsd-sb        pic x  value ":".
   861         05  wsd-ss        pic 99.
   862  *>
   863   01  wse-date-block.
   864       03  wse-date.
ACS Cobol Xref v2.03.18          Dictionary File for PRINT940    24/03/2026  16:12:39:40                               Page   17

   865           05  wse-year    pic 9(4).
   866           05  wse-month   pic 99.
   867           05  wse-days    pic 99.
   868       03  WSE-Date-9 redefines wse-date
   869                           pic 9(8).
   870       03  wse-time.
   871           05  wse-hh      pic 99.
   872           05  wse-mm      pic 99.
   873           05  wse-ss      pic 99.
   874       03  filler          pic x(7).
   875  *>
   876
   877  *>
   878   01  Error-Messages.   *>   CHANGE FOR PROG
   879  *> System Wide
   880       03  SY001           pic x(46) value "SY001 Aborting run - Note error and hit Return".
   881       03  SY002           pic x(31) value "SY002 Note error and hit Return".
   882  *>     03  SY003           pic x(51) value "SY003 Aborting function - Note error and hit Return".
   883  *>     03  SY004           pic x(20) value "SY004 Now Hit Return".
   884  *>     03  SY005           pic x(18) value "SY005 Invalid Date".
   885  *>     03  SY008           pic x(32) value "SY008 Note message & Hit Return ".
   886       03  SY010           pic x(46) value "SY010 Terminal program not set to length => 28".
   887       03  SY013           pic x(47) value "SY013 Terminal program not set to Columns => 80".
   888  *>     03  SY014           pic x(30) value "SY014 Press return to continue".
   889  *>
   890  *> Module General ?
   891  *>
   892       03  PY011           pic x(36) value "PY011 Re/Write PARAM record Error = ".
   893       03  PY012           pic x(32) value "PY012 Read PARAM record Error = ".
   894  *>     03  PY013           pic x(39) value "PY013 See manual for NL accounts needed".
   895  *>     03  PY014           pic x(29) value "PY014 To quit, use ESCape key".
   896  *>     03  PY015           pic x(40) value "PY015 F1 for display of current accounts".
   897  *>     03  PY016           pic x(40) value "PY016 No records to show, return to quit".
   898  *>     03  PY017           pic x(45) value "PY017 No more records to show, return to quit".
   899  *>     03  PY018           pic x(31) value "PY018 Write DED record Error = ".
   900       03  PY019           pic x(30) value "PY019 Read DED record Error = ".
   901  *>     03  PY020           pic x(33) value "PY020 Rewrite DED record Error = ".
   902       03  PY021           pic x(30) value "PY021 Read CoH Record Error = ".
   903
   904  *>     03  PY119           pic x(20) value "PY119 Must be Y or N".
   905  *>     03  PY120           pic x(38) value "PY120 Do you wish to Continue (Y/N) - ".
   906  *>
   907  *> Module specific
   908  *>   from print940
   909  *>
   910       03  PY581           pic x(24) value "PY581 PR2 File not found".
   911       03  PY582           pic x(24) value "PY582 COH File not found".
   912       03  PY583           pic x(24) value "PY583 DED File not found".
   913  *>     03  PY584           pic x(45) value "PY584 System has not achieved Year End Status".
   914  *>     03  PY585           pic x(28) value "PY585 Unable to write to PR2".
   915       03  PY586           pic x(24) value "PY586 HIS File not found".
   916  *>
   917  *>
   918   linkage section.
ACS Cobol Xref v2.03.18          Dictionary File for PRINT940    24/03/2026  16:12:39:40                               Page   18

   919  *>***************
   920  *>
   921  *>C  copy "wscall.cob".
   922  *> 14/03/18 vbc - 1.01   WS-CD-Args for passing extra info to called process
   923  *>                        that will help in a cron call by time via menu
   924  *>                        program. picked by position within WS-Args.
   925  *> 14/11/25 vbc - 1.02 - Chg WS-Term-Code from 9 to 99.
   926  *>
   927   01  WS-Calling-Data.
   928       03  WS-Called       pic x(8).
   929       03  WS-Caller       pic x(8).
   930       03  WS-Del-Link     pic x(8).
   931       03  WS-Term-Code    pic 99.
   932  *>                                 new 18/5/13
   933       03  WS-Process-Func pic 9.
   934       03  WS-Sub-Function pic 9.
   935       03  WS-CD-Args      pic x(13).    *> Changed / Added 14/03/18
   936  *>
   937  *>C  copy "wssystem.cob"   replacing System-Record by WS-System-Record.
   938  *>
   939  *>*******************************************
   940  *>                                          *
   941  *>  Record Definition For The System File   *
   942  *>                                          *
   943  *>*******************************************
   944  *>  File size 1024 with fillers
   945  *>   Cleared down update details 01/02/09 to 12/06/13
   946  *>
   947  *> 22/09/15 vbc - Added Param-Restrict (Access) within a current filler.
   948  *>                Set this will stop display of option Z in sub-system menus.
   949  *>                Need to detect actual user though when setup or could just use
   950  *>                chown for sys002 to admin user?
   951  *> 25/06/16 vbc - Added RDBMS-Port & needs RDBMS-Host, RDBMS-Socket.
   952  *>                Increased 'System-data' from 384 to 512 bytes & removed O/E
   953  *>                  Block (128) as it is unused.
   954  *> 26/06/16 vbc - Updated MySQL Load scripts ACASDB.sql in ACAS/mysql.
   955  *>                  Prima is yet to be done !!!
   956  *> 19/10/16 vbc - Changed PL-Approp-AC in IRS block from 9(5) to 9(6) for GL
   957  *>                support & reduced filler by 1.
   958  *>                With IRS data mapped into ACAS the IRS block can reduce to 32 bytes
   959  *>                Just need to change all of the IRS programs to use ACAS fields but
   960  *>                also NEED to change the date processing to use same in rest of ACAS
   961  *>                and not binary days since 01/01/2000 and hold dates in dd/mm/yy form.
   962  *>                Added 2 88s to Op-System for IRS.
   963  *> 27/10/16 vbc - Changed level-5 to IRS instead of omitted O/E.
   964  *> 15/01/18 vbc - Added Stats-Date-Period with a filler & vers = 14.
   965  *> 02/02/18 vbc - Replaced file-statuses with filler x(32).
   966  *> 10/02/18 vbc - For PL-Approp-AC6 move filler to beginning of field as irs
   967  *>                does not need the leading digit (uses only 5).
   968  *> 17/03/18 vbc - Added SL-Invoice-Lines within last filler so gone from 45 to 43.
   969  *> 18/03/18 vbc - Added false for Level-5 & 6, e.g., zero.
   970  *> 06/06/18 vbc - Added six new fields as bin-long to support for G-L and IRS used at same time.
   971  *>                RDBMS needs to be updated. Done 06/06/16 -> Mariadb backups.
   972  *>                sys002 needs to be updated if implemented.
ACS Cobol Xref v2.03.18          Dictionary File for PRINT940    24/03/2026  16:12:39:40                               Page   19

   973  *>                systemMT needs to be updated (in un/load moves).
   974  *> 03/06/20 vbc - Changes to some RDBMS values.
   975  *> 10/12/22 vbc - Remove File-Duplicates-In-Use - not used.
   976  *> 14/04/23 vbc - SL-Autogen added (& PL-Autogen) both using FILLER space.
   977  *> 15/05/23 vbc - SL-Next-Rec and PL-Next-Rec bin-short unsigned for next Autogen record key.
   978  *> 26/06/23 vbc - Added Company-Email repacing filler.
   979  *> 09/09/23 vbc - Pre support for OE but as comments for now as will not be used in ACAS - pointless.
   980  *> 10/09/23 vbc - Removed condition Payroll-No as not used.
   981  *> 13/03/24 vbc - In fillers added fields SL-BO-Flag and Stk-BO-Active,
   982  *> 18/12/24 vbc - Clean up remd out texts & added Co. Phone No reducing filler.
   983  *> 14/11/25 vbc - Support for Payroll in use that replaces OE usage as not needed.
   984  *>
   985   01
   986   WS-System-Record.
   987  *>******************
   988  *>   System Data   *
   989  *>******************
   990       03  System-Data-Block.               *>  512 bytes (25/06/16)
   991   05
   992   WS-System-Record-Version-Prime
   993
   994
   995   binary-char.
   996   05
   997   WS-System-Record-Version-Secondary
   998   binary-char.
   999           05  Vat-Rates                    comp.
  1000               07 Vat-Rate-1   pic 99v99.   *> Standard rate
  1001               07 Vat-Rate-2   pic 99v99.   *> Reduced rate
  1002               07 Vat-Rate-3   pic 99v99.   *> Minimal or exempt
  1003               07 Vat-Rate-4   pic 99v99.   *> 2b used for local sales tax   Not UK
  1004               07 Vat-Rate-5   pic 99v99.   *> 2b used for local sales tax   Not UK
  1005           05  Vat-Rate redefines Vat-Rates pic 99v99 comp occurs 5.
  1006           05  Cyclea          binary-char.  *> 99.
  1007           05  Scycle Redefines cyclea  binary-char.
  1008           05  Period          binary-char.  *> 99.
  1009           05  Page-Lines      binary-char  unsigned. *> 999. Portrait / default
  1010           05  Next-Invoice    binary-long. *> 9(8) comp.
  1011           05  Run-Date        binary-long. *> 9(8) comp.
  1012           05  Start-Date      binary-long. *> 9(8) comp.
  1013           05  End-Date        binary-long. *> 9(8) comp.
  1014           05  Suser.                       *> IRS
  1015               07  Usera       pic x(32).
  1016           05  User-Code       pic x(32).   *> encrypted username not used on OS versions so also b 4 client?
  1017           05  Address-1       pic x(24).
  1018           05  Address-2       pic x(24).
  1019           05  Address-3       pic x(24).
  1020           05  Address-4       pic x(24).
  1021           05  Post-Code       pic x(12).   *> or ZipCode size should cover all countries
  1022           05  Country         pic x(24).
  1023           05  Print-Spool-Name pic x(48).
  1024           05  Phone-No        pic x(12).  *> added 21/10/25 reducing filler.
  1025           05  FILLER          pic x(20).
  1026           05  Pass-Value      pic 9.
ACS Cobol Xref v2.03.18          Dictionary File for PRINT940    24/03/2026  16:12:39:40                               Page   20

  1027           05  Level.
  1028               07  Level-1     pic 9.
  1029                   88  G-L                    value 1.    *> General (Nominal) ledger
  1030               07  Level-2     pic 9.
  1031                   88  B-L                    value 1.    *> Purchase (Payables) ledger
  1032               07  Level-3     pic 9.
  1033                   88  S-L                    value 1.    *> Sales (Receivables) ledger
  1034               07  Level-4     pic 9.
  1035                   88  Stock                  value 1.    *> Stock Control (Inventory)
  1036               07  Level-5     pic 9.
  1037                   88  IRS                    value 1.    *> IRS used (instead of General).
  1038                   88  IRS-No                 value zero. *> IRS NOT Used.
  1039               07  Level-6     pic 9.
  1040                   88  Payroll                value 1.    *> Payroll - USA
  1041           05  Pass-Word       pic x(4).
  1042           05  Host            pic 9.
  1043               88  Multi-User                 value 1.
  1044           05  Op-System       pic 9.
  1045               88  valid-os-type              values 1 2 3 4 5 6.
  1046               88  No-OS                      value zero.
  1047               88  Dos                        value 1.
  1048               88  Windows                    value 2.
  1049               88  Mac                        value 3.
  1050               88  Os2                        value 4.
  1051               88  Unix                       value 5.
  1052               88  Linux                      value 6.
  1053               88  OS-Single                  values 1 2 4.
  1054           05  Current-Quarter pic 9.
  1055           05  RDBMS-Flat-Statuses.
  1056               07  File-System-Used  pic 9.
  1057                   88  FS-Cobol-Files-Used    value zero.
  1058                   88  FS-MySql-Used          value 1.
  1059                                            *> THESE NOT IN USE at this time
  1060                   88  FS-RDBMS-Used          value 1.  *> Was generic
  1061  *>                 88  FS-Oracle-Used         value 3.  *> ditto   -  change values to order in which
  1062  *>                 88  FS-Postgres-Used       value 2.  *> ditto       they are implemented
  1063  *>                 88  FS-DB2-Used            value 4.  *> ditto        or made available
  1064  *>                 88  FS-MS-SQL-Used         value 5.  *> ditto
  1065  *>                 88  FS-ODBC-Used           value 6.  *> ditto
  1066                   88  FS-Valid-Options       values 0 thru 1.    *> 5. (not in use unless 1-5)
  1067               07  File-Duplicates-In-Use pic 9.           *> No longer in use
  1068                   88  FS-Duplicate-Processing value 1.    *>  Ditto
  1069           05  Maps-Ser.      *> Not needed in OpenSource version, = 9999 (No Maintenance Contract]
  1070               07  Maps-Ser-xx pic xx.        *> Allows for 36^2  customers = 60,466,176
  1071               07  Maps-Ser-nn binary-short.  *>     x  129600 - 2  - Very very large.
  1072           05  Date-Form       pic 9.
  1073               88  Date-Valid-Formats         values 1 2 3.
  1074           05  Data-Capture-Used pic 9.
  1075               88  DC-Cobol-Standard          value zero.
  1076               88  DC-GUI                     value 1.
  1077               88  DC-Widget                  value 2.
  1078           05  RDBMS-DB-Name   pic x(12)      value "ACASDB".     *> change in setup
  1079           05  RDBMS-User      pic x(12)      value "ACAS-User".  *> change in setup
  1080           05  RDBMS-Passwd    pic x(12)      value "PaSsWoRd".   *> change in setup
ACS Cobol Xref v2.03.18          Dictionary File for PRINT940    24/03/2026  16:12:39:40                               Page   21

  1081           05  VAT-Reg-Number  pic x(11)      value spaces.
  1082           05  Param-Restrict  pic x.                             *> Only via ACAS?
  1083           05  RDBMS-Port      pic x(5)       value "3306".       *> change in setup
  1084           05  RDBMS-Host      pic x(32)      value spaces.       *> change in setup
  1085           05  RDBMS-Socket    pic x(64)      value spaces.       *> change in setup v3
  1086           05  Stats-Date-Period pic 9(4).                      *> added 15/01/18.
  1087           05  Company-Email   pic x(30).                         *> changed from filler 26/06/23
  1088  *>***************
  1089  *>   G/L Data   *
  1090  *>***************
  1091       03  General-Ledger-Block.               *> 80 bytes
  1092           05  P-C             pic x.
  1093               88  Profit-Centres             value "P".
  1094               88  Branches                   value "B".
  1095           05  P-C-Grouped     pic x.
  1096               88  Grouped                    value "Y".
  1097           05  P-C-Level       pic x.
  1098               88  Revenue-Only               value "R".
  1099           05  Comps           pic x.
  1100               88  Comparatives               value "Y".
  1101           05  Comps-Active    pic x.
  1102               88  Comparatives-Active        value "Y".
  1103           05  M-V             pic x.
  1104               88  Minimum-Validation         value "Y".
  1105           05  Arch            pic x.
  1106               88  Archiving                  value "Y".
  1107           05  Trans-Print     pic x.
  1108               88  Mandatory                  value "Y".
  1109           05  Trans-Printed   pic x.
  1110               88  Trans-Done                 value "Y".
  1111           05  Header-Level    pic 9.                      *> Not directly used in sys002 but anywhere ?
  1112           05  Sales-Range     pic 9.
  1113           05  Purchase-Range  pic 9.
  1114           05  Vat             pic x.
  1115               88  Auto-Vat                   value "Y".
  1116           05  Batch-Id        pic x.
  1117               88  Preserve-Batch             value "Y".
  1118           05  Ledger-2nd-Index pic x.                     *> But file uses SINGLE INDEX only & gl030 uses a table.
  1119               88  Index-2                    value "Y".
  1120           05  IRS-Instead     pic x.
  1121               88  IRS-Used                   value "Y".
  1122               88  IRS-Both-Used              value "B".   *> 26/11/16
  1123           05  Ledger-Sec      binary-short.  *> 9(4) comp
  1124           05  Updates         binary-short.  *> 9(4) comp
  1125           05  Postings        binary-short.  *> 9(4) comp
  1126           05  Next-Batch      binary-short.  *> 9(4) comp  should be unsigned used for all ledgers
  1127           05  Extra-Charge-Ac binary-long.   *> 9(8) comp        NOTHING IS USING THIS FIELD IN SALES or PURCHASE
  1128           05  Vat-Ac          binary-long.   *> 9(8) comp
  1129           05  Print-Spool-Name2 pic x(48).
  1130  *>******************
  1131  *>   P(B)/L Data   *
  1132  *>******************
  1133       03  Purchase-Ledger-Block.             *> 88 bytes
  1134           05  Next-Folio      binary-long.   *> 9(8) comp
ACS Cobol Xref v2.03.18          Dictionary File for PRINT940    24/03/2026  16:12:39:40                               Page   22

  1135           05  BL-Pay-Ac       binary-long.   *> 9(8) comp
  1136           05  P-Creditors     binary-long.   *> 9(8) comp
  1137           05  BL-Purch-Ac     binary-long.   *> 9(8) comp
  1138           05  BL-End-Cycle-Date binary-long. *> 9(8) comp
  1139           05  BL-Next-Batch   binary-short.  *> 9(4) comp  should be unsigned - unused ?
  1140           05  Age-To-Pay      binary-char.   *> 9(4) comp should be unsigned
  1141           05  Purchase-Ledger pic x.
  1142               88  P-L-Exists                 value "Y".
  1143           05  PL-Delim        pic x.
  1144           05  Entry-Level     pic 9.
  1145           05  P-Flag-A        pic 9.
  1146           05  P-Flag-I        pic 9.
  1147           05  P-Flag-P        pic 9.
  1148           05  PL-Stock-Link   pic x.
  1149           05  Print-Spool-Name3 pic x(48).
  1150           05  PL-Autogen      pic x          value space.        *> added 14/04/23 NOT USED YET
  1151           05  PL-Next-Rec     binary-short unsigned.            *> 2 bytes 0 - 65k
  1152           05  FILLER          pic x(7).
  1153  *>***************
  1154  *>   S/L Data   *
  1155  *>***************
  1156       03  Sales-Ledger-Block.                *> 128 bytes
  1157           05  Sales-Ledger    pic x.
  1158               88  S-L-Exists                 value "Y".
  1159           05  SL-Delim        pic x.
  1160           05  Oi-3-Flag       pic x.         *> 'Y' used in sl060 why?
  1161           05  Cust-Flag       pic x.
  1162           05  Oi-5-Flag       pic x.
  1163           05  S-Flag-Oi-3     pic x.         *> 'Z' when otm3 created, used in sl060 why? NO LONGER USED
  1164           05  Full-Invoicing  pic 9.
  1165           05  S-Flag-A        pic 9.         *> '1' used in sl060 why?
  1166           05  S-Flag-I        pic 9.         *> '2' used in sl060 why?
  1167           05  S-Flag-P        pic 9.
  1168           05  SL-Dunning      pic 9.
  1169           05  SL-Charges      pic 9.
  1170           05  Sl-Own-Nos      pic x.
  1171           05  SL-Stats-Run    pic 9.
  1172           05  Sl-Day-Book     pic 9.
  1173           05  invoicer        pic 9.
  1174               88  I-Level-0                  value 0.  *> show totals only (no net & vat) not used?
  1175               88  I-Level-1                  value 1.  *> Show net, vat
  1176               88  I-Level-2                  value 2.  *> show Details + vat etc looks wrong in sl910 totals only (no net & vat)
  1177               88  Not-Invoicing              value 9.  *> show totals only (no net & vat) but not found yet nor level 3 (see sl900)
  1178           05  Extra-Desc      pic x(14).
  1179           05  Extra-Type      pic x.
  1180               88  Discount                   value "D".
  1181               88  Charge                     value "C".
  1182           05  Extra-Print     pic x.
  1183           05  SL-Stock-Link   pic x.
  1184           05  SL-Stock-Audit  pic x.
  1185               88  Stock-Audit-On             value "Y".   *> Invoicing will create an audit record (15/05/13)
  1186           05  SL-Late-Per     pic 99v99    comp.
  1187           05  SL-Disc         pic 99v99    comp.
  1188           05  Extra-Rate      pic 99v99    comp.
ACS Cobol Xref v2.03.18          Dictionary File for PRINT940    24/03/2026  16:12:39:40                               Page   23

  1189           05  SL-Days-1       binary-char.    *> 999  comp.
  1190           05  SL-Days-2       binary-char.    *> 999  comp.
  1191           05  SL-Days-3       binary-char.    *> 999  comp.
  1192           05  SL-Credit       binary-char.    *> 999  comp.
  1193           05  FILLER          binary-short.   *> No longer used.
  1194           05  SL-Min          binary-short.   *> 9999  comp.
  1195           05  SL-Max          binary-short.   *> 9999  comp.
  1196           05  PF-Retention    binary-short.   *> 9999  comp.
  1197           05  First-Sl-Batch  binary-short.   *> 9999  comp.   *>unused ?
  1198           05  First-Sl-Inv    binary-long.    *> 9(8) comp.
  1199           05  SL-Limit        binary-long.    *> 9(8) comp.
  1200           05  SL-Pay-Ac       binary-long.    *> 9(8) comp.
  1201           05  S-Debtors       binary-long.    *> 9(8) comp.
  1202           05  SL-Sales-Ac     binary-long.    *> 9(8) comp.
  1203           05  S-End-Cycle-Date binary-long.   *> 9(8) comp.
  1204           05  SL-Comp-Head-Pick Pic x.
  1205               88  SL-Comp-Pick               value "Y".
  1206           05  SL-Comp-Head-Inv  pic x.
  1207               88  SL-Comp-Inv                value "Y".
  1208           05  SL-Comp-Head-Stat pic x.
  1209               88  SL-Comp-Stat               value "Y".
  1210           05  SL-Comp-Head-Lets pic x.
  1211               88  SL-Comp-Lets               value "Y".
  1212           05  SL-VAT-Printed  pic x.
  1213               88  SL-VAT-Prints              value "Y".
  1214           05  SL-Invoice-Lines pic 99.
  1215           05  SL-Autogen      pic x          value space.        *> added 14/04/23
  1216           05  SL-Next-Rec     binary-short unsigned.             *> 2 bytes 0 - 65k
  1217           05  SL-BO-Flag      pic x          value space.      *> support for Back Ordering - may be = Y for true.
  1218           05  SL-BO-Default   pic x.
  1219           05  FILLER          pic X(14).                       *> was x (16)
  1220  *> GL overflow
  1221           05  GL-BL-Pay-Ac    binary-long.    *> 9(8) comp    THESE 6 ADDED 06/06/18 to poss. support GL and IRS
  1222           05  GL-P-Creditors  binary-long.    *> 9(8) comp    RUNNING at same time.
  1223           05  GL-BL-Purch-Ac  binary-long.    *> 9(8) comp
  1224           05  GL-SL-Pay-Ac    binary-long.    *> 9(8) comp.
  1225           05  GL-S-Debtors    binary-long.    *> 9(8) comp.
  1226           05  GL-SL-Sales-Ac  binary-long.    *> 9(8) comp.
  1227  *>***************
  1228  *> Stock Data   *
  1229  *>***************
  1230  *>
  1231       03  Stock-Control-Block.                *> 88 bytes
  1232           05  Stk-Abrev-Ref   pic x(6).
  1233           05  Stk-Debug       pic 9.          *> T/F (1/0).
  1234           05  Stk-Manu-Used   pic 9.          *> T/F (Bomp/Wip)
  1235           05  Stk-OE-Used     pic 9.          *> T/F.
  1236           05  Stk-Audit-Used  pic 9.          *> T/F.
  1237           05  Stk-Mov-Audit   pic 9.          *> T/F.
  1238           05  Stk-Period-Cur  pic x.          *> M=Monthly, Q=Quarterly, Y=Yearly
  1239           05  Stk-Period-dat  pic x.          *>  --  ditto  --
  1240           05  FILLER          pic x.          *> was stk-date-form
  1241           05  Stock-Control   pic x.
  1242               88  Stock-Control-Exists   value "Y".
ACS Cobol Xref v2.03.18          Dictionary File for PRINT940    24/03/2026  16:12:39:41                               Page   24

  1243           05  Stk-Averaging   pic 9.          *> T/F.
  1244               88  Stock-Averaging        value 1.
  1245           05  Stk-Activity-Rep-Run pic 9.     *> T/F.  =17 bytes 0=no, 1=add, 2=del, 3=both
  1246           05  Stk-BO-Active   pic x.          *> was filler 13/03/24
  1247           05  Stk-Page-Lines  binary-char unsigned.  *> 9999 comp. Taken from Print-Lines
  1248           05  Stk-Audit-No    binary-char unsigned.  *> 9999 comp.
  1249           05  FILLER          pic x(68).             *> 64    (just in case)
  1250           05  Client             pic x(24). 	*> 		24      *> Not needed as will use suser
  1251           05  Next-Post          pic 9(5).  	*> 		29                                                  N   5
  1252           05  Vat-Rates2.                                             *> these can be replaced by the other VAT blk
  1253               07  vat1           pic 99v99. 	*> 		33   *> Standard  changed from vat (11/06/13)
  1254               07  vat2           pic 99v99. 	*> 		37   *> reduced 1 [not yet used]
  1255               07  vat3           pic 99v99. 	*> 		41   *> reduced 2 [not yet used]
  1256           05  Vat-Group redefines Vat-Rates2.
  1257               07  Vat-Psent      pic 99v99    occurs 3.
  1258           05  FILLER redefines PL-Approp-AC6.
  1259               07  FILLER         pic 9.           *>                   loose leading char for IRS
  1260               07  PL-Approp-AC   pic 9(5).        *>                   For IRS
  1261           05  FILLER             pic x(59).       *>             128  Old fn-1 to 5 files
  1262       03  IRS-Data-Block redefines IRS-Entry-Block.
  1263           05  FILLER-Dummy4   pic x(128).
  1264  *>
  1265  *>>W Msg29 Caution: One or more replacing sources not found
  1266  *>C  copy "wsnames.cob".
  1267  *>
  1268  *> Sales, Purchase, Stock, General & now IRS for v3.3 with integrated IRS
  1269  *>    for use in xl150 and ??
  1270  *>
  1271  *>  Files used in Sales, Stock, Purchase, General & IRS
  1272  *> 17/11/16 vbc - Added IRS files + their renaming with irs prefix.
  1273  *> 04/12/16 vbc - Added irs055 sort file as file-38.
  1274  *> 09/05/23 vbc - Added PL & SL autogen (files04, 30 increased count to 38
  1275  *> 16/03/24 vbc - Added Sales Bo-Stk-Itm as file31  increased count to 39
  1276  *> 21/10/25 vbc - Added Payroll - USA/Canada - other files needed for elsewhere
  1277  *>                inc UK / Europe etc.
  1278  *>
  1279   01  File-Defs.
  1280       02  file-defs-a.
  1281           03  pre-trans-name   pic x(532)  value "pretrans.tmp". *> gl071
  1282           03  post-trans-name  pic x(532)  value "postrans.tmp". *> gl071
  1283  *>C  copy "file00.cob".    *> "system"
  1284       03  file-0         pic x(532)        value "system.dat".
  1285  *>                        No file 1
  1286  *>C  copy "file02.cob".    *> "archive".
  1287       03  file-2         pic x(532)        value "archive.dat".
  1288  *>C  copy "file03.cob".    *> "final".
  1289       03  file-3         pic x(532)        value "final.dat".
  1290  *>C  copy "file04.cob".    *> "SLautogen"
  1291       03  file-4         pic x(532)        value "slautogen.dat".
  1292  *>C  copy "file05.cob".    *> "ledger".
  1293       03  file-5         pic x(532)        value "ledger.dat".
  1294  *>C  copy "file06.cob".    *> "posting".
  1295       03  file-6         pic x(532)        value "posting.dat".
  1296  *>C  copy "file07.cob".    *> "batch".
ACS Cobol Xref v2.03.18          Dictionary File for PRINT940    24/03/2026  16:12:39:41                               Page   25

  1297       03  file-7         pic x(532)        value "batch.dat".
  1298  *>C  copy "file08.cob".    *> "postings2irs.dat"
  1299       03  file-8         pic x(532)        value "postings2irs.dat".
  1300  *>C  copy "file09.cob".    *> "tmp-stock".
  1301       03  file-9         pic x(532)        value "tmp-stock.dat".
  1302  *>C  copy "file10.cob".    *> "staudit".
  1303       03  file-10        pic x(532)        value "staudit.dat".
  1304  *>C  copy "file11.cob".    *> "stockctl".
  1305       03  file-11        pic x(532)        value "stockctl.dat".
  1306  *>C  copy "file12.cob".    *> "salesled".
  1307       03  file-12        pic x(532)        value "salesled.dat".
  1308  *>C  copy "file13.cob".    *> "value.dat"
  1309       03  file-13        pic x(532)        value "value.dat".
  1310  *>C  copy "file14.cob".    *> "delivery.dat"
  1311       03  file-14        pic x(532)        value "delivery.dat".
  1312  *>C  copy "file15.cob".    *> "analysis.dat"
  1313       03  file-15        pic x(532)        value "analysis.dat".
  1314  *>C  copy "file16.cob".    *> "invoice ".
  1315       03  file-16        pic x(532)        value "invoice.dat".
  1316  *>C  copy "file17.cob".    *> "delinvno".
  1317       03  file-17        pic x(532)        value "delinvno.dat".
  1318  *>C  copy "file18.cob".    *> "openitm2".
  1319       03  file-18        pic x(532)        value "openitm2.dat".
  1320  *>C  copy "file19.cob".    *> "openitm3".
  1321       03  file-19        pic x(532)        value "openitm3.dat".
  1322  *>C  copy "file20.cob".    *> "oisort".
  1323       03  file-20        pic x(532)        value "oisort.wrk".
  1324  *>C  copy "file21.cob".    *> "work.tmp"
  1325       03  file-21        pic x(532)        value "work.tmp".
  1326  *>C  copy "file22.cob".    *> "purchled"
  1327       03  file-22        pic x(532)        value "purchled.dat".
  1328  *>C  copy "file23.cob".    *> "delfolio.dat"
  1329       03  file-23        pic x(532)        value "delfolio.dat".
  1330  *>C  copy "file24.cob".    *> dummy to build file-02
  1331       03  file-24        pic x(532)        value spaces.
  1332  *>                        No file 25
  1333  *>C  copy "file26.cob".    *> "pinvoice"
  1334       03  file-26        pic x(532)        value "pinvoice.dat".
  1335  *>C  copy "file27.cob".    *> "poisort"
  1336       03  file-27        pic x(532)        value "poisort.wrk".
  1337  *>C  copy "file28.cob".    *> "openitm4"
  1338       03  file-28        pic x(532)        value "openitm4.dat".
  1339  *>C  copy "file29.cob".    *> "openitm5"
  1340       03  file-29        pic x(532)        value "openitm5.dat".
  1341  *>C  copy "file30.cob".    *> "PLautogen.dat"
  1342       03  file-30        pic x(532)        value "plautogen.dat".
  1343  *>C  copy "file31.cob".    *> "boStkitm.dat" NEw 16/03/24
  1344       03  file-31        pic x(532)        value "bostkitm.dat".
  1345  *>C  copy "file32.cob".    *> "pay.dat"
  1346       03  file-32        pic x(532)        value "pay.dat".
  1347  *>C  copy "file33.cob".    *> "cheque.dat"
  1348       03  file-33        pic x(532)        value "cheque.dat".
  1349           03  file-34          pic x(532)  value "irsacnts.dat".        *> IRS ex file 1  These 4 added 19/10/16 for IRS integration
  1350           03  file-35          pic x(532)  value "irsdflt.dat".         *> IRS ex file 3  all name have 'irs' prefix.
ACS Cobol Xref v2.03.18          Dictionary File for PRINT940    24/03/2026  16:12:39:41                               Page   26

  1351           03  file-36          pic x(532)  value "irspost.dat".         *> IRS ex file 4
  1352           03  file-37          pic x(532)  value "irsfinal.dat".        *> IRS ex file 5
  1353           03  file-38          pic x(532)  value "postsort.dat".        *> IRS ex irs055 sort file.
  1354
  1355  *> Code for Payroll  AND INCREASE occurs both times
  1356           03  file-39          pic x(532)  value "pyact.dat".               *> PY account
  1357           03  file-40          pic x(532)  value "pychk.dat".               *> PY check / bacs
  1358           03  file-41          pic x(532)  value "pycoh.dat".               *> PY company history
  1359           03  file-42          pic x(532)  value "pyded.dat".               *> PY deduction {/ earnings}
  1360           03  file-43          pic x(532)  value "pyemp.dat".               *> PY employee master
  1361           03  file-44          pic x(532)  value "pyhis.dat".               *> PY employee (pay) history
  1362           03  file-45          pic x(532)  value "pyhrs.dat".               *> PY pay trans
  1363           03  file-46          pic x(532)  value "pypay.dat".               *> PY pay detail jrn + header ???
  1364           03  file-47          pic x(532)  value "pypr1.dat".               *> PY param 1
  1365           03  file-48          pic x(532)  value "pypr2.dat".               *> PY param 2
  1366  *> TABLES Blk 1
  1367           03  file-49          pic x(532)  value "pycalm.dat".              *> PY  calx - x = s,m,h, x?
  1368           03  file-50          pic x(532)  value "pycals.dat".              *> PY
  1369           03  file-51          pic x(532)  value "pycalh.dat".              *> PY
  1370           03  file-52          pic x(532)  value "pycalx.dat".              *> PY  california special tables ???
  1371           03  file-53          pic x(532)  value "pylwt.dat".               *> PY  tax table ???
  1372           03  file-54          pic x(532)  value "pyswtaa.dat".             *> PY  swt aa = State abbrev. code Only one used
  1373           03  file-55          pic x(532)  value "pyglcoann.dat".           *> PY gl CoA transfer ??
  1374           03  file-56          pic x(532)  value "pyglgjbss.dat".           *> PY  ???
  1375  *> Not sure about these two up/down
  1376             03  file-57          pic x(532)  value "pycal.dat".             *> PY  ??? calm,s,h etc
  1377  *>
  1378       02  filler         redefines file-defs-a.
  1379           03  System-File-Names   pic x(532) occurs 58.            *> 39 chg for sales BO file plus py
  1380       02  File-Defs-Count         binary-short value 58.           *> MUST be the same as above occurs
  1381       02  File-Defs-os-Delimiter  pic x.                           *> if = \ or / then paths have been set.
  1382  *>
  1383  *>
  1384   01  To-Day              pic x(10).   *> In local format nn/nn/yyyy
  1385  *>
  1386   Report section.    *> All MAY NEED CHANGING
  1387  *>**************
  1388  *>
  1389   RD  940-Report
  1390       control      Final
  1391       Page Limit   WS-Page-Lines
  1392       Heading      1
  1393       First Detail 5
  1394       Last  Detail WS-Page-Lines.
  1395  *>
  1396   01  940-Detail type is detail.
  1397       03  line 3.
  1398           05  col 25 pic x(60)    source PY-PR1-Co-Name.
  1399       03  line 4.
  1400           05  col 25 pic x(32)    source PY-PR1-Co-Address-1.
  1401       03  line 5.
  1402           05  col 25 pic x(32)    source PY-PR1-Co-Address-2.
  1403       03  line 6.
  1404           05  col 25 pic x(32)    source PY-PR1-Co-Address-3.
ACS Cobol Xref v2.03.18          Dictionary File for PRINT940    24/03/2026  16:12:39:41                               Page   27

  1405           05  col 70 pic x(15)    source PY-PR1-Fed-ID.
  1406       03  line 7.
  1407           05  col 25 pic x(32)    source PY-PR1-Co-Address-4.
  1408           05  col 60 pic xx       source PY-PR1-Co-State.
  1409           05  col 63 pic x(10)    source PY-PR1-Co-Zip.
  1410       03  line 10.
  1411           05  col  6     value
  1412               "1          2             3                 4        " &
  1413               "      5           6              7             8              9".
  1414       03  line 10.
  1415           05  col 14     value
  1416               "State ID      Taxable       Experience Rate  Experi"  &
  1417       03  line 11.
  1418           05  col   1    value
  1419               "   State      Number       Payroll        From       To      Rate       At ".
  1420           05  col  76  pic z9.99            source WS-Max-Rate.
  1421           05  col  81    value "     At Real Rate     Credits       To State".
  1422       05  line + 2.
  1423           05  col   5  pic xx               source PY-PR1-Co-State.
  1424           05  col   9  pic x(15)            source PY-PR1-State-ID.
  1425           05  col  25  pic zzz,zzz,zz9.99   source WS-Gross-Pay.
  1426           05  col  40                       value "01/01/".
  1427           05  col  46  pic 9(4)             source WSE-Year.
  1428           05  col  50                       value "12/31/".
  1429           05  col  56  pic 9(4)             source WSE-Year.
  1430           05  col  62  pic x(6)             source WS-Rate.
  1431           05  col  70  pic zzz,zzz,zz9.99   source WS-Contrib-at-2-7.
  1432           05  col  85  pic zzz,zzz,zz9.99   source WS-Contrib-at-Rate.
  1433           05  col 100  pic zzz,zzz,zz9.99   source WS-AddL-Credits.
  1434           05  col 115  pic zzz,zzz,zz9.99   source WS-Actual-Contrib.
  1435  *>
  1436       03  line + 3.
  1437           05  col  11                       value "Totals".
  1438           05  col  25  pic zzz,zzz,zz9.99   source WS-Gross-Pay.
  1439           05  col 100  pic zzz,zzz,zz9.99   source WS-AddL-Credits.
  1440           05  col 115  pic zzz,zzz,zz9.99   source WS-Actual-Contrib.
  1441  *>
  1442       03  line + 3.
  1443           05  col  55                       value "10 Total Tentative Credit (Column 8 Plus Column 9):".
  1444           05  col 115  pic zzz,zzz,zz9.99   source WS-Tot-Tent-Cred.
  1445       03  line + 1.
  1446           05  col  55                       value "11 Total Remuneration:".
  1447           05  col 115  pic zzz,zzz,zz9.99   source WS-Tot-Renum-Paid.
  1448       03  line + 3.
  1449           05  col  25                       value "14b Total Exempt Remuneration:".
  1450           05  col  90  pic zzz,zzz,zz9.99   source WS-Exempt.
  1451       03  line + 1.
  1452           05  col  25                       value "15c Total Taxable Futa Wages (Subtract 14b From Line 11):".
  1453           05  col 115  pic zzz,zzz,zz9.99   source WS-Tot-Taxable-Futa.
  1454       03  line + 1.
  1455           05  col  25                       value "16 Gross Federal Tax (15c X .034):".
  1456           05  col 115  pic zzz,zzz,zz9.99   source WS-Gross-Fed-Tax.
  1457       03  line + 1.
  1458           05  col  25                       value "17 Maximum Credit (15c X .027):".
ACS Cobol Xref v2.03.18          Dictionary File for PRINT940    24/03/2026  16:12:39:41                               Page   28

  1459           05  col 115  pic zzz,zzz,zz9.99   source WS-Maximum-Cred.
  1460       03  line + 1.
  1461           05  col  25                       value "18 Smaller of Lines 10 and 17):".
  1462           05  col 115  pic zzz,zzz,zz9.99   source WS-Smaller.
  1463       03  line + 1.
  1464           05  col  25                       value "19 Rhode Island Portion of 15c:".
  1465           05  col 115  pic zzz,zzz,zz9.99   source WS-RI-Cred.
  1466       03  line + 1.
  1467           05  col  25                       value "20 Credit Allowable (Subtract Line 19 From Line 18):".
  1468           05  col 115  pic zzz,zzz,zz9.99   source WS-Cred-Allowable.
  1469       03  line + 1.
  1470           05  col  25                       value "21 Net Federal Tax (Subtract Line 20 From Line 16):".
  1471           05  col 115  pic zzz,zzz,zz9.99   source WS-Net-Fed-Tax.
  1472       03  line + 3.
  1473           05  col  25                       value "Federal Tax Deposits".
  1474       03  line + 1.
  1475           05  col  15                       value "Quarter     Liability     Date of     Amount of".
  1476       03  line + 1.
  1477           05  col  27                       value "By Period     Deposit      Deposit".
  1478       03  line + 1.
  1479           05  col  17                       value "First".
  1480           05  col  25  pic zzz,zzz,zz9.99   source Coh-Q-Co-Futa-Liab (1).
  1481           05  col  40                       value "03/31/".
  1482           05  col  46  pic 9(4)             source WSE-Year.
  1483           05  col  51  pic zzz,zzz,zz9.99   source Coh-Q-Co-Futa-Liab (1).
  1484       03  line + 1.
  1485           05  col  16                       value "Second".
  1486           05  col  25  pic zzz,zzz,zz9.99   source Coh-Q-Co-Futa-Liab (2).
  1487           05  col  40                       value "06/30/".
  1488           05  col  46  pic 9(4)             source WSE-Year.
  1489           05  col  51  pic zzz,zzz,zz9.99   source Coh-Q-Co-Futa-Liab (2).
  1490       03  line + 1.
  1491           05  col  17                       value "Third".
  1492           05  col  25  pic zzz,zzz,zz9.99   source Coh-Q-Co-Futa-Liab (3).
  1493           05  col  40                       value "09/30/".
  1494           05  col  46  pic 9(4)             source WSE-Year.
  1495           05  col  51  pic zzz,zzz,zz9.99   source Coh-Q-Co-Futa-Liab (3).
  1496       03  line + 1.
  1497           05  col  16                       value "Fourth".
  1498           05  col  25  pic zzz,zzz,zz9.99   source Coh-Q-Co-Futa-Liab (4).
  1499           05  col  40                       value "12/31/".
  1500           05  col  46  pic 9(4)             source WSE-Year.
  1501           05  col  51  pic zzz,zzz,zz9.99   source Coh-Q-Co-Futa-Liab (4).
  1502       03  line + 2.
  1503           05  col  25                       value "22 Total Federal Taxes Deposited:".
  1504           05  col 115  pic zzz,zzz,zz9.99   source WS-Tot-Deposited.
  1505       03  line + 1.
  1506           05  col  25                       value "23 Balance Due (Subtract Line 22 From Line 21):".
  1507           05  col 115  pic zzz,zzz,zz9.99   source WS-Balance-Due.
  1508       03  line + 1.
  1509           05  col  25                       value "24 Overpayment (Subtract Line 21 From Line 22):".
  1510           05  col 115  pic zzz,zzz,zz9.99   source WS-OverPay.
  1511  *>
  1512   procedure division using WS-Calling-Data  *> ACAS
ACS Cobol Xref v2.03.18          Dictionary File for PRINT940    24/03/2026  16:12:39:41                               Page   29

  1513                            WS-System-Record *> ACAS
  1514                            To-Day           *> ACAS
  1515                            File-Defs.       *> ACAS
  1516  *>
  1517   aa000-Main                  section.
  1518  *>**********************************
  1519  *> Force Esc, PgUp, PgDown, PrtSC to be detected
  1520       set      ENVIRONMENT "COB_SCREEN_EXCEPTIONS" to "Y".
  1521       set      ENVIRONMENT "COB_SCREEN_ESC" to "Y".
  1522       move     Current-Date to WSE-Date-block.
  1523       move     WSE-Date-9  to WS-Test-YMD.
  1524       move     Print-Spool-Name to PSN.  *> set ACAS prt spool for o/p
  1525  *>
  1526  *> Create common-date in ccyymmdd form.
  1527  *>   assuming To-Day is in Locale format ie USA mm.dd/ccyy
  1528  *>
  1529       move     To-Day (7:4)      to WS-Common-Date (1:4).
  1530       if       PY-PR1-Date-Format = 2
  1531                move To-Day (1:2) to WS-Common-Date (5:2)  *> mm
  1532                move To-Day (4:2) to WS-Common-Date (7:2)  *> dd
  1533       else
  1534                move To-Day (4:2) to WS-Common-Date (5:2)  *> mm
  1535                move To-Day (1:2) to WS-Common-Date (7:2). *> dd
  1536  *>
  1537       perform  forever
  1538                accept   WS-Env-Lines   from lines
  1539                if       WS-Env-Lines < 28
  1540                         display  SY010    at 0101 with erase eos
  1541                         accept   WS-Reply at 0133
  1542                         move     8 to WS-Term-Code
  1543                         exit perform cycle
  1544                end-if
  1545                accept   WS-Env-Columns from Columns
  1546                if       WS-Env-Columns < 80
  1547                         display  SY013    at 0101 with erase eos
  1548                         accept   WS-Reply at 0130
  1549                         move     8 to WS-Term-Code
  1550                         exit perform cycle
  1551                end-if
  1552       end-perform.
  1553  *>
  1554  *> Set up error message areas on screen anyway
  1555  *>
  1556       subtract 2 from WS-Env-Lines giving WS-22-Lines.
  1557       subtract 1 from WS-Env-Lines giving WS-23-Lines.
  1558       move     WS-Env-Lines to WS-Lines.
  1559  *>
  1560  *> Open all files if any missing Abort.
  1561  *> For all files other than His-Emp read only record.
  1562  *>
  1563       move     1 to RRN.
  1564       open     i-o      PY-Param1-File.
  1565       if       PY-PR1-Status not = "00"      *> Does not exist yet so lets create it & write rec
  1566                close    PY-Param1-File
ACS Cobol Xref v2.03.18          Dictionary File for PRINT940    24/03/2026  16:12:39:41                               Page   30

  1567                display  PY581 at line WS-23-Lines col 1 foreground-color 6 erase eos
  1568                display  SY001 at line WS-Lines    col 1
  1569                accept   WS-Reply at line WS-Lines col 48 AUTO
  1570                move     16 to WS-Term-Code
  1571                goback   returning 1.
  1572  *>
  1573       read     PY-Param1-File key RRN.
  1574       if       PY-PR1-Status not = "00"
  1575                perform  ZZ040-Evaluate-Message
  1576                display  PY012         at line WS-23-Lines col 1 with erase eos
  1577                display  PY-PR1-Status at line WS-23-Lines col 33
  1578                display  WS-Eval-Msg   at line WS-23-Lines col 36
  1579                display  SY001         at line WS-Lines    col 1
  1580                accept   WS-Reply      at line WS-Lines    col 48 AUTO
  1581                close    PY-Param1-File
  1582                move     16 to WS-Term-Code
  1583                goback   returning 1.
  1584  *>
  1585  *>  Check if ok to run  - other tests remarked out in basic code
  1586  *>
  1587       move     "Y" to WS-Year-End.
  1588  *>
  1589       if       PY-PR2-Last-Q-Ended = 4
  1590                move     WS-Test-YMD  to WS-End-of-Qtr
  1591                if       WS-EoQ-Month = 12
  1592                         add      1 to WS-EoQ-Year  *> incr year for new yr
  1593                end-if
  1594                move     0331     to WS-End-of-Qtr (5:4)
  1595       else
  1596                move     WS-Common-Date to WS-End-of-Qtr.
  1597  *>
  1598   display "End of Qtr now " WS-End-of-Qtr.   *> FOR TESTING ONLY
  1599  *>
  1600  *> Extra checks NOT RUN.  [ bypassed in basic code ]
  1601  *>
  1602   *>    perform  zz100-Extra-Year-End-Checks. NOT PRESENT in Code Base.
  1603  *>
  1604       open     input   PY-Comp-Hist-File.
  1605       if       PY-Coh-Status not = zeros
  1606                display  PY582 at line WS-23-Lines col 1 foreground-color 6 erase eos
  1607                display  SY001 at line WS-Lines    col 1
  1608                accept   WS-Reply at line WS-Lines col 48 AUTO
  1609                close    PY-Param1-File
  1610                         PY-Comp-Hist-File
  1611                move     16 to WS-Term-Code
  1612                goback   returning 2.
  1613       move     1 to RRN.
  1614  *>
  1615       read     PY-Comp-Hist-File key RRN.
  1616       if       PY-Coh-Status not = zeros
  1617                display  PY021 at line WS-23-Lines col 1 foreground-color 6 erase eos
  1618                display  SY001 at line WS-Lines    col 1
  1619                accept   WS-Reply at line WS-Lines col 48 AUTO
  1620                close    PY-Param1-File
ACS Cobol Xref v2.03.18          Dictionary File for PRINT940    24/03/2026  16:12:39:41                               Page   31

  1621                         PY-Comp-Hist-File
  1622                move     16 to WS-Term-Code
  1623                goback   returning 2.
  1624       close    PY-Comp-Hist-File.    *> Data record in FD area.
  1625  *>
  1626       open     input    PY-System-Deduction-File.
  1627       if       PY-Ded-Status not = zeros
  1628                display  PY583 at line WS-23-Lines col 1 foreground-color 6 erase eos
  1629                display  SY001 at line WS-Lines    col 1
  1630                accept   WS-Reply at line WS-Lines col 48 AUTO
  1631                close    PY-Param1-File
  1632                         PY-Comp-Hist-File
  1633                         PY-System-Deduction-File
  1634                move     16 to WS-Term-Code
  1635                goback   returning 3.
  1636  *>
  1637       move     1 to RRN.
  1638       read     PY-System-Deduction-File key RRN.
  1639       if       PY-Ded-Status not = zeros
  1640                display  PY019 at line WS-23-Lines col 1 foreground-color 6 erase eos
  1641                display  SY001 at line WS-Lines    col 1
  1642                accept   WS-Reply at line WS-Lines col 48 AUTO
  1643                close    PY-Param1-File
  1644                         PY-Comp-Hist-File
  1645                         PY-System-Deduction-File
  1646                move     16 to WS-Term-Code
  1647                goback   returning 4.
  1648       close    PY-System-Deduction-File.  *> Data record in FD area
  1649  *>
  1650       open     input    PY-History-File.
  1651       if       PY-His-Emp-Status not = zeros
  1652                display  PY586 at line WS-23-Lines col 1 foreground-color 6 erase eos
  1653                display  SY001 at line WS-Lines    col 1
  1654                accept   WS-Reply at line WS-Lines col 48 AUTO
  1655                close    PY-Param1-File
  1656                         PY-Comp-Hist-File
  1657                         PY-System-Deduction-File
  1658                         PY-History-File
  1659                move     16 to WS-Term-Code
  1660                goback   returning 4.
  1661  *>
  1662  *> Will be Reading Emp History in main body
  1663  *>
  1664       initialise
  1665                WS-Accumulator-Fields.
  1666       move     zeros to WS-Tot-Renum-Paid
  1667                         WS-Over-6k.
  1668  *>
  1669       perform  forever
  1670                read     PY-History-File next record at end
  1671                         close    PY-History-File
  1672                         exit     perform
  1673                end-read
  1674  *> Acccumulate
ACS Cobol Xref v2.03.18          Dictionary File for PRINT940    24/03/2026  16:12:39:41                               Page   32

  1675                add      His-YTD-Income-Taxable
  1676                         His-YTD-Other-Taxable
  1677                         His-YTD-Other-NonTaxable
  1678                         His-YTD-Tips  giving WS-Pay
  1679                add      WS-Pay   to  WS-Tot-Renum-Paid
  1680                if       WS-Pay > Ded-Co-Futa-Limit
  1681                         compute   WS-Over-6k = WS-Pay - Ded-Co-Futa-Limit
  1682                end-if
  1683  *> Calulations
  1684                add      WS-Over-6k
  1685                         Coh-YTD-Other-NonTaxable giving WS-Exempt
  1686                move     Ded-Co-SUI-Rate         to WS-Rate9
  1687                move     Ded-Co-Futa-Max-Credit  to WS-Max-Rate9
  1688                add      Coh-YTD-Income-Taxable
  1689                         Coh-YTD-Other-Taxable
  1690                         Coh-YTD-Tips
  1691                                                  giving WS-Gross-Pay
  1692                multiply WS-Gross-Pay by Ded-Co-Futa-Max-Credit
  1693                                                  giving WS-Contrib-at-2-7
  1694                multiply WS-Gross-Pay by Ded-Co-SUI-Rate
  1695                                                  giving WS-Contrib-at-Rate
  1696                compute  WS-AddL-Credits = WS-Contrib-at-2-7 - WS-Contrib-at-Rate
  1697                if       WS-AddL-Credits negative
  1698                         move     zero to WS-AddL-Credits
  1699                end-if
  1700                move     WS-Contrib-at-Rate to WS-Actual-Contrib   *> should equal coh.ytd.co.sui.liab
  1701                compute  WS-Tot-Tent-Cred =  WS-AddL-Credits + WS-Actual-Contrib
  1702                compute  WS-Tot-Taxable-Futa = WS-Tot-Renum-Paid - WS-Exempt
  1703                compute  WS-Gross-Fed-Tax = WS-Tot-Taxable-Futa * Ded-Co-Futa-Rate
  1704                compute  WS-Maximum-Cred  = WS-Tot-Taxable-Futa * Ded-Co-Futa-Max-Credit
  1705                if       WS-Tot-Tent-Cred < WS-Maximum-Cred
  1706                         move     WS-Tot-Tent-Cred to  WS-Smaller
  1707                else
  1708                         move     WS-Maximum-Cred  to  WS-Smaller
  1709                end-if
  1710  *> Not sure about this as should be processed via RI State tax.
  1711                if       PY-PR1-Co-State = "RI"                     *> Rhode Island,  what is this?,  still valid ?
  1712                         move     WS-Tot-Taxable-Futa to WS-RI-Tax
  1713                         multiply WS-RI-Tax by 0.375 giving WS-RI-Cred   *> RI Tax at 3.75%  IS this valid ?
  1714                else
  1715                         move     zero to WS-RI-Tax
  1716                                          WS-RI-Cred
  1717                end-if
  1718                compute  WS-Cred-Allowable = WS-Smaller - WS-RI-Cred
  1719                compute  WS-Net-Fed-Tax    = WS-Gross-Fed-Tax - WS-Cred-Allowable
  1720                move     zero to WS-Tot-Deposited
  1721                         A
  1722                perform  4 times
  1723                         add      1 to A
  1724                         add      Coh-Q-Co-Futa-Liab (A) to WS-Tot-Deposited
  1725                end-perform
  1726                compute  WS-Balance-Due = WS-Net-Fed-Tax - WS-Tot-Deposited
  1727                if       WS-Balance-Due negative
  1728                         multiply WS-Balance-Due by -1 giving WS-Overpay
ACS Cobol Xref v2.03.18          Dictionary File for PRINT940    24/03/2026  16:12:39:41                               Page   33

  1729                         move     zero to WS-Balance-Due
  1730                end-if
  1731       end-perform.
  1732  *>
  1733  *>  Now print the 940
  1734  *>
  1735       open     output Print-File.
  1736       initiate 940-Report.
  1737       generate 940-Detail.
  1738       terminate
  1739                940-Report.
  1740  *>
  1741       close    Print-File.
  1742       call     "SYSTEM" using Print-Report.  *> Landscape
  1743  *>
  1744  *> Finish off
  1745  *>
  1746       if       WS-Year-End not = "Y"   *> from basic code and always set
  1747                close    PY-Param1-File
  1748                goback.
  1749  *>
  1750       move     "Y" to PY-PR2-940-Printed.
  1751       move     1 to RRN.
  1752       rewrite  PY-Param1-Record.
  1753       if       PY-PR1-Status not = zeros
  1754                perform  ZZ040-Evaluate-Message
  1755                display  PY011         at line WS-23-Lines col 1 with erase eos
  1756                display  PY-PR1-Status at line WS-23-Lines col 37
  1757                display  WS-Eval-Msg   at line WS-23-Lines col 40
  1758                display  SY002         at line WS-Lines    col 1
  1759                accept   WS-Reply      at line WS-Lines    col 48 AUTO
  1760                close    PY-Param1-File
  1761                move     16 to WS-Term-Code
  1762                goback   returning 11.
  1763  *>
  1764       close    PY-Param1-File.
  1765       goback.
  1766  *>
  1767   ZZ040-Evaluate-Message      Section.
  1768  *>**********************************
  1769  *>
  1770  *> For PY-PR1 parameter file anfd other using PR-PR1-Status.
  1771  *>
  1772  *>C      copy "FileStat-Msgs-2.cpy" replacing MSG    by WS-Eval-Msg
  1773  *>C                                         STATUS by PY-PR1-Status.
  1774  *> ***************************************************************
  1775  *> ** Author: Gary L. Cutler                                    **
  1776  *> **         CutlerGL@gmail.com                                **
  1777  *> ** Amendments Vincent B. Coen                                **
  1778  *> **         vbcoen@gmail.com                                  **
  1779  *> **                                                           **
  1780  *> ** This copybook defines an EVALUATE statement capable of    **
  1781  *> ** translating two-digit FILE-STATUS codes to a message.     **
  1782  *> **                                                           **
ACS Cobol Xref v2.03.18          Dictionary File for PRINT940    24/03/2026  16:12:39:41                               Page   34

  1783  *> ** Use the REPLACING option to COPY to change the names of   **
  1784  *> ** the MSG and STATUS identifiers to                         **
  1785  *> ** the names your program needs.                             **
  1786  *> Such as replacing STATUS by fs-reply msg by exception-msg.   **
  1787  *>                                                              **
  1788  *> ** chg 09/08/23 vbc for missing statuses                     **
  1789  *> ** Chg 11/12/23 vbc for missing statuses                     **
  1790  *> ** Chg 10/04/25 vbc match all quotes & spacing/layout        **
  1791  *> ** chg to FREE format                                        **
  1792  *> ** Chg 24/08/25 vbc #91 description.                         **
  1793  *> ** Chg 15.11.25 vbc Replace all ' for "                      **
  1794  *> ***************************************************************
  1795  *>
  1796   EVALUATE PY-PR1-Status
  1797   WHEN "00" MOVE "Success                  " TO WS-Eval-Msg
  1798   WHEN "02" MOVE "Success Duplicate        " TO WS-Eval-Msg
  1799   WHEN "04" MOVE "Success Incomplete       " TO WS-Eval-Msg
  1800   WHEN "05" MOVE "Success Optional, Missing" TO WS-Eval-Msg
  1801   when "06" move "Multiple Records LS      " TO WS-Eval-Msg
  1802   WHEN "07" MOVE "Success No Unit          " TO WS-Eval-Msg
  1803   when "09" move "Success LS Bad Data      " TO WS-Eval-Msg
  1804   WHEN "10" MOVE "End Of File              " TO WS-Eval-Msg
  1805   WHEN "14" MOVE "Out Of Key Range         " TO WS-Eval-Msg
  1806   WHEN "21" MOVE "Key Invalid              " TO WS-Eval-Msg
  1807   WHEN "22" MOVE "Key Exists               " TO WS-Eval-Msg
  1808   WHEN "23" MOVE "Key Not Exists           " TO WS-Eval-Msg
  1809   WHEN "24" MOVE "Key Boundary violation   " TO WS-Eval-Msg
  1810   WHEN "30" MOVE "Permanent Error          " TO WS-Eval-Msg
  1811   WHEN "31" MOVE "Inconsistent Filename    " TO WS-Eval-Msg
  1812   WHEN "34" MOVE "Boundary Violation       " TO WS-Eval-Msg
  1813   WHEN "35" MOVE "File Not Found           " TO WS-Eval-Msg
  1814   WHEN "37" MOVE "Permission Denied        " TO WS-Eval-Msg
  1815   WHEN "38" MOVE "Closed With Lock         " TO WS-Eval-Msg
  1816   WHEN "39" MOVE "Conflict Attribute       " TO WS-Eval-Msg
  1817   WHEN "41" MOVE "Already Open             " TO WS-Eval-Msg
  1818   WHEN "42" MOVE "Not Open                 " TO WS-Eval-Msg
  1819   WHEN "43" MOVE "Read Not Done            " TO WS-Eval-Msg
  1820   WHEN "44" MOVE "Record Overflow          " TO WS-Eval-Msg
  1821   WHEN "46" MOVE "Read Error               " TO WS-Eval-Msg
  1822   WHEN "47" MOVE "Input Denied             " TO WS-Eval-Msg
  1823   WHEN "48" MOVE "Output Denied            " TO WS-Eval-Msg
  1824   WHEN "49" MOVE "I/O Denied               " TO WS-Eval-Msg
  1825   WHEN "51" MOVE "Record Locked            " TO WS-Eval-Msg
  1826   WHEN "52" MOVE "End-Of-Page              " TO WS-Eval-Msg
  1827   WHEN "57" MOVE "I/O Linage               " TO WS-Eval-Msg
  1828   WHEN "61" MOVE "File Sharing Failure     " TO WS-Eval-Msg
  1829   WHEN "71" MOVE "Bad Character LS         " TO WS-Eval-Msg
  1830   WHEN "91" MOVE "Feature Not Available    " TO WS-Eval-Msg
  1831            WHEN OTHER
  1832   MOVE "Unknown File PY-PR1-Status      " TO WS-
  1833  *>
  1834       END-EVALUATE.
  1835
  1836  *>>W Msg29 Caution: One or more replacing sources not found
ACS Cobol Xref v2.03.18          Dictionary File for PRINT940    24/03/2026  16:12:39:41                               Page   35

  1837  *>
  1838       exit     section.
  1839  *>
  1840        *>>>Info: Total Copy Depth Used = 03;  Caution messages issued =   2
ACS Cobol Xref v2.03.18          Dictionary File for PRINT940    24/03/2026  16:12:39:41                               Page   36
Symbols of Module: PRINT940 (PRINT940)
--------------------------------------

Data Section (FILE)             Defn     Locations
-------------------------------+---------------------------------------------------------------

COH-ALL-Q-TAX                      511F
COH-ALL-Q-TAXES                    510F
COH-DATE                           504F
COH-INTERVAL                       447F
COH-LAST-APPLY-NO                  451F
COH-Q-CO-FUTA-LIAB                 509F    1480   1483   1486   1489   1492   1495   1498   1501   1724                       x9
COH-Q-FICA-TAX                     508F
COH-Q-TAX                          507F
COH-Q-TAXES                        506F     510                                                                               x1
COH-QTD                            452F     478                                                                               x1
COH-QTD-CO-FICA-LIAB               466F
COH-QTD-CO-FUTA-LIAB               465F
COH-QTD-CO-SUI-LIAB                467F
COH-QTD-COMP-TIME-EARNED           472F
COH-QTD-COMP-TIME-TAKEN            473F
COH-QTD-EIC-CREDIT                 459F
COH-QTD-EMP                        469F
COH-QTD-FICA-LIAB                  463F
COH-QTD-FICA-TAXABLE               456F
COH-QTD-FWT-LIAB                   460F
COH-QTD-INCOME-TAXABLE             453F
COH-QTD-LWT-LIAB                   462F
COH-QTD-NET                        458F
COH-QTD-OTHER-DED                  470F
COH-QTD-OTHER-NONTAXABLE           455F
COH-QTD-OTHER-TAXABLE              454F
COH-QTD-SDI-LIAB                   464F
COH-QTD-SL-EARNED                  476F
COH-QTD-SL-TAKEN                   477F
COH-QTD-SWT-LIAB                   461F
COH-QTD-SYS                        468F
COH-QTD-TIPS                       457F
COH-QTD-UNITS                      471F
COH-QTD-VAC-EARNED                 474F
COH-QTD-VAC-TAKEN                  475F
COH-STARTING-UP                    448F
COH-TAX                            505F
COH-YTD-CO-FICA-LIAB               492F
COH-YTD-CO-FUTA-LIAB               491F
COH-YTD-CO-SUI-LIAB                493F
COH-YTD-COMP-TIME-EARNED           498F
COH-YTD-COMP-TIME-TAKEN            499F
COH-YTD-EIC-CREDIT                 485F
COH-YTD-EMP                        495F
COH-YTD-FICA-LIAB                  489F
COH-YTD-FICA-TAXABLE               482F
COH-YTD-FWT-LIAB                   486F
COH-YTD-INCOME-TAXABLE             479F    1688                                                                               x1
COH-YTD-LWT-LIAB                   488F
ACS Cobol Xref v2.03.18          Dictionary File for PRINT940    24/03/2026  16:12:39:41                               Page   37
Symbols of Module: PRINT940 (PRINT940)
--------------------------------------

Data Section (FILE)             Defn     Locations
-------------------------------+---------------------------------------------------------------

COH-YTD-NET                        484F
COH-YTD-OTHER-DED                  496F
COH-YTD-OTHER-NONTAXABLE           481F    1685                                                                               x1
COH-YTD-OTHER-TAXABLE              480F    1689                                                                               x1
COH-YTD-SDI-LIAB                   490F
COH-YTD-SL-EARNED                  502F
COH-YTD-SL-TAKEN                   503F
COH-YTD-SWT-LIAB                   487F
COH-YTD-SYS                        494F
COH-YTD-TIPS                       483F    1690                                                                               x1
COH-YTD-UNITS                      497F
COH-YTD-VAC-EARNED                 500F
COH-YTD-VAC-TAKEN                  501F
DED-CO-FICA-ACCT-NO                375F
DED-CO-FICA-LIMIT                  384F
DED-CO-FICA-RATE                   383F
DED-CO-FICA-USED                   363F
DED-CO-FUTA-ACCT-NO                377F
DED-CO-FUTA-LIMIT                  388F    1680   1681                                                                        x2
DED-CO-FUTA-MAX-CREDIT             389F    1687   1692   1704                                                                 x3
DED-CO-FUTA-RATE                   387F    1703                                                                               x1
DED-CO-FUTA-USED                   365F
DED-CO-SUI-ACCT-NO                 378F
DED-CO-SUI-LIMIT                   391F
DED-CO-SUI-RATE                    390F    1686   1694                                                                        x2
DED-CO-SUI-USED                    366F
DED-EIC-ACCT-NO                    379F
DED-EIC-EXCESS-LIMIT               395F
DED-EIC-EXCESS-RATE                394F
DED-EIC-LIMIT                      393F
DED-EIC-RATE                       392F
DED-EIC-USED                       367F
DED-FICA-ACCT-NO                   374F
DED-FICA-LIMIT                     382F
DED-FICA-RATE                      381F
DED-FICA-USED                      362F
DED-FWT-ACCT-NO                    371F
DED-FWT-ALLOWANCE-AMT              369F
DED-FWT-MAR                        397F
DED-FWT-MAR-CUTOFF                 398F
DED-FWT-MAR-PERCENT                399F
DED-FWT-SIN                        401F
DED-FWT-SIN-CUTOFF                 402F
DED-FWT-SIN-PERCENT                403F
DED-FWT-USED                       359F
DED-LWT-ACCT-NO                    373F
DED-LWT-USED                       361F
DED-SDI-ACCT-NO                    376F
DED-SDI-LIMIT                      386F
ACS Cobol Xref v2.03.18          Dictionary File for PRINT940    24/03/2026  16:12:39:41                               Page   38
Symbols of Module: PRINT940 (PRINT940)
--------------------------------------

Data Section (FILE)             Defn     Locations
-------------------------------+---------------------------------------------------------------

DED-SDI-RATE                       385F
DED-SDI-USED                       364F
DED-SWT-ACCT-NO                    372F
DED-SWT-USED                       360F
DED-SYS-ACCT-NO                    414F
DED-SYS-AMT-PERCENT                407F
DED-SYS-CHK-CAT                    408F
DED-SYS-DATA-BLOCKS                406F
DED-SYS-DESC                       413F
DED-SYS-EARN-DED                   409F
DED-SYS-ENTRIES-USED               405F
DED-SYS-EXCLUSION                  410F
DED-SYS-FACTOR                     415F
DED-SYS-LIMIT                      416F
DED-SYS-LIMIT-USED                 411F
DED-SYS-USED                       412F
FILE-41                            143F    1358                                                                               x1
FILE-42                            132F    1359                                                                               x1
FILE-45                            154F    1362                                                                               x1
FILE-47                            122F    1364                                                                               x1
HDR-HIS-LAST-TO-DATE               587F
HDR-HIS-NO                         586F
HIS-EMP-NO                         157F     542                                                                               x1
HIS-QTD                            543F
HIS-QTD-EIC                        550F
HIS-QTD-EMP                        558F
HIS-QTD-EXTRAS                     561F
HIS-QTD-FICA                       554F
HIS-QTD-FICA-TAXABLE               547F
HIS-QTD-FWT                        551F
HIS-QTD-INCOME-TAXABLE             544F
HIS-QTD-LWT                        553F
HIS-QTD-MCARE                      556F
HIS-QTD-NET                        549F
HIS-QTD-OTHER-DED                  560F
HIS-QTD-OTHER-NONTAXABLE           546F
HIS-QTD-OTHER-TAXABLE              545F
HIS-QTD-SDI                        555F
HIS-QTD-SWT                        552F
HIS-QTD-SYS                        557F
HIS-QTD-TIPS                       548F
HIS-QTD-UNITS                      559F
HIS-YTD                            562F
HIS-YTD-EIC                        569F
HIS-YTD-EMP                        577F
HIS-YTD-EXTRAS                     580F
HIS-YTD-FICA                       573F
HIS-YTD-FICA-TAXABLE               566F
HIS-YTD-FWT                        570F
ACS Cobol Xref v2.03.18          Dictionary File for PRINT940    24/03/2026  16:12:39:41                               Page   39
Symbols of Module: PRINT940 (PRINT940)
--------------------------------------

Data Section (FILE)             Defn     Locations
-------------------------------+---------------------------------------------------------------

HIS-YTD-INCOME-TAXABLE             563F    1675                                                                               x1
HIS-YTD-LWT                        572F
HIS-YTD-MCARE                      575F
HIS-YTD-NET                        568F
HIS-YTD-OTHER-DED                  579F
HIS-YTD-OTHER-NONTAXABLE           565F    1677                                                                               x1
HIS-YTD-OTHER-TAXABLE              564F    1676                                                                               x1
HIS-YTD-SDI                        574F
HIS-YTD-SWT                        571F
HIS-YTD-SYS                        576F
HIS-YTD-TIPS                       567F    1678                                                                               x1
HIS-YTD-UNITS                      578F
PRINT-FILE                         165F     592   1735   1741                                                                 x3
PY-COH-STATUS                      147F     756   1605   1616                                                                 x3
PY-COMP-HIST-FILE                  142F     428   1604   1610   1615   1621   1624   1632   1644   1656                       x9
PY-COMP-HIST-RECORD                445F
PY-DED-STATUS                      136F     757   1627   1639                                                                 x3
PY-HIS-EMP-STATUS                  158F     758   1651                                                                        x2
PY-HISTORY-FILE                    153F     524   1650   1658   1670   1671                                                   x5
PY-HISTORY-HEADER                  585F
PY-HISTORY-RECORD                  541F
PY-PARAM1-FILE                     122F     182   1564   1566   1573   1581   1609   1620   1631   1643   1655   1747   1760
                                           1764                                                                               x13
PY-PARAM1-RECORD                   212F    1752                                                                               x1
PY-PR1-B-USED                      254F
PY-PR1-BLOCK                       213F
PY-PR1-CHECK-HISTORY-USED          250F
PY-PR1-CHECK-PRINTING-USED         249F
PY-PR1-CO-ADDRESS-1                217F    1400                                                                               x1
PY-PR1-CO-ADDRESS-2                218F    1402                                                                               x1
PY-PR1-CO-ADDRESS-3                219F    1404                                                                               x1
PY-PR1-CO-ADDRESS-4                220F    1407                                                                               x1
PY-PR1-CO-EMAIL                    225F
PY-PR1-CO-NAME                     215F    1398                                                                               x1
PY-PR1-CO-PHONE                    224F
PY-PR1-CO-POST-CODE                221F
PY-PR1-CO-STATE                    223F    1408   1423   1711                                                                 x3
PY-PR1-CO-ZIP                      222F    1409                                                                               x1
PY-PR1-COMPANY-DATA                214F
PY-PR1-CURRENCY-SIGN               260F
PY-PR1-DATE                        280F
PY-PR1-DATE-DY                     283F
PY-PR1-DATE-FORMAT                 278F    1530                                                                               x1
PY-PR1-DATE-MO                     282F
PY-PR1-DATE-YR                     284F
PY-PR1-DEBUGGING                   262F
PY-PR1-DFLT-DIST-ACCT              232F
PY-PR1-DFLT-GROSS-ACCT             231F
PY-PR1-DFLT-HS-TYPE                272F
ACS Cobol Xref v2.03.18          Dictionary File for PRINT940    24/03/2026  16:12:39:41                               Page   40
Symbols of Module: PRINT940 (PRINT940)
--------------------------------------

Data Section (FILE)             Defn     Locations
-------------------------------+---------------------------------------------------------------

PY-PR1-DFLT-NORM-UNITS             244F
PY-PR1-DFLT-PAY-INTERVAL           258F
PY-PR1-DFLT-PAY-RATE               241F
PY-PR1-DFLT-SL-RATE                243F
PY-PR1-DFLT-VAC-RATE               242F
PY-PR1-DIST-USED                   259F
PY-PR1-FED-ID                      275F    1405                                                                               x1
PY-PR1-GL-USED                     256F
PY-PR1-HARD-DELETE                 263F
PY-PR1-HI-DED-CHK-CAT              297F
PY-PR1-HI-EARN-CHK-CAT             299F
PY-PR1-IRS-USED                    257F
PY-PR1-JC-USED                     255F
PY-PR1-LAST-DAY-PAY-PERIOD         246F
PY-PR1-LO-DED-CHK-CAT              296F
PY-PR1-LO-EARN-CHK-CAT             298F
PY-PR1-LOCAL-ID                    277F
PY-PR1-M-USED                      252F
PY-PR1-MAX-CHK-CATS                292F
PY-PR1-MAX-DIST-ACCTS              233F
PY-PR1-MAX-ED-CATS                 294F
PY-PR1-MAX-EMP-EDS                 293F
PY-PR1-MAX-PAY-FACTOR              240F
PY-PR1-MAX-SWT-ENTRIES             295F
PY-PR1-MAX-SYS-EDS                 300F
PY-PR1-MIN-WAGE                    235F
PY-PR1-OFFSET-CASH-ACCT            230F
PY-PR1-OS-DELIMITER                261F
PY-PR1-PAGE-LINES-L                286F
PY-PR1-PAGE-LINES-P                285F
PY-PR1-PAGE-WIDTH-L                288F
PY-PR1-PAGE-WIDTH-P                287F
PY-PR1-PRINT-SPOOL-NAME            302F
PY-PR1-PRINT-SPOOL-NAME2           303F
PY-PR1-PRINT-SPOOL-NAME3           304F
PY-PR1-RATE-NAME                   273F
PY-PR1-RATE2-FACTOR                238F
PY-PR1-RATE3-FACTOR                239F
PY-PR1-RATE4-EXCLUSION-TYPE        248F
PY-PR1-S-USED                      251F
PY-PR1-STATE-ID                    276F    1424                                                                               x1
PY-PR1-STATUS                      126F     755   1565   1574   1577   1753   1756   1796                                     x7
PY-PR1-TAX-ID                      226F
PY-PR1-TRADE-NAME                  216F
PY-PR1-USER-PROG                   290F
PY-PR1-USER-PROG-DESC              291F
PY-PR1-USER-PROG-USED              289F
PY-PR1-VOID-CHECK-AMT              236F
PY-PR1-VOID-CHECKS-OVER-MAX        247F
ACS Cobol Xref v2.03.18          Dictionary File for PRINT940    24/03/2026  16:12:39:41                               Page   41
Symbols of Module: PRINT940 (PRINT940)
--------------------------------------

Data Section (FILE)             Defn     Locations
-------------------------------+---------------------------------------------------------------

PY-PR1-W-USED                      253F
PY-PR2-940-PRINTED                 324F    1750                                                                               x1
PY-PR2-941-PRINTED                 325F
PY-PR2-BLOCK                       306F
PY-PR2-CHECK-DATE                  316F
PY-PR2-HRS-BATCH-NO                311F
PY-PR2-JUST-CLOSED-YEAR            322F
PY-PR2-LAST-CHECK-NO               328F
PY-PR2-LAST-DAY-LAST-B             313F
PY-PR2-LAST-DAY-LAST-M             315F
PY-PR2-LAST-DAY-LAST-S             314F
PY-PR2-LAST-DAY-LAST-W             312F
PY-PR2-LAST-EMPLOYEE-NO            317F
PY-PR2-LAST-Q-ENDED                327F    1589                                                                               x1
PY-PR2-LAST-SM-APPLY-NO            309F
PY-PR2-LAST-WB-APPLY-NO            310F
PY-PR2-NO-ACCTS                    323F
PY-PR2-NO-ACTIVE-EMPS              318F
PY-PR2-NO-EMPLOYEES                319F
PY-PR2-NO-OF-SM-APPLIES            320F
PY-PR2-NO-OF-WB-APPLIES            321F
PY-PR2-W2-PRINTED                  326F
PY-PR2-YEAR                        307F
PY-PR2-YEAR-NEXT                   308F
PY-SYSTEM-DEDUCTION-FILE           131F     342   1626   1633   1638   1645   1648   1657                                     x7
PY-SYSTEM-DEDUCTION-RECORD         358F
RRN                                125F     135    146    637   1563   1573   1613   1615   1637   1638   1751                x10
ACS Cobol Xref v2.03.18          Dictionary File for PRINT940    24/03/2026  16:12:39:41                               Page   42
Symbols of Module: PRINT940 (PRINT940)
--------------------------------------

Data Section (WORKING-STORAGE)  Defn     Locations
-------------------------------+---------------------------------------------------------------

A                                  767W    1721   1723   1724                                                                 x3
ACAS-DAL-COMMON-DATA               738W
ACAS-PATH                          651W
ACCEPT-REPLY                       658W
ACCESS-TYPE                        720W
B                                  768W
COL2                               647W
COLE                               643W
CURS                               640W     641                                                                               x1
CURS2                              644W     645                                                                               x1
DB-HOST                            673W
DB-PORT                            675W
DB-SCHEMA                          670W
DB-SOCKET                          674W
DB-UNAME                           671W
DB-UPASS                           672W
ERROR-MESSAGES                     878W
FA-FILE-DUPLICATES-IN-USE          695W
FA-FILE-SYSTEM-USED                686W
FA-FS-COBOL-FILES-USED             687W
FA-FS-DUPLICATE-PROCESSING         696W
FA-FS-RDBMS-USED                   688W
FA-FS-VALID-OPTIONS                694W
FA-RDBMS-FLAT-STATUSES             685W
FILE-ACCESS                        635W
FILE-FUNCTION                      701W
FILE-KEY-NO                        659W
FN-CLOSE                           703W
FN-DELETE                          709W
FN-DELETE-ALL                      707W
FN-EQUAL-TO                        725W
FN-EXTEND                          724W
FN-GREATER-THAN                    727W
FN-I-O                             722W
FN-INPUT                           721W
FN-LESS-THAN                       726W
FN-NOT-GREATER-THAN                729W
FN-NOT-LESS-THAN                   728W
FN-OPEN                            702W
FN-OUTPUT                          723W
FN-RE-WRITE                        708W
FN-READ-BY-BATCH                   716W
FN-READ-BY-CUST                    717W
FN-READ-BY-NAME                    715W
FN-READ-INDEXED                    705W
FN-READ-NEXT                       704W
FN-READ-NEXT-HEADER                718W
FN-READ-NEXT-RAW                   713W
FN-START                           710W
ACS Cobol Xref v2.03.18          Dictionary File for PRINT940    24/03/2026  16:12:39:41                               Page   43
Symbols of Module: PRINT940 (PRINT940)
--------------------------------------

Data Section (WORKING-STORAGE)  Defn     Locations
-------------------------------+---------------------------------------------------------------

FN-WRITE                           706W
FN-WRITE-RAW                       712W
FS-ACTION                          654W
FS-REPLY                           638W
LIN                                642W
LIN2                               646W
LOG-FILE-REC-WRITTEN               750W
LOGGING-DATA                       657W
MAIN-RECORD-MOVE-FLAG              679W
MENU-REPLY                         754W
MRMF-MOVE-FD                       680W
MRMF-MOVE-WS                       681W
PATH-WORK                          652W
PP-NAME                            608W
PP-PRINT-FILE-NAME                 610W
PRINT-REPORT                       603W    1742                                                                               x1
PROG-NAME                          597W
PSN                                607W    1524                                                                               x1
PY-COH-STATUS                      756W    1605   1616                                                                        x2
PY-DED-STATUS                      757W    1627   1639                                                                        x2
PY-HIS-EMP-STATUS                  758W    1651                                                                               x1
PY-PR1-STATUS                      755W    1565   1574   1577   1753   1756   1796                                            x6
PY011                              892W    1755                                                                               x1
PY012                              893W    1576                                                                               x1
PY019                              900W    1640                                                                               x1
PY021                              902W    1617                                                                               x1
PY581                              910W    1567                                                                               x1
PY582                              911W    1606                                                                               x1
PY583                              912W    1628                                                                               x1
PY586                              915W    1652                                                                               x1
RDB-DATA                           669W
RRN                                637W    1563   1573   1613   1615   1637   1638   1751                                     x7
S1                                 639W
SQL-ERR                            662W
SQL-MSG                            663W
SQL-STATE                          664W
SW-TESTING                         742W
SW-TESTING-2                       747W
SY001                              880W    1568   1579   1607   1618   1629   1641   1653                                     x7
SY002                              881W    1758                                                                               x1
SY010                              886W    1540                                                                               x1
SY013                              887W    1547                                                                               x1
TESTING-1                          743W
TESTING-2                          748W
WE-ERROR                           636W
WS-22-LINES                        764W    1556                                                                               x1
WS-23-LINES                        765W    1557   1567   1576   1577   1578   1606   1617   1628   1640   1652   1755   1756
                                           1757                                                                               x13
WS-ACCUMULATOR-FIELDS              786W    1665                                                                               x1
ACS Cobol Xref v2.03.18          Dictionary File for PRINT940    24/03/2026  16:12:39:41                               Page   44
Symbols of Module: PRINT940 (PRINT940)
--------------------------------------

Data Section (WORKING-STORAGE)  Defn     Locations
-------------------------------+---------------------------------------------------------------

WS-ACTUAL-CONTRIB                  795W    1434   1440   1700   1701                                                          x4
WS-ADDL-CREDITS                    794W    1433   1439   1696   1697   1698   1701                                            x6
WS-BALANCE-DUE                     806W    1507   1726   1727   1728   1729                                                   x5
WS-COMMON-DATE                     782W    1529   1531   1532   1534   1535   1596                                            x6
WS-CONTRIB-AT-2-7                  792W    1431   1693   1696                                                                 x3
WS-CONTRIB-AT-RATE                 793W    1432   1695   1696   1700                                                          x4
WS-CONV-DATE                       821W
WS-COUNT-ROWS                      668W
WS-CRED-ALLOWABLE                  803W    1468   1718   1719                                                                 x3
WS-DATA                            753W
WS-DATE                            822W     823    829    835                                                                 x3
WS-DATE-FORMATS                    819W
WS-DAYS                            824W
WS-END-OF-QTR                      777W     778   1590   1594   1596   1598                                                   x5
WS-ENV-COLUMNS                     762W    1545   1546                                                                        x2
WS-ENV-LINES                       763W    1538   1539   1556   1557   1558                                                   x5
WS-EOQ-DAY                         781W
WS-EOQ-MONTH                       780W    1591                                                                               x1
WS-EOQ-YEAR                        779W    1592                                                                               x1
WS-EVAL-MSG                        761W    1578   1757   1797   1798   1799   1800   1801   1802   1803   1804   1805   1806
                                           1807   1808   1809   1810   1811   1812   1813   1814   1815   1816   1817   1818
                                           1819   1820   1821   1822   1823   1824   1825   1826   1827   1828   1829   1830  x36
WS-EXEMPT                          790W    1450   1685   1702                                                                 x3
WS-FILE-KEY                        665W
WS-GROSS-FED-TAX                   798W    1456   1703   1719                                                                 x3
WS-GROSS-PAY                       791W    1425   1438   1691   1692   1694                                                   x5
WS-INTL                            835W
WS-INTL-DAYS                       840W
WS-INTL-MONTH                      838W
WS-INTL-YEAR                       836W
WS-LINE-CNT                        773W
WS-LINES                           766W    1558   1568   1569   1579   1580   1607   1608   1618   1619   1629   1630   1641
                                           1642   1653   1654   1758   1759                                                   x17
WS-LOG-FILE-NO                     667W
WS-LOG-SYSTEM                      660W
WS-LOG-WHERE                       666W
WS-MAX-RATE                        812W    1420                                                                               x1
WS-MAX-RATE9                       813W    1687                                                                               x1
WS-MAXIMUM-CRED                    799W    1459   1704   1705   1708                                                          x4
WS-MONTH                           826W
WS-NET-FED-TAX                     804W    1471   1719   1726                                                                 x3
WS-NO-PARAGRAPH                    661W
WS-OVER-6K                         787W    1667   1681   1684                                                                 x3
WS-OVERPAY                         807W    1510   1728                                                                        x2
WS-PAGE-CNT                        772W
WS-PAGE-LINES                      770W    1391   1394                                                                        x2
WS-PAY                             789W    1678   1679   1680   1681                                                          x4
WS-PR1-DATING                      818W
WS-PROCESS-FLAGS                   775W
ACS Cobol Xref v2.03.18          Dictionary File for PRINT940    24/03/2026  16:12:39:41                               Page   45
Symbols of Module: PRINT940 (PRINT940)
--------------------------------------

Data Section (WORKING-STORAGE)  Defn     Locations
-------------------------------+---------------------------------------------------------------

WS-QTR-END                         778W
WS-RATE                            809W    1430                                                                               x1
WS-RATE9                           810W    1686                                                                               x1
WS-REC-CNT                         771W
WS-REPLY                           760W    1541   1548   1569   1580   1608   1619   1630   1642   1654   1759                x10
WS-RI-CRED                         802W    1465   1713   1716   1718                                                          x4
WS-RI-TAX                          801W    1712   1713   1715                                                                 x3
WS-SMALLER                         800W    1462   1706   1708   1718                                                          x4
WS-SWAP                            820W
WS-TEST-DATE                       816W
WS-TEST-YMD                        817W    1523   1590                                                                        x2
WS-TIME                            846W
WS-TOT-DEPOSITED                   805W    1504   1720   1724   1726                                                          x4
WS-TOT-RENUM-PAID                  788W    1447   1666   1679   1702                                                          x4
WS-TOT-TAXABLE-FUTA                797W    1453   1702   1703   1704   1712                                                   x5
WS-TOT-TENT-CRED                   796W    1444   1701   1705   1706                                                          x4
WS-UK                              823W
WS-USA                             829W
WS-USA-DAYS                        832W
WS-USA-MONTH                       830W
WS-YEAR                            828W
WS-YEAR-END                        776W    1587   1746                                                                        x2
WSA-DATE                           847W
WSA-DD                             850W
WSA-MM                             849W
WSA-YY                             848W
WSB-HH                             852W
WSB-MM                             853W
WSB-SS                             854W
WSB-TIME                           851W
WSD-HH                             857W
WSD-MM                             859W
WSD-SA                             858W
WSD-SB                             860W
WSD-SS                             861W
WSD-TIME                           856W
WSE-DATE                           864W     868                                                                               x1
WSE-DATE-9                         868W    1523                                                                               x1
WSE-DATE-BLOCK                     863W    1522                                                                               x1
WSE-DAYS                           867W
WSE-HH                             871W
WSE-MM                             872W
WSE-MONTH                          866W
WSE-SS                             873W
WSE-TIME                           870W
WSE-YEAR                           865W    1427   1429   1482   1488   1494   1500                                            x6
ACS Cobol Xref v2.03.18          Dictionary File for PRINT940    24/03/2026  16:12:39:41                               Page   46
Symbols of Module: PRINT940 (PRINT940)
--------------------------------------

Data Section (LINKAGE)          Defn     Locations
-------------------------------+---------------------------------------------------------------

ADDRESS-1                         1017K
ADDRESS-2                         1018K
ADDRESS-3                         1019K
ADDRESS-4                         1020K
AGE-TO-PAY                        1140K
ARCH                              1105K
ARCHIVING                         1106K
AUTO-VAT                          1115K
B-L                               1031K
BATCH-ID                          1116K
BL-END-CYCLE-DATE                 1138K
BL-NEXT-BATCH                     1139K
BL-PAY-AC                         1135K
BL-PURCH-AC                       1137K
BRANCHES                          1094K
CHARGE                            1181K
CLIENT                            1250K
COMPANY-EMAIL                     1087K
COMPARATIVES                      1100K
COMPARATIVES-ACTIVE               1102K
COMPS                             1099K
COMPS-ACTIVE                      1101K
COUNTRY                           1022K
CURRENT-QUARTER                   1054K
CUST-FLAG                         1161K
CYCLEA                            1006K    1007                                                                               x1
DATA-CAPTURE-USED                 1074K
DATE-FORM                         1072K
DATE-VALID-FORMATS                1073K
DC-COBOL-STANDARD                 1075K
DC-GUI                            1076K
DC-WIDGET                         1077K
DISCOUNT                          1180K
DOS                               1047K
END-DATE                          1013K
ENTRY-LEVEL                       1144K
EXTRA-CHARGE-AC                   1127K
EXTRA-DESC                        1178K
EXTRA-PRINT                       1182K
EXTRA-RATE                        1188K
EXTRA-TYPE                        1179K
FILE-0                            1284K
FILE-10                           1303K
FILE-11                           1305K
FILE-12                           1307K
FILE-13                           1309K
FILE-14                           1311K
FILE-15                           1313K
FILE-16                           1315K
ACS Cobol Xref v2.03.18          Dictionary File for PRINT940    24/03/2026  16:12:39:42                               Page   47
Symbols of Module: PRINT940 (PRINT940)
--------------------------------------

Data Section (LINKAGE)          Defn     Locations
-------------------------------+---------------------------------------------------------------

FILE-17                           1317K
FILE-18                           1319K
FILE-19                           1321K
FILE-2                            1287K
FILE-20                           1323K
FILE-21                           1325K
FILE-22                           1327K
FILE-23                           1329K
FILE-24                           1331K
FILE-26                           1334K
FILE-27                           1336K
FILE-28                           1338K
FILE-29                           1340K
FILE-3                            1289K
FILE-30                           1342K
FILE-31                           1344K
FILE-32                           1346K
FILE-33                           1348K
FILE-34                           1349K
FILE-35                           1350K
FILE-36                           1351K
FILE-37                           1352K
FILE-38                           1353K
FILE-39                           1356K
FILE-4                            1291K
FILE-40                           1357K
FILE-41                           1358K
FILE-42                           1359K
FILE-43                           1360K
FILE-44                           1361K
FILE-45                           1362K
FILE-46                           1363K
FILE-47                           1364K
FILE-48                           1365K
FILE-49                           1367K
FILE-5                            1293K
FILE-50                           1368K
FILE-51                           1369K
FILE-52                           1370K
FILE-53                           1371K
FILE-54                           1372K
FILE-55                           1373K
FILE-56                           1374K
FILE-57                           1376K
FILE-6                            1295K
FILE-7                            1297K
FILE-8                            1299K
FILE-9                            1301K
FILE-DEFS                         1279K    1515                                                                               x1
ACS Cobol Xref v2.03.18          Dictionary File for PRINT940    24/03/2026  16:12:39:42                               Page   48
Symbols of Module: PRINT940 (PRINT940)
--------------------------------------

Data Section (LINKAGE)          Defn     Locations
-------------------------------+---------------------------------------------------------------

FILE-DEFS-A                       1280K    1378                                                                               x1
FILE-DEFS-COUNT                   1380K
FILE-DEFS-OS-DELIMITER            1381K
FILE-DUPLICATES-IN-USE            1067K
FILE-SYSTEM-USED                  1056K
FILLER-DUMMY4                     1263K
FIRST-SL-BATCH                    1197K
FIRST-SL-INV                      1198K
FS-COBOL-FILES-USED               1057K
FS-DUPLICATE-PROCESSING           1068K
FS-MYSQL-USED                     1058K
FS-RDBMS-USED                     1060K
FS-VALID-OPTIONS                  1066K
FULL-INVOICING                    1164K
G-L                               1029K
GENERAL-LEDGER-BLOCK              1091K
GL-BL-PAY-AC                      1221K
GL-BL-PURCH-AC                    1223K
GL-P-CREDITORS                    1222K
GL-S-DEBTORS                      1225K
GL-SL-PAY-AC                      1224K
GL-SL-SALES-AC                    1226K
GROUPED                           1096K
HEADER-LEVEL                      1111K
HOST                              1042K
I-LEVEL-0                         1174K
I-LEVEL-1                         1175K
I-LEVEL-2                         1176K
INDEX-2                           1119K
INVOICER                          1173K
IRS                               1037K
IRS-BOTH-USED                     1122K
IRS-DATA-BLOCK                    1262K
IRS-ENTRY-BLOCK                   1262K
IRS-INSTEAD                       1120K
IRS-NO                            1038K
IRS-USED                          1121K
LEDGER-2ND-INDEX                  1118K
LEDGER-SEC                        1123K
LEVEL                             1027K
LEVEL-1                           1028K
LEVEL-2                           1030K
LEVEL-3                           1032K
LEVEL-4                           1034K
LEVEL-5                           1036K
LEVEL-6                           1039K
LINUX                             1052K
M-V                               1103K
MAC                               1049K
ACS Cobol Xref v2.03.18          Dictionary File for PRINT940    24/03/2026  16:12:39:42                               Page   49
Symbols of Module: PRINT940 (PRINT940)
--------------------------------------

Data Section (LINKAGE)          Defn     Locations
-------------------------------+---------------------------------------------------------------

MANDATORY                         1108K
MAPS-SER                          1069K
MAPS-SER-NN                       1071K
MAPS-SER-XX                       1070K
MINIMUM-VALIDATION                1104K
MULTI-USER                        1043K
NEXT-BATCH                        1126K
NEXT-FOLIO                        1134K
NEXT-INVOICE                      1010K
NEXT-POST                         1251K
NO-OS                             1046K
NOT-INVOICING                     1177K
OI-3-FLAG                         1160K
OI-5-FLAG                         1162K
OP-SYSTEM                         1044K
OS-SINGLE                         1053K
OS2                               1050K
P-C                               1092K
P-C-GROUPED                       1095K
P-C-LEVEL                         1097K
P-CREDITORS                       1136K
P-FLAG-A                          1145K
P-FLAG-I                          1146K
P-FLAG-P                          1147K
P-L-EXISTS                        1142K
PAGE-LINES                        1009K
PARAM-RESTRICT                    1082K
PASS-VALUE                        1026K
PASS-WORD                         1041K
PAYROLL                           1040K
PERIOD                            1008K
PF-RETENTION                      1196K
PHONE-NO                          1024K
PL-APPROP-AC                      1260K
PL-APPROP-AC6                     1258K
PL-AUTOGEN                        1150K
PL-DELIM                          1143K
PL-NEXT-REC                       1151K
PL-STOCK-LINK                     1148K
POST-CODE                         1021K
POST-TRANS-NAME                   1282K
POSTINGS                          1125K
PRE-TRANS-NAME                    1281K
PRESERVE-BATCH                    1117K
PRINT-SPOOL-NAME                  1023K    1524                                                                               x1
PRINT-SPOOL-NAME2                 1129K
PRINT-SPOOL-NAME3                 1149K
PROFIT-CENTRES                    1093K
PURCHASE-LEDGER                   1141K
ACS Cobol Xref v2.03.18          Dictionary File for PRINT940    24/03/2026  16:12:39:42                               Page   50
Symbols of Module: PRINT940 (PRINT940)
--------------------------------------

Data Section (LINKAGE)          Defn     Locations
-------------------------------+---------------------------------------------------------------

PURCHASE-LEDGER-BLOCK             1133K
PURCHASE-RANGE                    1113K
RDBMS-DB-NAME                     1078K
RDBMS-FLAT-STATUSES               1055K
RDBMS-HOST                        1084K
RDBMS-PASSWD                      1080K
RDBMS-PORT                        1083K
RDBMS-SOCKET                      1085K
RDBMS-USER                        1079K
REVENUE-ONLY                      1098K
RUN-DATE                          1011K
S-DEBTORS                         1201K
S-END-CYCLE-DATE                  1203K
S-FLAG-A                          1165K
S-FLAG-I                          1166K
S-FLAG-OI-3                       1163K
S-FLAG-P                          1167K
S-L                               1033K
S-L-EXISTS                        1158K
SALES-LEDGER                      1157K
SALES-LEDGER-BLOCK                1156K
SALES-RANGE                       1112K
SCYCLE                            1007K
SL-AUTOGEN                        1215K
SL-BO-DEFAULT                     1218K
SL-BO-FLAG                        1217K
SL-CHARGES                        1169K
SL-COMP-HEAD-INV                  1206K
SL-COMP-HEAD-LETS                 1210K
SL-COMP-HEAD-PICK                 1204K
SL-COMP-HEAD-STAT                 1208K
SL-COMP-INV                       1207K
SL-COMP-LETS                      1211K
SL-COMP-PICK                      1205K
SL-COMP-STAT                      1209K
SL-CREDIT                         1192K
SL-DAY-BOOK                       1172K
SL-DAYS-1                         1189K
SL-DAYS-2                         1190K
SL-DAYS-3                         1191K
SL-DELIM                          1159K
SL-DISC                           1187K
SL-DUNNING                        1168K
SL-INVOICE-LINES                  1214K
SL-LATE-PER                       1186K
SL-LIMIT                          1199K
SL-MAX                            1195K
SL-MIN                            1194K
SL-NEXT-REC                       1216K
ACS Cobol Xref v2.03.18          Dictionary File for PRINT940    24/03/2026  16:12:39:42                               Page   51
Symbols of Module: PRINT940 (PRINT940)
--------------------------------------

Data Section (LINKAGE)          Defn     Locations
-------------------------------+---------------------------------------------------------------

SL-OWN-NOS                        1170K
SL-PAY-AC                         1200K
SL-SALES-AC                       1202K
SL-STATS-RUN                      1171K
SL-STOCK-AUDIT                    1184K
SL-STOCK-LINK                     1183K
SL-VAT-PRINTED                    1212K
SL-VAT-PRINTS                     1213K
START-DATE                        1012K
STATS-DATE-PERIOD                 1086K
STK-ABREV-REF                     1232K
STK-ACTIVITY-REP-RUN              1245K
STK-AUDIT-NO                      1248K
STK-AUDIT-USED                    1236K
STK-AVERAGING                     1243K
STK-BO-ACTIVE                     1246K
STK-DEBUG                         1233K
STK-MANU-USED                     1234K
STK-MOV-AUDIT                     1237K
STK-OE-USED                       1235K
STK-PAGE-LINES                    1247K
STK-PERIOD-CUR                    1238K
STK-PERIOD-DAT                    1239K
STOCK                             1035K
STOCK-AUDIT-ON                    1185K
STOCK-AVERAGING                   1244K
STOCK-CONTROL                     1241K
STOCK-CONTROL-BLOCK               1231K
STOCK-CONTROL-EXISTS              1242K
SUSER                             1014K
SYSTEM-DATA-BLOCK                  990K
SYSTEM-FILE-NAMES                 1379K
TO-DAY                            1384K    1514   1529   1531   1532   1534   1535                                            x6
TRANS-DONE                        1110K
TRANS-PRINT                       1107K
TRANS-PRINTED                     1109K
UNIX                              1051K
UPDATES                           1124K
USER-CODE                         1016K
USERA                             1015K
VALID-OS-TYPE                     1045K
VAT                               1114K
VAT-AC                            1128K
VAT-GROUP                         1256K
VAT-PSENT                         1257K
VAT-RATE                          1005K
VAT-RATE-1                        1000K
VAT-RATE-2                        1001K
VAT-RATE-3                        1002K
ACS Cobol Xref v2.03.18          Dictionary File for PRINT940    24/03/2026  16:12:39:42                               Page   52
Symbols of Module: PRINT940 (PRINT940)
--------------------------------------

Data Section (LINKAGE)          Defn     Locations
-------------------------------+---------------------------------------------------------------

VAT-RATE-4                        1003K
VAT-RATE-5                        1004K
VAT-RATES                          999K    1005                                                                               x1
VAT-RATES2                        1252K    1256                                                                               x1
VAT-REG-NUMBER                    1081K
VAT1                              1253K
VAT2                              1254K
VAT3                              1255K
WINDOWS                           1048K
WS-CALLED                          928K
WS-CALLER                          929K
WS-CALLING-DATA                    927K    1512                                                                               x1
WS-CD-ARGS                         935K
WS-DEL-LINK                        930K
WS-PROCESS-FUNC                    933K
WS-SUB-FUNCTION                    934K
WS-SYSTEM-RECORD                   986K    1513                                                                               x1
WS-SYSTEM-RECORD-VERSION-PRIME     992K
WS-SYSTEM-RECORD-VERSION-SECOND    997K
WS-TERM-CODE                       931K    1542   1549   1570   1582   1611   1622   1634   1646   1659   1761                x10
ACS Cobol Xref v2.03.18          Dictionary File for PRINT940    24/03/2026  16:12:39:42                               Page   53
Symbols of Module: PRINT940 (PRINT940)
--------------------------------------

Data Section (REPORT)           Defn     Locations
-------------------------------+---------------------------------------------------------------

940-DETAIL                        1396R
940-REPORT                        1389R
COH-Q-CO-FUTA-LIAB                1480R    1483   1486   1489   1492   1495   1498   1501   1724                              x8
PY-PR1-CO-ADDRESS-1               1400R
PY-PR1-CO-ADDRESS-2               1402R
PY-PR1-CO-ADDRESS-3               1404R
PY-PR1-CO-ADDRESS-4               1407R
PY-PR1-CO-NAME                    1398R
PY-PR1-CO-STATE                   1408R    1423   1711                                                                        x2
PY-PR1-CO-ZIP                     1409R
PY-PR1-FED-ID                     1405R
PY-PR1-STATE-ID                   1424R
WS-ACTUAL-CONTRIB                 1434R    1440   1700   1701                                                                 x3
WS-ADDL-CREDITS                   1433R    1439   1696   1697   1698   1701                                                   x5
WS-BALANCE-DUE                    1507R    1726   1727   1728   1729                                                          x4
WS-CONTRIB-AT-2-7                 1431R    1693   1696                                                                        x2
WS-CONTRIB-AT-RATE                1432R    1695   1696   1700                                                                 x3
WS-CRED-ALLOWABLE                 1468R    1718   1719                                                                        x2
WS-EXEMPT                         1450R    1685   1702                                                                        x2
WS-GROSS-FED-TAX                  1456R    1703   1719                                                                        x2
WS-GROSS-PAY                      1425R    1438   1691   1692   1694                                                          x4
WS-MAX-RATE                       1420R
WS-MAXIMUM-CRED                   1459R    1704   1705   1708                                                                 x3
WS-NET-FED-TAX                    1471R    1719   1726                                                                        x2
WS-OVERPAY                        1510R    1728                                                                               x1
WS-PAGE-LINES                     1391R    1394                                                                               x1
WS-RATE                           1430R
WS-RI-CRED                        1465R    1713   1716   1718                                                                 x3
WS-SMALLER                        1462R    1706   1708   1718                                                                 x3
WS-TOT-DEPOSITED                  1504R    1720   1724   1726                                                                 x3
WS-TOT-RENUM-PAID                 1447R    1666   1679   1702                                                                 x3
WS-TOT-TAXABLE-FUTA               1453R    1703   1704   1712                                                                 x3
WS-TOT-TENT-CRED                  1444R    1701   1705   1706                                                                 x3
WSE-YEAR                          1427R    1429   1482   1488   1494   1500                                                   x5
ACS Cobol Xref v2.03.18          Dictionary File for PRINT940    24/03/2026  16:12:39:42                               Page   54
Symbols of Module: PRINT940 (PRINT940)
--------------------------------------
Variable Tested [S]            Symbol (88-Conditions)
--------------------------------------------------------------

ACCESS-TYPE                     FN-INPUT
ACCESS-TYPE                     FN-I-O
ACCESS-TYPE                     FN-OUTPUT
ACCESS-TYPE                     FN-EXTEND
ACCESS-TYPE                     FN-EQUAL-TO
ACCESS-TYPE                     FN-LESS-THAN
ACCESS-TYPE                     FN-GREATER-THAN
ACCESS-TYPE                     FN-NOT-LESS-THAN
ACCESS-TYPE                     FN-NOT-GREATER-THAN
ARCH                            ARCHIVING
BATCH-ID                        PRESERVE-BATCH
COMPS                           COMPARATIVES
COMPS-ACTIVE                    COMPARATIVES-ACTIVE
DATA-CAPTURE-USED               DC-COBOL-STANDARD
DATA-CAPTURE-USED               DC-GUI
DATA-CAPTURE-USED               DC-WIDGET
DATE-FORM                       DATE-VALID-FORMATS
EXTRA-TYPE                      DISCOUNT
EXTRA-TYPE                      CHARGE
FA-FILE-DUPLICATES-IN-USE       FA-FS-DUPLICATE-PROCESSING
FA-FILE-SYSTEM-USED             FA-FS-COBOL-FILES-USED
FA-FILE-SYSTEM-USED             FA-FS-RDBMS-USED
FA-FILE-SYSTEM-USED             FA-FS-VALID-OPTIONS
FILE-DUPLICATES-IN-USE          FS-DUPLICATE-PROCESSING
FILE-FUNCTION                   FN-OPEN
FILE-FUNCTION                   FN-CLOSE
FILE-FUNCTION                   FN-READ-NEXT
FILE-FUNCTION                   FN-READ-INDEXED
FILE-FUNCTION                   FN-WRITE
FILE-FUNCTION                   FN-DELETE-ALL
FILE-FUNCTION                   FN-RE-WRITE
FILE-FUNCTION                   FN-DELETE
FILE-FUNCTION                   FN-START
FILE-FUNCTION                   FN-WRITE-RAW
FILE-FUNCTION                   FN-READ-NEXT-RAW
FILE-FUNCTION                   FN-READ-BY-NAME
FILE-FUNCTION                   FN-READ-BY-BATCH
FILE-FUNCTION                   FN-READ-BY-CUST
FILE-FUNCTION                   FN-READ-NEXT-HEADER
FILE-SYSTEM-USED                FS-COBOL-FILES-USED
FILE-SYSTEM-USED                FS-MYSQL-USED
FILE-SYSTEM-USED                FS-RDBMS-USED
FILE-SYSTEM-USED                FS-VALID-OPTIONS
HOST                            MULTI-USER
INVOICER                        I-LEVEL-0
INVOICER                        I-LEVEL-1
INVOICER                        I-LEVEL-2
INVOICER                        NOT-INVOICING
IRS-INSTEAD                     IRS-USED
IRS-INSTEAD                     IRS-BOTH-USED
ACS Cobol Xref v2.03.18          Dictionary File for PRINT940    24/03/2026  16:12:39:42                               Page   55
Symbols of Module: PRINT940 (PRINT940)
--------------------------------------
Variable Tested [S]            Symbol (88-Conditions)
--------------------------------------------------------------

LEDGER-2ND-INDEX                INDEX-2
LEVEL-1                         G-L
LEVEL-2                         B-L
LEVEL-3                         S-L
LEVEL-4                         STOCK
LEVEL-5                         IRS
LEVEL-5                         IRS-NO
LEVEL-6                         PAYROLL
M-V                             MINIMUM-VALIDATION
MAIN-RECORD-MOVE-FLAG           MRMF-MOVE-FD
MAIN-RECORD-MOVE-FLAG           MRMF-MOVE-WS
OP-SYSTEM                       VALID-OS-TYPE
OP-SYSTEM                       NO-OS
OP-SYSTEM                       DOS
OP-SYSTEM                       WINDOWS
OP-SYSTEM                       MAC
OP-SYSTEM                       OS2
OP-SYSTEM                       UNIX
OP-SYSTEM                       LINUX
OP-SYSTEM                       OS-SINGLE
P-C                             PROFIT-CENTRES
P-C                             BRANCHES
P-C-GROUPED                     GROUPED
P-C-LEVEL                       REVENUE-ONLY
PURCHASE-LEDGER                 P-L-EXISTS
SALES-LEDGER                    S-L-EXISTS
SL-COMP-HEAD-INV                SL-COMP-INV
SL-COMP-HEAD-LETS               SL-COMP-LETS
SL-COMP-HEAD-PICK               SL-COMP-PICK
SL-COMP-HEAD-STAT               SL-COMP-STAT
SL-STOCK-AUDIT                  STOCK-AUDIT-ON
SL-VAT-PRINTED                  SL-VAT-PRINTS
STK-AVERAGING                   STOCK-AVERAGING
STOCK-CONTROL                   STOCK-CONTROL-EXISTS
SW-TESTING                      TESTING-1
SW-TESTING-2                    TESTING-2
TRANS-PRINT                     MANDATORY
TRANS-PRINTED                   TRANS-DONE
VAT                             AUTO-VAT
ACS Cobol Xref v2.03.18          Dictionary File for PRINT940    24/03/2026  16:12:39:42                               Page   56
Symbols of Module: PRINT940 (PRINT940)
--------------------------------------
Variable Tested                Symbol (88-Conditions) [S]
--------------------------------------------------------------

ARCH                            ARCHIVING
VAT                             AUTO-VAT
LEVEL-2                         B-L
P-C                             BRANCHES
EXTRA-TYPE                      CHARGE
COMPS                           COMPARATIVES
COMPS-ACTIVE                    COMPARATIVES-ACTIVE
DATE-FORM                       DATE-VALID-FORMATS
DATA-CAPTURE-USED               DC-COBOL-STANDARD
DATA-CAPTURE-USED               DC-GUI
DATA-CAPTURE-USED               DC-WIDGET
EXTRA-TYPE                      DISCOUNT
OP-SYSTEM                       DOS
FA-FILE-SYSTEM-USED             FA-FS-COBOL-FILES-USED
FA-FILE-DUPLICATES-IN-USE       FA-FS-DUPLICATE-PROCESSING
FA-FILE-SYSTEM-USED             FA-FS-RDBMS-USED
FA-FILE-SYSTEM-USED             FA-FS-VALID-OPTIONS
FILE-FUNCTION                   FN-CLOSE
FILE-FUNCTION                   FN-DELETE
FILE-FUNCTION                   FN-DELETE-ALL
ACCESS-TYPE                     FN-EQUAL-TO
ACCESS-TYPE                     FN-EXTEND
ACCESS-TYPE                     FN-GREATER-THAN
ACCESS-TYPE                     FN-I-O
ACCESS-TYPE                     FN-INPUT
ACCESS-TYPE                     FN-LESS-THAN
ACCESS-TYPE                     FN-NOT-GREATER-THAN
ACCESS-TYPE                     FN-NOT-LESS-THAN
FILE-FUNCTION                   FN-OPEN
ACCESS-TYPE                     FN-OUTPUT
FILE-FUNCTION                   FN-RE-WRITE
FILE-FUNCTION                   FN-READ-BY-BATCH
FILE-FUNCTION                   FN-READ-BY-CUST
FILE-FUNCTION                   FN-READ-BY-NAME
FILE-FUNCTION                   FN-READ-INDEXED
FILE-FUNCTION                   FN-READ-NEXT
FILE-FUNCTION                   FN-READ-NEXT-HEADER
FILE-FUNCTION                   FN-READ-NEXT-RAW
FILE-FUNCTION                   FN-START
FILE-FUNCTION                   FN-WRITE
FILE-FUNCTION                   FN-WRITE-RAW
FILE-SYSTEM-USED                FS-COBOL-FILES-USED
FILE-DUPLICATES-IN-USE          FS-DUPLICATE-PROCESSING
FILE-SYSTEM-USED                FS-MYSQL-USED
FILE-SYSTEM-USED                FS-RDBMS-USED
FILE-SYSTEM-USED                FS-VALID-OPTIONS
LEVEL-1                         G-L
P-C-GROUPED                     GROUPED
INVOICER                        I-LEVEL-0
INVOICER                        I-LEVEL-1
ACS Cobol Xref v2.03.18          Dictionary File for PRINT940    24/03/2026  16:12:39:42                               Page   57
Symbols of Module: PRINT940 (PRINT940)
--------------------------------------
Variable Tested                Symbol (88-Conditions) [S]
--------------------------------------------------------------

INVOICER                        I-LEVEL-2
LEDGER-2ND-INDEX                INDEX-2
LEVEL-5                         IRS
IRS-INSTEAD                     IRS-BOTH-USED
LEVEL-5                         IRS-NO
IRS-INSTEAD                     IRS-USED
OP-SYSTEM                       LINUX
OP-SYSTEM                       MAC
TRANS-PRINT                     MANDATORY
M-V                             MINIMUM-VALIDATION
MAIN-RECORD-MOVE-FLAG           MRMF-MOVE-FD
MAIN-RECORD-MOVE-FLAG           MRMF-MOVE-WS
HOST                            MULTI-USER
OP-SYSTEM                       NO-OS
INVOICER                        NOT-INVOICING
OP-SYSTEM                       OS-SINGLE
OP-SYSTEM                       OS2
PURCHASE-LEDGER                 P-L-EXISTS
LEVEL-6                         PAYROLL
BATCH-ID                        PRESERVE-BATCH
P-C                             PROFIT-CENTRES
P-C-LEVEL                       REVENUE-ONLY
LEVEL-3                         S-L
SALES-LEDGER                    S-L-EXISTS
SL-COMP-HEAD-INV                SL-COMP-INV
SL-COMP-HEAD-LETS               SL-COMP-LETS
SL-COMP-HEAD-PICK               SL-COMP-PICK
SL-COMP-HEAD-STAT               SL-COMP-STAT
SL-VAT-PRINTED                  SL-VAT-PRINTS
LEVEL-4                         STOCK
SL-STOCK-AUDIT                  STOCK-AUDIT-ON
STK-AVERAGING                   STOCK-AVERAGING
STOCK-CONTROL                   STOCK-CONTROL-EXISTS
SW-TESTING                      TESTING-1
SW-TESTING-2                    TESTING-2
TRANS-PRINTED                   TRANS-DONE
OP-SYSTEM                       UNIX
OP-SYSTEM                       VALID-OS-TYPE
OP-SYSTEM                       WINDOWS
ACS Cobol Xref v2.03.18          Dictionary File for PRINT940    24/03/2026  16:12:39:42                               Page   58
Symbols of Module: PRINT940 (PRINT940)
--------------------------------------
Functions                       Defn     Locations
-------------------------------+---------------------------------------------------------------

CURRENT-DATE                      1522I                                                                                       x0
ACS Cobol Xref v2.03.18          Dictionary File for PRINT940    24/03/2026  16:12:39:42                               Page   59
Symbols of Module: PRINT940 (PRINT940)
--------------------------------------
Called Procedures               Type   Locations
-------------------------------+--------------------------------------------------------

SYSTEM                          SYSTEM   1742                                                                                 x1
ACS Cobol Xref v2.03.18          Dictionary File for PRINT940    24/03/2026  16:12:39:42                               Page   60
Symbols of Module: PRINT940 (PRINT940)
--------------------------------------
Procedure                       Defn     Locations
-------------------------------+---------------------------------------------------------------

AA000-MAIN                        1517S
WS-                               1832P
ZZ040-EVALUATE-MESSAGE            1767S    1575   1754                                                                        x2
ACS Cobol Xref v2.03.18          Dictionary File for PRINT940    24/03/2026  16:12:39:42                               Page   61
Symbols of Module: PRINT940 (PRINT940)
--------------------------------------
Unreferenced Working Storage Symbols

940-DETAIL                        1396R
940-REPORT                        1389R
ACAS-DAL-COMMON-DATA               738W
ACAS-PATH                          651W
ACCEPT-REPLY                       658W
ACCESS-TYPE                        720W
ADDRESS-1                         1017K
ADDRESS-2                         1018K
ADDRESS-3                         1019K
ADDRESS-4                         1020K
AGE-TO-PAY                        1140K
ARCH                              1105K
ARCHIVING                         1106K
AUTO-VAT                          1115K
B                                  768W
B-L                               1031K
BATCH-ID                          1116K
BL-END-CYCLE-DATE                 1138K
BL-NEXT-BATCH                     1139K
BL-PAY-AC                         1135K
BL-PURCH-AC                       1137K
BRANCHES                          1094K
CHARGE                            1181K
CLIENT                            1250K
COH-ALL-Q-TAX                      511F
COH-ALL-Q-TAXES                    510F
COH-DATE                           504F
COH-INTERVAL                       447F
COH-LAST-APPLY-NO                  451F
COH-Q-FICA-TAX                     508F
COH-Q-TAX                          507F
COH-QTD-CO-FICA-LIAB               466F
COH-QTD-CO-FUTA-LIAB               465F
COH-QTD-CO-SUI-LIAB                467F
COH-QTD-COMP-TIME-EARNED           472F
COH-QTD-COMP-TIME-TAKEN            473F
COH-QTD-EIC-CREDIT                 459F
COH-QTD-EMP                        469F
COH-QTD-FICA-LIAB                  463F
COH-QTD-FICA-TAXABLE               456F
COH-QTD-FWT-LIAB                   460F
COH-QTD-INCOME-TAXABLE             453F
COH-QTD-LWT-LIAB                   462F
COH-QTD-NET                        458F
COH-QTD-OTHER-DED                  470F
COH-QTD-OTHER-NONTAXABLE           455F
COH-QTD-OTHER-TAXABLE              454F
COH-QTD-SDI-LIAB                   464F
COH-QTD-SL-EARNED                  476F
COH-QTD-SL-TAKEN                   477F
COH-QTD-SWT-LIAB                   461F
ACS Cobol Xref v2.03.18          Dictionary File for PRINT940    24/03/2026  16:12:39:42                               Page   62
Symbols of Module: PRINT940 (PRINT940)
--------------------------------------
Unreferenced Working Storage Symbols

COH-QTD-SYS                        468F
COH-QTD-TIPS                       457F
COH-QTD-UNITS                      471F
COH-QTD-VAC-EARNED                 474F
COH-QTD-VAC-TAKEN                  475F
COH-STARTING-UP                    448F
COH-TAX                            505F
COH-YTD-CO-FICA-LIAB               492F
COH-YTD-CO-FUTA-LIAB               491F
COH-YTD-CO-SUI-LIAB                493F
COH-YTD-COMP-TIME-EARNED           498F
COH-YTD-COMP-TIME-TAKEN            499F
COH-YTD-EIC-CREDIT                 485F
COH-YTD-EMP                        495F
COH-YTD-FICA-LIAB                  489F
COH-YTD-FICA-TAXABLE               482F
COH-YTD-FWT-LIAB                   486F
COH-YTD-LWT-LIAB                   488F
COH-YTD-NET                        484F
COH-YTD-OTHER-DED                  496F
COH-YTD-SDI-LIAB                   490F
COH-YTD-SL-EARNED                  502F
COH-YTD-SL-TAKEN                   503F
COH-YTD-SWT-LIAB                   487F
COH-YTD-SYS                        494F
COH-YTD-UNITS                      497F
COH-YTD-VAC-EARNED                 500F
COH-YTD-VAC-TAKEN                  501F
COL2                               647W
COLE                               643W
COMPANY-EMAIL                     1087K
COMPARATIVES                      1100K
COMPARATIVES-ACTIVE               1102K
COMPS                             1099K
COMPS-ACTIVE                      1101K
COUNTRY                           1022K
CURRENT-QUARTER                   1054K
CUST-FLAG                         1161K
DATA-CAPTURE-USED                 1074K
DATE-FORM                         1072K
DATE-VALID-FORMATS                1073K
DB-HOST                            673W
DB-PORT                            675W
DB-SCHEMA                          670W
DB-SOCKET                          674W
DB-UNAME                           671W
DB-UPASS                           672W
DC-COBOL-STANDARD                 1075K
DC-GUI                            1076K
DC-WIDGET                         1077K
DED-CO-FICA-ACCT-NO                375F
ACS Cobol Xref v2.03.18          Dictionary File for PRINT940    24/03/2026  16:12:39:42                               Page   63
Symbols of Module: PRINT940 (PRINT940)
--------------------------------------
Unreferenced Working Storage Symbols

DED-CO-FICA-LIMIT                  384F
DED-CO-FICA-RATE                   383F
DED-CO-FICA-USED                   363F
DED-CO-FUTA-ACCT-NO                377F
DED-CO-FUTA-USED                   365F
DED-CO-SUI-ACCT-NO                 378F
DED-CO-SUI-LIMIT                   391F
DED-CO-SUI-USED                    366F
DED-EIC-ACCT-NO                    379F
DED-EIC-EXCESS-LIMIT               395F
DED-EIC-EXCESS-RATE                394F
DED-EIC-LIMIT                      393F
DED-EIC-RATE                       392F
DED-EIC-USED                       367F
DED-FICA-ACCT-NO                   374F
DED-FICA-LIMIT                     382F
DED-FICA-RATE                      381F
DED-FICA-USED                      362F
DED-FWT-ACCT-NO                    371F
DED-FWT-ALLOWANCE-AMT              369F
DED-FWT-MAR                        397F
DED-FWT-MAR-CUTOFF                 398F
DED-FWT-MAR-PERCENT                399F
DED-FWT-SIN                        401F
DED-FWT-SIN-CUTOFF                 402F
DED-FWT-SIN-PERCENT                403F
DED-FWT-USED                       359F
DED-LWT-ACCT-NO                    373F
DED-LWT-USED                       361F
DED-SDI-ACCT-NO                    376F
DED-SDI-LIMIT                      386F
DED-SDI-RATE                       385F
DED-SDI-USED                       364F
DED-SWT-ACCT-NO                    372F
DED-SWT-USED                       360F
DED-SYS-ACCT-NO                    414F
DED-SYS-AMT-PERCENT                407F
DED-SYS-CHK-CAT                    408F
DED-SYS-DATA-BLOCKS                406F
DED-SYS-DESC                       413F
DED-SYS-EARN-DED                   409F
DED-SYS-ENTRIES-USED               405F
DED-SYS-EXCLUSION                  410F
DED-SYS-FACTOR                     415F
DED-SYS-LIMIT                      416F
DED-SYS-LIMIT-USED                 411F
DED-SYS-USED                       412F
DISCOUNT                          1180K
DOS                               1047K
END-DATE                          1013K
ENTRY-LEVEL                       1144K
ACS Cobol Xref v2.03.18          Dictionary File for PRINT940    24/03/2026  16:12:39:42                               Page   64
Symbols of Module: PRINT940 (PRINT940)
--------------------------------------
Unreferenced Working Storage Symbols

ERROR-MESSAGES                     878W
EXTRA-CHARGE-AC                   1127K
EXTRA-DESC                        1178K
EXTRA-PRINT                       1182K
EXTRA-RATE                        1188K
EXTRA-TYPE                        1179K
FA-FILE-DUPLICATES-IN-USE          695W
FA-FILE-SYSTEM-USED                686W
FA-FS-COBOL-FILES-USED             687W
FA-FS-DUPLICATE-PROCESSING         696W
FA-FS-RDBMS-USED                   688W
FA-FS-VALID-OPTIONS                694W
FA-RDBMS-FLAT-STATUSES             685W
FILE-0                            1284K
FILE-10                           1303K
FILE-11                           1305K
FILE-12                           1307K
FILE-13                           1309K
FILE-14                           1311K
FILE-15                           1313K
FILE-16                           1315K
FILE-17                           1317K
FILE-18                           1319K
FILE-19                           1321K
FILE-2                            1287K
FILE-20                           1323K
FILE-21                           1325K
FILE-22                           1327K
FILE-23                           1329K
FILE-24                           1331K
FILE-26                           1334K
FILE-27                           1336K
FILE-28                           1338K
FILE-29                           1340K
FILE-3                            1289K
FILE-30                           1342K
FILE-31                           1344K
FILE-32                           1346K
FILE-33                           1348K
FILE-34                           1349K
FILE-35                           1350K
FILE-36                           1351K
FILE-37                           1352K
FILE-38                           1353K
FILE-39                           1356K
FILE-4                            1291K
FILE-40                           1357K
FILE-43                           1360K
FILE-44                           1361K
FILE-46                           1363K
FILE-48                           1365K
ACS Cobol Xref v2.03.18          Dictionary File for PRINT940    24/03/2026  16:12:39:42                               Page   65
Symbols of Module: PRINT940 (PRINT940)
--------------------------------------
Unreferenced Working Storage Symbols

FILE-49                           1367K
FILE-5                            1293K
FILE-50                           1368K
FILE-51                           1369K
FILE-52                           1370K
FILE-53                           1371K
FILE-54                           1372K
FILE-55                           1373K
FILE-56                           1374K
FILE-57                           1376K
FILE-6                            1295K
FILE-7                            1297K
FILE-8                            1299K
FILE-9                            1301K
FILE-ACCESS                        635W
FILE-DEFS-COUNT                   1380K
FILE-DEFS-OS-DELIMITER            1381K
FILE-DUPLICATES-IN-USE            1067K
FILE-FUNCTION                      701W
FILE-KEY-NO                        659W
FILE-SYSTEM-USED                  1056K
FILLER-DUMMY4                     1263K
FIRST-SL-BATCH                    1197K
FIRST-SL-INV                      1198K
FN-CLOSE                           703W
FN-DELETE                          709W
FN-DELETE-ALL                      707W
FN-EQUAL-TO                        725W
FN-EXTEND                          724W
FN-GREATER-THAN                    727W
FN-I-O                             722W
FN-INPUT                           721W
FN-LESS-THAN                       726W
FN-NOT-GREATER-THAN                729W
FN-NOT-LESS-THAN                   728W
FN-OPEN                            702W
FN-OUTPUT                          723W
FN-RE-WRITE                        708W
FN-READ-BY-BATCH                   716W
FN-READ-BY-CUST                    717W
FN-READ-BY-NAME                    715W
FN-READ-INDEXED                    705W
FN-READ-NEXT                       704W
FN-READ-NEXT-HEADER                718W
FN-READ-NEXT-RAW                   713W
FN-START                           710W
FN-WRITE                           706W
FN-WRITE-RAW                       712W
FS-ACTION                          654W
FS-COBOL-FILES-USED               1057K
FS-DUPLICATE-PROCESSING           1068K
ACS Cobol Xref v2.03.18          Dictionary File for PRINT940    24/03/2026  16:12:39:42                               Page   66
Symbols of Module: PRINT940 (PRINT940)
--------------------------------------
Unreferenced Working Storage Symbols

FS-MYSQL-USED                     1058K
FS-RDBMS-USED                     1060K
FS-REPLY                           638W
FS-VALID-OPTIONS                  1066K
FULL-INVOICING                    1164K
G-L                               1029K
GENERAL-LEDGER-BLOCK              1091K
GL-BL-PAY-AC                      1221K
GL-BL-PURCH-AC                    1223K
GL-P-CREDITORS                    1222K
GL-S-DEBTORS                      1225K
GL-SL-PAY-AC                      1224K
GL-SL-SALES-AC                    1226K
GROUPED                           1096K
HDR-HIS-LAST-TO-DATE               587F
HDR-HIS-NO                         586F
HEADER-LEVEL                      1111K
HIS-QTD                            543F
HIS-QTD-EIC                        550F
HIS-QTD-EMP                        558F
HIS-QTD-EXTRAS                     561F
HIS-QTD-FICA                       554F
HIS-QTD-FICA-TAXABLE               547F
HIS-QTD-FWT                        551F
HIS-QTD-INCOME-TAXABLE             544F
HIS-QTD-LWT                        553F
HIS-QTD-MCARE                      556F
HIS-QTD-NET                        549F
HIS-QTD-OTHER-DED                  560F
HIS-QTD-OTHER-NONTAXABLE           546F
HIS-QTD-OTHER-TAXABLE              545F
HIS-QTD-SDI                        555F
HIS-QTD-SWT                        552F
HIS-QTD-SYS                        557F
HIS-QTD-TIPS                       548F
HIS-QTD-UNITS                      559F
HIS-YTD                            562F
HIS-YTD-EIC                        569F
HIS-YTD-EMP                        577F
HIS-YTD-EXTRAS                     580F
HIS-YTD-FICA                       573F
HIS-YTD-FICA-TAXABLE               566F
HIS-YTD-FWT                        570F
HIS-YTD-LWT                        572F
HIS-YTD-MCARE                      575F
HIS-YTD-NET                        568F
HIS-YTD-OTHER-DED                  579F
HIS-YTD-SDI                        574F
HIS-YTD-SWT                        571F
HIS-YTD-SYS                        576F
HIS-YTD-UNITS                      578F
ACS Cobol Xref v2.03.18          Dictionary File for PRINT940    24/03/2026  16:12:39:42                               Page   67
Symbols of Module: PRINT940 (PRINT940)
--------------------------------------
Unreferenced Working Storage Symbols

HOST                              1042K
I-LEVEL-0                         1174K
I-LEVEL-1                         1175K
I-LEVEL-2                         1176K
INDEX-2                           1119K
INVOICER                          1173K
IRS                               1037K
IRS-BOTH-USED                     1122K
IRS-DATA-BLOCK                    1262K
IRS-ENTRY-BLOCK                   1262K
IRS-INSTEAD                       1120K
IRS-NO                            1038K
IRS-USED                          1121K
LEDGER-2ND-INDEX                  1118K
LEDGER-SEC                        1123K
LEVEL                             1027K
LEVEL-1                           1028K
LEVEL-2                           1030K
LEVEL-3                           1032K
LEVEL-4                           1034K
LEVEL-5                           1036K
LEVEL-6                           1039K
LIN                                642W
LIN2                               646W
LINUX                             1052K
LOG-FILE-REC-WRITTEN               750W
LOGGING-DATA                       657W
M-V                               1103K
MAC                               1049K
MAIN-RECORD-MOVE-FLAG              679W
MANDATORY                         1108K
MAPS-SER                          1069K
MAPS-SER-NN                       1071K
MAPS-SER-XX                       1070K
MENU-REPLY                         754W
MINIMUM-VALIDATION                1104K
MRMF-MOVE-FD                       680W
MRMF-MOVE-WS                       681W
MULTI-USER                        1043K
NEXT-BATCH                        1126K
NEXT-FOLIO                        1134K
NEXT-INVOICE                      1010K
NEXT-POST                         1251K
NO-OS                             1046K
NOT-INVOICING                     1177K
OI-3-FLAG                         1160K
OI-5-FLAG                         1162K
OP-SYSTEM                         1044K
OS-SINGLE                         1053K
OS2                               1050K
P-C                               1092K
ACS Cobol Xref v2.03.18          Dictionary File for PRINT940    24/03/2026  16:12:39:42                               Page   68
Symbols of Module: PRINT940 (PRINT940)
--------------------------------------
Unreferenced Working Storage Symbols

P-C-GROUPED                       1095K
P-C-LEVEL                         1097K
P-CREDITORS                       1136K
P-FLAG-A                          1145K
P-FLAG-I                          1146K
P-FLAG-P                          1147K
P-L-EXISTS                        1142K
PAGE-LINES                        1009K
PARAM-RESTRICT                    1082K
PASS-VALUE                        1026K
PASS-WORD                         1041K
PATH-WORK                          652W
PAYROLL                           1040K
PERIOD                            1008K
PF-RETENTION                      1196K
PHONE-NO                          1024K
PL-APPROP-AC                      1260K
PL-APPROP-AC6                     1258K
PL-AUTOGEN                        1150K
PL-DELIM                          1143K
PL-NEXT-REC                       1151K
PL-STOCK-LINK                     1148K
POST-CODE                         1021K
POST-TRANS-NAME                   1282K
POSTINGS                          1125K
PP-NAME                            608W
PP-PRINT-FILE-NAME                 610W
PRE-TRANS-NAME                    1281K
PRESERVE-BATCH                    1117K
PRINT-SPOOL-NAME2                 1129K
PRINT-SPOOL-NAME3                 1149K
PROFIT-CENTRES                    1093K
PROG-NAME                          597W
PURCHASE-LEDGER                   1141K
PURCHASE-LEDGER-BLOCK             1133K
PURCHASE-RANGE                    1113K
PY-COMP-HIST-RECORD                445F
PY-HISTORY-HEADER                  585F
PY-HISTORY-RECORD                  541F
PY-PR1-B-USED                      254F
PY-PR1-BLOCK                       213F
PY-PR1-CHECK-HISTORY-USED          250F
PY-PR1-CHECK-PRINTING-USED         249F
PY-PR1-CO-EMAIL                    225F
PY-PR1-CO-PHONE                    224F
PY-PR1-CO-POST-CODE                221F
PY-PR1-COMPANY-DATA                214F
PY-PR1-CURRENCY-SIGN               260F
PY-PR1-DATE                        280F
PY-PR1-DATE-DY                     283F
PY-PR1-DATE-MO                     282F
ACS Cobol Xref v2.03.18          Dictionary File for PRINT940    24/03/2026  16:12:39:42                               Page   69
Symbols of Module: PRINT940 (PRINT940)
--------------------------------------
Unreferenced Working Storage Symbols

PY-PR1-DATE-YR                     284F
PY-PR1-DEBUGGING                   262F
PY-PR1-DFLT-DIST-ACCT              232F
PY-PR1-DFLT-GROSS-ACCT             231F
PY-PR1-DFLT-HS-TYPE                272F
PY-PR1-DFLT-NORM-UNITS             244F
PY-PR1-DFLT-PAY-INTERVAL           258F
PY-PR1-DFLT-PAY-RATE               241F
PY-PR1-DFLT-SL-RATE                243F
PY-PR1-DFLT-VAC-RATE               242F
PY-PR1-DIST-USED                   259F
PY-PR1-GL-USED                     256F
PY-PR1-HARD-DELETE                 263F
PY-PR1-HI-DED-CHK-CAT              297F
PY-PR1-HI-EARN-CHK-CAT             299F
PY-PR1-IRS-USED                    257F
PY-PR1-JC-USED                     255F
PY-PR1-LAST-DAY-PAY-PERIOD         246F
PY-PR1-LO-DED-CHK-CAT              296F
PY-PR1-LO-EARN-CHK-CAT             298F
PY-PR1-LOCAL-ID                    277F
PY-PR1-M-USED                      252F
PY-PR1-MAX-CHK-CATS                292F
PY-PR1-MAX-DIST-ACCTS              233F
PY-PR1-MAX-ED-CATS                 294F
PY-PR1-MAX-EMP-EDS                 293F
PY-PR1-MAX-PAY-FACTOR              240F
PY-PR1-MAX-SWT-ENTRIES             295F
PY-PR1-MAX-SYS-EDS                 300F
PY-PR1-MIN-WAGE                    235F
PY-PR1-OFFSET-CASH-ACCT            230F
PY-PR1-OS-DELIMITER                261F
PY-PR1-PAGE-LINES-L                286F
PY-PR1-PAGE-LINES-P                285F
PY-PR1-PAGE-WIDTH-L                288F
PY-PR1-PAGE-WIDTH-P                287F
PY-PR1-PRINT-SPOOL-NAME            302F
PY-PR1-PRINT-SPOOL-NAME2           303F
PY-PR1-PRINT-SPOOL-NAME3           304F
PY-PR1-RATE-NAME                   273F
PY-PR1-RATE2-FACTOR                238F
PY-PR1-RATE3-FACTOR                239F
PY-PR1-RATE4-EXCLUSION-TYPE        248F
PY-PR1-S-USED                      251F
PY-PR1-TAX-ID                      226F
PY-PR1-TRADE-NAME                  216F
PY-PR1-USER-PROG                   290F
PY-PR1-USER-PROG-DESC              291F
PY-PR1-USER-PROG-USED              289F
PY-PR1-VOID-CHECK-AMT              236F
PY-PR1-VOID-CHECKS-OVER-MAX        247F
ACS Cobol Xref v2.03.18          Dictionary File for PRINT940    24/03/2026  16:12:39:42                               Page   70
Symbols of Module: PRINT940 (PRINT940)
--------------------------------------
Unreferenced Working Storage Symbols

PY-PR1-W-USED                      253F
PY-PR2-941-PRINTED                 325F
PY-PR2-BLOCK                       306F
PY-PR2-CHECK-DATE                  316F
PY-PR2-HRS-BATCH-NO                311F
PY-PR2-JUST-CLOSED-YEAR            322F
PY-PR2-LAST-CHECK-NO               328F
PY-PR2-LAST-DAY-LAST-B             313F
PY-PR2-LAST-DAY-LAST-M             315F
PY-PR2-LAST-DAY-LAST-S             314F
PY-PR2-LAST-DAY-LAST-W             312F
PY-PR2-LAST-EMPLOYEE-NO            317F
PY-PR2-LAST-SM-APPLY-NO            309F
PY-PR2-LAST-WB-APPLY-NO            310F
PY-PR2-NO-ACCTS                    323F
PY-PR2-NO-ACTIVE-EMPS              318F
PY-PR2-NO-EMPLOYEES                319F
PY-PR2-NO-OF-SM-APPLIES            320F
PY-PR2-NO-OF-WB-APPLIES            321F
PY-PR2-W2-PRINTED                  326F
PY-PR2-YEAR                        307F
PY-PR2-YEAR-NEXT                   308F
PY-SYSTEM-DEDUCTION-RECORD         358F
RDB-DATA                           669W
RDBMS-DB-NAME                     1078K
RDBMS-FLAT-STATUSES               1055K
RDBMS-HOST                        1084K
RDBMS-PASSWD                      1080K
RDBMS-PORT                        1083K
RDBMS-SOCKET                      1085K
RDBMS-USER                        1079K
REVENUE-ONLY                      1098K
RUN-DATE                          1011K
S-DEBTORS                         1201K
S-END-CYCLE-DATE                  1203K
S-FLAG-A                          1165K
S-FLAG-I                          1166K
S-FLAG-OI-3                       1163K
S-FLAG-P                          1167K
S-L                               1033K
S-L-EXISTS                        1158K
S1                                 639W
SALES-LEDGER                      1157K
SALES-LEDGER-BLOCK                1156K
SALES-RANGE                       1112K
SCYCLE                            1007K
SL-AUTOGEN                        1215K
SL-BO-DEFAULT                     1218K
SL-BO-FLAG                        1217K
SL-CHARGES                        1169K
SL-COMP-HEAD-INV                  1206K
ACS Cobol Xref v2.03.18          Dictionary File for PRINT940    24/03/2026  16:12:39:42                               Page   71
Symbols of Module: PRINT940 (PRINT940)
--------------------------------------
Unreferenced Working Storage Symbols

SL-COMP-HEAD-LETS                 1210K
SL-COMP-HEAD-PICK                 1204K
SL-COMP-HEAD-STAT                 1208K
SL-COMP-INV                       1207K
SL-COMP-LETS                      1211K
SL-COMP-PICK                      1205K
SL-COMP-STAT                      1209K
SL-CREDIT                         1192K
SL-DAY-BOOK                       1172K
SL-DAYS-1                         1189K
SL-DAYS-2                         1190K
SL-DAYS-3                         1191K
SL-DELIM                          1159K
SL-DISC                           1187K
SL-DUNNING                        1168K
SL-INVOICE-LINES                  1214K
SL-LATE-PER                       1186K
SL-LIMIT                          1199K
SL-MAX                            1195K
SL-MIN                            1194K
SL-NEXT-REC                       1216K
SL-OWN-NOS                        1170K
SL-PAY-AC                         1200K
SL-SALES-AC                       1202K
SL-STATS-RUN                      1171K
SL-STOCK-AUDIT                    1184K
SL-STOCK-LINK                     1183K
SL-VAT-PRINTED                    1212K
SL-VAT-PRINTS                     1213K
SQL-ERR                            662W
SQL-MSG                            663W
SQL-STATE                          664W
START-DATE                        1012K
STATS-DATE-PERIOD                 1086K
STK-ABREV-REF                     1232K
STK-ACTIVITY-REP-RUN              1245K
STK-AUDIT-NO                      1248K
STK-AUDIT-USED                    1236K
STK-AVERAGING                     1243K
STK-BO-ACTIVE                     1246K
STK-DEBUG                         1233K
STK-MANU-USED                     1234K
STK-MOV-AUDIT                     1237K
STK-OE-USED                       1235K
STK-PAGE-LINES                    1247K
STK-PERIOD-CUR                    1238K
STK-PERIOD-DAT                    1239K
STOCK                             1035K
STOCK-AUDIT-ON                    1185K
STOCK-AVERAGING                   1244K
STOCK-CONTROL                     1241K
ACS Cobol Xref v2.03.18          Dictionary File for PRINT940    24/03/2026  16:12:39:42                               Page   72
Symbols of Module: PRINT940 (PRINT940)
--------------------------------------
Unreferenced Working Storage Symbols

STOCK-CONTROL-BLOCK               1231K
STOCK-CONTROL-EXISTS              1242K
SUSER                             1014K
SW-TESTING                         742W
SW-TESTING-2                       747W
SYSTEM                            1742C
SYSTEM-DATA-BLOCK                  990K
SYSTEM-FILE-NAMES                 1379K
TESTING-1                          743W
TESTING-2                          748W
TRANS-DONE                        1110K
TRANS-PRINT                       1107K
TRANS-PRINTED                     1109K
UNIX                              1051K
UPDATES                           1124K
USER-CODE                         1016K
USERA                             1015K
VALID-OS-TYPE                     1045K
VAT                               1114K
VAT-AC                            1128K
VAT-GROUP                         1256K
VAT-PSENT                         1257K
VAT-RATE                          1005K
VAT-RATE-1                        1000K
VAT-RATE-2                        1001K
VAT-RATE-3                        1002K
VAT-RATE-4                        1003K
VAT-RATE-5                        1004K
VAT-REG-NUMBER                    1081K
VAT1                              1253K
VAT2                              1254K
VAT3                              1255K
WE-ERROR                           636W
WINDOWS                           1048K
WS-CALLED                          928K
WS-CALLER                          929K
WS-CD-ARGS                         935K
WS-CONV-DATE                       821W
WS-COUNT-ROWS                      668W
WS-DATA                            753W
WS-DATE-FORMATS                    819W
WS-DAYS                            824W
WS-DEL-LINK                        930K
WS-EOQ-DAY                         781W
WS-FILE-KEY                        665W
WS-INTL                            835W
WS-INTL-DAYS                       840W
WS-INTL-MONTH                      838W
WS-INTL-YEAR                       836W
WS-LINE-CNT                        773W
WS-LOG-FILE-NO                     667W
ACS Cobol Xref v2.03.18          Dictionary File for PRINT940    24/03/2026  16:12:39:42                               Page   73
Symbols of Module: PRINT940 (PRINT940)
--------------------------------------
Unreferenced Working Storage Symbols

WS-LOG-SYSTEM                      660W
WS-LOG-WHERE                       666W
WS-MONTH                           826W
WS-NO-PARAGRAPH                    661W
WS-PAGE-CNT                        772W
WS-PR1-DATING                      818W
WS-PROCESS-FLAGS                   775W
WS-PROCESS-FUNC                    933K
WS-QTR-END                         778W
WS-REC-CNT                         771W
WS-SUB-FUNCTION                    934K
WS-SWAP                            820W
WS-SYSTEM-RECORD-VERSION-PRIME     992K
WS-SYSTEM-RECORD-VERSION-SECOND    997K
WS-TEST-DATE                       816W
WS-TIME                            846W
WS-UK                              823W
WS-USA                             829W
WS-USA-DAYS                        832W
WS-USA-MONTH                       830W
WS-YEAR                            828W
WSA-DATE                           847W
WSA-DD                             850W
WSA-MM                             849W
WSA-YY                             848W
WSB-HH                             852W
WSB-MM                             853W
WSB-SS                             854W
WSB-TIME                           851W
WSD-HH                             857W
WSD-MM                             859W
WSD-SA                             858W
WSD-SB                             860W
WSD-SS                             861W
WSD-TIME                           856W
WSE-DAYS                           867W
WSE-HH                             871W
WSE-MM                             872W
WSE-MONTH                          866W
WSE-SS                             873W
WSE-TIME                           870W
ACS Cobol Xref v2.03.18          Dictionary File for PRINT940    24/03/2026  16:12:39:42                               Page   74
Symbols of Module: PRINT940 (PRINT940)
--------------------------------------
Unreferenced Procedures

AA000-MAIN                        1517S
WS-                               1832P
