
ACS Cobol Xref v2.03.18          Dictionary File for PY010    24/03/2026  18:35:52:39                                  Page    1

     1         >>source free
     2  *>****************************************************************
     3  *>                       Employee   Entry                        *
     4  *>                                                               *
     5  *>                      This is in three passes namely :-        *
     6  *>                      1. Primary Data incl. name & address etc.*
     7  *>                      2. Earn/Ded & Cost.                      *
     8  *>                      3. Rate Data.                            *
     9  *>                      4. Emp History data entry/amend          *
    10  *>                          from pyupdhis                        *
    11  *>                                                               *
    12  *>                      Each can be selected or                  *
    13  *>                          options 1 & 2 as menu option 4  or.  *
    14  *>                                  1, 2, 3 or 4.                *
    15  *>                                                               *
    16  *>                  MANUAL UPDATE NEEDED.                        *
    17  *>                                                               *
    18  *>  Option 4 only run if emp not had a pay run <<<<<<<<<<    NEEDS EXTRA CODING
    19  *>    This program sets up Emp-Search-Name from Emp-Name         *
    20  *>                                                               *
    21  *>****************************************************************
    22  *>
    23   identification          division.
    24  *>================================
    25  *>
    26        program-id.       py010.
    27  *>**
    28  *>    Author.           Vincent B Coen FBCS, FIDM, FIDPM, 19/10/2025.
    29  *>**
    30  *>    Security.         Copyright (C) 2025 - 2026 & later, Vincent Bryan Coen.
    31  *>                      Distributed under the GNU General Public License.
    32  *>                      See the file COPYING for details.
    33  *>**
    34  *>    Remarks.          Employee data Entry.
    35  *>                      This is in three passes namely :-
    36  *>                      1. Primary Data included name & address etc.
    37  *>                      2. Earn/Ded & Cost.
    38  *>                      3. Rate Data.
    39  *>                      4. Update Employee History.
    40  *>
    41  *>                      Each can be selected or
    42  *>                          options 1 & 2 as menu option 4  or.
    43  *>                                  1, 2 & 3.
    44  *>
    45  *>                      Semi-sourced from Basic code from *> empent.
    46  *>**
    47  *>    Version.          See Prog-Name In Ws.
    48  *>**
    49  *>    Called Modules.
    50  *>                      (CBL_) ACCEPT_NUMERIC.c as static.
    51  *>                      MAPS09.
    52  *>**
    53  *>    Functions Used:
    54  *>                      CURRENT-DATE.
ACS Cobol Xref v2.03.18          Dictionary File for PY010    24/03/2026  18:35:52:39                                  Page    2

    55  *>                      TEST-DATE-YYYYMMDD.
    56  *>                      UPPER-CASE.
    57  *>    Files used :
    58  *>   Defined/Created
    59  *>      X     X         pypr1.   Params
    60  *>      X     X         pyded.   Deductions
    61  *>      X               pyhrs.   Pay Hours Transactions  - NOT HERE THOUGH.
    62  *>      X               pyemp.   Employee Master.
    63  *>      X               pyhis.   Employee History.
    64  *>      X               pyact.   Noninal Account. For IRS.
    65  *>      X               pypay.   Pay Details.
    66  *>      X               pychk.   Check / BACS.
    67  *>      X               pycoh.   Company History.
    68  *>      X      (NOT SS) pyswtss. State & Local withholding tables where ss = State Abbrev. One for each state, but ex Cal.
    69  *>      X               pycals.  s = S,M or H.  One for each category Single, Married, Head of household.
    70  *>      X               pylwt    Other deductions ????.
    71  *>                      pycalx.  Special California table.    NOT for Canada
    72  *>                      pytax.   Tax tables for UK and other countries that have income bands. - Only for UK
    73  *>                               Includes records for NI etc.
    74  *>
    75  *>    Error messages used.
    76  *> System wide:
    77  *>                      SY001, 2, 3, 10, 13.
    78  *> Program specific:
    79  *>                      PY001, 2, 13, 15.
    80  *>                      PY105. 108-110, 115, 119 - 121, 124-127, 129. 131-133, 135-141, 173-176, 180.
    81  *>                      PY223, 229-231
    82  *>**
    83  *> Changes:
    84  *> 20/09/2025 vbc - 1.0.00 Created - starting. Prior to testing.
    85  *>                         After testing version will be set to v3.3.
    86  *>                         WARNING: You MUST set the terminal program to be 80
    87  *>                         cols wide and MORE than 27 lines deep and this is to
    88  *>                         allow for the some of the extra lines beyond 24 to
    89  *>                         be used as areas for the warning or error messages
    90  *>                         to be displayed. 26 lines is the minimum.
    91  *>                         This procedure must be applied at all times when
    92  *>                         running Payroll.
    93  *>                         For almost all terminal programs, can be achieved
    94  *>                         by pulling the left and bottom edges of the terminal
    95  *>                         screen with the mouse and holding right button and
    96  *>                         pulling until the correct number is displayed, and
    97  *>                         doing so, one at a time or pulling bottom right
    98  *>                         corner.
    99  *>
   100  *> 30/10/2025 vbc -        Still working on file rec layouts (ws)+ selects (sel)
   101  *>                         & fd's (fd).
   102  *> 05/11/2025 vbc -        Adding more SS for data input or display and menus.
   103  *>                         Some of which may well go into another program.
   104  *> 23/11/2025 vbc -    .01 Added support for GL for account nos, Testing for
   105  *>                         reset numbers in IRS and GL when building default
   106  *>                         accounts as they may well not exist AND test for
   107  *>                         errors when writing accounts file which will cause an
   108  *>                         abort of this initial creating file functions on first
ACS Cobol Xref v2.03.18          Dictionary File for PY010    24/03/2026  18:35:52:39                                  Page    3

   109  *>                         using Payroll as a fatal condition.
   110  *>                         Renamed zz section / paragraphs that are normal
   111  *>                         functions into new names starting with ab000 etc
   112  *>                         as very messy.
   113  *>                         WARNING - Absolutely no testing done for GL as I have
   114  *>                         no idea about USA GL CoA's. Might try and reseach
   115  *>                         this at some point when coding completed.
   116  *>                         IN which case these comments will be removed -
   117  *>                         providing I remember.
   118  *> 27/11/2025 vbc -    .02 Screen size now checked for Minimum of 28 lines.
   119  *>                         All other programs wil do the same. Msg SY010 chgd.
   120  *> 02/12/2025 vbc -        Coding completed BUT does need testing as expected.
   121  *> 09/12/2025 vbc -        Increased minimum screen depth = 28 for func keys etc.
   122  *> 10/12/2025 vbc -        Replaced test and on error + goto to use perform
   123  *>                         forever etc - helps keep code neater.
   124  *>
   125  *>
   126  *>*************************************************************************
   127  *> Copyright Notice.
   128  *> ****************
   129  *>
   130  *> This notice supersedes all prior copyright notices & was updated 2024-04-16.
   131  *>
   132  *> These files and programs are part of the Applewood Computers Accounting
   133  *> System and is Copyright (c) Vincent B Coen. 1976-2026 and later.
   134  *>
   135  *> This program is now free software; you can redistribute it and/or modify it
   136  *> under the terms listed here and of the GNU General Public License as
   137  *> published by the Free Software Foundation; version 3 and later as revised
   138  *> for PERSONAL USAGE ONLY and that includes for use within a business but
   139  *> EXCLUDES repackaging or for Resale, Rental or Hire in ANY way.
   140  *>
   141  *> Persons interested in repackaging, redevelopment for the purpose of resale or
   142  *> distribution in a rental or hire mode must get in touch with the copyright
   143  *> with your commercial plans and proposals to vbcoen@gmail.com.
   144  *>
   145  *> ACAS is distributed in the hope that it will be useful, but WITHOUT
   146  *> ANY WARRANTY; without even the implied warranty of MERCHANTABILITY or
   147  *> FITNESS FOR A PARTICULAR PURPOSE.  See the GNU General Public License
   148  *> for more details. If it breaks, you own both pieces but I will endeavour
   149  *> to fix it, providing you tell me about the problem.
   150  *>
   151  *> You should have received a copy of the GNU General Public License along
   152  *> with ACAS; see the file COPYING.  If not, write to the Free Software
   153  *> Foundation, 59 Temple Place, Suite 330, Boston, MA 02111-1307 USA.
   154  *>
   155  *>*************************************************************************
   156  *>
   157   environment             division.
   158  *>================================
   159  *>
   160  *>C  copy "envdiv.cob".
   161   configuration section.
   162   source-computer.      Linux.
ACS Cobol Xref v2.03.18          Dictionary File for PY010    24/03/2026  18:35:52:39                                  Page    4

   163   object-computer.      Linux.
   164  *> special-names.
   165  *>     console is crt.
   166   SPECIAL-NAMES.
   167         CRT STATUS IS COB-CRT-STATUS.
   168   REPOSITORY.
   169         FUNCTION ALL INTRINSIC.
   170  *>
   171   input-output            section.
   172   file-control.
   173  *>C  copy "selpyparam1.cob".
   174  *>
   175  *> Payroll param-1 (USA)
   176  *>
   177       select  PY-Param1-File  assign        File-47
   178                               access        dynamic
   179                               organization  is relative
   180                               relative key  is RRN
   181                               status        PY-PR1-Status.
   182  *>C  copy "selpyemp.cob".
   183  *>
   184  *> Payroll Employee (USA)
   185  *>
   186       select  PY-Employee-File
   187                               assign               File-43
   188                               access               dynamic
   189                               organization         indexed
   190                               record key is        Emp-No
   191                               alternate record key Emp-Search-Name with duplicates
   192                               status               PY-Emp-Status.
   193  *>
   194  *>C  copy "selpyhis.cob".
   195  *>
   196  *> Payroll History
   197  *>
   198       select  PY-History-File
   199                               assign        File-45
   200                               access        dynamic
   201                               organization  indexed
   202                               record key is His-Emp-No
   203                               status        PY-His-Emp-Status.
   204  *>
   205  *>C  copy "selpyact.cob".
   206  *>
   207  *> Payroll Accounts
   208  *>
   209       select  PY-Accounts-File
   210                               assign        File-39
   211                               access        dynamic
   212                               organization  indexed
   213                               record key is Act-No
   214                               status        PY-Act-Status.
   215  *>
   216  *>C  copy "selpycoh.cob".
ACS Cobol Xref v2.03.18          Dictionary File for PY010    24/03/2026  18:35:52:39                                  Page    5

   217  *>
   218  *> Payroll Company History
   219  *>
   220       select  PY-Comp-Hist-File
   221                               assign        File-41
   222                               access        dynamic
   223                               organization  relative
   224                               relative key  RRN    *> or Coh-Apply-No or ?
   225                               status        PY-Coh-Status.
   226  *>
   227  *> copy "selpycalx.cob".
   228  *>
   229  *> next 3 are all the same so can use only one stax
   230  *>
   231  *> copy "selpystax.cob".
   232  *> copy "selpyswt.cob".
   233  *> copy "selpylwt.cob".
   234  *>
   235   data                    division.
   236  *>================================
   237  *>
   238   file section.
   239  *>
   240  *>C  copy "fdpyparam1.cob".
   241  *>*******************************************
   242  *>                                          *
   243  *>  File Definition For Payroll Param  File *
   244  *>                                          *
   245  *>*******************************************
   246  *>   Record Size 1024 Bytes (13/10/25)
   247  *>   see wspyparam1.cob for later updates
   248  *>
   249   fd  PY-Param1-File.
   250  *>
   251  *>C  copy "wspyparam1.cob".
   252  *>*******************************************
   253  *>                                          *
   254  *>  Record Definition For Py param1 File    *
   255  *>     Uses RRN = 1                         *
   256  *>                                          *
   257  *>  If moved to ACAS system file will be    *
   258  *>    record 5 and if split for PR1 rec 6.  *
   259  *>     amd only the FH will need a change & *
   260  *>      possibly the DAL if all of Payroll  *
   261  *>      is to be supported in Mysql         *
   262  *> A decision to be made after testing.     *
   263  *>                                          *
   264  *>*******************************************
   265  *>
   266  *>  File size 624 bytes padded to 1024 by filler.
   267  *>     RESIZE NEEDED 1/12/25
   268  *>
   269  *> 13/10/25 vbc - Created.
   270  *>  Consider adding to system file as rec #5 after basic testing
ACS Cobol Xref v2.03.18          Dictionary File for PY010    24/03/2026  18:35:52:39                                  Page    6

   271  *> 08/11/25 vbc - Rec  changed still 1024.
   272  *> 11/11/25 vbc - Moved PR2 fields embedded within PR1 area to PR2 rec size the same.
   273  *> 26/11/25 vbc - Added new field PY-PR2-Last-Employee-no - filler adjusted.
   274  *> 28/11/25 vbc - Added new field PY-PR1-Tax-ID  to ident employer with IRS set
   275  *>                as x(24) as format not known.
   276  *> 09/03/26 vbc - PR2 fields changed from x to bin-short unsigned.
   277  *>   WILL NEED RESIZING..
   278  *>
   279   01  PY-Param1-Record.
   280       03  PY-PR1-Block.                         *> Size = 670
   281           05  PY-PR1-Company-Data.                 *> size 298
   282               07  PY-PR1-Co-Name       pic x(60). *> Applewood Computers  [ 60 ] ?
   283               07  PY-PR1-Trade-Name    pic x(32).
   284               07  PY-PR1-Co-Address-1  pic x(32). *> 17 Stag Green Avenue [ 30 ]
   285               07  PY-PR1-Co-Address-2  pic x(32). *> Hatfield             [ 30 ]
   286               07  PY-PR1-Co-Address-3  pic x(32). *> Hertfordshire        [ 30 ]
   287               07  PY-PR1-Co-Address-4  pic x(32). *> spaces
   288               07  PY-PR1-Co-Post-Code.
   289                   09  PY-PR1-Co-Zip    pic x(10).
   290                   09  PY-PR1-Co-State  pic xx.
   291               07  PY-PR1-Co-Phone      pic x(12). *> 01234-123456
   292               07  PY-PR1-Co-Email      pic x(30). *> vbcoen@gmail.com
   293               07  PY-PR1-Tax-ID        pic x(24). *> Used for Employer ID for IRS  NEW 27/11/25
   294  *>
   295  *> Only set if PY-PR1-IRS-Used or PY-PR1-GL-Used  = "Y" <<<<<<<<<<<<<<<<<<<<<<<<<<
   296  *>
   297           05  PY-PR1-Offset-Cash-Acct  binary-char unsigned.    *> def 1  another file rec 5 or 6 digits
   298           05  PY-PR1-Dflt-Gross-Acct   binary-char unsigned.    *>   DITTO
   299           05  PY-PR1-Dflt-Dist-Acct    binary-char unsigned.    *>  def 3
   300           05  PY-PR1-Max-Dist-Accts    binary-char unsigned.   *> rem 11/06/79 these aren't in pr1 file, Are now!
   301  *>
   302           05  PY-PR1-Min-Wage          pic 9(5)v99    comp-3.  *>  def 0
   303           05  PY-PR1-Void-Check-Amt    pic 9(5)v99    comp-3.
   304  *>
   305           05  PY-PR1-Rate2-Factor      pic 9(5)v99    comp-3.  *> def 1.5
   306           05  PY-PR1-Rate3-Factor      pic 9(5)v99    comp-3.  *> def 2.0
   307           05  PY-PR1-Max-Pay-Factor    pic 9(5)v99    comp-3.  *> def 3.0
   308           05  PY-PR1-Dflt-Pay-Rate     pic 9(5)v99    comp-3.  *> def 1.0
   309           05  PY-PR1-Dflt-Vac-Rate     pic 9(5)v99    comp-3.  *> def 0.42
   310           05  PY-PR1-Dflt-SL-Rate      pic 9(5)v99    comp-3.  *> def 0.21
   311           05  PY-PR1-Dflt-Norm-Units   pic 9(5)v99    comp-3.  *> def 1  Regular
   312  *>
   313           05  PY-PR1-Last-Day-Pay-Period  pic 9(8). *> temp entry ? from param entry *nix format
   314           05  PY-PR1-Void-Checks-Over-Max pic x.    *> def N      - Y or N
   315           05  PY-PR1-Rate4-Exclusion-Type pic 9.    *> def 1  (1..4)
   316           05  PY-PR1-Check-Printing-Used  pic x.    *> def Y (or N)
   317           05  PY-PR1-Check-History-Used   pic x.    *> def N      - or Y
   318           05  PY-PR1-S-Used               pic x.    *> def N      - or N Semi M
   319           05  PY-PR1-M-Used               pic x.    *> def Y      - Y  Month
   320           05  PY-PR1-W-Used               pic x.    *> Def N   "  - Y  Weekly
   321           05  PY-PR1-B-Used               pic x.    *> def N   "  - Y  Bi Month
   322           05  PY-PR1-JC-Used              pic x.    *> def N      - Y
   323           05  PY-PR1-GL-Used              pic x.    *> def N      - or Y
   324           05  PY-PR1-IRS-Used             pic x.    *> del Y      - or N
ACS Cobol Xref v2.03.18          Dictionary File for PY010    24/03/2026  18:35:52:39                                  Page    7

   325           05  PY-PR1-Dflt-Pay-Interval    pic x.    *> def S  could be SMBW - S=Salary,W=Weekly, M=Monthly & B=Bi-Monthly
   326           05  PY-PR1-Dist-Used            pic x.    *> def N  was binary-char unsigned.    *> def Y ????? what
   327           05  PY-PR1-Currency-Sign        pic x.    *> Def "$"
   328           05  PY-PR1-OS-Delimiter         pic x.    *>   / for *nix and \ for windows Used via ACAS param
   329           05  PY-PR1-Debugging            pic x.    *> Def N (or Y !
   330           05  PY-PR1-Hard-Delete          pic x.    *> Def N (or Y)
   331  *>
   332  *>  Where are these stored, if anywhere ?
   333  *>
   334  *> interval$(1)="SEMI-MONTHLY"
   335  *> interval$(2)="MONTHLY"
   336  *> interval$(3)="BIWEEKLY"
   337  *> interval$(4)="WEEKLY"
   338  *>
   339           05  PY-PR1-Dflt-HS-Type      pic x.     *> def S  Dflt-Pay-Type ??
   340           05  PY-PR1-Rate-Name         pic x(15)       occurs 4.   *> def  "REGULAR"
   341                                                                    *> def  "OVERTIME" "SPEC. OVERTIME" "COMMISSION"
   342           05  PY-PR1-Fed-ID            pic x(15). *> "FEDERAL ID"
   343           05  PY-PR1-State-ID          pic x(15). *> "STATE ID"
   344           05  PY-PR1-Local-ID          pic x(15). *> "LOCAL ID"
   345           05  PY-PR1-Date-Format       pic 9.     *> Def: 2=mm/dd/ccyy,  1=dd/mm/ccyy
   346  *>                                                  ( Value reversed from BASIC code to match ACAS.
   347           05  PY-PR1-Date.                        *> WHAT IS THIS FOR ? - will ASSUME today for the BUT NEEDED - SO FAR NO.
   348  *>                                                  moment defaulting to USA mode - ditto for other dates
   349               07  PY-PR1-Date-Mo       pic 99.    *> def 1
   350               07  PY-PR1-Date-Dy       pic 99.    *> def 2
   351               07  PY-PR1-Date-Yr       pic 9(4).  *> def 3 Added CC
   352           05  PY-PR1-Page-Lines-P      pic 99.    *> def 60  Portrait
   353           05  PY-PR1-Page-Lines-L      pic 99.    *> def 60  Landscape
   354           05  PY-PR1-Page-Width-P      pic 999.   *> def 132  -- Portrait paper = 80
   355           05  PY-PR1-Page-Width-L      pic 999.   *> def 132  -- landscape paper = 120
   356           05  PY-PR1-User-Prog-Used    pic x.     *>  N   ----  These three not used
   357           05  PY-PR1-User-Prog         pic x(8).  *> spaces
   358           05  PY-PR1-User-Prog-Desc    pic x(20). *> spaces
   359           05  PY-PR1-Max-Chk-Cats      binary-char.  *>     This block values to be determined
   360           05  PY-PR1-Max-Emp-Eds       binary-char.  *>  3  NEEDED <<   a number but not really neeeded as fields are exact #
   361           05  PY-PR1-Max-Ed-Cats       binary-char.  *>
   362           05  PY-PR1-Max-Swt-Entries   binary-char.  *>            A / marks in use for any one line
   363           05  PY-PR1-Lo-Ded-Chk-Cat    binary-char.  *>
   364           05  PY-PR1-Hi-Ded-Chk-Cat    binary-char.  *>
   365           05  PY-PR1-Lo-Earn-Chk-Cat   binary-char.  *>
   366           05  PY-PR1-Hi-Earn-Chk-Cat   binary-char.  *>
   367           05  PY-PR1-Max-Sys-Eds       binary-char.  *> 5
   368  *>
   369           05  PY-PR1-Print-Spool-Name  pic x(48). *> All 3 from ACAS system params
   370           05  PY-PR1-Print-Spool-Name2 pic x(48). *> but only 1st used (or is it)
   371           05  PY-PR1-Print-Spool-Name3 pic x(48). *>     consider creating a pdf file from prt-1
   372  *>
   373       03  PY-PR2-Block.                        *> Size = 94  COULD BE REC 2 ? (+ filler = 640 or 768 etc) (RRN = 2). sizes wrong
   374           05  PY-PR2-Year              pic 9(4).  *> current year
   375           05  PY-PR2-Year-Next         pic 9(4).  *> Year + 1  --- New field
   376           05  PY-PR2-Last-SM-Apply-No  pic 9(4).  *> def 0
   377           05  PY-PR2-Last-WB-Apply-No  pic 9(4).  *> def 0
   378           05  PY-PR2-Hrs-Batch-No      pic 9(4).  *> def 0
ACS Cobol Xref v2.03.18          Dictionary File for PY010    24/03/2026  18:35:52:39                                  Page    8

   379           05  PY-PR2-Last-Day-Last-W   pic 9(8).  *> }
   380           05  PY-PR2-Last-Day-Last-B   pic 9(8).  *> }
   381           05  PY-PR2-Last-Day-Last-S   pic 9(8).  *> }  use todays to yyyymmdd
   382           05  PY-PR2-Last-Day-Last-M   pic 9(8).  *> }       error,  may be not ??????
   383           05  PY-PR2-Check-Date        pic 9(8).  *> }
   384           05  PY-PR2-Last-Employee-No  pic 9(8)   comp.    *>  ?? NEW for py010 data entry EXCLUDES check digit. allows for # = 64k
   385           05  PY-PR2-No-Active-Emps    binary-short unsigned.   *> def 0 - NEEDED ??
   386           05  PY-PR2-No-Employees      binary-short unsigned.   *> def 0 - NEEDED ??
   387           05  PY-PR2-No-Of-SM-Applies  binary-short unsigned.   *> SIZE emough 65k ?  - 12/02/79 pr2.no.of.xx.applies% = number of sm, wb applies this quarter
   388           05  PY-PR2-No-Of-WB-Applies  binary-short unsigned.   *> SIZE emough 65k ?    DITTO
   389           05  PY-PR2-Just-Closed-Year  binary-short unsigned.   *>                    - 12/02/79 pr2.just.closed.year% = no applies run since year end close
   390           05  PY-PR2-No-Accts          binary-char  unsigned.    *> def 4 = 4 accounts ? is it needed ??
   391           05  PY-PR2-940-Printed       pic x.     *> N  (or Y)
   392           05  PY-PR2-941-Printed       pic x.     *> N  (or Y)
   393           05  PY-PR2-W2-Printed        pic x.     *> N  (or Y)
   394           05  PY-PR2-Last-Q-Ended      pic 9.     *> 4 ( vals 1, 2, 3 or 4 )
   395           05  PY-PR2-Last-Check-No     pic 9(15). *> 000000                - 12/02/79 pr2.last.check.no$    = last check number written by PYCHECKS
   396  *>
   397       03  filler                       pic x(260).  *> could just be 768.
   398  *>
   399  *>
   400  *>C  copy "fdpyemp.cob".
   401  *>*******************************************
   402  *>                                          *
   403  *>  File Definition For PY Employee File    *
   404  *>                                          *
   405  *>*******************************************
   406  *>   Record Size 508 Bytes
   407  *>   see wspyemp.cob for later updates
   408  *>
   409   fd  PY-Employee-File.
   410  *>
   411  *>C  copy "wspyemp.cob".
   412  *>*******************************************
   413  *>                                          *
   414  *>  Record Definition For Employee          *
   415  *>           File                           *
   416  *>     Uses Emp-No as key                   *
   417  *>*******************************************
   418  *>  File size 508 bytes.
   419  *>
   420  *> THESE FIELDS DEFINITIONS MAY NEED CHANGING
   421  *>
   422  *> 29/10/25 vbc - Created.
   423  *> 10/11/25 vbc - Field changes.
   424  *> 20/11/25 vbc - Phone# 12 -> 13 reduced filler to 14 & removed dup phone field.
   425  *> 28/11/25 vbc - Zip code, SSN sizes chg.  Date fiormats are all ccyymmdd.
   426  *> 02/12/25 vbc - Fields with -Allow chgd from x to 99.size will be the same.
   427  *> 17/03/26 vbc - Mcare-Exempt added - File size change ?
   428  *>
   429   01  PY-Employee-Record.
   430       03  Emp-No                pic 9(7)   comp.
   431       03  Emp-Status            pic x.     *> A = Active, T = Terminated, L = On leave & Hidden D = Deleted
   432       03  Emp-HS-Type           pic x.     *> H = Hourly or S = Salaried
ACS Cobol Xref v2.03.18          Dictionary File for PY010    24/03/2026  18:35:52:39                                  Page    9

   433       03  Emp-Pay-Interval      pic x.     *> W, M, B ( Bi weekly), S (semi-monthly
   434       03  Emp-Taxing-State      pic xx.    *> USA state code
   435       03  Emp-Job-Code          pic xxx.   *> information only
   436       03  Emp-Start-Date        pic 9(8)   comp. *> date started ccyymmdd
   437       03  Emp-Birth-Date        pic 9(8)   comp. *> ccyymmdd
   438       03  Emp-Term-Date         pic 9(8)   comp. *> date left  ccyymmdd - (last date of pay ?)
   439       03  Emp-Sex               pic x.     *> M, F
   440       03  Emp-Marital           pic x.     *> S, M
   441       03  Emp-Pay-Freq          binary-char.     *> 52, 24 or same / 2 = 26 / 12 Subject to change when looking at basic code
   442       03  Emp-Next-Del          pic x.     *> No idea yet
   443       03  Emp-SSN               pic 9(9)   comp.  *> 000-00-0000 & one spare for growth Excludes "-"
   444       03  Emp-Cur-Apply-No      pic 99.    *>  9  or ??  2 bytes
   445       03  Emp-Name              pic x(32). *> last 1st & middle init -NO> 1st middle last (middle can be initial only
   446       03  Emp-Search-Name       pic x(32). *> Uses Emp-Name to create Last, Middle & First Name - INDEX 2
   447       03  Emp-Address-1         pic x(32).
   448       03  Emp-Address-2         pic x(32).
   449       03  Emp-Address-3         pic x(32).
   450       03  Emp-Address-4         pic x(32).
   451       03  Emp-Post-Code.                   *> UK = 8 Canada 7 incl space,
   452           05  Emp-Zip           pic x(10).  *> 5 & + 5
   453           05  Emp-State         pic xx.
   454       03  Emp-Phone-No          pic 9(11). *> 01234-123456 / (123)-456-7890 09/12/25 reduced from 13
   455       03  Emp-Email             pic x(30). *> vbcoen@btconnect.com  + 10
   456       03  Emp-Bank-Acct-No      pic x(24). *> Allows also for sortcode/acct # (6+8) & - between numbers )
   457       03  Emp-Rate4-Exclusion   pic 9.     *> 1 = all taxes, 2 = All taxes except FICA,
   458                                            *> 3 = All except FICA,SWT, LWT 4 = none
   459       03  Emp-Cal-Head-Of-House pic x.     *> Y or N for all these
   460       03  Emp-Cal-Ded-Allow     pic 99    comp.
   461       03  Emp-FWT-Allow         pic 99    comp.
   462       03  Emp-SWT-Allow         pic 99    comp.
   463       03  Emp-LWT-Allow         pic 99    comp.
   464       03  Emp-Pension-Used      pic x. *> Y or N
   465       03  Emp-Eic-Used          pic x. *> all Y or N
   466       03  Emp-FWT-Exempt        pic x. *>
   467       03  Emp-SWT-Exempt        pic x. *>
   468       03  Emp-LWT-Exempt        pic x. *>
   469       03  Emp-FICA-Exempt       pic x. *>
   470       03  Emp-SDI-Exempt        pic x. *>
   471       03  Emp-Co-FUTA-Exempt    pic x. *>
   472       03  Emp-Co-SUI-Exempt     pic x. *>
   473       03  Emp-Mcare-Exempt      pic x. *>
   474       03  Emp-Sys-Exempt        pic x    occurs 5.
   475       03  Emp-Rate              pic 9(5)v99   comp-3  occurs 4.
   476       03  Emp-Auto-Units        pic 999       comp-3.
   477       03  Emp-Normal-Units      pic 999       comp-3.
   478       03  Emp-Max-Pay           pic 9(6)v99   comp-3.
   479       03  Emp-Vac-Rate          pic 9(5)v99   comp-3.
   480       03  Emp-Vac-Accum         pic 9(5)v99   comp-3.
   481       03  Emp-Vac-Used          pic 9(5)v99   comp-3.
   482       03  Emp-SL-Rate           pic 9(5)v99   comp-3.
   483       03  Emp-SL-Accum          pic 9(5)v99   comp-3.
   484       03  Emp-SL-Used           pic 9(5)v99   comp-3.
   485       03  Emp-Comp-Accum        pic 9(5)v99   comp-3.
   486       03  Emp-Comp-Used         pic 9(5)v99   comp-3.
ACS Cobol Xref v2.03.18          Dictionary File for PY010    24/03/2026  18:35:52:40                                  Page   10

   487       03  Emp-Dist-Grp                   occurs 5.   *> Distribution account and %
   488           05  Emp-Dist-Acct     binary-char  unsigned.
   489           05  Emp-Dist-Pcent    pic 999v99      comp-3.
   490       03  Emp-ED-Grp                     occurs 3.  *> Should this be 5 or even 10 ?
   491           05  Emp-Ed-Used       pic x.   *> Y or N /
   492           05  Emp-Ed-Group.
   493               07  Emp-ED-Factor     pic 9(6)v99   comp-3.
   494               07  Emp-ED-Limit      pic 9(6)v99   comp-3.
   495               07  Emp-ED-Amt-Pcent  pic x.   *> A  or P /
   496               07  Emp-ED-Acct-No    binary-char  unsigned. *> /
   497               07  Emp-ED-Desc       pic x(15).  *> /
   498               07  Emp-ED-Earn-Ded   pic x.   *> D or E /
   499               07  Emp-ED-Exclusion  pic 9.   *> /
   500               07  Emp-ED-Limit-Used pic x.   *> Y or N
   501               07  Emp-ED-Chk-Cat    pic 99   comp.  *> /
   502       03  filler                pic x(11).
   503  *>
   504  *>
   505  *>C  copy "fdpyhis.cob".
   506  *>*******************************************
   507  *>                                          *
   508  *>  File Definition For PY Employee History *
   509  *>                 File                     *
   510  *>                                          *
   511  *>*******************************************
   512  *>   Record Size 232 Bytes
   513  *>   see wspyhis.cob for later updates
   514  *>
   515   fd  PY-History-File.
   516  *>
   517  *>C  copy "wspyhis.cob".
   518  *>*******************************************
   519  *>                                          *
   520  *>  Record Definition For Employee          *
   521  *>       History  File                      *
   522  *>     Uses His-Emp-No as key               *
   523  *>*******************************************
   524  *>  File size 314 bytes.
   525  *>
   526  *> THESE FIELD DEFINITIONS MAY NEED CHANGING
   527  *>
   528  *> 29/10/25 vbc - Created.
   529  *> 09/12/25 vbc - Added xtras DEDs for QTD & YTD
   530  *> 17/03/26 vbc - MCare added for QTD & YTD.
   531  *>
   532   01  PY-History-Record.
   533       03  His-Emp-No                    pic 9(7)   comp.
   534       03  His-QTD                                  comp-3.
   535           05  His-QTD-Income-Taxable    pic 9(7)v99.
   536           05  His-QTD-Other-Taxable     pic 9(7)v99.
   537           05  His-QTD-Other-NonTaxable  pic 9(7)v99.
   538           05  His-QTD-Fica-Taxable      pic 9(7)v99.
   539           05  His-QTD-Tips              pic 9(7)v99.
   540           05  His-QTD-Net               pic 9(7)v99.
ACS Cobol Xref v2.03.18          Dictionary File for PY010    24/03/2026  18:35:52:40                                  Page   11

   541           05  His-QTD-EIC               pic 9(7)v99.
   542           05  His-QTD-FWT               pic 9(7)v99.
   543           05  His-QTD-SWT               pic 9(7)v99.
   544           05  His-QTD-LWT               pic 9(7)v99.
   545           05  His-QTD-FICA              pic 9(7)v99.
   546           05  His-QTD-SDI               pic 9(7)v99.
   547           05  His-QTD-MCare             pic 9(7)v99.
   548           05  His-QTD-Sys               pic 9(7)v99  occurs 5.
   549           05  His-QTD-Emp               pic 9(7)v99  occurs 3.
   550           05  His-QTD-Units             pic 9(7)v99  occurs 4.
   551           05  His-QTD-Other-Ded         pic 9(7)v99.
   552           05  His-QTD-Extras            pic 9(7)v99  occurs 5. *> extra state/fed deductions enough ?
   553       03  His-YTD                                  comp-3.
   554           05  His-YTD-Income-Taxable    pic 9(7)v99.
   555           05  His-YTD-Other-Taxable     pic 9(7)v99.
   556           05  His-YTD-Other-NonTaxable  pic 9(7)v99.
   557           05  His-YTD-Fica-Taxable      pic 9(7)v99.
   558           05  His-YTD-Tips              pic 9(7)v99.
   559           05  His-YTD-Net               pic 9(7)v99.
   560           05  His-YTD-EIC               pic 9(7)v99.
   561           05  His-YTD-FWT               pic 9(7)v99.
   562           05  His-YTD-SWT               pic 9(7)v99.
   563           05  His-YTD-LWT               pic 9(7)v99.
   564           05  His-YTD-FICA              pic 9(7)v99.
   565           05  His-YTD-SDI               pic 9(7)v99.
   566           05  His-YTD-MCare             pic 9(7)v99.
   567           05  His-YTD-Sys               pic 9(7)v99  occurs 5.
   568           05  His-YTD-Emp               pic 9(7)v99  occurs 3.
   569           05  His-YTD-Units             pic 9(7)v99  occurs 4.
   570           05  His-YTD-Other-Ded         pic 9(7)v99.
   571           05  His-YTD-Extras            pic 9(7)v99  occurs 5. *> extra state/fed deductions enough ?
   572       03  filler                        pic x(4).
   573  *>
   574  *>   IS this header rec needed (Last-To-Date ? )
   575  *>
   576   01  PY-History-Header.
   577       03  Hdr-His-No                    pic 9(7)   comp.     *> value zero.
   578       03  Hdr-His-Last-To-Date          pic 9(8)   comp.   *> ccyymmdd
   579       03  FILLER                        pic x(320).        *> Expansion ?
   580  *>
   581  *>
   582  *>C  copy "fdpyact.cob".
   583  *>*******************************************
   584  *>                                          *
   585  *>  File Definition For PY Account File     *
   586  *>              Via IRS                     *
   587  *>*******************************************
   588  *>   Record Size 32 Bytes
   589  *>   see wspyact.cob for later updates
   590  *>
   591   fd  PY-Accounts-File.
   592  *>
   593  *>C  copy "wspyact.cob".
   594  *>*******************************************
ACS Cobol Xref v2.03.18          Dictionary File for PY010    24/03/2026  18:35:52:40                                  Page   12

   595  *>                                          *
   596  *>  Record Definition For Accounts File     *
   597  *>     Uses Act-No as key                   *
   598  *>*******************************************
   599  *>  File size 32 bytes.
   600  *>
   601  *> 29/10/25 vbc - Created.
   602  *> 31/10/25 vbc - Renamed act-no to act-gl-no & added act-no.
   603  *>                This subject to using py account info instead
   604  *>                of direct to GL. Note IRS uses 5 and GL 6 digits.
   605  *> 05/11/25 vbc   Chg Act-No to pic 99.
   606  *> 12/11/25 vbc - Chg Gl-No to display from comp.
   607  *>
   608   01  PY-Accounts-Record.
   609       03  Act-No              pic 99.
   610       03  Act-GL-No           pic 9(6).
   611       03  Act-Desc            pic x(24).
   612  *>
   613  *>
   614  *>C  copy "fdpycoh.cob".
   615  *>*******************************************
   616  *>                                          *
   617  *>  File Definition For PY Company History  *
   618  *>              File                        *
   619  *>*******************************************
   620  *>   Record Size 513 Bytes
   621  *>   see wspycoh.cob for later updates
   622  *>
   623   fd  PY-Comp-Hist-File.
   624  *>
   625  *>C  copy "wspycoh.cob".
   626  *>*******************************************
   627  *>                                          *
   628  *>  Record Definition For Company History   *
   629  *>              File                        *
   630  *>     Uses RRN         as  relative key    *
   631  *>   BUT could be Apply-No                  *
   632  *>*******************************************
   633  *>  File size 513 bytes.    ?? resize <<<<<<<<
   634  *>
   635  *> THESE FIELD DEFINITIONS MAY NEED CHANGING
   636  *>
   637  *> 30/10/25 vbc - Created.
   638  *> 04/12/25 vbc - Some fields chgd to 9 from x etc & get rid of tabs.
   639  *>
   640   01  PY-Comp-Hist-Record.
   641    *>   03  RRN                      pic 9.              *> Possibly needs to use Apply-No
   642       03  Coh-Interval                 pic x.
   643       03  Coh-Starting-Up              pic x.              *> on 1st starting set to Y, after 1st apply set to N but is this CORRECT ?
   644  *>                                                           Should the tests relate to specific Emp His / Emp records ?
   645  *>
   646       03  Coh-Last-Apply-No            pic 9(4) comp.           *> Possibly the KEY and not RRN then can be removed if multiple records??
   647       03  Coh-QTD                                  comp-3.
   648           05  Coh-QTD-Income-Taxable   pic 9(7)v99.
ACS Cobol Xref v2.03.18          Dictionary File for PY010    24/03/2026  18:35:52:40                                  Page   13

   649           05  Coh-QTD-Other-Taxable    pic 9(7)v99.
   650           05  Coh-QTD-Other-NonTaxable pic 9(7)v99.
   651           05  Coh-QTD-Fica-Taxable     pic 9(7)v99.
   652           05  Coh-QTD-Tips             pic 9(7)v99.
   653           05  Coh-QTD-Net              pic 9(7)v99.
   654           05  Coh-QTD-Eic-Credit       pic 9(7)v99.
   655           05  Coh-QTD-Fwt-Liab         pic 9(7)v99.
   656           05  Coh-QTD-Swt-Liab         pic 9(7)v99.
   657           05  Coh-QTD-Lwt-Liab         pic 9(7)v99.
   658           05  Coh-QTD-Fica-Liab        pic 9(7)v99.
   659           05  Coh-QTD-Sdi-Liab         pic 9(7)v99.
   660           05  Coh-QTD-Co-Futa-Liab     pic 9(7)v99.
   661           05  Coh-QTD-Co-Fica-Liab     pic 9(7)v99.
   662           05  Coh-QTD-Co-Sui-Liab      pic 9(7)v99.
   663           05  Coh-QTD-Sys              pic 9(7)v99   occurs 5.
   664           05  Coh-QTD-Emp              pic 9(7)v99   occurs 3.
   665           05  Coh-QTD-Other-Ded        pic 9(7)v99.
   666           05  Coh-QTD-Units            pic 9(7)v99   occurs 4.
   667           05  Coh-QTD-Comp-Time-Earned pic 9(7)v99.
   668           05  Coh-QTD-Comp-Time-Taken  pic 9(7)v99.
   669           05  Coh-QTD-Vac-Earned       pic 9(7)v99.
   670           05  Coh-QTD-Vac-Taken        pic 9(7)v99.
   671           05  Coh-QTD-Sl-Earned        pic 9(7)v99.
   672           05  Coh-QTD-Sl-Taken         pic 9(7)v99.
   673       03  Coh-QTD                                  comp-3.
   674           05  Coh-YTD-Income-Taxable   pic 9(7)v99.
   675           05  Coh-YTD-Other-Taxable    pic 9(7)v99.
   676           05  Coh-YTD-Other-NonTaxable pic 9(7)v99.
   677           05  Coh-YTD-Fica-Taxable     pic 9(7)v99.
   678           05  Coh-YTD-Tips             pic 9(7)v99.
   679           05  Coh-YTD-Net              pic 9(7)v99.
   680           05  Coh-YTD-Eic-Credit       pic 9(7)v99.
   681           05  Coh-YTD-Fwt-Liab         pic 9(7)v99.
   682           05  Coh-YTD-Swt-Liab         pic 9(7)v99.
   683           05  Coh-YTD-Lwt-Liab         pic 9(7)v99.
   684           05  Coh-YTD-Fica-Liab        pic 9(7)v99.
   685           05  Coh-YTD-Sdi-Liab         pic 9(7)v99.
   686           05  Coh-YTD-Co-Futa-Liab     pic 9(7)v99.
   687           05  Coh-YTD-Co-Fica-Liab     pic 9(7)v99.
   688           05  Coh-YTD-Co-Sui-Liab      pic 9(7)v99.
   689           05  Coh-YTD-Sys              pic 9(7)v99   occurs 5.
   690           05  Coh-YTD-Emp              pic 9(7)v99   occurs 3.
   691           05  Coh-YTD-Other-Ded        pic 9(7)v99.
   692           05  Coh-YTD-Units            pic 9(7)v99   occurs 4.
   693           05  Coh-YTD-Comp-Time-Earned pic 9(7)v99.
   694           05  Coh-YTD-Comp-Time-Taken  pic 9(7)v99.
   695           05  Coh-YTD-Vac-Earned       pic 9(7)v99.
   696           05  Coh-YTD-Vac-Taken        pic 9(7)v99.
   697           05  Coh-YTD-Sl-Earned        pic 9(7)v99.
   698           05  Coh-YTD-Sl-Taken         pic 9(7)v99.
   699       03  Coh-Date                     pic 9(8)     comp    occurs 12.   *>  ccyymmdd
   700       03  Coh-Tax                      pic 9(7)v99  comp-3  occurs 12.
   701       03  Coh-Q-Taxes.
   702           05  Coh-Q-Tax                pic 9(7)v99  comp-3  occurs 4.
ACS Cobol Xref v2.03.18          Dictionary File for PY010    24/03/2026  18:35:52:40                                  Page   14

   703           05  Coh-Q-Fica-Tax           pic 9(7)v99  comp-3  occurs 4.
   704           05  Coh-Q-Co-Futa-Liab       pic 9(7)v99  comp-3  occurs 4.
   705       03  Coh-All-Q-Taxes redefines Coh-Q-Taxes.    *> Used in py930 for data I/P and ???
   706           05  Coh-All-Q-Tax            pic 9(7)v99  comp-3  occurs 12.
   707  *>
   708  *>
   709  *>
   710  *> copy "fdpycalx.cob".
   711  *>
   712  *> next 3 are all the same so can use only one stax
   713  *>
   714  *> copy "fdpystax.cob".
   715  *> copy "fdpyswt.cob".
   716  *> copy "fdpylwt.cob".
   717  *>
   718   working-storage section.
   719  *>-----------------------
   720   77  prog-name               pic x(15) value "PY010 (1.0.02)".  *> First release pre testing.
   721  *>
   722  *>C  copy "wsmaps03.cob".
   723         >>source free
   724  *>*********
   725  *> maps03 *
   726  *>*********
   727  *> 23/04/09 vbc - Support for UK, USA, Intl formats
   728   01  maps03-ws.
   729       03  u-date          pic x(10).
   730       03  u-UK redefines u-date.
   731           05  u-days      pic 99.
   732           05  filler      pic x.
   733           05  u-month     pic 99.
   734           05  filler      pic x.
   735           05  u-year.
   736               07  u-cc    pic 99.
   737               07  u-yy    pic 99.
   738       03  u-USA redefines u-date.
   739           05  u-usa-month pic 99.
   740           05  filler      pic x.
   741           05  u-usa-days  pic 99.
   742           05  filler      pic x.
   743           05  filler      pic x(4).
   744       03  u-Intl redefines u-date.
   745           05  u-intl-year.
   746               07  u-intl-cc pic 99.
   747               07  u-intl-yy pic 99.
   748           05  filler        pic x.
   749           05  u-intl-month  pic 99.
   750           05  filler        pic x.
   751           05  u-intl-days   pic 99.
   752       03  u-bin           binary-long.
   753  *>C  copy "wsmaps09.cob".     *> customer-in for chk digit calc
   754  *>*********
   755  *> maps09 *
   756  *>*********
ACS Cobol Xref v2.03.18          Dictionary File for PY010    24/03/2026  18:35:52:40                                  Page   15

   757  *>
   758   01  maps09-ws.
   759       03  customer-code.
   760           05  customer-nos   pic x(6).
   761           05  check-digit    pic 9.
   762       03  maps09-reply       pic x.
   763  *>C  copy "wsfnctn.cob".
   764  *>**********************************
   765  *>                                 *
   766  *>  File Access Control Functions  *
   767  *>                                 *
   768  *>**********************************
   769  *> 28/05/16 vbc - Added RDB setup fields - socket, host, port to user, passwd, schema.
   770  *> 25/08/16 vbc - Amended size of RDBMS-Socket from 32 to 64 chars.
   771  *> 01/10/16 vbc - Changed WE-Error & Rrn to pic 999 / 9.  To see if it is the cause
   772  *>                of No data in SYSTOT-REC bug after running sys4LD.
   773  *> 29/10/16 vbc - FS-Action increased size from 20 to 22 for logest msg in sys002.
   774  *>  7/12/16 vbc - Increased Access-Type to 99 from 9 for extra adhoc functions
   775  *>                such as select x ORDER BY etc.
   776  *>                Not used yet.
   777  *> 22/12/16 vbc - Oops, previous chg should have been for File-Function.
   778  *>                next-read-raw changed to 13.
   779  *> 06/01/17 vbc - Increased size of rrn for GL. System to be recompiled.
   780  *> 18/04/17 vbc - Added function Read-Next-Header (34) for SL020, 50, 140.
   781  *> 21/04/18 vbc - Added ACAS-Path and Path-Work for scr save/dumps delete files).
   782  *> 20/05/23 vbc - Added notes for read header for sl820.
   783  *> 06/08/23 vbc - Activated  fn-not-greater-than (for Stock file).
   784  *>
   785   01  File-Access.
   786       03  We-Error        pic 999.
   787       03  Rrn             pic 9(5)   comp.     *> increased from 9 for GL.
   788       03  Fs-Reply        pic 99.
   789       03  s1              pic x.               *> this is USED for some programs 28.05.18.
   790       03  Curs            pic 9(4).
   791       03  filler redefines Curs.
   792           05  Lin         pic 99.
   793           05  Cole        pic 99.
   794       03  Curs2           pic 9(4).
   795       03  filler redefines Curs2.
   796           05  Lin2        pic 99.
   797           05  Col2        pic 99.
   798  *>
   799  *> Holds path to current working dir - used for screen dump & restores.
   800  *>
   801       03  ACAS-Path       pic x(525)     value spaces.
   802       03  Path-Work       pic x(525)     value spaces.
   803  *>
   804       03  FS-Action       pic x(22)  value spaces.
   805  *> current range 1 thru 3
   806  *>     1 = Stock-Key (or only key), 2 = Stock-Abrev-Key, 3 = Stock-Desc
   807       03  Logging-Data.
   808           05  Accept-Reply    pic x      value space.
   809           05  File-Key-No     pic 9.
   810           05  ws-Log-System   pic 9      value zero.       *> loaded by caller of FHlogger
ACS Cobol Xref v2.03.18          Dictionary File for PY010    24/03/2026  18:35:52:40                                  Page   16

   811           05  ws-No-Paragraph pic 999.
   812           05  SQL-Err         pic x(5).
   813           05  SQL-Msg         pic x(512) value spaces.
   814           05  SQL-State       pic x(5).
   815           05  WS-File-Key     pic x(64)  value spaces.     *> loaded by caller of FHlogging increased to 64-- 30/12/16
   816           05  WS-Log-Where    pic x(231) value spaces.
   817           05  WS-Log-File-No  pic 99     value zeroes.     *> loaded by caller of FHlogger
   818           05  WS-Count-Rows   pic 9(7)   value zeroes.     *> used in Delete-All in valueMT
   819       03  RDB-Data.
   820           05  DB-Schema   pic x(12)  value spaces.
   821           05  DB-UName    pic x(12)  value spaces.
   822           05  DB-UPass    pic x(12)  value spaces.
   823           05  DB-Host     pic x(32)  value spaces.
   824           05  DB-Socket   pic x(64)  value spaces.
   825           05  DB-Port     pic x(5)   value spaces.
   826  *>
   827  *>  Helps to tell MT to move file record from the FD or the WS record. NOT YET USED
   828  *>
   829       03  Main-Record-Move-Flag pic 9 value zero.
   830           88  MRMF-Move-FD           value 1.
   831           88  MRMF-Move-WS           value 2.
   832  *>
   833  *>   need to change next one if used in the DAL, e.g., move "66" ...
   834  *>
   835       03  FA-RDBMS-Flat-Statuses.                        *> Comes from System-Record via acas0nn
   836           07  FA-File-System-Used  pic 9.
   837               88  FA-FS-Cobol-Files-Used        value zero.
   838               88  FA-FS-RDBMS-Used              value 1.
   839  *>                 88  FA-FS-MySql-Used          value 1.  *> ditto
   840  *>                 88  FA-FS-Oracle-Used         value 2.  *> THESE NOT IN USE
   841  *>                 88  FA-FS-Postgres-Used       value 3.  *> ditto
   842  *>                 88  FA-FS-DB2-Used            value 4.  *> ditto
   843  *>                 88  FA-FS-MS-SQL-Used         value 5.  *> ditto
   844               88  FA-FS-Valid-Options           values 0 thru 1.    *> 5. (not in use unless 1-5)
   845           07  FA-File-Duplicates-In-Use pic 9.                      *> NO LONGER USED other than for a '6' = rdb.
   846               88  FA-FS-Duplicate-Processing    value 1.
   847  *>
   848  *> Block for File/table access via acas000 thru acas033 for IS files and rdbms
   849  *> Also see RDBMS-Flat-Statuses in System-Record
   850  *>
   851       03  File-Function   pic 99.
   852           88  fn-open            value 1.
   853           88  fn-close           value 2.
   854           88  fn-read-next       value 3.
   855           88  fn-read-indexed    value 4.
   856           88  fn-write           value 5.
   857           88  fn-Delete-All      value 6.       *> 10/10/16 - Delete all records.
   858           88  fn-re-write        value 7.
   859           88  fn-delete          value 8.
   860           88  fn-start           value 9.
   861  *>
   862           88  fn-Write-Raw       value 15.
   863           88  fn-Read-Next-Raw   value 13.       *> 14/11/16 - Special 4 LD.
   864  *>
ACS Cobol Xref v2.03.18          Dictionary File for PY010    24/03/2026  18:35:52:40                                  Page   17

   865           88  fn-Read-By-Name    value 31.       *> 15/01/17 for Salesled (SL160), could be used for GL ledger?
   866           88  fn-Read-By-Batch   value 32.       *> 08/02/17 for OTM3/5 (sl095/pl095)
   867           88  fn-Read-By-Cust    value 33.       *> 09/02/17 for OTM3 (sl110, 120, 190)
   868           88  fn-Read-Next-Header value 34.      *> 18/04/17 for Invoice (sl020, 50, 140, 820)
   869  *>
   870       03  Access-Type     pic 9.                *> For rdbms 2 should cover all !!!
   871           88  fn-input           value 1.
   872           88  fn-i-o             value 2.
   873           88  fn-output          value 3.
   874           88  fn-extend          value 4.       *> not valid for ISAM
   875           88  fn-equal-to        value 5.
   876           88  fn-less-than       value 6.
   877           88  fn-greater-than    value 7.
   878           88  fn-not-less-than   value 8.
   879           88  fn-not-greater-than value 9.
   880  *>
   881  *>
   882  *>C  copy "Test-Data-Flags.cob".  *> set sw-Testing to zero to stop logging.
   883  *>
   884  *>  This data is present in ALL ACAS modules.
   885  *>   When testing comlete you can set SW-Testing to zero
   886  *>    to stop the logging file being produced.
   887  *>
   888   01 ACAS-DAL-Common-data.     *> For DAL processing.
   889  *>
   890  *> log file reporting for testing otherwise zero
   891  *>
   892       03  SW-Testing               pic 9   value 1.    *>   zero.
   893           88  Testing-1                    value 1.
   894  *>
   895  *>  Testing only for displays ws-where etc  otherwise zero
   896  *>
   897       03  SW-Testing-2             pic 9   value zero.
   898           88  Testing-2                    value 1.
   899  *>
   900       03  Log-File-Rec-Written     pic 9(6) value zero.    *> in both acas0nn and a DAL.
   901  *>
   902  *>
   903   01  WS-Data.
   904       03  Menu-Reply          pic x.
   905       03  WS-Saved-Menu-Reply pic x        value zero.  *> If options 4 or 5 selected & Menu-Reply copied to it.  NOT USED YET
   906       03  PY-PR1-Status       pic xx       value zero.
   907       03  PY-Act-Status       pic xx       value zero.
   908   *>    03  PY-Ded-Status       pic xx       value zero.  *> NOT Used ?
   909   *>    03  PY-Hrs-Status       pic xx       value zero.  *> NOT Used
   910       03  PY-Emp-Status       pic xx       value zero.
   911       03  PY-His-Emp-Status   pic xx       value zero.
   912       03  PY-Coh-Status       pic xx       value zero.
   913   *>    03  PY-Stax-Status      pic xx       value zero.    *> NOT Used
   914   *>    03  PY-Calx-Status      pic xx       value zero.  *> NOT Used
   915  *>
   916       03  WS-Reply            pic x.
   917       03  WS-Eval-Msg         pic x(25)    value spaces.
   918       03  WS-Err-Msg          pic x(40)    value spaces.  *> Make large enough for longest SY msg
ACS Cobol Xref v2.03.18          Dictionary File for PY010    24/03/2026  18:35:52:40                                  Page   18

   919       03  WS-Env-Columns      pic 999      value zero.
   920       03  WS-Env-Lines        pic 999      value zero.
   921       03  WS-22-Lines         pic 99.
   922       03  WS-23-Lines         pic 99.
   923       03  WS-Lines            pic 99.
   924       03  A                   pic 99       value zero.
   925       03  B                   pic 99       value zero.
   926       03  C                   pic 999      value zero.   *> For search of states
   927       03  WS-Employee-In.
   928           05  WS-Employee-No  pic 9(6)     value zero.  *> excl chk digit
   929           05  WS-Emp-Chk-Dig  pic x.
   930       03  WS-Employee-Number  redefines WS-Employee-In
   931                               pic 9(7).
   932       03  WS-Saved-Emp-No     pic 9(7).
   933       03  WS-Recalculate      pic x         value "N".
   934  *>
   935       03  WS-Starting-Up      pic x         value "N".  *> Set for a new Employee Entry so History can be added ONLY.
   936  *>
   937       03  WS-Emp-Date         pic 99/99/9999.     *> Common date for accepting or display
   938   *>    03  WS-Emp-Birth-Date   pic 99/99/9999  value zero.
   939   *>    03  WS-Emp-Start-Date   pic 99/99/9999  value zero.
   940   *>    03  WS-Emp-Term-Date    pic 99/99/9999  value zero.
   941   *>    03  WS-Temp-Date.          *> can be mm/dd for usa or dd/mm. to/from WS-Date o/p filing ccyymmdd
   942   *>        05  WS-Temp-1st     pic 99.
   943   *>        05  filler          pic x.
   944   *>        05  WS-Temp-2nd     pic 99.
   945   *>        05  filler          pic x.
   946   *>        05  WS-Temp-Year    pic 9999.
   947       03  WS-Temp-SSN.
   948           05  WS-Temp-SSN-1st pic 999.
   949           05  filler          pic x     value "-".
   950           05  WS-Temp-SSN-2nd pic 99.
   951           05  filler          pic x     value "-".
   952           05  WS-Temp-SSN-3rd pic 9(4).
   953       03  WS-Temp-SSN-Orig redefines WS-Temp-SSN
   954                               pic 999/99/9999.
   955       03  WS-Temp-Name-1      pic x(28).   *> But all must be =< 32 chars
   956       03  WS-Temp-Name-2      pic x(28).
   957       03  WS-Temp-Name-3      pic x(28).
   958  *>
   959       03  WS-Heading          pic x(40)    value "Payroll". *> for zz020-Headings
   960  *>
   961  *> The following for GC and screen with *nix NOT tested with Windows
   962  *>  Only for F1 key and list of employees - MAY BE
   963  *>
   964   01  wScreenName             pic x(256).
   965   01  wInt                    binary-long.
   966  *>
   967  *>  Temp vars used with ACCEPT_NUMERIC C routine    -- NEEDED HERE  --  NOT YET USED
   968  *>
   969   01  WS-Temp-Numbers.
   970       03  WS-Temp-Amount      pic 9(7).99.
   971   *>    03  WS-Temp-Rate        pic 99.99.
   972       03  WS-Temp-Pcent-E     pic 999.99.
ACS Cobol Xref v2.03.18          Dictionary File for PY010    24/03/2026  18:35:52:40                                  Page   19

   973       03  WS-Temp-Pcent       pic 999v99.
   974   *>    03  WS-Temp-Percent     pic 99.99.  *>  NOT YET USED
   975   *>    03  WS-Temp-Limit       pic 99999.99.
   976   *>    03  WS-Temp-Factor      pic 99999.99.
   977   *>    03  WS-Temp-Act-No      pic 99.
   978   *>    03  WS-Temp-Used        pic x.
   979  *>
   980  *> preset at start of SS-Employee-Data-2 & accumulated
   981  *>
   982   01  WS-PCent-Total          pic 999v99  value zero.
   983  *>
   984  *>  used in ca000
   985  *>
   986   01  WS-Dflt-Chk-Cat         pic 99.
   987   01  WS-Dflt-Acct            pic 99.
   988  *>
   989   01  WS-Test-Date            pic x(10).
   990   01  WS-Test-YMD             pic 9(8).
   991   01  WS-PR1-Dating           pic 9(8).
   992   01  WS-Date-Formats.
   993       03  WS-Swap             pic 99.
   994       03  WS-Conv-Date        pic x(10).
   995       03  WS-Date             pic x(10)   value "99/99/9999".
   996       03  WS-UK redefines WS-Date.   *> Other optional format
   997           05  WS-Days         pic 99.
   998           05  filler          pic x.
   999           05  WS-Month        pic 99.
  1000           05  filler          pic x.
  1001           05  WS-Year         pic 9(4).
  1002       03  WS-USA redefines WS-Date.  *> Default format
  1003           05  WS-USA-Month    pic 99.
  1004           05  filler          pic x.
  1005           05  WS-USA-Days     pic 99.
  1006           05  filler          pic x.
  1007           05  filler          pic 9(4).
  1008       03  WS-Intl redefines WS-Date.   *> Not used.
  1009           05  WS-Intl-Year    pic 9(4).
  1010           05  filler          pic x.
  1011           05  WS-Intl-Month   pic 99.
  1012           05  filler          pic x.
  1013           05  WS-Intl-Days    pic 99.
  1014  *>
  1015  *> Tables have data stored by Act-No so only can handle act-no > 0 and < 100
  1016  *>
  1017   01  WS-Account-Table.
  1018       03  WS-Act-Entries              occurs 99.
  1019           05  WS-Act-GL-No        pic 9(6).
  1020  *>
  1021  *> Next one MUST be same size as the WS-Act-Entries occurs value.
  1022   01  WS-Account-Table-Size   pic 99  value 99.
  1023   01  WS-Account-Count        pic 99  value zero.  *> Table Entries in use NOT Really used
  1024  *>
  1025   01  WS-State-Codes-Table.  *> Un Sorted
  1026       03  WS-S                pic x(100) value "ALAKAZARCACOCTDEFLGA" &
ACS Cobol Xref v2.03.18          Dictionary File for PY010    24/03/2026  18:35:52:40                                  Page   20

  1027                                                "HIIDILINIAKSKYLAMEMD" &
  1028                                                "MAMIMNMSMOMTNENVNHNJ" &
  1029                                                "NMNYNCNDOHOKORPARISC" &
  1030                                                "SDTNTXUTVTVAWAWVWIWY".
  1031       03  WS-States redefines WS-S    occurs 50
  1032                                       Ascending key WS-Codes INDEXED BY QQ.
  1033           05  WS-Codes        pic xx.
  1034  *>
  1035   01  WS-Interval-Used        pic 99  occurs 4 values 52 26 24 12. *> from RATENT --  NOT YET USED
  1036  *>
  1037   01  WS-Rates-Literals.  *> NOT NEEDED / NOT YET USED ? as in PY-PR1-Rate-Name (n) n= 1 - 4
  1038       03  WS-Rates.
  1039           05  filler          pic x(15)  value spaces.
  1040           05  filler          pic x(15)  value spaces.
  1041           05  filler          pic x(15)  value spaces.
  1042           05  filler          pic x(15)  value spaces.
  1043       03  WS-Rate-Lit redefines WS-Rates
  1044                               pic x(15)  occurs 4.
  1045  *>
  1046   01  Error-Messages.
  1047  *> System Wide
  1048       03  SY001           pic x(46) value "SY001 Aborting run - Note error and hit Return".
  1049       03  SY002           pic x(31) value "SY002 Note error and hit Return".
  1050       03  SY003           pic x(51) value "SY003 Aborting function - Note error and hit Return".
  1051  *>     03  SY004           pic x(20) value "SY004 Now Hit Return".
  1052  *>     03  SY005           pic x(18) value "SY005 Invalid Date".
  1053  *>     03  SY008           pic x(32) value "SY008 Note message & Hit Return ".
  1054       03  SY010           pic x(46) value "SY010 Terminal program not set to length => 28".
  1055  *>     03  SY011           pic x(47) value "SY011 Error on systemMT processing, FS-Reply = ".
  1056       03  SY013           pic x(47) value "SY013 Terminal program not set to Columns => 80".
  1057  *>     03  SY014           pic x(30) value "SY014 Press return to continue".
  1058  *>
  1059  *> Module General ?
  1060  *>
  1061       03  PY001           pic x(36) value "PY001 Re/Write PARAM record Error = ".
  1062       03  PY002           pic x(32) value "PY002 Read PARAM record Error = ".
  1063
  1064       03  PY013           pic x(43) value "PY013 Error Reading Company History File - ".
  1065
  1066       03  PY015           pic x(52) value "PY015 History update Can not run after apply has run".  *> was PY929 (basic)
  1067  *>
  1068  *> Module specific
  1069  *>
  1070  *>  REMOVE UN-USED below and above.
  1071  *>
  1072       03  PY105           pic x(31) value "PY105 Bad value for Date Format".
  1073       03  PY108           pic x(38) value "PY108 Bad Exclusion code - Range 1 - 4".
  1074       03  PY109           pic x(38) value "PY109 Bad Pay Interval - not = S,M,B,W".
  1075       03  PY110           pic x(27) value "PY110 Pay Type not = H or S".
  1076       03  PY115           pic x(52) value "PY115 E/D Must be D or E : E = Earning D = Deduction".
  1077  *>     03  PY117           pic x(28) value "PY117 Account does not exist".
  1078  *>     03  PY118           pic x(38) value "PY118 Account re/write failed - Status".
  1079       03  PY119           pic x(20) value "PY119 Must be Y or N".
  1080       03  PY120           pic x(44) value "PY120 Cannot open Accounts File, aborting : ".
ACS Cobol Xref v2.03.18          Dictionary File for PY010    24/03/2026  18:35:52:40                                  Page   21

  1081       03  PY121           pic x(79) value "PY121 A/P must be A or P : A = flat Amount. P = Percentage of Gross Taxable pay".
  1082  *>     03  PY122           pic x(59) value "PY122 Chk Cat Must be 2-7 for Earnings, 9-16 for Deductions".  *> old PY360
  1083  *>     03  PY123           pic x(55) value "PY123 FWT Cutoffs & Percents Must be in Ascending order".      *> old PY356
  1084       03  PY124           pic x(45) value "PY124 Account does not exist in Account Table".
  1085       03  PY125           pic x(22) value "PY125 Accounts No > 99".
  1086       03  PY126           pic x(51) value "PY126 Bad value in Account no field - Accounts file".
  1087       03  PY127           pic x(44) value "PY127 Creating Check digit FAILED - Aborting".
  1088  *>     03  PY128           pic x(36) value "PY128 Error reading Employee file - ".
  1089       03  PY129           pic x(29) value "PY129 State is invalid, Retry".
  1090  *>     03  PY130           pic x(37) value "PY130 Error creating Employee file - ".
  1091       03  PY131           pic x(39) value "PY131 Error writing to Employee file - ".
  1092       03  PY132           pic x(37) value "PY132 Error Reading History record - ".
  1093       03  PY133           pic x(38) value "PY133 Error writing to History file - ".
  1094       03  PY135           pic x(41) value "PY135 Error rewriting to Employee file - ".
  1095       03  PY136           pic x(33) value "PY136 Error - Rate is over 100.00".
  1096       03  PY137           pic x(36) value "PY137 Error - Rate Total is over 100".
  1097       03  PY138           pic x(66) value "PY138 Check categories can be  2-7 (Earnings) or 9-16 (Deductions)".
  1098       03  PY139           pic x(54) value "PY139 Payroll parameter File does not exist - Aborting".
  1099       03  PY140           pic x(41) value "PY140 Run main menu option Y to create it".
  1100       03  PY141           pic x(57) value "PY141 You can ONY create/update History if a NEW Employee".
  1101  *>
  1102  *> The CBASIC MESSAGES
  1103  *>
  1104       03  PY173           pic x(40) value "PY173 That's not a valid employee number".
  1105       03  PY174           pic x(63) value "PY174 Social security numbers must be of the format 000-00-0000".
  1106       03  PY175           pic x(49) value "PY175 The only thing I know about sex is M  or  F".
  1107       03  PY176           pic x(67) value "PY176 Employee status can be A(active), L(on leave) & T(terminated)".
  1108       03  PY180           pic x(38) value "PY180 That's an unused employee number".
  1109  *>
  1110  *> from RATENT  NOT YET USED HERE
  1111  *>
  1112  *>     03  PY221           pic x(55) value "PY221 H and S  are the only valid entries at this field".
  1113  *>     03  PY222           pic x(56) value "PY222 That's not one of the pay intervals currently used".
  1114       03  PY223           pic x(55) value "PY223 M and S  are the only valid entries at this field".
  1115   *>    03  PY226           pic x(63) value "PY226 There are four tax exclusion types numbered one thru four". *> SEE 108
  1116       03  PY229           pic x(66) value "PY229 This employee has been exempted from Federal Tax Withholding".
  1117       03  PY230           pic x(64) value "PY230 This employee has been exempted from State Tax Withholding".
  1118       03  PY231           pic x(64) value "PY231 This employee has been exempted from Local Tax Withholding".
  1119  *>
  1120   01  Error-Code          pic 999.
  1121  *>
  1122   01  COB-CRT-Status      pic 9(4)         value zero.
  1123  *>C      copy "screenio.cpy".
  1124        *>  Copyright (C) 2008-2012, 2015-2016, 2019, 2021
  1125        *>  Free Software Foundation, Inc.
  1126        *>  Written by Roger While, Simon Sobisch
  1127        *>
  1128        *>  This file is part of GnuCOBOL.
  1129        *>
  1130        *>  The GnuCOBOL compiler is free software: you can redistribute
  1131        *>  it and/or modify it under the terms of the GNU General Public
  1132        *>  License as published by the Free Software Foundation, either
  1133        *>  version 3 of the License, or (at your option) any later
  1134        *>  version.
ACS Cobol Xref v2.03.18          Dictionary File for PY010    24/03/2026  18:35:52:40                                  Page   22

  1135        *>
  1136        *>  GnuCOBOL is distributed in the hope that it will be useful,
  1137        *>  but WITHOUT ANY WARRANTY; without even the implied warranty of
  1138        *>  MERCHANTABILITY or FITNESS FOR A PARTICULAR PURPOSE.  See the
  1139        *>  GNU General Public License for more details.
  1140        *>
  1141        *>  You should have received a copy of the GNU General Public
  1142        *>  License along with GnuCOBOL.
  1143        *>  If not, see <https://www.gnu.org/licenses/>.
  1144
  1145
  1146        *>   Colors
  1147         78  COB-COLOR-BLACK                  VALUE 0.
  1148         78  COB-COLOR-BLUE                   VALUE 1.
  1149         78  COB-COLOR-GREEN                  VALUE 2.
  1150         78  COB-COLOR-CYAN                   VALUE 3.
  1151         78  COB-COLOR-RED                    VALUE 4.
  1152         78  COB-COLOR-MAGENTA                VALUE 5.
  1153         78  COB-COLOR-YELLOW                 VALUE 6.
  1154         78  COB-COLOR-WHITE                  VALUE 7.
  1155
  1156        *>   mouse mask, apply to COB-MOUSE-FLAGS
  1157         78  COB-AUTO-MOUSE-HANDLING          VALUE 1.
  1158         78  COB-ALLOW-LEFT-DOWN              VALUE 2.
  1159         78  COB-ALLOW-LEFT-UP                VALUE 4.
  1160         78  COB-ALLOW-LEFT-DOUBLE            VALUE 8.
  1161         78  COB-ALLOW-MIDDLE-DOWN            VALUE 16.
  1162         78  COB-ALLOW-MIDDLE-UP              VALUE 32.
  1163         78  COB-ALLOW-MIDDLE-DOUBLE          VALUE 64.
  1164         78  COB-ALLOW-RIGHT-DOWN             VALUE 128.
  1165         78  COB-ALLOW-RIGHT-UP               VALUE 256.
  1166         78  COB-ALLOW-RIGHT-DOUBLE           VALUE 512.
  1167         78  COB-ALLOW-MOUSE-MOVE             VALUE 1024.
  1168         78  COB-ALLOW-ALL-SCREEN-ACTIONS     VALUE 16384. *> reserved
  1169
  1170        *> Values that may be returned in CRT STATUS (or COB-CRT-STATUS)
  1171        *> Normal return - Value 0000
  1172         78  COB-SCR-OK                       VALUE  0.
  1173
  1174        *>  Function keys - Values 1xxx
  1175         78  COB-SCR-F1                       VALUE  1001.
  1176         78  COB-SCR-F2                       VALUE  1002.
  1177         78  COB-SCR-F3                       VALUE  1003.
  1178         78  COB-SCR-F4                       VALUE  1004.
  1179         78  COB-SCR-F5                       VALUE  1005.
  1180         78  COB-SCR-F6                       VALUE  1006.
  1181         78  COB-SCR-F7                       VALUE  1007.
  1182         78  COB-SCR-F8                       VALUE  1008.
  1183         78  COB-SCR-F9                       VALUE  1009.
  1184         78  COB-SCR-F10                      VALUE  1010.
  1185         78  COB-SCR-F11                      VALUE  1011.
  1186         78  COB-SCR-F12                      VALUE  1012.
  1187         78  COB-SCR-F13                      VALUE  1013.
  1188         78  COB-SCR-F14                      VALUE  1014.
ACS Cobol Xref v2.03.18          Dictionary File for PY010    24/03/2026  18:35:52:40                                  Page   23

  1189         78  COB-SCR-F15                      VALUE  1015.
  1190         78  COB-SCR-F16                      VALUE  1016.
  1191         78  COB-SCR-F17                      VALUE  1017.
  1192         78  COB-SCR-F18                      VALUE  1018.
  1193         78  COB-SCR-F19                      VALUE  1019.
  1194         78  COB-SCR-F20                      VALUE  1020.
  1195         78  COB-SCR-F21                      VALUE  1021.
  1196         78  COB-SCR-F22                      VALUE  1022.
  1197         78  COB-SCR-F23                      VALUE  1023.
  1198         78  COB-SCR-F24                      VALUE  1024.
  1199         78  COB-SCR-F25                      VALUE  1025.
  1200         78  COB-SCR-F26                      VALUE  1026.
  1201         78  COB-SCR-F27                      VALUE  1027.
  1202         78  COB-SCR-F28                      VALUE  1028.
  1203         78  COB-SCR-F29                      VALUE  1029.
  1204         78  COB-SCR-F30                      VALUE  1030.
  1205         78  COB-SCR-F31                      VALUE  1031.
  1206         78  COB-SCR-F32                      VALUE  1032.
  1207         78  COB-SCR-F33                      VALUE  1033.
  1208         78  COB-SCR-F34                      VALUE  1034.
  1209         78  COB-SCR-F35                      VALUE  1035.
  1210         78  COB-SCR-F36                      VALUE  1036.
  1211         78  COB-SCR-F37                      VALUE  1037.
  1212         78  COB-SCR-F38                      VALUE  1038.
  1213         78  COB-SCR-F39                      VALUE  1039.
  1214         78  COB-SCR-F40                      VALUE  1040.
  1215         78  COB-SCR-F41                      VALUE  1041.
  1216         78  COB-SCR-F42                      VALUE  1042.
  1217         78  COB-SCR-F43                      VALUE  1043.
  1218         78  COB-SCR-F44                      VALUE  1044.
  1219         78  COB-SCR-F45                      VALUE  1045.
  1220         78  COB-SCR-F46                      VALUE  1046.
  1221         78  COB-SCR-F47                      VALUE  1047.
  1222         78  COB-SCR-F48                      VALUE  1048.
  1223         78  COB-SCR-F49                      VALUE  1049.
  1224         78  COB-SCR-F50                      VALUE  1050.
  1225         78  COB-SCR-F51                      VALUE  1051.
  1226         78  COB-SCR-F52                      VALUE  1052.
  1227         78  COB-SCR-F53                      VALUE  1053.
  1228         78  COB-SCR-F54                      VALUE  1054.
  1229         78  COB-SCR-F55                      VALUE  1055.
  1230         78  COB-SCR-F56                      VALUE  1056.
  1231         78  COB-SCR-F57                      VALUE  1057.
  1232         78  COB-SCR-F58                      VALUE  1058.
  1233         78  COB-SCR-F59                      VALUE  1059.
  1234         78  COB-SCR-F60                      VALUE  1060.
  1235         78  COB-SCR-F61                      VALUE  1061.
  1236         78  COB-SCR-F62                      VALUE  1062.
  1237         78  COB-SCR-F63                      VALUE  1063.
  1238         78  COB-SCR-F64                      VALUE  1064.
  1239        *>  Exception keys - Values 2xxx
  1240         78  COB-SCR-PAGE-UP                  VALUE  2001.
  1241         78  COB-SCR-PAGE-DOWN                VALUE  2002.
  1242         78  COB-SCR-KEY-UP                   VALUE  2003.
ACS Cobol Xref v2.03.18          Dictionary File for PY010    24/03/2026  18:35:52:40                                  Page   24

  1243         78  COB-SCR-KEY-DOWN                 VALUE  2004.
  1244         78  COB-SCR-ESC                      VALUE  2005.
  1245         78  COB-SCR-PRINT                    VALUE  2006.
  1246         78  COB-SCR-TAB                      VALUE  2007.
  1247         78  COB-SCR-BACK-TAB                 VALUE  2008.
  1248         78  COB-SCR-KEY-LEFT                 VALUE  2009.
  1249         78  COB-SCR-KEY-RIGHT                VALUE  2010.
  1250        *>  The following exception keys are currently *only* returned
  1251        *>  on ACCEPT OMITTED
  1252         78  COB-SCR-INSERT                   VALUE  2011.
  1253         78  COB-SCR-DELETE                   VALUE  2012.
  1254         78  COB-SCR-BACKSPACE                VALUE  2013.
  1255         78  COB-SCR-KEY-HOME                 VALUE  2014.
  1256         78  COB-SCR-KEY-END                  VALUE  2015.
  1257        *>  Exception keys for mouse handling
  1258         78  COB-SCR-MOUSE-MOVE               VALUE  2040.
  1259         78  COB-SCR-LEFT-PRESSED             VALUE  2041.
  1260         78  COB-SCR-LEFT-RELEASED            VALUE  2042.
  1261         78  COB-SCR-LEFT-DBL-CLICK           VALUE  2043.
  1262         78  COB-SCR-MID-PRESSED              VALUE  2044.
  1263         78  COB-SCR-MID-RELEASED             VALUE  2045.
  1264         78  COB-SCR-MID-DBL-CLICK            VALUE  2046.
  1265         78  COB-SCR-RIGHT-PRESSED            VALUE  2047.
  1266         78  COB-SCR-RIGHT-RELEASED           VALUE  2048.
  1267         78  COB-SCR-RIGHT-DBL-CLICK          VALUE  2049.
  1268         78  COB-SCR-SHIFT-MOVE               VALUE  2050.
  1269         78  COB-SCR-SHIFT-LEFT-PRESSED       VALUE  2051.
  1270         78  COB-SCR-SHIFT-LEFT-RELEASED      VALUE  2052.
  1271         78  COB-SCR-SHIFT-LEFT-DBL-CLICK     VALUE  2053.
  1272         78  COB-SCR-SHIFT-MID-PRESSED        VALUE  2054.
  1273         78  COB-SCR-SHIFT-MID-RELEASED       VALUE  2055.
  1274         78  COB-SCR-SHIFT-MID-DBL-CLICK      VALUE  2056.
  1275         78  COB-SCR-SHIFT-RIGHT-PRESSED      VALUE  2057.
  1276         78  COB-SCR-SHIFT-RIGHT-RELEASED     VALUE  2058.
  1277         78  COB-SCR-SHIFT-RIGHT-DBL-CLICK    VALUE  2059.
  1278         78  COB-SCR-CTRL-MOVE                VALUE  2060.
  1279         78  COB-SCR-CTRL-LEFT-PRESSED        VALUE  2061.
  1280         78  COB-SCR-CTRL-LEFT-RELEASED       VALUE  2062.
  1281         78  COB-SCR-CTRL-LEFT-DBL-CLICK      VALUE  2063.
  1282         78  COB-SCR-CTRL-MID-PRESSED         VALUE  2064.
  1283         78  COB-SCR-CTRL-MID-RELEASED        VALUE  2065.
  1284         78  COB-SCR-CTRL-MID-DBL-CLICK       VALUE  2066.
  1285         78  COB-SCR-CTRL-RIGHT-PRESSED       VALUE  2067.
  1286         78  COB-SCR-CTRL-RIGHT-RELEASED      VALUE  2068.
  1287         78  COB-SCR-CTRL-RIGHT-DBL-CLICK     VALUE  2069.
  1288         78  COB-SCR-ALT-MOVE                 VALUE  2070.
  1289         78  COB-SCR-ALT-LEFT-PRESSED         VALUE  2071.
  1290         78  COB-SCR-ALT-LEFT-RELEASED        VALUE  2072.
  1291         78  COB-SCR-ALT-LEFT-DBL-CLICK       VALUE  2073.
  1292         78  COB-SCR-ALT-MID-PRESSED          VALUE  2074.
  1293         78  COB-SCR-ALT-MID-RELEASED         VALUE  2075.
  1294         78  COB-SCR-ALT-MID-DBL-CLICK        VALUE  2076.
  1295         78  COB-SCR-ALT-RIGHT-PRESSED        VALUE  2077.
  1296         78  COB-SCR-ALT-RIGHT-RELEASED       VALUE  2078.
ACS Cobol Xref v2.03.18          Dictionary File for PY010    24/03/2026  18:35:52:40                                  Page   25

  1297         78  COB-SCR-ALT-RIGHT-DBL-CLICK      VALUE  2079.
  1298         78  COB-SCR-WHEEL-UP                 VALUE  2080.
  1299         78  COB-SCR-WHEEL-DOWN               VALUE  2081.
  1300        *>78 COB-SCR-WHEEL-LEFT               VALUE  2082.  *reserved*
  1301        *>78 COB-SCR-WHEEL-RIGHT              VALUE  2083.  *reserved*
  1302         78  COB-SCR-SHIFT-WHEEL-UP           VALUE  2084.
  1303         78  COB-SCR-SHIFT-WHEEL-DOWN         VALUE  2085.
  1304        *>78 COB-SCR-SHIFT-WHEEL-LEFT         VALUE  2086.  *reserved*
  1305        *>78 COB-SCR-SHIFT-WHEEL-RIGHT        VALUE  2087.  *reserved*
  1306         78  COB-SCR-CTRL-WHEEL-UP            VALUE  2088.
  1307         78  COB-SCR-CTRL-WHEEL-DOWN          VALUE  2089.
  1308        *>78 COB-SCR-CTRL-WHEEL-LEFT          VALUE  2090.  *reserved*
  1309        *>78 COB-SCR-CTRL-WHEEL-RIGHT         VALUE  2091.  *reserved*
  1310         78  COB-SCR-ALT-WHEEL-UP             VALUE  2092.
  1311         78  COB-SCR-ALT-WHEEL-DOWN           VALUE  2093.
  1312        *>78 COB-SCR-ALT-WHEEL-LEFT           VALUE  2094.  *reserved*
  1313        *>78 COB-SCR-ALT-WHEEL-RIGHT          VALUE  2095.  *reserved*
  1314        *>  Input validation - Values 8xxx
  1315         78  COB-SCR-NO-FIELD                 VALUE  8000.
  1316         78  COB-SCR-TIME-OUT                 VALUE  8001.
  1317        *>  Other errors - Values 9xxx
  1318         78  COB-SCR-FATAL                    VALUE  9000.
  1319         78  COB-SCR-MAX-FIELD                VALUE  9001.
  1320  *>
  1321  *>C      copy "an-accept.ws".  *> Support WS for ACCEPT_NUMERIC routine
  1322         *>1>>LISTING OFF
  1323        *>
  1324        *> copy book - an-accept.ws compatible for FREE and VARIABLE formats
  1325        *>
  1326         01  AN-ACCEPT-NUMERIC USAGE BINARY-SHORT.
  1327             03  AN-LINE.
  1328             03  AN-COLUMN.
  1329             03  AN-MODE.
  1330                 88  AN-MODE-IS-NO-UPDATE          VALUE 0.
  1331                 88  AN-MODE-IS-UPDATE             VALUE 1.
  1332             03  AN-FG.
  1333                 88  AN-FG-IS-BLACK                VALUE 0.
  1334                 88  AN-FG-IS-BLUE                 VALUE 1.
  1335                 88  AN-FG-IS-GREEN                VALUE 2.
  1336                 88  AN-FG-IS-CYAN                 VALUE 3.
  1337                 88  AN-FG-IS-RED                  VALUE 4.
  1338                 88  AN-FG-IS-MAGENTA              VALUE 5.
  1339                 88  AN-FG-IS-YELLOW               VALUE 6.
  1340                 88  AN-FG-IS-WHITE                VALUE 7.
  1341             03  AN-BG.
  1342                 88  AN-BG-IS-BLACK                VALUE 0.
  1343                 88  AN-BG-IS-BLUE                 VALUE 1.
  1344                 88  AN-BG-IS-GREEN                VALUE 2.
  1345                 88  AN-BG-IS-CYAN                 VALUE 3.
  1346                 88  AN-BG-IS-RED                  VALUE 4.
  1347                 88  AN-BG-IS-MAGENTA              VALUE 5.
  1348                 88  AN-BG-IS-YELLOW               VALUE 6.
  1349                 88  AN-BG-IS-WHITE                VALUE 7.
  1350             03  AN-FG2.
ACS Cobol Xref v2.03.18          Dictionary File for PY010    24/03/2026  18:35:52:40                                  Page   26

  1351                 88  AN-FG2-IS-BLACK               VALUE 0.
  1352                 88  AN-FG2-IS-BLUE                VALUE 1.
  1353                 88  AN-FG2-IS-GREEN               VALUE 2.
  1354                 88  AN-FG2-IS-CYAN                VALUE 3.
  1355                 88  AN-FG2-IS-RED                 VALUE 4.
  1356                 88  AN-FG2-IS-MAGENTA             VALUE 5.
  1357                 88  AN-FG2-IS-YELLOW              VALUE 6.
  1358                 88  AN-FG2-IS-WHITE               VALUE 7.
  1359             03  AN-RETURN-CODE.
  1360                 88  AN-RETURN-CODE-VIA-ENTER      VALUE 0.
  1361                 88  AN-RETURN-CODE-VIA-PFKEY-01   VALUE 01. *> 1001
  1362                 88  AN-RETURN-CODE-VIA-PFKEY-02   VALUE 02.
  1363                 88  AN-RETURN-CODE-VIA-PFKEY-03   VALUE 03.
  1364                 88  AN-RETURN-CODE-VIA-PFKEY-04   VALUE 04.
  1365                 88  AN-RETURN-CODE-VIA-PFKEY-05   VALUE 05.
  1366                 88  AN-RETURN-CODE-VIA-PFKEY-06   VALUE 06.
  1367                 88  AN-RETURN-CODE-VIA-PFKEY-07   VALUE 07.
  1368                 88  AN-RETURN-CODE-VIA-PFKEY-08   VALUE 08.
  1369                 88  AN-RETURN-CODE-VIA-PFKEY-09   VALUE 09.
  1370                 88  AN-RETURN-CODE-VIA-PFKEY-10   VALUE 10.
  1371                 88  AN-RETURN-CODE-VIA-PFKEY-11   VALUE 11.
  1372                 88  AN-RETURN-CODE-VIA-PFKEY-12   VALUE 12.
  1373                 88  AN-RETURN-CODE-VIA-PFKEY-13   VALUE 13.
  1374                 88  AN-RETURN-CODE-VIA-PFKEY-14   VALUE 14.
  1375                 88  AN-RETURN-CODE-VIA-PFKEY-15   VALUE 15.
  1376                 88  AN-RETURN-CODE-VIA-PFKEY-16   VALUE 16.
  1377                 88  AN-RETURN-CODE-VIA-PFKEY-17   VALUE 17.
  1378                 88  AN-RETURN-CODE-VIA-PFKEY-18   VALUE 18.
  1379                 88  AN-RETURN-CODE-VIA-PFKEY-19   VALUE 19.
  1380                 88  AN-RETURN-CODE-VIA-PFKEY-20   VALUE 20.
  1381                 88  AN-RETURN-CODE-VIA-PFKEY-21   VALUE 21.
  1382                 88  AN-RETURN-CODE-VIA-PFKEY-22   VALUE 22.
  1383                 88  AN-RETURN-CODE-VIA-PFKEY-23   VALUE 23.
  1384                 88  AN-RETURN-CODE-VIA-PFKEY-24   VALUE 24.
  1385                 88  AN-RETURN-CODE-VIA-PFKEY-25   VALUE 25.
  1386                 88  AN-RETURN-CODE-VIA-PFKEY-26   VALUE 26.
  1387                 88  AN-RETURN-CODE-VIA-PFKEY-27   VALUE 27.
  1388                 88  AN-RETURN-CODE-VIA-PFKEY-28   VALUE 28.
  1389                 88  AN-RETURN-CODE-VIA-PFKEY-29   VALUE 29.
  1390                 88  AN-RETURN-CODE-VIA-PFKEY-30   VALUE 30.
  1391                 88  AN-RETURN-CODE-VIA-PFKEY-31   VALUE 31.
  1392                 88  AN-RETURN-CODE-VIA-PFKEY-32   VALUE 32.
  1393                 88  AN-RETURN-CODE-VIA-PFKEY-33   VALUE 33.
  1394                 88  AN-RETURN-CODE-VIA-PFKEY-34   VALUE 34.
  1395                 88  AN-RETURN-CODE-VIA-PFKEY-35   VALUE 35.
  1396                 88  AN-RETURN-CODE-VIA-PFKEY-36   VALUE 36.
  1397                 88  AN-RETURN-CODE-VIA-PFKEY-37   VALUE 37.
  1398                 88  AN-RETURN-CODE-VIA-PFKEY-38   VALUE 38.
  1399                 88  AN-RETURN-CODE-VIA-PFKEY-39   VALUE 39.
  1400                 88  AN-RETURN-CODE-VIA-PFKEY-40   VALUE 40.
  1401                 88  AN-RETURN-CODE-VIA-PFKEY-41   VALUE 41.
  1402                 88  AN-RETURN-CODE-VIA-PFKEY-42   VALUE 42.
  1403                 88  AN-RETURN-CODE-VIA-PFKEY-43   VALUE 43.
  1404                 88  AN-RETURN-CODE-VIA-PFKEY-44   VALUE 44.
ACS Cobol Xref v2.03.18          Dictionary File for PY010    24/03/2026  18:35:52:40                                  Page   27

  1405                 88  AN-RETURN-CODE-VIA-PFKEY-45   VALUE 45.
  1406                 88  AN-RETURN-CODE-VIA-PFKEY-46   VALUE 46.
  1407                 88  AN-RETURN-CODE-VIA-PFKEY-47   VALUE 47.
  1408                 88  AN-RETURN-CODE-VIA-PFKEY-48   VALUE 48. *> 1048
  1409                 88  AN-RETURN-CODE-VIA-PG-UP      VALUE 49. *> 2001
  1410                 88  AN-RETURN-CODE-VIA-PG-DOWN    VALUE 50. *> 2002
  1411                 88  AN-RETURN-CODE-VIA-TAB        VALUE 51. *> 2007
  1412                 88  AN-RETURN-CODE-VIA-BACK-TAB   VALUE 52. *> 2008
  1413                 88  AN-RETURN-CODE-VIA-ESCAPE     VALUE 99. *> 2005
  1414             03  AN-ERROR-CODE.
  1415                 88  AN-ERROR-OK                   VALUE 0.
  1416                 88  AN-ERROR-NOT-EXTENDED-DISPLAY VALUE 4.
  1417                 88  AN-ERROR-S-ROW-OUT-OF-SCREEN  VALUE 8.
  1418                 88  AN-ERROR-S-COL-OUT-OF-SCREEN  VALUE 12.
  1419                 88  AN-ERROR-E-COL-OUT-OF-SCREEN  VALUE 16.
  1420        *>
  1421         *>>>LISTING ON
  1422  *>
  1423  *>  might be needed
  1424  *>
  1425  *> copy "wsfnctn.cob".
  1426  *> copy "wsmaps03.cob".    *> for maps04
  1427  *>
  1428  *>C  copy "wstime.cob".
  1429   01  ws-time.
  1430       03  wsa-date.
  1431         05  wsa-yy        pic 99.
  1432         05  wsa-mm        pic 99.
  1433         05  wsa-dd        pic 99.
  1434       03  wsb-time.
  1435         05  wsb-hh        pic 99.
  1436         05  wsb-mm        pic 99.
  1437         05  wsb-ss        pic 99.
  1438         05  filler        pic xx.
  1439       03  wsd-time.
  1440         05  wsd-hh        pic 99.
  1441         05  wsd-sa        pic x  value ":".
  1442         05  wsd-mm        pic 99.
  1443         05  wsd-sb        pic x  value ":".
  1444         05  wsd-ss        pic 99.
  1445  *>
  1446   01  wse-date-block.
  1447       03  wse-date.
  1448           05  wse-year    pic 9(4).
  1449           05  wse-month   pic 99.
  1450           05  wse-days    pic 99.
  1451       03  WSE-Date-9 redefines wse-date
  1452                           pic 9(8).
  1453       03  wse-time.
  1454           05  wse-hh      pic 99.
  1455           05  wse-mm      pic 99.
  1456           05  wse-ss      pic 99.
  1457       03  filler          pic x(7).
  1458  *>
ACS Cobol Xref v2.03.18          Dictionary File for PY010    24/03/2026  18:35:52:41                                  Page   28

  1459
  1460  *>
  1461   linkage section.
  1462  *>***************
  1463  *>
  1464  *>C  copy "wscall.cob".
  1465  *> 14/03/18 vbc - 1.01   WS-CD-Args for passing extra info to called process
  1466  *>                        that will help in a cron call by time via menu
  1467  *>                        program. picked by position within WS-Args.
  1468  *> 14/11/25 vbc - 1.02 - Chg WS-Term-Code from 9 to 99.
  1469  *>
  1470   01  WS-Calling-Data.
  1471       03  WS-Called       pic x(8).
  1472       03  WS-Caller       pic x(8).
  1473       03  WS-Del-Link     pic x(8).
  1474       03  WS-Term-Code    pic 99.
  1475  *>                                 new 18/5/13
  1476       03  WS-Process-Func pic 9.
  1477       03  WS-Sub-Function pic 9.
  1478       03  WS-CD-Args      pic x(13).    *> Changed / Added 14/03/18
  1479  *>
  1480  *>C  copy "wssystem.cob"   replacing System-Record by WS-System-Record.
  1481  *>
  1482  *>*******************************************
  1483  *>                                          *
  1484  *>  Record Definition For The System File   *
  1485  *>                                          *
  1486  *>*******************************************
  1487  *>  File size 1024 with fillers
  1488  *>   Cleared down update details 01/02/09 to 12/06/13
  1489  *>
  1490  *> 22/09/15 vbc - Added Param-Restrict (Access) within a current filler.
  1491  *>                Set this will stop display of option Z in sub-system menus.
  1492  *>                Need to detect actual user though when setup or could just use
  1493  *>                chown for sys002 to admin user?
  1494  *> 25/06/16 vbc - Added RDBMS-Port & needs RDBMS-Host, RDBMS-Socket.
  1495  *>                Increased 'System-data' from 384 to 512 bytes & removed O/E
  1496  *>                  Block (128) as it is unused.
  1497  *> 26/06/16 vbc - Updated MySQL Load scripts ACASDB.sql in ACAS/mysql.
  1498  *>                  Prima is yet to be done !!!
  1499  *> 19/10/16 vbc - Changed PL-Approp-AC in IRS block from 9(5) to 9(6) for GL
  1500  *>                support & reduced filler by 1.
  1501  *>                With IRS data mapped into ACAS the IRS block can reduce to 32 bytes
  1502  *>                Just need to change all of the IRS programs to use ACAS fields but
  1503  *>                also NEED to change the date processing to use same in rest of ACAS
  1504  *>                and not binary days since 01/01/2000 and hold dates in dd/mm/yy form.
  1505  *>                Added 2 88s to Op-System for IRS.
  1506  *> 27/10/16 vbc - Changed level-5 to IRS instead of omitted O/E.
  1507  *> 15/01/18 vbc - Added Stats-Date-Period with a filler & vers = 14.
  1508  *> 02/02/18 vbc - Replaced file-statuses with filler x(32).
  1509  *> 10/02/18 vbc - For PL-Approp-AC6 move filler to beginning of field as irs
  1510  *>                does not need the leading digit (uses only 5).
  1511  *> 17/03/18 vbc - Added SL-Invoice-Lines within last filler so gone from 45 to 43.
  1512  *> 18/03/18 vbc - Added false for Level-5 & 6, e.g., zero.
ACS Cobol Xref v2.03.18          Dictionary File for PY010    24/03/2026  18:35:52:41                                  Page   29

  1513  *> 06/06/18 vbc - Added six new fields as bin-long to support for G-L and IRS used at same time.
  1514  *>                RDBMS needs to be updated. Done 06/06/16 -> Mariadb backups.
  1515  *>                sys002 needs to be updated if implemented.
  1516  *>                systemMT needs to be updated (in un/load moves).
  1517  *> 03/06/20 vbc - Changes to some RDBMS values.
  1518  *> 10/12/22 vbc - Remove File-Duplicates-In-Use - not used.
  1519  *> 14/04/23 vbc - SL-Autogen added (& PL-Autogen) both using FILLER space.
  1520  *> 15/05/23 vbc - SL-Next-Rec and PL-Next-Rec bin-short unsigned for next Autogen record key.
  1521  *> 26/06/23 vbc - Added Company-Email repacing filler.
  1522  *> 09/09/23 vbc - Pre support for OE but as comments for now as will not be used in ACAS - pointless.
  1523  *> 10/09/23 vbc - Removed condition Payroll-No as not used.
  1524  *> 13/03/24 vbc - In fillers added fields SL-BO-Flag and Stk-BO-Active,
  1525  *> 18/12/24 vbc - Clean up remd out texts & added Co. Phone No reducing filler.
  1526  *> 14/11/25 vbc - Support for Payroll in use that replaces OE usage as not needed.
  1527  *>
  1528   01
  1529   WS-System-Record.
  1530  *>******************
  1531  *>   System Data   *
  1532  *>******************
  1533       03  System-Data-Block.               *>  512 bytes (25/06/16)
  1534   05
  1535   WS-System-Record-Version-Prime
  1536
  1537
  1538   binary-char.
  1539   05
  1540   WS-System-Record-Version-Secondary
  1541   binary-char.
  1542           05  Vat-Rates                    comp.
  1543               07 Vat-Rate-1   pic 99v99.   *> Standard rate
  1544               07 Vat-Rate-2   pic 99v99.   *> Reduced rate
  1545               07 Vat-Rate-3   pic 99v99.   *> Minimal or exempt
  1546               07 Vat-Rate-4   pic 99v99.   *> 2b used for local sales tax   Not UK
  1547               07 Vat-Rate-5   pic 99v99.   *> 2b used for local sales tax   Not UK
  1548           05  Vat-Rate redefines Vat-Rates pic 99v99 comp occurs 5.
  1549           05  Cyclea          binary-char.  *> 99.
  1550           05  Scycle Redefines cyclea  binary-char.
  1551           05  Period          binary-char.  *> 99.
  1552           05  Page-Lines      binary-char  unsigned. *> 999. Portrait / default
  1553           05  Next-Invoice    binary-long. *> 9(8) comp.
  1554           05  Run-Date        binary-long. *> 9(8) comp.
  1555           05  Start-Date      binary-long. *> 9(8) comp.
  1556           05  End-Date        binary-long. *> 9(8) comp.
  1557           05  Suser.                       *> IRS
  1558               07  Usera       pic x(32).
  1559           05  User-Code       pic x(32).   *> encrypted username not used on OS versions so also b 4 client?
  1560           05  Address-1       pic x(24).
  1561           05  Address-2       pic x(24).
  1562           05  Address-3       pic x(24).
  1563           05  Address-4       pic x(24).
  1564           05  Post-Code       pic x(12).   *> or ZipCode size should cover all countries
  1565           05  Country         pic x(24).
  1566           05  Print-Spool-Name pic x(48).
ACS Cobol Xref v2.03.18          Dictionary File for PY010    24/03/2026  18:35:52:41                                  Page   30

  1567           05  Phone-No        pic x(12).  *> added 21/10/25 reducing filler.
  1568           05  FILLER          pic x(20).
  1569           05  Pass-Value      pic 9.
  1570           05  Level.
  1571               07  Level-1     pic 9.
  1572                   88  G-L                    value 1.    *> General (Nominal) ledger
  1573               07  Level-2     pic 9.
  1574                   88  B-L                    value 1.    *> Purchase (Payables) ledger
  1575               07  Level-3     pic 9.
  1576                   88  S-L                    value 1.    *> Sales (Receivables) ledger
  1577               07  Level-4     pic 9.
  1578                   88  Stock                  value 1.    *> Stock Control (Inventory)
  1579               07  Level-5     pic 9.
  1580                   88  IRS                    value 1.    *> IRS used (instead of General).
  1581                   88  IRS-No                 value zero. *> IRS NOT Used.
  1582               07  Level-6     pic 9.
  1583                   88  Payroll                value 1.    *> Payroll - USA
  1584           05  Pass-Word       pic x(4).
  1585           05  Host            pic 9.
  1586               88  Multi-User                 value 1.
  1587           05  Op-System       pic 9.
  1588               88  valid-os-type              values 1 2 3 4 5 6.
  1589               88  No-OS                      value zero.
  1590               88  Dos                        value 1.
  1591               88  Windows                    value 2.
  1592               88  Mac                        value 3.
  1593               88  Os2                        value 4.
  1594               88  Unix                       value 5.
  1595               88  Linux                      value 6.
  1596               88  OS-Single                  values 1 2 4.
  1597           05  Current-Quarter pic 9.
  1598           05  RDBMS-Flat-Statuses.
  1599               07  File-System-Used  pic 9.
  1600                   88  FS-Cobol-Files-Used    value zero.
  1601                   88  FS-MySql-Used          value 1.
  1602                                            *> THESE NOT IN USE at this time
  1603                   88  FS-RDBMS-Used          value 1.  *> Was generic
  1604  *>                 88  FS-Oracle-Used         value 3.  *> ditto   -  change values to order in which
  1605  *>                 88  FS-Postgres-Used       value 2.  *> ditto       they are implemented
  1606  *>                 88  FS-DB2-Used            value 4.  *> ditto        or made available
  1607  *>                 88  FS-MS-SQL-Used         value 5.  *> ditto
  1608  *>                 88  FS-ODBC-Used           value 6.  *> ditto
  1609                   88  FS-Valid-Options       values 0 thru 1.    *> 5. (not in use unless 1-5)
  1610               07  File-Duplicates-In-Use pic 9.           *> No longer in use
  1611                   88  FS-Duplicate-Processing value 1.    *>  Ditto
  1612           05  Maps-Ser.      *> Not needed in OpenSource version, = 9999 (No Maintenance Contract]
  1613               07  Maps-Ser-xx pic xx.        *> Allows for 36^2  customers = 60,466,176
  1614               07  Maps-Ser-nn binary-short.  *>     x  129600 - 2  - Very very large.
  1615           05  Date-Form       pic 9.
  1616               88  Date-Valid-Formats         values 1 2 3.
  1617           05  Data-Capture-Used pic 9.
  1618               88  DC-Cobol-Standard          value zero.
  1619               88  DC-GUI                     value 1.
  1620               88  DC-Widget                  value 2.
ACS Cobol Xref v2.03.18          Dictionary File for PY010    24/03/2026  18:35:52:41                                  Page   31

  1621           05  RDBMS-DB-Name   pic x(12)      value "ACASDB".     *> change in setup
  1622           05  RDBMS-User      pic x(12)      value "ACAS-User".  *> change in setup
  1623           05  RDBMS-Passwd    pic x(12)      value "PaSsWoRd".   *> change in setup
  1624           05  VAT-Reg-Number  pic x(11)      value spaces.
  1625           05  Param-Restrict  pic x.                             *> Only via ACAS?
  1626           05  RDBMS-Port      pic x(5)       value "3306".       *> change in setup
  1627           05  RDBMS-Host      pic x(32)      value spaces.       *> change in setup
  1628           05  RDBMS-Socket    pic x(64)      value spaces.       *> change in setup v3
  1629           05  Stats-Date-Period pic 9(4).                      *> added 15/01/18.
  1630           05  Company-Email   pic x(30).                         *> changed from filler 26/06/23
  1631  *>***************
  1632  *>   G/L Data   *
  1633  *>***************
  1634       03  General-Ledger-Block.               *> 80 bytes
  1635           05  P-C             pic x.
  1636               88  Profit-Centres             value "P".
  1637               88  Branches                   value "B".
  1638           05  P-C-Grouped     pic x.
  1639               88  Grouped                    value "Y".
  1640           05  P-C-Level       pic x.
  1641               88  Revenue-Only               value "R".
  1642           05  Comps           pic x.
  1643               88  Comparatives               value "Y".
  1644           05  Comps-Active    pic x.
  1645               88  Comparatives-Active        value "Y".
  1646           05  M-V             pic x.
  1647               88  Minimum-Validation         value "Y".
  1648           05  Arch            pic x.
  1649               88  Archiving                  value "Y".
  1650           05  Trans-Print     pic x.
  1651               88  Mandatory                  value "Y".
  1652           05  Trans-Printed   pic x.
  1653               88  Trans-Done                 value "Y".
  1654           05  Header-Level    pic 9.                      *> Not directly used in sys002 but anywhere ?
  1655           05  Sales-Range     pic 9.
  1656           05  Purchase-Range  pic 9.
  1657           05  Vat             pic x.
  1658               88  Auto-Vat                   value "Y".
  1659           05  Batch-Id        pic x.
  1660               88  Preserve-Batch             value "Y".
  1661           05  Ledger-2nd-Index pic x.                     *> But file uses SINGLE INDEX only & gl030 uses a table.
  1662               88  Index-2                    value "Y".
  1663           05  IRS-Instead     pic x.
  1664               88  IRS-Used                   value "Y".
  1665               88  IRS-Both-Used              value "B".   *> 26/11/16
  1666           05  Ledger-Sec      binary-short.  *> 9(4) comp
  1667           05  Updates         binary-short.  *> 9(4) comp
  1668           05  Postings        binary-short.  *> 9(4) comp
  1669           05  Next-Batch      binary-short.  *> 9(4) comp  should be unsigned used for all ledgers
  1670           05  Extra-Charge-Ac binary-long.   *> 9(8) comp        NOTHING IS USING THIS FIELD IN SALES or PURCHASE
  1671           05  Vat-Ac          binary-long.   *> 9(8) comp
  1672           05  Print-Spool-Name2 pic x(48).
  1673  *>******************
  1674  *>   P(B)/L Data   *
ACS Cobol Xref v2.03.18          Dictionary File for PY010    24/03/2026  18:35:52:41                                  Page   32

  1675  *>******************
  1676       03  Purchase-Ledger-Block.             *> 88 bytes
  1677           05  Next-Folio      binary-long.   *> 9(8) comp
  1678           05  BL-Pay-Ac       binary-long.   *> 9(8) comp
  1679           05  P-Creditors     binary-long.   *> 9(8) comp
  1680           05  BL-Purch-Ac     binary-long.   *> 9(8) comp
  1681           05  BL-End-Cycle-Date binary-long. *> 9(8) comp
  1682           05  BL-Next-Batch   binary-short.  *> 9(4) comp  should be unsigned - unused ?
  1683           05  Age-To-Pay      binary-char.   *> 9(4) comp should be unsigned
  1684           05  Purchase-Ledger pic x.
  1685               88  P-L-Exists                 value "Y".
  1686           05  PL-Delim        pic x.
  1687           05  Entry-Level     pic 9.
  1688           05  P-Flag-A        pic 9.
  1689           05  P-Flag-I        pic 9.
  1690           05  P-Flag-P        pic 9.
  1691           05  PL-Stock-Link   pic x.
  1692           05  Print-Spool-Name3 pic x(48).
  1693           05  PL-Autogen      pic x          value space.        *> added 14/04/23 NOT USED YET
  1694           05  PL-Next-Rec     binary-short unsigned.            *> 2 bytes 0 - 65k
  1695           05  FILLER          pic x(7).
  1696  *>***************
  1697  *>   S/L Data   *
  1698  *>***************
  1699       03  Sales-Ledger-Block.                *> 128 bytes
  1700           05  Sales-Ledger    pic x.
  1701               88  S-L-Exists                 value "Y".
  1702           05  SL-Delim        pic x.
  1703           05  Oi-3-Flag       pic x.         *> 'Y' used in sl060 why?
  1704           05  Cust-Flag       pic x.
  1705           05  Oi-5-Flag       pic x.
  1706           05  S-Flag-Oi-3     pic x.         *> 'Z' when otm3 created, used in sl060 why? NO LONGER USED
  1707           05  Full-Invoicing  pic 9.
  1708           05  S-Flag-A        pic 9.         *> '1' used in sl060 why?
  1709           05  S-Flag-I        pic 9.         *> '2' used in sl060 why?
  1710           05  S-Flag-P        pic 9.
  1711           05  SL-Dunning      pic 9.
  1712           05  SL-Charges      pic 9.
  1713           05  Sl-Own-Nos      pic x.
  1714           05  SL-Stats-Run    pic 9.
  1715           05  Sl-Day-Book     pic 9.
  1716           05  invoicer        pic 9.
  1717               88  I-Level-0                  value 0.  *> show totals only (no net & vat) not used?
  1718               88  I-Level-1                  value 1.  *> Show net, vat
  1719               88  I-Level-2                  value 2.  *> show Details + vat etc looks wrong in sl910 totals only (no net & vat)
  1720               88  Not-Invoicing              value 9.  *> show totals only (no net & vat) but not found yet nor level 3 (see sl900)
  1721           05  Extra-Desc      pic x(14).
  1722           05  Extra-Type      pic x.
  1723               88  Discount                   value "D".
  1724               88  Charge                     value "C".
  1725           05  Extra-Print     pic x.
  1726           05  SL-Stock-Link   pic x.
  1727           05  SL-Stock-Audit  pic x.
  1728               88  Stock-Audit-On             value "Y".   *> Invoicing will create an audit record (15/05/13)
ACS Cobol Xref v2.03.18          Dictionary File for PY010    24/03/2026  18:35:52:41                                  Page   33

  1729           05  SL-Late-Per     pic 99v99    comp.
  1730           05  SL-Disc         pic 99v99    comp.
  1731           05  Extra-Rate      pic 99v99    comp.
  1732           05  SL-Days-1       binary-char.    *> 999  comp.
  1733           05  SL-Days-2       binary-char.    *> 999  comp.
  1734           05  SL-Days-3       binary-char.    *> 999  comp.
  1735           05  SL-Credit       binary-char.    *> 999  comp.
  1736           05  FILLER          binary-short.   *> No longer used.
  1737           05  SL-Min          binary-short.   *> 9999  comp.
  1738           05  SL-Max          binary-short.   *> 9999  comp.
  1739           05  PF-Retention    binary-short.   *> 9999  comp.
  1740           05  First-Sl-Batch  binary-short.   *> 9999  comp.   *>unused ?
  1741           05  First-Sl-Inv    binary-long.    *> 9(8) comp.
  1742           05  SL-Limit        binary-long.    *> 9(8) comp.
  1743           05  SL-Pay-Ac       binary-long.    *> 9(8) comp.
  1744           05  S-Debtors       binary-long.    *> 9(8) comp.
  1745           05  SL-Sales-Ac     binary-long.    *> 9(8) comp.
  1746           05  S-End-Cycle-Date binary-long.   *> 9(8) comp.
  1747           05  SL-Comp-Head-Pick Pic x.
  1748               88  SL-Comp-Pick               value "Y".
  1749           05  SL-Comp-Head-Inv  pic x.
  1750               88  SL-Comp-Inv                value "Y".
  1751           05  SL-Comp-Head-Stat pic x.
  1752               88  SL-Comp-Stat               value "Y".
  1753           05  SL-Comp-Head-Lets pic x.
  1754               88  SL-Comp-Lets               value "Y".
  1755           05  SL-VAT-Printed  pic x.
  1756               88  SL-VAT-Prints              value "Y".
  1757           05  SL-Invoice-Lines pic 99.
  1758           05  SL-Autogen      pic x          value space.        *> added 14/04/23
  1759           05  SL-Next-Rec     binary-short unsigned.             *> 2 bytes 0 - 65k
  1760           05  SL-BO-Flag      pic x          value space.      *> support for Back Ordering - may be = Y for true.
  1761           05  SL-BO-Default   pic x.
  1762           05  FILLER          pic X(14).                       *> was x (16)
  1763  *> GL overflow
  1764           05  GL-BL-Pay-Ac    binary-long.    *> 9(8) comp    THESE 6 ADDED 06/06/18 to poss. support GL and IRS
  1765           05  GL-P-Creditors  binary-long.    *> 9(8) comp    RUNNING at same time.
  1766           05  GL-BL-Purch-Ac  binary-long.    *> 9(8) comp
  1767           05  GL-SL-Pay-Ac    binary-long.    *> 9(8) comp.
  1768           05  GL-S-Debtors    binary-long.    *> 9(8) comp.
  1769           05  GL-SL-Sales-Ac  binary-long.    *> 9(8) comp.
  1770  *>***************
  1771  *> Stock Data   *
  1772  *>***************
  1773  *>
  1774       03  Stock-Control-Block.                *> 88 bytes
  1775           05  Stk-Abrev-Ref   pic x(6).
  1776           05  Stk-Debug       pic 9.          *> T/F (1/0).
  1777           05  Stk-Manu-Used   pic 9.          *> T/F (Bomp/Wip)
  1778           05  Stk-OE-Used     pic 9.          *> T/F.
  1779           05  Stk-Audit-Used  pic 9.          *> T/F.
  1780           05  Stk-Mov-Audit   pic 9.          *> T/F.
  1781           05  Stk-Period-Cur  pic x.          *> M=Monthly, Q=Quarterly, Y=Yearly
  1782           05  Stk-Period-dat  pic x.          *>  --  ditto  --
ACS Cobol Xref v2.03.18          Dictionary File for PY010    24/03/2026  18:35:52:41                                  Page   34

  1783           05  FILLER          pic x.          *> was stk-date-form
  1784           05  Stock-Control   pic x.
  1785               88  Stock-Control-Exists   value "Y".
  1786           05  Stk-Averaging   pic 9.          *> T/F.
  1787               88  Stock-Averaging        value 1.
  1788           05  Stk-Activity-Rep-Run pic 9.     *> T/F.  =17 bytes 0=no, 1=add, 2=del, 3=both
  1789           05  Stk-BO-Active   pic x.          *> was filler 13/03/24
  1790           05  Stk-Page-Lines  binary-char unsigned.  *> 9999 comp. Taken from Print-Lines
  1791           05  Stk-Audit-No    binary-char unsigned.  *> 9999 comp.
  1792           05  FILLER          pic x(68).             *> 64    (just in case)
  1793           05  Client             pic x(24). 	*> 		24      *> Not needed as will use suser
  1794           05  Next-Post          pic 9(5).  	*> 		29                                                  N   5
  1795           05  Vat-Rates2.                                             *> these can be replaced by the other VAT blk
  1796               07  vat1           pic 99v99. 	*> 		33   *> Standard  changed from vat (11/06/13)
  1797               07  vat2           pic 99v99. 	*> 		37   *> reduced 1 [not yet used]
  1798               07  vat3           pic 99v99. 	*> 		41   *> reduced 2 [not yet used]
  1799           05  Vat-Group redefines Vat-Rates2.
  1800               07  Vat-Psent      pic 99v99    occurs 3.
  1801           05  FILLER redefines PL-Approp-AC6.
  1802               07  FILLER         pic 9.           *>                   loose leading char for IRS
  1803               07  PL-Approp-AC   pic 9(5).        *>                   For IRS
  1804           05  FILLER             pic x(59).       *>             128  Old fn-1 to 5 files
  1805       03  IRS-Data-Block redefines IRS-Entry-Block.
  1806           05  FILLER-Dummy4   pic x(128).
  1807  *>
  1808  *>>W Msg29 Caution: One or more replacing sources not found
  1809  *>C  copy "wsnames.cob".
  1810  *>
  1811  *> Sales, Purchase, Stock, General & now IRS for v3.3 with integrated IRS
  1812  *>    for use in xl150 and ??
  1813  *>
  1814  *>  Files used in Sales, Stock, Purchase, General & IRS
  1815  *> 17/11/16 vbc - Added IRS files + their renaming with irs prefix.
  1816  *> 04/12/16 vbc - Added irs055 sort file as file-38.
  1817  *> 09/05/23 vbc - Added PL & SL autogen (files04, 30 increased count to 38
  1818  *> 16/03/24 vbc - Added Sales Bo-Stk-Itm as file31  increased count to 39
  1819  *> 21/10/25 vbc - Added Payroll - USA/Canada - other files needed for elsewhere
  1820  *>                inc UK / Europe etc.
  1821  *>
  1822   01  File-Defs.
  1823       02  file-defs-a.
  1824           03  pre-trans-name   pic x(532)  value "pretrans.tmp". *> gl071
  1825           03  post-trans-name  pic x(532)  value "postrans.tmp". *> gl071
  1826  *>C  copy "file00.cob".    *> "system"
  1827       03  file-0         pic x(532)        value "system.dat".
  1828  *>                        No file 1
  1829  *>C  copy "file02.cob".    *> "archive".
  1830       03  file-2         pic x(532)        value "archive.dat".
  1831  *>C  copy "file03.cob".    *> "final".
  1832       03  file-3         pic x(532)        value "final.dat".
  1833  *>C  copy "file04.cob".    *> "SLautogen"
  1834       03  file-4         pic x(532)        value "slautogen.dat".
  1835  *>C  copy "file05.cob".    *> "ledger".
  1836       03  file-5         pic x(532)        value "ledger.dat".
ACS Cobol Xref v2.03.18          Dictionary File for PY010    24/03/2026  18:35:52:41                                  Page   35

  1837  *>C  copy "file06.cob".    *> "posting".
  1838       03  file-6         pic x(532)        value "posting.dat".
  1839  *>C  copy "file07.cob".    *> "batch".
  1840       03  file-7         pic x(532)        value "batch.dat".
  1841  *>C  copy "file08.cob".    *> "postings2irs.dat"
  1842       03  file-8         pic x(532)        value "postings2irs.dat".
  1843  *>C  copy "file09.cob".    *> "tmp-stock".
  1844       03  file-9         pic x(532)        value "tmp-stock.dat".
  1845  *>C  copy "file10.cob".    *> "staudit".
  1846       03  file-10        pic x(532)        value "staudit.dat".
  1847  *>C  copy "file11.cob".    *> "stockctl".
  1848       03  file-11        pic x(532)        value "stockctl.dat".
  1849  *>C  copy "file12.cob".    *> "salesled".
  1850       03  file-12        pic x(532)        value "salesled.dat".
  1851  *>C  copy "file13.cob".    *> "value.dat"
  1852       03  file-13        pic x(532)        value "value.dat".
  1853  *>C  copy "file14.cob".    *> "delivery.dat"
  1854       03  file-14        pic x(532)        value "delivery.dat".
  1855  *>C  copy "file15.cob".    *> "analysis.dat"
  1856       03  file-15        pic x(532)        value "analysis.dat".
  1857  *>C  copy "file16.cob".    *> "invoice ".
  1858       03  file-16        pic x(532)        value "invoice.dat".
  1859  *>C  copy "file17.cob".    *> "delinvno".
  1860       03  file-17        pic x(532)        value "delinvno.dat".
  1861  *>C  copy "file18.cob".    *> "openitm2".
  1862       03  file-18        pic x(532)        value "openitm2.dat".
  1863  *>C  copy "file19.cob".    *> "openitm3".
  1864       03  file-19        pic x(532)        value "openitm3.dat".
  1865  *>C  copy "file20.cob".    *> "oisort".
  1866       03  file-20        pic x(532)        value "oisort.wrk".
  1867  *>C  copy "file21.cob".    *> "work.tmp"
  1868       03  file-21        pic x(532)        value "work.tmp".
  1869  *>C  copy "file22.cob".    *> "purchled"
  1870       03  file-22        pic x(532)        value "purchled.dat".
  1871  *>C  copy "file23.cob".    *> "delfolio.dat"
  1872       03  file-23        pic x(532)        value "delfolio.dat".
  1873  *>C  copy "file24.cob".    *> dummy to build file-02
  1874       03  file-24        pic x(532)        value spaces.
  1875  *>                        No file 25
  1876  *>C  copy "file26.cob".    *> "pinvoice"
  1877       03  file-26        pic x(532)        value "pinvoice.dat".
  1878  *>C  copy "file27.cob".    *> "poisort"
  1879       03  file-27        pic x(532)        value "poisort.wrk".
  1880  *>C  copy "file28.cob".    *> "openitm4"
  1881       03  file-28        pic x(532)        value "openitm4.dat".
  1882  *>C  copy "file29.cob".    *> "openitm5"
  1883       03  file-29        pic x(532)        value "openitm5.dat".
  1884  *>C  copy "file30.cob".    *> "PLautogen.dat"
  1885       03  file-30        pic x(532)        value "plautogen.dat".
  1886  *>C  copy "file31.cob".    *> "boStkitm.dat" NEw 16/03/24
  1887       03  file-31        pic x(532)        value "bostkitm.dat".
  1888  *>C  copy "file32.cob".    *> "pay.dat"
  1889       03  file-32        pic x(532)        value "pay.dat".
  1890  *>C  copy "file33.cob".    *> "cheque.dat"
ACS Cobol Xref v2.03.18          Dictionary File for PY010    24/03/2026  18:35:52:41                                  Page   36

  1891       03  file-33        pic x(532)        value "cheque.dat".
  1892           03  file-34          pic x(532)  value "irsacnts.dat".        *> IRS ex file 1  These 4 added 19/10/16 for IRS integration
  1893           03  file-35          pic x(532)  value "irsdflt.dat".         *> IRS ex file 3  all name have 'irs' prefix.
  1894           03  file-36          pic x(532)  value "irspost.dat".         *> IRS ex file 4
  1895           03  file-37          pic x(532)  value "irsfinal.dat".        *> IRS ex file 5
  1896           03  file-38          pic x(532)  value "postsort.dat".        *> IRS ex irs055 sort file.
  1897
  1898  *> Code for Payroll  AND INCREASE occurs both times
  1899           03  file-39          pic x(532)  value "pyact.dat".               *> PY account
  1900           03  file-40          pic x(532)  value "pychk.dat".               *> PY check / bacs
  1901           03  file-41          pic x(532)  value "pycoh.dat".               *> PY company history
  1902           03  file-42          pic x(532)  value "pyded.dat".               *> PY deduction {/ earnings}
  1903           03  file-43          pic x(532)  value "pyemp.dat".               *> PY employee master
  1904           03  file-44          pic x(532)  value "pyhis.dat".               *> PY employee (pay) history
  1905           03  file-45          pic x(532)  value "pyhrs.dat".               *> PY pay trans
  1906           03  file-46          pic x(532)  value "pypay.dat".               *> PY pay detail jrn + header ???
  1907           03  file-47          pic x(532)  value "pypr1.dat".               *> PY param 1
  1908           03  file-48          pic x(532)  value "pypr2.dat".               *> PY param 2
  1909  *> TABLES Blk 1
  1910           03  file-49          pic x(532)  value "pycalm.dat".              *> PY  calx - x = s,m,h, x?
  1911           03  file-50          pic x(532)  value "pycals.dat".              *> PY
  1912           03  file-51          pic x(532)  value "pycalh.dat".              *> PY
  1913           03  file-52          pic x(532)  value "pycalx.dat".              *> PY  california special tables ???
  1914           03  file-53          pic x(532)  value "pylwt.dat".               *> PY  tax table ???
  1915           03  file-54          pic x(532)  value "pyswtaa.dat".             *> PY  swt aa = State abbrev. code Only one used
  1916           03  file-55          pic x(532)  value "pyglcoann.dat".           *> PY gl CoA transfer ??
  1917           03  file-56          pic x(532)  value "pyglgjbss.dat".           *> PY  ???
  1918  *> Not sure about these two up/down
  1919             03  file-57          pic x(532)  value "pycal.dat".             *> PY  ??? calm,s,h etc
  1920  *>
  1921       02  filler         redefines file-defs-a.
  1922           03  System-File-Names   pic x(532) occurs 58.            *> 39 chg for sales BO file plus py
  1923       02  File-Defs-Count         binary-short value 58.           *> MUST be the same as above occurs
  1924       02  File-Defs-os-Delimiter  pic x.                           *> if = \ or / then paths have been set.
  1925  *>
  1926  *>
  1927   01  To-Day              pic x(10).
  1928  *>
  1929   screen section.
  1930  *>
  1931   01  Display-Heads                background-color cob-color-black         *> NOT YET USED
  1932                                    foreground-color 3
  1933                                    erase eos.
  1934       03  from  Prog-Name  pic x(15)  line  1 col  1 foreground-color 2.
  1935       03  value "Payroll Employee Data Entry (1/3)"    col 24.
  1936       03  from  U-Date     pic x(10)          col 71 foreground-color 2.
  1937       03  from  Usera      pic x(32)  line  3 col  1.
  1938  *>
  1939  *>   Menu screen for Employee data entry
  1940  *>
  1941   01  SS-Employee-Data-Menu    background-color cob-color-black
  1942                                foreground-color cob-color-green
  1943                                erase eos.
  1944       03  from  Prog-Name  pic x(15)       line  1 col  1 foreground-color 2.
ACS Cobol Xref v2.03.18          Dictionary File for PY010    24/03/2026  18:35:52:41                                  Page   37

  1945       03  value "Employee Data Emtry Menu"         col 29.
  1946       03  from  U-Date     pic x(10)               col 71 foreground-color 2.
  1947       03  from  Usera      pic x(32)       line  3 col  1.
  1948       03  value "1. Employee Data Entry"   line  5 col 21 erase eos.
  1949       03  value "2. Employee Earn/Ded and Cost Entry"
  1950                                            line  6 col 21.
  1951       03  value "3. Employee Rate Entry"   line  7 col 21.
  1952       03  value "4. Employee History Entry" line 8 col 21.
  1953       03  value "5. Data & Earn/Ded/Cost - Entry (options 1, 2 & 3)"
  1954                                            line  9 col 21.
  1955       03  value "6. All Data - Entry (options 1,2, 3 & 4)"
  1956                                            line 10 col 21.
  1957       03  value "X or Esc to quit menu option"
  1958                                            line 11 col 21.
  1959       03  value "Select Option  [ ]"       line 13 col 30.
  1960       03  using Menu-Reply    pic x                col 46 foreground-color 3 auto.
  1961  *>
  1962  *> Employee data entry screens  AN is used so these are displayed only
  1963  *>
  1964   01  SS-Employee-Data-1    background-color cob-color-black
  1965                             foreground-color cob-color-green
  1966                             erase eos.
  1967       03  from  Prog-Name  pic x(15)                   line  1 col  1 foreground-color 2.
  1968       03  value "Payroll Employee Data Entry (1/3)"            col 24.
  1969       03  from  U-Date     pic x(10)                           col 71 foreground-color 2.
  1970       03  from  Usera      pic x(32)                   line  3 col  1.
  1971  *>
  1972  *> Preset the WS-Emp fields firsr before accept-ing
  1973  *>
  1974       03  value "   Employee Number [       |"                                                   line  5 col  1.
  1975       03  value "      |   Employee           +----------------------------------------------+"  line  6 col  1.
  1976       03  value "      |                   2  [                                ]             |"  line  9 col  1.
  1977       03  value "      |                   3  [                                ]             |"  line 10 col  1.
  1978       03  value "      |           City or 4  [                                ]             |"  line 11 col  1.
  1979       03  value "      |                      State [  ]             Zip [     ]             |"  line 12 col  1.
  1980       03  value "      |           Phone  [            ]                                     |"  line 13 col  1.
  1981       03  value "      +---------------------------------------------------------------------+"  line 14 col  1.
  1982       03  value "      Soc Sec No.   [            ]                |    Pension (Y/N)      [ ]"  line 15 col  1.
  1983       03  value "      Birth Date    [          ]                  |    Taxing State      [  ]"  line 17 col  1.
  1984       03  value "      Sex           [ ]                           |"                            line 18 col  1.
  1985       03  value "      -----------------------------------------------------------------------"  line 19 col  1.
  1986       03  value "      Start Date [          ]    |                Employment Status       [ ]"  line 20 col  1.
  1987       03  value "      Term. Date [          ]    |       (A=Active, L=On Leave, T=Terminated)"  line 21 col  1.
  1988  *>
  1989       03  value " F1 or Emp # All zeroes to enter new Employee "                                 line 23 col  1.
  1990       03  value "  Escape to Quit"                                                               line 24 col  1.
  1991       03  using Emp-Name         pic x(32)       line  7 col 21  foreground-color 3.
  1992       03  using Emp-Address-1    pic x(32)       line  8 col 31  foreground-color 3.
  1993       03  using Emp-Address-2    pic x(32)       line  9 col 31  foreground-color 3.
  1994  *>      03  using Emp-Address-3    pic x(32)       line 10 col 31  foreground-color 3.
  1995       03  using Emp-Address-4    pic x(32)       line 11 col 31  foreground-color 3.
  1996       03  using Emp-State        pic xx          line 12 col 37  foreground-color 3.
  1997       03  using Emp-Zip          pic x(5)        line 12 col 58  foreground-color 3.
  1998       03  using Emp-Phone-No     pic 9(13)       line 13 col 27  foreground-color 3.
ACS Cobol Xref v2.03.18          Dictionary File for PY010    24/03/2026  18:35:52:41                                  Page   38

  1999       03  using Emp-SSN          pic x(12)       line 15 col 22  foreground-color 3.
  2000       03  using Emp-Pension-Used pic x           line 15 col 76  foreground-color 3.
  2001       03  using Emp-Bank-Acct-No pic x(25)       line 16 col 22  foreground-color 3.
  2002       03  using Emp-Job-Code     pic xxx         line 16 col 74  foreground-color 3.
  2003       03  using WS-Emp-Date      pic 99/99/9999  line 17 col 22  foreground-color 3.   *> NEEDS CONVERSION
  2004       03  using Emp-Taxing-State pic xx          line 17 col 75  foreground-color 3.
  2005       03  using Emp-Sex          pic x           line 18 col 22  foreground-color 3.
  2006       03  using WS-Emp-Date      pic 99/99/9999  line 20 col 19  foreground-color 3.   *> NEEDS CONVERSION
  2007       03  using Emp-Status       pic x           line 20 col 76  foreground-color 3.
  2008   *>    03  using WS-Emp-Date      pic 99/99/9999  line 21 col 19  foreground-color 3.   *> NEEDS CONVERSION but zero.
  2009  *>
  2010  *> Employee Earn/Ded & Cost data entry screens  AN is used so these are displayed only
  2011  *>
  2012   01  SS-Employee-Data-2    background-color cob-color-black
  2013                             foreground-color cob-color-green
  2014                             erase eos.
  2015       03  from  Prog-Name  pic x(15)                            line  1 col  1 foreground-color 2.
  2016       03  value "Payroll Employee Data Entry (2/3)"                     col 24.
  2017       03  from  U-Date     pic x(10)                                    col 71 foreground-color 2.
  2018       03  from  Usera      pic x(32)  line  3 col  1.
  2019  *>
  2020       03  value "Employee Earn/Ded and Cost"                                                      line  3 col 35.
  2021       03  value " Empl No. [       ] Name {                                } SSN {           }"   line  5 col  1.
  2022       03  value "  ---------------------------------------------------------------------------"   line  6 col  1.
  2023       03  value "  ----- Cost Distribution ------      |    -------- Exemptions From --------"    line  7 col  1.
  2024       03  value "        of Employee Gross             |              Tax Witholding"             line  8 col  1.
  2025       03  value "        and Employer Cost             |  FICA Exempt [ ]  Federal Exempt [ ]"    line  9 col  1.
  2026       03  value "  Account [  ]  Percent  [      ]     |  FUTA Exempt [ ]  State   Exempt [ ]"    line 10 col  1.
  2027       03  value "  Account [  ]  Percent  [      ]     |  SUI  Exempt [ ]  Local   Exempt [ ]"    line 11 col  1.
  2028       03  value "  Account [  ]  Percent  [      ]     |  SDI  Exempt [ ]"                        line 12 col  1.
  2029       03  value "  Account [  ]  Percent  [      ]     |  ------------------------------------"   line 13 col  1.
  2030       03  value "  Account [  ]  Percent  [      ]     |   Exemptions from System Deductions"     line 14 col  1.
  2031       03  value "                Total    {nnn.nn}     |   1:[ ]  2:[ ]  3:[ ]  4:[ ]  5:[ ]"     line 15 col  1.
  2032       03  value "  ---------------------------------------------------------------------------"   line 16 col  1.
  2033       03  value "  ---------------  Employee  Specific  Deductions / Earnings   --------------"   line 17 col  1.
  2034       03  value "   Used  Earn/Ded Desc   E/D Acct. A/P    Factor   Limited   Limit   Xcld Cat"   line 18 col  1.
  2035       03  value "  1:[ ][               ] [ ] [  ]  [ ]  [999999.99]  [ ]   [999999.99][ ][  ]"   line 19 col  1. *> Xcld - 1 - 4
  2036       03  value "  2:[ ][               ] [ ] [  ]  [ ]  [         ]  [ ]   [         ][ ][  ]"   line 20 col  1.
  2037       03  value "  3:[ ][               ] [ ] [  ]  [ ]  [         ]  [ ]   [         ][ ][  ]"   line 21 col  1.
  2038  *>
  2039  *> Employee Rate Data entry screens  AN is used so these are displayed only
  2040  *>
  2041   01  SS-Employee-Data-3    background-color cob-color-black
  2042                             foreground-color cob-color-green
  2043                             erase eos.
  2044       03  from  Prog-Name  pic x(15)                                 line  1 col  1 foreground-color 2.
  2045       03  value "Payroll Employee Data Entry (3/3)"                          col 24.
  2046       03  from  U-Date     pic x(10)                                         col 71 foreground-color 2.
  2047       03  from  Usera      pic x(32)                                 line  3 col  1.
  2048  *>
  2049       03  value "Employee Rate Entry "                                                           line  3 col  35.
  2050       03  value " Empl No. [       ] Name {                                } SSN {           }"  line  5 col  1.
  2051       03  value "-----------------------------------+----------------------------------------"   line  6 col  1.
  2052       03  value "   Pay Interval  And  Pay Rates    |           Tax  Witholding  "               line  7 col  1.
ACS Cobol Xref v2.03.18          Dictionary File for PY010    24/03/2026  18:35:52:41                                  Page   39

  2053       03  value "Pay Type (H=Hourly,S=Salaried) [ ] |              Allowances  "                 line  8 col  1.
  2054       03  value "Pay Interval (S=Semi-Monthly,  [ ] |  Marital Status(M=Married,S=Single)[ ]"    line  9 col  1.
  2055       03  value "(M=Monthly, W=Weekly, B=Biweekly)  |          Federal  WH  Allowances  [  ]"    line 10 col  1.
  2056       03  value "rate1 Desc.Name   Rate  [99999.99] |          State    WH  Allowances  [  ]"    line 11 col  1. *> Reg Pay Rate
  2057       03  value "rate2 Desc.Name   Rate  [        ] |          Local    WH  Allowances  [  ]"    line 12 col  1. *> O-Time Pay Rate
  2058       03  value "rate3 Desc.Name   Rate  [        ] |  Earned Income Credit Used (Y or N)[ ]"    line 13 col  1. *> Spec-O-Time Rate
  2059       03  value "rate4 Desc.Name   Rate  [        ] |           State  of  California"           line 14 col  1. *> Comm Rate
  2060       03  value "Rate 4 Tax Exclusion Type(1-4) [ ] |           Special   Information"           line 15 col  1.
  2061       03  value "Normal Units            [        ] |  Special  Witholding Allowances   [  ]"    line 17 col  1.
  2062       03  value "Maximum Pay            [         ] |--------------------------------------+"    line 18 col  1.
  2063       03  value "     (Vac. And S.L.  Rates are units earned per pay Interval)"                  line 19 col  1.
  2064       03  value "    Vacation   Rate     [        ] Accumulated  [99999.99] Used  [99999.99]"    line 20 col  1.
  2065       03  value "    Sick Leave Rate     [        ] Accumulated  [        ] Used  [        ]"    line 21 col  1.
  2066       03  value "    Compensatory Time              Accumulated  [        ] Used  [        ]"    line 22 col  1.
  2067  *>
  2068  *> removed from py930 as that updates Company History
  2069  *>
  2070   01  SS-Employee-History-Data-1  background-color cob-color-black
  2071                                   foreground-color cob-color-green
  2072                                   erase eos.
  2073       03  from  Prog-Name  pic x(15)                                      line  1 col  1 foreground-color 2.
  2074       03  value "Employee History Maintenance"                                    col 29.
  2075       03  from  U-Date     pic x(10)                                              col 71 foreground-color 2.
  2076       03  from  Usera      pic x(32)                                      line  3 col  1.
  2077       03  value "Update Employee History"                                 line  3 col 35.
  2078  *>     03  value "Emp No:[       ]"                                        line  6 col  1.
  2079       03  value " Empl No. [       ] Name {                                } SSN {           }"   line  5 col 1.
  2080       03  value "                         QTD Earnings By Tax Catagories"                         line  7 col 1.
  2081       03  value "Income:[          ]  Other:[          ] No Taxes:[          ] Fica:[          ]" line  8 col 1.
  2082       03  value "                Eic Credit:[          ]     Tips:[          ]  Net:[          ]" line  9 col 1.
  2083       03  value "QTD Taxes Withheld:    Fwt:[          ]      Swt:[          ]  Lwt:[          ]" line 10 col 1.
  2084       03  value "                      Fica:[          ]      Sdi:[          ]"                   line 11 col 1.
  2085       03  value "                            QTD Earnings And Deductions"                         line 12 col 1.
  2086       03  value "Sys: 1:[          ] 2:[          ] 3:[          ] 4:[          ] 5:[          ]" line 13 col 1.
  2087       03  value "Emp: 1:[          ] 2:[          ] 3:[          ] Other Deductions:[          ]" line 14 col 1.
  2088       03  value "Units By Pay Type:  1:[          ] 2:[          ] 3:[          ] 4:[          ]" line 15 col 1.
  2089       03  value "                         YTD Earnings By Tax Catagories"                         line 16 col 1.
  2090       03  value "Income:[          ]  Other:[          ] No Taxes:[          ] Fica:[          ]" line 17 col 1.
  2091       03  value "                Eic Credit:[          ]     Tips:[          ]  Net:[          ]" line 18 col 1.
  2092       03  value "YTD Taxes Withheld:    Fwt:[          ]      Swt:[          ]  Lwt:[          ]" line 19 col 1.
  2093       03  value "                      Fica:[          ]      Sdi:[          ]"                   line 20 col 1.
  2094       03  value "                            YTD Earnings and Deductions"                         line 21 col 1.
  2095       03  value "Sys: 1:[          ] 2:[          ] 3:[          ] 4:[          ] 5:[          ]" line 22 col 1.
  2096       03  value "Emp: 1:[          ] 2:[          ] 3:[          ] Other Deductions:[          ]" line 23 col 1.
  2097       03  value "Units by Pay Type:  1:[          ] 2:[          ] 3:[          ] 4:[          ]" line 24 col 1.
  2098  *>
  2099  *> Here, so I record the line and column # for accepts and accept_numeric routine but
  2100  *>  will produce content in the SS display even if only zeros priot to all such verbs
  2101  *>
  2102       03  from His-QTD-Income-Taxable    pic 9(7).99                          line  8 col 9.  *> all these for inital display
  2103       03  from His-QTD-Other-Taxable     pic 9(7).99                          line  8 col 29. *> as all manually entered via
  2104       03  from His-QTD-Other-NonTaxable  pic 9(7).99                          line  8 col 51. *>  accept_numeric routine
  2105       03  from His-QTD-Fica-Taxable      pic 9(7).99                          line  8 col 69.
  2106  *>
ACS Cobol Xref v2.03.18          Dictionary File for PY010    24/03/2026  18:35:52:41                                  Page   40

  2107       03  from His-QTD-EIC               pic 9(7).99                          line  9 col 29.
  2108       03  from His-QTD-Tips              pic 9(7).99                          line  9 col 51.
  2109       03  from His-QTD-Net               pic 9(7).99                          line  9 col 69.
  2110  *>
  2111       03  from His-QTD-FWT               pic 9(7).99                          line 10 col 29.
  2112       03  from His-QTD-SWT               pic 9(7).99                          line 10 col 51.
  2113       03  from His-QTD-LWT               pic 9(7).99                          line 10 col 69.
  2114  *>
  2115       03  from His-QTD-FICA              pic 9(7).99                          line 11 col 29.
  2116       03  from His-QTD-SDI               pic 9(7).99                          line 11 col 51.
  2117  *>
  2118       03  from His-QTD-Sys (1)           pic 9(7).99                          line 13 col  9.
  2119       03  from His-QTD-Sys (2)           pic 9(7).99                          line 13 col 24.
  2120       03  from His-QTD-Sys (3)           pic 9(7).99                          line 13 col 39.
  2121       03  from His-QTD-Sys (4)           pic 9(7).99                          line 13 col 54.
  2122       03  from His-QTD-Sys (5)           pic 9(7).99                          line 13 col 69.
  2123  *>
  2124       03  from His-QTD-Emp (1)           pic 9(7).99                          line 14 col  9.
  2125       03  from His-QTD-Emp (2)           pic 9(7).99                          line 14 col 24.
  2126       03  from His-QTD-Emp (3)           pic 9(7).99                          line 14 col 39.
  2127       03  from His-QTD-Other-Ded         pic 9(7).99                          line 14 col 69.
  2128  *>
  2129       03  from His-QTD-Units (1)         pic 9(7).99                          line 15 col 24.
  2130       03  from His-QTD-Units (2)         pic 9(7).99                          line 15 col 39.
  2131       03  from His-QTD-Units (3)         pic 9(7).99                          line 15 col 54.
  2132       03  from His-QTD-Units (4)         pic 9(7).99                          line 15 col 69.
  2133  *>
  2134       03  from His-YTD-Income-Taxable    pic 9(7).99                          line 17 col  9.
  2135       03  from His-YTD-Other-Taxable     pic 9(7).99                          line 17 col 29.
  2136       03  from His-YTD-Other-NonTaxable  pic 9(7).99                          line 17 col 51.
  2137       03  from His-YTD-Fica-Taxable      pic 9(7).99                          line 17 col 69.
  2138  *>
  2139       03  from His-YTD-EIC               pic 9(7).99                          line 18 col 29.
  2140       03  from His-YTD-Tips              pic 9(7).99                          line 18 col 51.
  2141       03  from His-YTD-Net               pic 9(7).99                          line 18 col 69.
  2142  *>
  2143       03  from His-YTD-FWT               pic 9(7).99                          line 19 col 29.
  2144       03  from His-YTD-SWT               pic 9(7).99                          line 19 col 51.
  2145       03  from His-YTD-LWT               pic 9(7).99                          line 19 col 69.
  2146  *>
  2147       03  from His-YTD-FICA              pic 9(7).99                          line 20 col 29.
  2148       03  from His-YTD-SDI               pic 9(7).99                          line 20 col 51.
  2149  *>
  2150       03  from His-YTD-Sys (1)           pic 9(7).99                          line 22 col  9.
  2151       03  from His-YTD-Sys (2)           pic 9(7).99                          line 22 col 24.
  2152       03  from His-YTD-Sys (3)           pic 9(7).99                          line 22 col 39.
  2153       03  from His-YTD-Sys (4)           pic 9(7).99                          line 22 col 54.
  2154       03  from His-YTD-Sys (5)           pic 9(7).99                          line 22 col 69.
  2155  *>
  2156       03  from His-YTD-Emp (1)           pic 9(7).99                          line 23 col  9.
  2157       03  from His-YTD-Emp (2)           pic 9(7).99                          line 23 col 24.
  2158       03  from His-YTD-Emp (3)           pic 9(7).99                          line 23 col 39.
  2159       03  from His-YTD-Other-Ded         pic 9(7).99                          line 23 col 69.
  2160  *>
ACS Cobol Xref v2.03.18          Dictionary File for PY010    24/03/2026  18:35:52:42                                  Page   41

  2161       03  from His-YTD-Units (1)         pic 9(7).99                          line 24 col 24.
  2162       03  from His-YTD-Units (2)         pic 9(7).99                          line 24 col 39.
  2163       03  from His-YTD-Units (3)         pic 9(7).99                          line 24 col 54.
  2164       03  from His-YTD-Units (4)         pic 9(7).99                          line 24 col 69.
  2165  *>
  2166   procedure division using WS-Calling-Data  *> ACAS
  2167                            WS-System-Record *> ACAS
  2168                            To-Day           *> ACAS
  2169                            File-Defs.       *> ACAS
  2170  *>
  2171   aa000-Main                  section.
  2172  *>**********************************
  2173  *> Force Esc, PgUp, PgDown, PrtSC to be detected
  2174       set      ENVIRONMENT "COB_SCREEN_EXCEPTIONS" to "Y".
  2175       set      ENVIRONMENT "COB_SCREEN_ESC" to "Y".
  2176       move     current-Date to WSE-Date-block.
  2177  *>
  2178       perform  forever
  2179                accept   WS-Env-Lines   from lines
  2180                if       WS-Env-Lines < 28
  2181                         display  SY010    at 0101 with erase eos
  2182                         accept   WS-Reply at 0133
  2183                         move     8 to WS-Term-Code
  2184                         exit perform cycle
  2185                end-if
  2186                accept   WS-Env-Columns from Columns
  2187                if       WS-Env-Columns < 80
  2188                         display  SY013    at 0101 with erase eos
  2189                         accept   WS-Reply at 0130
  2190                         move     8 to WS-Term-Code
  2191                         exit perform cycle
  2192                end-if
  2193       end-perform.
  2194  *>
  2195  *> Set up error message areas on screen
  2196  *>
  2197       subtract 2 from WS-Env-Lines giving WS-22-Lines.
  2198       subtract 1 from WS-Env-Lines giving WS-23-Lines.
  2199       move     WS-Env-Lines to WS-Lines.
  2200  *>
  2201  *> Pre setup params for acept_numeric routine
  2202  *>
  2203       move     zeros to AN-Error-Code
  2204                         AN-Return-Code.
  2205       SET      AN-FG-IS-Green    to TRUE.
  2206       SET      AN-BG-IS-Black    to TRUE.
  2207       SET      AN-FG2-IS-Cyan    to TRUE.
  2208       SET      AN-Mode-IS-Update to TRUE.  *> could be AN-MODE-IS-NO-UPDATE to
  2209  *>                                            TRUE on first use.
  2210       move     1 to RRN.
  2211       open     i-o  PY-Param1-File.     *> i-o Will NOT create a file
  2212       if       PY-PR1-Status not = "00"      *> Does not exist yet so back to menu and let user run create
  2213                display  PY139 at line WS-22-Lines col 1 foreground-color 4
  2214                display  PY140 at line WS-23-Lines col 1 foreground-color 4
ACS Cobol Xref v2.03.18          Dictionary File for PY010    24/03/2026  18:35:52:42                                  Page   42

  2215                display  SY003 at line WS-Lines col 1 foreground-color 2
  2216                accept   Menu-Reply at line WS-Lines col 53
  2217                close    PY-Param1-File
  2218                goback
  2219       else
  2220                set      AN-MODE-IS-UPDATE to true
  2221                move     1 to RRN
  2222                read     PY-Param1-File key RRN
  2223                if       PY-PR1-Status not = "00"
  2224                         perform  ZZ040-Evaluate-Message
  2225                         display  PY002         at line WS-23-Lines col 1 with erase eos
  2226                         display  PY-PR1-Status at line WS-23-Lines col 34
  2227                         display  WS-Eval-Msg   at line WS-23-Lines col 37
  2228                         display  SY001         at line WS-Lines    col 1
  2229                         accept   WS-Reply      at line WS-Lines    col 48 AUTO
  2230                         close    PY-Param1-File
  2231                         goback
  2232                end-if
  2233       end-if.
  2234       move     zero  to  Menu-Reply.
  2235       close    PY-Param1-File.
  2236
  2237  *>
  2238  *> REMEMBER TO REOPEN PARAM FILE as I-O AND CLOSE IT AFTER A REWRITE   <<<<<<<<-------
  2239  *>
  2240  *>   JUST FOR A REMINDER
  2241  *> Tables have data stored by Act-No so only can handle act-no > 0 and < 100
  2242  *>
  2243  *>  Now, read in all account records storing details in WS-Account-Table
  2244  *>  as saves searching the file multiple times for same values.
  2245  *>  Will not bother with checking if GL # exist as that Should have been done
  2246  *>  already.
  2247  *>
  2248   aa010-Read-in-Acts-Data.
  2249       open     input    PY-Accounts-File.
  2250       if       PY-ACT-Status not = "00"
  2251                perform  aa135-Act-File-Open-Error
  2252                go  to   aa998-Hard-Quit-All.
  2253  *>
  2254       initialise
  2255                WS-Account-Table.
  2256       move     zeroes to WS-Account-Count.  *> Not used
  2257       perform  forever
  2258                read     PY-Accounts-File Next at end
  2259                         exit perform
  2260                end-read
  2261                if       Act-No   > WS-Account-Table-Size
  2262                         display  PY125 at line WS-22-Lines col 1 foreground-color 4 erase eos
  2263                         display  SY001 at line WS-23-Lines col 1 foreground-color 4
  2264                         accept   Menu-Reply at line WS-23-Lines col 48
  2265                         go to    aa998-Hard-Quit-All         *> close Param & accounts files
  2266                end-if
  2267                if       Act-No < zero
  2268                    or          > WS-Account-Table-Size       *> Otherwise table needs increasing
ACS Cobol Xref v2.03.18          Dictionary File for PY010    24/03/2026  18:35:52:42                                  Page   43

  2269                         display  PY126 at line WS-22-Lines col 1 foreground-color 4 erase eos
  2270                         display  SY001 at line WS-23-Lines col 1 foreground-color 4
  2271                         accept   Menu-Reply at line WS-23-Lines col 48
  2272                         go to    aa998-Hard-Quit-All
  2273                end-if
  2274                move     Act-GL-No  to  WS-Act-GL-No (Act-No)
  2275                add      1 to WS-Account-Count                *> Might be useful !   NOT USED YET
  2276                exit perform cycle
  2277       end-perform.
  2278  *>
  2279  *> Now only need to do a simple search of table to confirm acct# exists
  2280  *>
  2281       close    PY-Accounts-File.
  2282  *>
  2283  *> Next create Employee and Emp-History files if not exist yet and leave open as i-o
  2284  *>
  2285       open     input PY-Employee-File.
  2286       if       PY-Emp-Status not = zeros
  2287                close  PY-Employee-File
  2288                open   output PY-Employee-File
  2289                close  PY-Employee-File
  2290                open   i-o    PY-Employee-File
  2291       else
  2292                close  PY-Employee-File
  2293                open   i-o    PY-Employee-File.
  2294  *>
  2295       open     input  PY-History-File.
  2296       if       PY-His-Emp-Status not = zeros
  2297                close  PY-History-File
  2298                open   output PY-History-File
  2299                close  PY-History-File
  2300                open   i-o    PY-History-File
  2301       else
  2302                close  PY-History-File
  2303                open   i-o    PY-History-File.
  2304  *>
  2305  *> The Param file is closed now.   <<<<<<<<<<<<<<<
  2306  *>
  2307       move     zero to Error-Code.    *> NEEDED / USED ?   <<<<<<<<
  2308  *>
  2309  *> sort the US states codes in alphabetic order
  2310  *>  ready for search all on WS-Codes
  2311  *>
  2312       sort     WS-States on ascending key WS-Codes.
  2313  *>
  2314   aa020-Menu-Selection.
  2315   *>    display  SS-Employee-Data-Menu.
  2316       accept   SS-Employee-Data-Menu.
  2317       move     UPPER-CASE (Menu-Reply) to Menu-Reply
  2318                                           WS-Saved-Menu-Reply.
  2319       if       Menu-Reply = "X"         *> Quit
  2320          or    Cob-CRT-Status = Cob-Scr-Esc
  2321          or    Error-Code > zero
  2322                move     1 to RRN
ACS Cobol Xref v2.03.18          Dictionary File for PY010    24/03/2026  18:35:52:42                                  Page   44

  2323                open     i-o PY-Param1-File
  2324                rewrite  PY-Param1-Record             *> recording last Employee #
  2325                perform  aa125-Test-PR1-Status
  2326                if       PY-PR1-Status not = "00"     *> E.g., 23 or 21 may be, key not exists SHOULD NOT HAPPEN
  2327                         write    PY-Param1-Record    *>  as opened and read at start
  2328                         perform  aa125-Test-PR1-Status
  2329                end-if
  2330                close    PY-Param1-File
  2331                         PY-Employee-File
  2332                         PY-History-File
  2333                move     zero to WS-Term-Code
  2334                goback                        *> Quit program, we are done
  2335       end-if.
  2336  *>
  2337       evaluate Menu-Reply
  2338                when    = 5
  2339                         perform  ba000-Process-Employee-Basics
  2340                         perform  ca000-Process-Ded-Earn
  2341                         perform  da000-Process-Rates
  2342                         go  to   aa020-Menu-Selection
  2343                when    = 6
  2344                         perform  ba000-Process-Employee-Basics
  2345                         perform  ca000-Process-Ded-Earn
  2346                         perform  da000-Process-Rates
  2347                         perform  ea000-Employee-History     *> only if NO pay run has occured for Employee
  2348                         go  to   aa020-Menu-Selection
  2349                when    = 1
  2350                         perform  ba000-Process-Employee-Basics
  2351                         go  to   aa020-Menu-Selection
  2352                when    = 2
  2353                         perform  ca000-Process-Ded-Earn
  2354                         go  to   aa020-Menu-Selection
  2355                when    = 3
  2356                         perform  da000-Process-Rates
  2357                         go  to   aa020-Menu-Selection
  2358                when    = 4
  2359                         perform  ea000-Employee-History     *> only if NO pay run has occured for Employee
  2360                         go  to   aa020-Menu-Selection
  2361       end-evaluate.
  2362       go to    aa020-Menu-Selection.
  2363  *>
  2364  *> aa100-Bad-Data-Display.
  2365  *>     display  WS-Err-Msg at line WS-23-Lines col 1.
  2366  *>     display  SY002      at line WS-Lines    col 1.
  2367  *>
  2368   aa125-Test-PR1-Status.
  2369       if       PY-PR1-Status not = "00"   *> WE have a real problem :(
  2370                perform  ZZ040-Evaluate-Message
  2371                display  PY001         at line WS-23-Lines col 1 with erase eos
  2372                display  PY-PR1-Status at line WS-23-Lines col 37
  2373                display  WS-Eval-Msg   at line WS-23-Lines col 40
  2374                display  SY002         at line WS-Lines    col 1
  2375                accept   WS-Reply      at line WS-Lines    col 33 AUTO
  2376       end-if.
ACS Cobol Xref v2.03.18          Dictionary File for PY010    24/03/2026  18:35:52:42                                  Page   45

  2377  *>
  2378  *> aa130-Act-File-Error.    *> USED ??
  2379  *>     display  PY118 at line WS-23-Lines col 1 erase eos
  2380  *>                            foreground-color 4 BEEP.
  2381  *>     display  PY-Act-Status at line WS-23-Lines col 40.
  2382  *>     move     PY-Act-Status to PY-PR1-Status.
  2383  *>     perform  ZZ040-Evaluate-Message.
  2384  *>     display  WS-Eval-Msg   at line WS-23-lines col 42.
  2385  *>     display  SY003 at line WS-lines col 01 with foreground-color cob-color-red
  2386  *>                                                 erase eol BEEP.
  2387  *>     accept   WS-Reply at line WS-lines col 52 AUTO.
  2388  *>
  2389   aa135-Act-File-Open-Error.    *> USED
  2390       display  PY120 at line WS-23-Lines col 1 erase eos
  2391                              foreground-color 4 BEEP.
  2392       display  PY-Act-Status at line WS-23-Lines col 46.
  2393       move     PY-Act-Status to PY-PR1-Status.
  2394       perform  ZZ040-Evaluate-Message.
  2395       display  WS-Eval-Msg   at line WS-23-lines col 42.
  2396       display  SY003 at line WS-lines col 01 with foreground-color cob-color-red
  2397                                                   erase eol BEEP.
  2398       accept   WS-Reply at line WS-lines col 52 AUTO.
  2399  *>
  2400   aa140-Emp-Read-Error.
  2401       display  PY180 at line WS-23-Lines col 1 erase eos
  2402                              foreground-color 4 BEEP.
  2403       display  PY-Emp-Status at line WS-23-Lines col 40.
  2404       move     PY-Emp-Status to PY-PR1-Status.
  2405       perform  ZZ040-Evaluate-Message.
  2406       display  WS-Eval-Msg   at line WS-23-lines col 43.
  2407       display  SY003 at line WS-lines col 01 with foreground-color cob-color-red
  2408                                                   erase eol BEEP.
  2409       accept   WS-Reply at line WS-lines col 52 AUTO.
  2410  *>
  2411   aa145-Emp-Write-Error.
  2412       display  PY131 at line WS-23-Lines col 1 erase eos
  2413                              foreground-color 4 BEEP.
  2414       display  PY-Emp-Status at line WS-23-Lines col 40.
  2415       move     PY-Emp-Status to PY-PR1-Status.
  2416       perform  ZZ040-Evaluate-Message.
  2417       display  WS-Eval-Msg   at line WS-23-lines col 43.
  2418       display  SY003 at line WS-lines col 01 with foreground-color cob-color-red
  2419                                                   erase eol BEEP.
  2420       accept   WS-Reply at line WS-lines col 52 AUTO.
  2421  *>
  2422   aa150-His-Write-Error.
  2423       display  PY133 at line WS-23-Lines col 1 erase eos
  2424                              foreground-color 4 BEEP.
  2425       display  PY-His-Emp-Status at line WS-23-Lines col 39.
  2426       move     PY-His-Emp-Status to PY-PR1-Status.
  2427       perform  ZZ040-Evaluate-Message.
  2428       display  WS-Eval-Msg   at line WS-23-lines col 41.
  2429       display  SY003 at line WS-lines col 01 with foreground-color cob-color-red
  2430                                                   erase eol BEEP.
ACS Cobol Xref v2.03.18          Dictionary File for PY010    24/03/2026  18:35:52:42                                  Page   46

  2431       accept   WS-Reply at line WS-lines col 52 AUTO.
  2432  *>
  2433   aa155-Emp-Rewrite-Error.
  2434       display  PY135 at line WS-23-Lines col 1 erase eos
  2435                              foreground-color 4 BEEP.
  2436       display  PY-Emp-Status at line WS-23-Lines col 42.
  2437       move     PY-Emp-Status to PY-PR1-Status.
  2438       perform  ZZ040-Evaluate-Message.
  2439       display  WS-Eval-Msg   at line WS-23-lines col 44.
  2440       display  SY003 at line WS-lines col 01 with foreground-color cob-color-red
  2441                                                   erase eol BEEP.
  2442       accept   WS-Reply at line WS-lines col 52 AUTO.
  2443  *>
  2444   aa998-Hard-Quit-All.
  2445       close    PY-Accounts-File.  *> full through
  2446  *>
  2447   aa999-Hard-Quit-Param.
  2448       close    PY-Param1-File.
  2449       goback.
  2450  *>
  2451  *> JIC goback fails :(
  2452  *>
  2453   Menu-Ex.
  2454       exit     program.
  2455  *>
  2456   ba000-Process-Employee-Basics section.
  2457  *>************************************
  2458  *> Remember param1 is closed.
  2459  *>
  2460       initialise
  2461                PY-Employee-Record
  2462                WS-Employee-Number.
  2463  *>
  2464       display  SS-Employee-Data-1.
  2465  *>
  2466  *> next is 9(7),  is enter zero for a new employee or using F1
  2467  *>
  2468       accept   WS-Employee-Number at 0521  foreground-color 3 UPDATE.  *> 9(7)
  2469       if       Cob-Crt-Status = Cob-Scr-Esc
  2470                go to ba999-Exit.
  2471       if       Cob-Crt-Status = Cob-Scr-F1         *> New record requested
  2472           or   WS-Employee-Number = zeros
  2473                display  spaces at 2301 erase eos   *> Clear F1 & Esc message
  2474                start    PY-Employee-File LAST
  2475                         invalid key
  2476                                 move    zeros to WS-Employee-No
  2477                         not invalid key
  2478                                 read    PY-Employee-File
  2479                                 if      Emp-No not = zeros
  2480                                         move    Emp-No to WS-Employee-No
  2481                end-start
  2482                add      1 to WS-Employee-No        *> Use next #  9(6)
  2483                move     WS-Employee-In to Customer-Code
  2484  *> Create check digit
ACS Cobol Xref v2.03.18          Dictionary File for PY010    24/03/2026  18:35:52:42                                  Page   47

  2485                move     "C"  to  maps09-reply
  2486                perform  Maps09
  2487                if       Maps09-Reply not = "Y"     *> Should not happen Aborting, check for a bug in code here
  2488                         display  PY127    at line WS-23-Lines col 1 foreground-color 4
  2489                         display  SY003    at line WS-Lines col 1
  2490                         accept   WS-Reply at line WS-lines col 53
  2491                         close    PY-Employee-File
  2492                                  PY-History-File
  2493                         goback   returning 3
  2494                end-if
  2495                move     WS-Employee-No     to PY-PR2-Last-Employee-No   *>excl chg digit BUT IS IT NEEDED ?
  2496                move     Customer-Code      to WS-Employee-In
  2497                initialise PY-Employee-Record
  2498                           PY-History-Record
  2499                perform  ba920-Init-Employee-Record
  2500                move     WS-Employee-Number to Emp-No
  2501                                               His-Emp-No
  2502                display  Emp-No at 0521         *> incl chg digit
  2503                write    PY-Employee-Record
  2504                if       PY-Emp-Status not = zeros
  2505                         perform  aa145-Emp-Write-Error
  2506                         go to    ba999-Exit
  2507                end-if
  2508                write    PY-History-Record
  2509                if       PY-His-Emp-Status not = zeros
  2510                         perform  aa150-His-Write-Error
  2511                         go to    ba999-Exit
  2512                end-if
  2513       else
  2514                display  spaces at 2301 erase eos   *> Clear F1 & Esc message
  2515                move     WS-Employee-Number to Emp-No
  2516                read     PY-Employee-File key Emp-No
  2517                if       PY-Emp-Status = 21 or = 23
  2518                         display  PY180    at line WS-23-Lines col 1 foreground-color 4 erase eos
  2519                         display  SY002    at line WS-Lines col 1
  2520                         accept   FS-Reply at line WS-Lines col 33
  2521                         go to    ba000-Process-Employee-Basics         *> Try again
  2522                end-if
  2523                if       PY-Emp-Status not = zeros
  2524                         perform  aa140-Emp-Read-Error
  2525                         go to ba999-Exit                        *> not a expected response so quit
  2526                end-if
  2527       end-if.
  2528  *>
  2529  *>  We now have a existing emp or are creating a new one
  2530  *>  so now to get all the data in UPDATE mode in case it exists
  2531  *>
  2532       accept   Emp-Name         at line  7 col 21  foreground-color 3 UPDATE.
  2533       move     spaces to WS-Temp-Name-1
  2534                          WS-Temp-Name-2
  2535                          WS-Temp-Name-3.
  2536       unstring Emp-Name
  2537                       delimited by space
  2538                       into   WS-Temp-Name-1
ACS Cobol Xref v2.03.18          Dictionary File for PY010    24/03/2026  18:35:52:42                                  Page   48

  2539                              WS-Temp-Name-2
  2540                              WS-Temp-Name-3.
  2541       string   WS-Temp-Name-3  delimited by " "
  2542                WS-Temp-Name-1  delimited by " "
  2543                WS-Temp-Name-2  delimited by " "
  2544                         into  Emp-Search-Name.
  2545  *>
  2546  *> TEST to confirm correct operation
  2547  *>
  2548       display  Emp-Search-Name at 2231.   *> TESTS THE ABOVE IS CORRECT.
  2549  *>
  2550       accept   Emp-Address-1    at line  8 col 31  foreground-color 3 UPDATE.
  2551       accept   Emp-Address-2    at line  9 col 31  foreground-color 3 UPDATE.
  2552       accept   Emp-Address-3    at line 10 col 31  foreground-color 3 UPDATE.
  2553       accept   Emp-Address-4    at line 11 col 31  foreground-color 3 UPDATE.
  2554  *>
  2555  *> REMINDER will need to use this next code block for other State tests
  2556  *>
  2557       perform  forever
  2558                accept   Emp-State        at line 12 col 37  foreground-color 3 UPDATE UPPER
  2559                MOVE     ZERO TO C
  2560                SET      QQ TO 1
  2561                search   all WS-States  *>  at end      move zero to C
  2562                         when  Emp-State = WS-Codes (QQ)
  2563                              SET C to QQ
  2564                end-search
  2565                if       C = zero
  2566                         display  PY129 at line WS-23-Lines col 1 foreground-color 4
  2567                                                                  erase eol
  2568                         exit     perform cycle
  2569                else
  2570                         display  space at line WS-23-Lines col 1 erase eol
  2571                         exit     perform
  2572                end-if
  2573       end-perform.
  2574  *>
  2575
  2576
  2577       accept   Emp-Zip          at line 12 col 58  foreground-color 3 UPDATE.
  2578       accept   Emp-Phone-No     at line 13 col 27  foreground-color 3 UPDATE.
  2579       move     Emp-SSN   to WS-Temp-SSN-Orig         *> 888/99/9999 -> 999-99-9999
  2580       move     "-" to WS-Temp-SSN-Orig (4:1)
  2581                       WS-Temp-SSN-Orig (7:1).
  2582  *>
  2583  *> ABOVE MAY NOT WORK ????? <<<<<<<<<<<<<<<<<
  2584  *>
  2585       perform  forever
  2586                accept   WS-Temp-SSN-Orig at line 15 col 22  foreground-color 3 UPDATE
  2587                if       WS-Temp-SSN-1st not numeric
  2588                    or   WS-Temp-SSN-2nd not numeric
  2589                    or   WS-Temp-SSN-3rd not numeric
  2590                    or   WS-Temp-SSN-Orig (4:1) not = "-"
  2591                    or   WS-Temp-SSN-Orig (7:1) not = "-"
  2592                         display  PY174 at line WS-23-Lines col 1 foreground-color 4
ACS Cobol Xref v2.03.18          Dictionary File for PY010    24/03/2026  18:35:52:42                                  Page   49

  2593                                                                  erase eol
  2594                         exit perform cycle
  2595                else
  2596                         display  space at line WS-23-Lines col 1 erase eol
  2597                         exit  perform
  2598                end-if
  2599       end-perform.
  2600  *>
  2601       perform  forever
  2602                accept   Emp-Pension-Used at line 15 col 76  foreground-color 3 UPPER UPDATE
  2603                if       Emp-Pension-Used not = "Y"
  2604                                      and not = "N"
  2605                         display  PY119 at line WS-23-Lines col 1 foreground-color 4
  2606                                                                  erase eol
  2607                         exit perform cycle
  2608                else
  2609                         display  space at line WS-23-Lines col 1 erase eol
  2610                         exit perform
  2611       end-perform.
  2612  *>
  2613       accept   Emp-Bank-Acct-No at line 16 col 22  foreground-color 3 UPDATE.
  2614       accept   Emp-Job-Code     at line 16 col 74  foreground-color 3 UPDATE.
  2615  *>
  2616       move     "00/00/0000"   to WS-Emp-Date.             *> temp date for accepting etc
  2617       move     Emp-Birth-Date to WS-Test-YMD.             *> ccyymmdd
  2618       perform  ba900-Test-Date-1.
  2619  *>
  2620       perform  forever
  2621                move     1722  to Curs
  2622                perform  ba910-Accept-Date
  2623                if       A not = zero
  2624                         display  PY105 at line WS-23-Lines col 1 foreground-color 4
  2625                                                                  erase eol
  2626                         exit perform cycle
  2627                else
  2628                         display  space at line WS-23-Lines col 1 erase eol
  2629                         move     WS-Test-YMD to Emp-Birth-Date
  2630                         exit perform
  2631                end-if
  2632       end-perform.
  2633  *>
  2634       perform  forever
  2635                accept   Emp-Taxing-State at line 17 col 75  foreground-color 3 UPDATE UPPER
  2636                MOVE     ZERO TO C
  2637                SET      QQ   TO 1
  2638                search   all WS-States  *>  at end      move zero to C
  2639                         when  Emp-Taxing-State = WS-Codes (QQ)
  2640                              SET C to QQ
  2641                if       C = zero
  2642                         display  PY129 at line WS-23-Lines col 1 foreground-color 4
  2643                                                                  erase eol
  2644                         exit perform cycle
  2645                else
  2646                         display  space at line WS-23-Lines col 1 erase eol
ACS Cobol Xref v2.03.18          Dictionary File for PY010    24/03/2026  18:35:52:42                                  Page   50

  2647                         exit perform
  2648                end-if
  2649       end-perform.
  2650  *>
  2651       perform  forever
  2652                accept   Emp-Sex          at line 18 col 22  foreground-color 3 UPDATE UPPER
  2653                if       Emp-Sex not = "M"
  2654                             and not = "F"
  2655                         display  PY175 at line WS-23-Lines col 1 foreground-color 4
  2656                                                                  erase eol
  2657                         exit perform cycle
  2658                else
  2659                         display  space at line WS-23-Lines col 1 erase eol
  2660                         exit perform
  2661                end-if
  2662       end-perform.
  2663  *>
  2664       perform  forever
  2665                accept   Emp-Status       at line 20 col 76  foreground-color 3 UPDATE UPPER
  2666                if       Emp-Status = "A" or "L" or "T"
  2667                         display  space at line WS-23-Lines col 1 erase eol
  2668                         exit perform
  2669                else
  2670                         display  PY176 at line WS-23-Lines col 1 foreground-color 4
  2671                                                                  erase eol
  2672                         exit perform cycle
  2673                end-if
  2674       end-perform.
  2675  *>
  2676  *> Ignoring Term date as just started :)
  2677  *>
  2678  *> Here not do a write as it was created prior to ba000 running.
  2679  *>
  2680       rewrite  PY-Employee-Record.
  2681       if       PY-Emp-Status not = zeros
  2682                perform  aa155-Emp-Rewrite-Error  *> then ba999-exit
  2683                move     zeros to WS-Saved-Emp-No
  2684                go to    ba999-Exit
  2685       else
  2686                move     Emp-No to WS-Saved-Emp-No
  2687       end-if
  2688       go to    ba999-Exit.    *> End of this process
  2689  *>
  2690   ba900-Test-Date-1.
  2691       move     WS-Test-YMD (1:4) to  WS-Emp-Date (7:4).   *> ccyymmdd to mm/dd/ccyy or dd/mm/ccyy
  2692       if       PY-PR1-Date-Format = 2   *> USA
  2693                move     WS-Test-YMD (5:2) to  WS-Emp-Date (1:2)
  2694                move     WS-Test-YMD (7:2) to  WS-Emp-Date (4:2)
  2695       else
  2696                move     WS-Test-YMD (5:2) to  WS-Emp-Date (4:2)
  2697                move     WS-Test-YMD (7:2) to  WS-Emp-Date (1:2).      *> date converted to aa/bb/ccyy
  2698  *>
  2699   ba910-Accept-Date.
  2700       accept   WS-Emp-Date at line 17 col 22  foreground-color 3 UPDATE.    *>  pic 99/99/9999
ACS Cobol Xref v2.03.18          Dictionary File for PY010    24/03/2026  18:35:52:42                                  Page   51

  2701       move     WS-Emp-Date to WS-Date.                               *> aa/bb/ccyy
  2702       perform  zz010-Test-YMD.
  2703  *>
  2704   ba920-Init-Employee-Record.
  2705       move     Emp-No   to His-Emp-No.
  2706       move     PY-PR1-Dflt-HS-Type      to Emp-HS-Type.
  2707       move     PY-PR1-Dflt-Pay-Interval to Emp-Pay-Interval.
  2708       move     "A"                      to Emp-Status.
  2709       move     "N"                      to Emp-Sex.
  2710       move     "S"                      to Emp-Marital.
  2711  *> No I do not understand this next block yet      <<<<<
  2712       if       Emp-Pay-Interval = "W" or = "B"
  2713                move     PY-PR2-Last-WB-Apply-No to Emp-Cur-Apply-No
  2714                move     52          to Emp-Pay-Freq
  2715       else
  2716                move     24          to Emp-Pay-Freq.
  2717                move     PY-PR2-Last-SM-Apply-No to Emp-Cur-Apply-No.
  2718       if       Emp-Pay-Interval = "M" or = "B"
  2719                divide   Emp-Pay-Freq by 2 giving Emp-Pay-Freq.
  2720  *>
  2721       move     PY-PR1-Dflt-Pay-Rate to Emp-Rate (1).
  2722       if       Emp-HS-Type = "H"
  2723                move     PY-PR1-Rate2-Factor to Emp-Rate (2)
  2724                move     PY-PR1-Rate3-Factor to Emp-Rate (3).
  2725       move     PY-PR1-Dflt-Norm-Units  to Emp-Normal-Units.
  2726       compute  Emp-Max-Pay = Emp-Rate (1) * PY-PR1-Max-Pay-Factor * Emp-Normal-Units.
  2727       move     PY-PR1-Rate4-Exclusion-Type  to Emp-Rate4-Exclusion.
  2728       move     "N"        to Emp-Eic-Used
  2729                              Emp-Cal-Head-Of-House
  2730                              Emp-Pension-Used
  2731                              Emp-FWT-Exempt
  2732                              Emp-SWT-Exempt
  2733                              Emp-LWT-Exempt
  2734                              Emp-FICA-Exempt
  2735                              Emp-SDI-Exempt.
  2736  *>
  2737       perform  varying  B from 1 by 1 until B > 5
  2738                move     "N" to Emp-Sys-Exempt (B)
  2739                move     PY-PR1-Max-Dist-Accts  to Emp-Dist-Acct (B)
  2740                move     100                    to Emp-Dist-Pcent (B)
  2741                if       B = 5
  2742                         exit perform
  2743                end-if
  2744       end-perform.
  2745       move     WSE-Date-9 to Emp-Start-Date.
  2746       move     PY-PR1-Dflt-Vac-Rate to Emp-Vac-Rate.
  2747       move     PY-PR1-Dflt-SL-Rate  to Emp-SL-Rate.
  2748       perform  varying  B from 1 by 1 until B > 3
  2749                move     "A"  to Emp-ED-Amt-Pcent (B)
  2750                move     "D"  to Emp-ED-Earn-Ded (B)
  2751                move     1    to Emp-ED-Exclusion (B)
  2752                move     "N"  to Emp-ED-Limit-Used (B)
  2753                move     PY-PR1-Dflt-Dist-Acct to Emp-ED-Acct-No (B)
  2754                if       B = 3
ACS Cobol Xref v2.03.18          Dictionary File for PY010    24/03/2026  18:35:52:42                                  Page   52

  2755                         exit perform
  2756                end-if
  2757       end-perform.
  2758  *>
  2759  *> Next, Is this Needed ?
  2760  *>
  2761       perform  varying  B from 1 by 1 until B > 4
  2762                move     PY-PR1-Rate-Name (B) to WS-Rate-Lit (B)
  2763                if       B = 4
  2764                         exit perform
  2765                end-if
  2766       end-perform.
  2767  *>
  2768   ba920-exit.  exit.    *> Remove if another paragraph
  2769  *>
  2770       go  to   ba999-Exit.
  2771  *>
  2772   ba999-Exit.   exit section.
  2773  *>
  2774   ca000-Process-Ded-Earn        section.
  2775  *>************************************
  2776  *> Remember param1 is closed.
  2777  *>
  2778       display  SS-Employee-Data-2.
  2779  *> Use existing Emp-No but update
  2780   ca010-Get-Emp-No.
  2781       move     05 to AN-LINE.
  2782       move     12 to AN-COLUMN.
  2783       call     STATIC "ACCEPT_NUMERIC" using by REFERENCE WS-Employee-Number
  2784                                              by REFERENCE AN-ACCEPT-NUMERIC.
  2785       if       Cob-Crt-Status = Cob-Scr-Esc
  2786                go to ca999-Exit.
  2787       if       Emp-No not = WS-Employee-Number
  2788                move     WS-Employee-Number  to Emp-No
  2789                read     PY-Employee-File key Emp-No
  2790                if       PY-Emp-Status not = zeros
  2791                         display  PY173 at line WS-23-Lines foreground-color 4 erase eol
  2792                         go to ca010-Get-Emp-No
  2793                else
  2794                         display  space at line WS-23-Lines erase eos.
  2795  *>
  2796       display  Emp-Name at 0527.
  2797       move     Emp-SSN to WS-Temp-SSN-Orig.
  2798       inspect  WS-Temp-SSN-Orig replacing all "/" by "-".
  2799       display  WS-Temp-SSN-Orig at 0566.
  2800  *>
  2801   ca020-Get-Act-Pcents.
  2802  *>
  2803  *>  Process SS Left hand side first
  2804  *>
  2805       move     09 to AN-LINE.         *> 1 before starting line
  2806       move     zero to Error-Code.
  2807       move     zero to WS-Pcent-Total. *> 2 accum Emp-Dist-Pcent 1 - 5
  2808       perform  varying A from 1 by 1 until A > 5
ACS Cobol Xref v2.03.18          Dictionary File for PY010    24/03/2026  18:35:52:42                                  Page   53

  2809                display  space at line WS-22-Lines erase eos   *> clear any prev msgs
  2810                add      1 to AN-Line
  2811                move     12 to AN-COLUMN
  2812                move     Emp-Dist-Acct (A) to B
  2813                call     STATIC "ACCEPT_NUMERIC" using by REFERENCE B
  2814                                                       by REFERENCE AN-ACCEPT-NUMERIC
  2815                if       B  not = zero
  2816                    and  WS-Act-GL-No (B) = zeros
  2817                         display  PY124 at line WS-22-lines col 1 foreground-color 4 erase eol
  2818                         display  B at line AN-LINE col AN-COLUMN foreground-color 4
  2819                         move     1 to Error-Code
  2820                else
  2821                         move     B to Emp-Dist-Acct (A)
  2822                end-if
  2823     *>                    go to ca020-Get-Acct-1
  2824     *>           display  space at line WS-22-Lines erase eol
  2825                move     06 to AN-LINE
  2826                move     27 to AN-COLUMN
  2827                move     Emp-Dist-Pcent (A) to WS-Temp-Pcent-E
  2828                call     STATIC "ACCEPT_NUMERIC" using by REFERENCE WS-Temp-Pcent-E
  2829  *>                                                      by REFERENCE AN-ACCEPT-NUMERIC
  2830                move     WS-Temp-Pcent-E to WS-Temp-Pcent
  2831                if       WS-Temp-Pcent > 100.00
  2832                         display  PY136 at line WS-23-Lines col 1 foreground-color 4 erase eol
  2833                         move     1 to Error-Code
  2834                else
  2835                         move     WS-Temp-Pcent to Emp-Dist-Pcent (A)
  2836                         add      WS-Temp-Pcent to WS-PCent-Total
  2837                         move     WS-PCent-Total to WS-Temp-Pcent-E
  2838                         display  WS-Temp-Pcent-E at 1527
  2839                         if       WS-PCent-Total > 100.00
  2840                                  display  WS-Temp-Pcent-E at 1527 foreground-color 4
  2841                                  display  PY137 at line WS-Lines col 1 foreground-color 4 erase eol
  2842                                  move     1 to Error-Code
  2843                         end-if
  2844                end-if
  2845                if       Error-Code not = zero
  2846   *>                      subtract 1 from A   *> Redo line
  2847                         move     zero to Error-Code
  2848                         go to    ca020-Get-Act-Pcents
  2849                end-if
  2850                if       A = 5
  2851                         move     WS-Pcent-Total to WS-Temp-Pcent-E
  2852                         display  WS-Temp-Pcent-E at 1527
  2853                         if       WS-PCent-Total > 100.00
  2854                                  display  WS-Temp-Pcent-E at 1527 foreground-color 4
  2855                                  display  PY137 at line WS-Lines col 1 foreground-color 4 erase eol
  2856    *>                              move     1 to Error-Code
  2857                                  go to  ca020-Get-Act-Pcents
  2858                         end-if
  2859                         exit perform
  2860                end-if
  2861       end-perform.
  2862  *>
ACS Cobol Xref v2.03.18          Dictionary File for PY010    24/03/2026  18:35:52:42                                  Page   54

  2863   ca020-Process-Exempts.
  2864       move     zero to Error-Code.
  2865       accept   Emp-FICA-Exempt at 0955 foreground-color 3 UPPER UPDATE
  2866       if       Emp-FICA-Exempt not = "Y" and not = "N"
  2867                display  PY119 at line WS-23-Lines col 1 foreground-color 4 erase eol
  2868                display  Emp-FICA-Exempt at 0955 foreground-color 4
  2869                move     1 to Error-Code.
  2870       accept   Emp-FWT-Exempt  at 0975 foreground-color 3 UPPER UPDATE
  2871       if       Emp-FWT-Exempt not = "Y" and not = "N"
  2872                display  PY119 at line WS-23-Lines col 1 foreground-color 4 erase eol
  2873                display  Emp-FWT-Exempt at 0975 foreground-color 4
  2874                move     1 to Error-Code.
  2875
  2876       accept   Emp-Co-FUTA-Exempt at 1055 foreground-color 3 UPPER UPDATE
  2877       if       Emp-Co-FUTA-Exempt not = "Y" and not = "N"
  2878                display  PY119 at line WS-23-Lines col 1 foreground-color 4 erase eol
  2879                display  Emp-FICA-Exempt at 1055 foreground-color 4
  2880                move     1 to Error-Code.
  2881       accept   Emp-SWT-Exempt at 1075 foreground-color 3 UPPER UPDATE
  2882       if       Emp-SWT-Exempt not = "Y" and not = "N"
  2883                display  PY119 at line WS-23-Lines col 1 foreground-color 4 erase eol
  2884                display  Emp-SWT-Exempt at 1075 foreground-color 4
  2885                move     1 to Error-Code.
  2886
  2887       accept   Emp-Co-SUI-Exempt at 1155 foreground-color 3 UPPER UPDATE
  2888       if       Emp-Co-SUI-Exempt not = "Y" and not = "N"
  2889                display  PY119 at line WS-23-Lines col 1 foreground-color 4 erase eol
  2890                display  Emp-Co-SUI-Exempt at 1155 foreground-color 4
  2891                move     1 to Error-Code.
  2892       accept   EMP-LWT-Exempt at 1174 foreground-color 3 UPPER UPDATE
  2893       if       Emp-LWT-Exempt not = "Y" and not = "N"
  2894                display  PY119 at line WS-23-Lines col 1 foreground-color 4 erase eol
  2895                display  Emp-LWT-Exempt at 1075 foreground-color 4
  2896                move     1 to Error-Code.
  2897
  2898       accept   Emp-SDI-Exempt at 1255 foreground-color 3 UPPER UPDATE
  2899       if       Emp-SDI-Exempt not = "Y" and not = "N"
  2900                display  PY119 at line WS-23-Lines col 1 foreground-color 4 erase eol
  2901                display  Emp-SDI-Exempt at 1255 foreground-color 4
  2902                move     1 to Error-Code.
  2903       if       Error-Code not = zero
  2904                go to ca020-Process-Exempts.
  2905  *>
  2906       move     46   to C  *> USe correct value >>>> <<<<
  2907       move     zero to Error-Code
  2908       perform  varying A from 1 by 1 until A > 5
  2909                accept   Emp-Sys-Exempt (A) at line 15 col C foreground-color 3 UPPER UPDATE
  2910                if       Emp-Sys-Exempt (A) not = "Y" and not = "N"
  2911                         display  PY119 at line WS-23-Lines col 1 foreground-color 4 erase eol
  2912                         display  Emp-Sys-Exempt (A) at line 15 col C foreground-color 4
  2913                         move     1 to Error-Code
  2914                end-if
  2915                add      7  to C
  2916                if       A = 5 and Error-Code = zero
ACS Cobol Xref v2.03.18          Dictionary File for PY010    24/03/2026  18:35:52:42                                  Page   55

  2917                         exit perform
  2918                end-if
  2919                if       A = 5 and Error-Code not = zero
  2920                         move     46 to C
  2921                         move     zero to A
  2922                         exit perform cycle   *> Yep could remove this one but in case of extra code
  2923                end-if
  2924                exit perform cycle
  2925       end-perform.
  2926  *>
  2927  *> Emp specific Ded/Earn
  2928  *>
  2929       move     18 to AN-LINE.
  2930       perform  varying A from 1 by 1 until A > 3
  2931                move     zero to Error-Code   *> working on a line by line basis
  2932                add      1 to AN-LINE
  2933                accept   Emp-Ed-Used (A) at line AN-LINE col 6 foreground-color 3 UPDATE UPPER
  2934                if       Cob-CRT-Status = Cob-Scr-Esc
  2935                         exit perform
  2936                end-if
  2937                if       Emp-Ed-Used (A) not = "Y" and not = "N"
  2938                         display  PY119 at line WS-23-Lines col 1 foreground-color 4 erase eol
  2939                         display  Emp-Ed-Used (A) at line AN-LINE col 6 foreground-color 4
  2940                         move     1 to Error-Code
  2941                end-if
  2942                if       Emp-ED-Used (A) = "N"
  2943                         initialise Emp-Ed-Group (A)
  2944                         exit perform cycle   *> Check all 3 incase its an amend for one of them
  2945                end-if
  2946  *>
  2947  *>  Now all fields are being used for this line
  2948  *>
  2949                accept   Emp-ED-Desc (A)     at line AN-LINE col  9 foreground-color 3 UPDATE
  2950                accept   Emp-ED-Earn-Ded (A) at line AN-LINE col 27 foreground-color 3 UPDATE UPPER
  2951                if       Emp-Ed-Earn-Ded (A) not = "D" and not = "E"
  2952                         display  PY115 at line WS-23-Lines col 1 foreground-color 4 erase eol
  2953                         display  Emp-Ed-Used (A) at line AN-LINE col 27 foreground-color 4
  2954                         move     1 to Error-Code
  2955                end-if
  2956                if       Emp-ED-Earn-Ded (A) = "D"     *> Is this blk needed ?
  2957                         move     16 to WS-Dflt-Chk-Cat
  2958                         move      2 to WS-Dflt-Acct
  2959                else
  2960                         move      7 to WS-Dflt-Chk-Cat
  2961                         move      3 to WS-Dflt-Acct
  2962                end-if
  2963  *>
  2964                if       Emp-ED-Chk-Cat (A) = zero
  2965                         move     WS-Dflt-Chk-Cat to Emp-ED-Chk-Cat (A)
  2966                         move     WS-Dflt-Acct    to Emp-ED-Acct-No (A)
  2967                end-if
  2968  *>
  2969                if       Emp-ED-Earn-Ded (A) = "D"
  2970                         move     16 to Emp-ED-Chk-Cat (A)
ACS Cobol Xref v2.03.18          Dictionary File for PY010    24/03/2026  18:35:52:43                                  Page   56

  2971                         move      2 to Emp-ED-Acct-No (A)
  2972                else
  2973                         move      7 to Emp-ED-Chk-Cat (A)
  2974                         move      3 to Emp-ED-Acct-No (A)
  2975                end-if
  2976  *>
  2977                move     31 to AN-COLUMN
  2978                move     Emp-ED-Acct-No (A) to B
  2979                call     STATIC "ACCEPT_NUMERIC" using by REFERENCE B
  2980                                                       by REFERENCE AN-ACCEPT-NUMERIC
  2981                if       B  not = zero
  2982                    and  WS-Act-GL-No (B) = zeros
  2983                         display  PY124 at line WS-23-lines col 1 foreground-color 4 erase eol
  2984                         display  B at line AN-LINE col AN-COLUMN foreground-color 4
  2985                         move     1 to Error-Code
  2986                else
  2987                         move     B to Emp-ED-Acct-No (A)
  2988                end-if
  2989  *>
  2990                accept   Emp-ED-Amt-Pcent (A) at line AN-LINE col 37 foreground-color 3 UPDATE UPPER
  2991                if       Emp-ED-Amt-Pcent (A) not = "A" and not = "P"
  2992                         display  PY121 at line WS-23-lines col 1 foreground-color 4 erase eol
  2993                         display  Emp-ED-Amt-Pcent (A) at line AN-LINE col 37 foreground-color 4
  2994                         move     1 to Error-Code
  2995                end-if
  2996                move     42 to AN-COLUMN
  2997                call     STATIC "ACCEPT_NUMERIC" using by REFERENCE Emp-ED-Factor (A)
  2998                                                       by REFERENCE AN-ACCEPT-NUMERIC
  2999                accept   Emp-ED-Limit-Used (A) at line AN-LINE col 55 foreground-color 3
  3000                if       Emp-ED-Limit-Used (A) not = "Y" and not = "N"
  3001                         display  Emp-ED-Limit-Used (A) at line AN-LINE col 55 foreground-color 4
  3002                         display  PY119 at line WS-23-lines col 1 foreground-color 4 erase eol
  3003                         move     1 to Error-Code
  3004                end-if
  3005                if       Emp-ED-Limit-Used (A) = "Y"
  3006                         move     61 to AN-COLUMN
  3007                         call     STATIC "ACCEPT_NUMERIC" using by REFERENCE Emp-ED-Limit (A)
  3008                                                                by REFERENCE AN-ACCEPT-NUMERIC
  3009                end-if
  3010                accept   Emp-ED-Exclusion (A) at line AN-LINE col 72 foreground-color 3 UPDATE
  3011                if       Emp-ED-Exclusion (A) < 1 or > 4
  3012                         display  Emp-ED-Exclusion (A) at line AN-LINE col 72 foreground-color 4
  3013                         display  PY108 at line WS-23-Lines col 1 foreground-color 4 erase eol
  3014                         move     1 to Error-Code
  3015                end-if
  3016                move     75 to AN-COLUMN
  3017                call     STATIC "ACCEPT_NUMERIC" using by REFERENCE Emp-ED-Chk-Cat (A)
  3018                                                       by REFERENCE AN-ACCEPT-NUMERIC
  3019                if       (Emp-ED-Chk-Cat (A) not < PY-PR1-Lo-Earn-Chk-Cat
  3020                    and                      not > PY-PR1-Hi-Earn-Chk-Cat)
  3021                  or     (Emp-ED-Chk-Cat (A) not > PY-PR1-Hi-Ded-Chk-Cat
  3022                    and                      not < PY-PR1-Lo-Ded-Chk-Cat)
  3023                         next sentence
  3024                else
ACS Cobol Xref v2.03.18          Dictionary File for PY010    24/03/2026  18:35:52:43                                  Page   57

  3025                         display  Emp-ED-Chk-Cat (A) at line AN-LINE col 75 foreground-color 4
  3026                         display  PY138 at line WS-23-Lines col 1 foreground-color 4 erase eol
  3027                         move     1 to Error-Code
  3028                end-if
  3029                if       Error-Code  not = zero
  3030                         subtract 1 from A
  3031                end-if
  3032                exit perform cycle
  3033       end-perform.
  3034  *>
  3035  *> Here not do a write as it was created prior to ba000 running.
  3036  *>
  3037       rewrite  PY-Employee-Record.
  3038       if       PY-Emp-Status not = zeros
  3039                perform  aa155-Emp-Rewrite-Error  *> then ba999-exit
  3040                move     zeros to WS-Saved-Emp-No
  3041                go to    ca999-Exit
  3042       else
  3043                move     Emp-No to WS-Saved-Emp-No
  3044       end-if.
  3045  *>
  3046   ca999-Exit.   exit section.
  3047  *>
  3048   da000-Process-Rates           section.
  3049  *>************************************
  3050  *> Remember param1 is closed.
  3051  *>
  3052       display  SS-Employee-Data-3.
  3053  *> Use existing Emp-No but update
  3054   da010-Get-Emp-No.
  3055       move     05 to AN-LINE.
  3056       move     12 to AN-COLUMN.
  3057       call     STATIC "ACCEPT_NUMERIC" using by REFERENCE WS-Employee-Number
  3058                                              by REFERENCE AN-ACCEPT-NUMERIC.
  3059       if       Cob-Crt-Status = Cob-Scr-Esc
  3060                go to da999-Exit.
  3061       if       Emp-No not = WS-Employee-Number
  3062                move     WS-Employee-Number  to Emp-No
  3063                read     PY-Employee-File key Emp-No
  3064                if       PY-Emp-Status not = zeros
  3065                         display  PY173 at line WS-23-Lines foreground-color 4 erase eol
  3066                         go to da010-Get-Emp-No
  3067                else
  3068                         display  space at line WS-23-Lines erase eos
  3069                end-if
  3070       end-if.
  3071  *>
  3072       display  Emp-Name at 0527.
  3073       move     Emp-SSN to WS-Temp-SSN-Orig.
  3074       inspect  WS-Temp-SSN-Orig replacing all "/" by "-".
  3075       display  WS-Temp-SSN-Orig at 0566.
  3076  *>
  3077       perform  forever
  3078                accept   Emp-HS-Type at 0833 foreground-color 3 UPDATE UPPER
ACS Cobol Xref v2.03.18          Dictionary File for PY010    24/03/2026  18:35:52:43                                  Page   58

  3079                if       Emp-HS-Type not = "H" and not = "S"
  3080                         display  Emp-HS-Type at 0833 foreground-color 4
  3081                         display  PY110 at line WS-23-Lines col 1 foreground-color 4 erase eol
  3082                         exit perform cycle
  3083                else
  3084                         display  space at line WS-23-Lines col 1 erase eol
  3085                         exit perform
  3086                end-if
  3087       end-perform.
  3088       perform  forever
  3089                accept   Emp-Pay-Interval at 0933 foreground-color 3 UPDATE UPPER
  3090                if       Emp-Pay-Interval not = "S" and not "M" and not "W" and not "B"
  3091                         display  Emp-Pay-Interval at 0933 foreground-color 4
  3092                         display  PY109 at line WS-23-Lines col 1 foreground-color 4 erase eol
  3093                         exit perform cycle
  3094                else
  3095                         display  space at line WS-23-Lines col 1 erase eol
  3096                         exit perform
  3097                end-if
  3098       end-perform.
  3099       perform  forever
  3100                accept   Emp-Marital at 0974 foreground-color 3 UPDATE UPPER
  3101                if       Emp-Marital not = "S" and not "M"
  3102                         display  Emp-Marital at 0974 foreground-color 4
  3103                         display  PY223 at line WS-23-Lines col 1 foreground-color 4 erase eol
  3104                         exit perform cycle
  3105                else
  3106                         display space at line WS-23-Lines col 1 erase eol
  3107                         exit perform
  3108                end-if
  3109       end-perform.
  3110  *>
  3111       perform  forever
  3112                move     Emp-FWT-Allow to A
  3113                accept   A  at 1073 foreground-color 3 UPDATE
  3114                if       Emp-FWT-Exempt = "Y"
  3115                     and A not = zero
  3116                         display  A at 1073 foreground-color 4
  3117                         display  PY229 at line WS-23-Lines col 1 foreground-color 4 erase eol
  3118                         exit perform cycle
  3119                else
  3120                         display space at line WS-23-Lines col 1 erase eol
  3121                         move     A to Emp-FWT-Allow
  3122                         exit perform
  3123                end-if
  3124       end-perform.
  3125  *>
  3126       display  PY-PR1-Rate-Name (1) at 1101.
  3127       if       Emp-Rate (1) = zero
  3128          and   Emp-HS-Type = "H"
  3129                move     "Y" to WS-Recalculate
  3130       else
  3131                move     "N" to WS-Recalculate.
  3132  *>
ACS Cobol Xref v2.03.18          Dictionary File for PY010    24/03/2026  18:35:52:43                                  Page   59

  3133       move     11 to AN-LINE.
  3134       move     26 to AN-COLUMN.
  3135       call     STATIC "ACCEPT_NUMERIC" using by REFERENCE Emp-Rate (1)
  3136                                              by REFERENCE AN-ACCEPT-NUMERIC.
  3137       if       WS-Recalculate = "Y"
  3138                compute Emp-Rate (2) = Emp-Rate (1) * PY-PR1-Rate2-Factor
  3139                compute Emp-Rate (3) = Emp-Rate (1) * PY-PR1-Rate3-Factor
  3140                compute Emp-Max-Pay  = Emp-Rate (1) * Emp-Normal-Units * PY-PR1-Max-Pay-Factor
  3141       end-if.
  3142  *> This is in ratent (CBasic code) and no do not understand the reasoning for it.
  3143  *> ^^^^^
  3144   *>   then emp.rate(2)= emp.rate(1)*pr1.rate2.factor: \
  3145   *>    emp.rate(3)= emp.rate(1)*pr1.rate3.factor: \
  3146   *>    emp.max.pay= emp.rate(1)*emp.normal.units*pr1.max.pay.factor: \
  3147   *>    trash%=fn.put%(str$(emp.rate(2)), fld.rate2%): \
  3148   *>    trash%=fn.put%(str$(emp.rate(3)), fld.rate3%): \
  3149   *>    trash%=fn.put%(str$(emp.max.pay), fld.max.pay%)
  3150
  3151  *>
  3152       perform  forever
  3153                move     Emp-SWT-Allow to A           *> Don't overwrite if wrong
  3154                accept   A at 1173 foreground-color 3 UPDATE
  3155                if       Emp-SWT-Exempt = "Y"
  3156                    and  A not = zero
  3157                         display  A at 1173 foreground-color 4
  3158                         display  PY230 at line WS-23-Lines col 1 foreground-color 4 erase eol
  3159                         exit perform cycle
  3160                else
  3161                         display  space at line WS-23-Lines col 1 erase eol
  3162                         move     A to Emp-SWT-Allow
  3163                         exit perform
  3164                end-if
  3165       end-perform.
  3166  *>
  3167  *>
  3168       display  PY-PR1-Rate-Name (2) at 1201.
  3169       move     12 to AN-LINE.
  3170   *>    move     26 to AN-COLUMN.  *> Same as previous
  3171       call     STATIC "ACCEPT_NUMERIC" using by REFERENCE Emp-Rate (2)
  3172                                              by REFERENCE AN-ACCEPT-NUMERIC.
  3173  *>
  3174       perform  forever
  3175                move     Emp-LWT-Allow to A
  3176                accept   A at 1273 foreground-color 3 UPDATE
  3177                if       Emp-LWT-Exempt = "Y"
  3178                    and  A not = zero
  3179                         display  A at 1273 foreground-color 4
  3180                         display  PY231 at line WS-23-Lines col 1 foreground-color 4 erase eol
  3181                         exit perform cycle
  3182                else
  3183                         display  space at line WS-23-Lines col 1 erase eol
  3184                         move     A to Emp-LWT-Allow
  3185                         exit perform
  3186                end-if
ACS Cobol Xref v2.03.18          Dictionary File for PY010    24/03/2026  18:35:52:43                                  Page   60

  3187       end-perform.
  3188  *>
  3189  *>
  3190       display  PY-PR1-Rate-Name (3) at 1301.
  3191       move     13 to AN-LINE.
  3192   *>    move     26 to AN-COLUMN.  *> Same as previous
  3193       call     STATIC "ACCEPT_NUMERIC" using by REFERENCE Emp-Rate (3)
  3194                                              by REFERENCE AN-ACCEPT-NUMERIC.
  3195  *>
  3196       perform  forever
  3197                accept   Emp-Eic-Used at 1374 foreground-color 3 UPDATE UPPER
  3198                if       Emp-Eic-Used not = "Y" and not = "N"
  3199                         display  PY119 at line WS-23-Lines col 1 foreground-color 4 erase eol
  3200                         display  Emp-Eic-Used at 1374 foreground-color 4
  3201                         exit perform cycle
  3202                else
  3203                         display  space at line WS-23-Lines col 1 erase eol
  3204                         exit perform
  3205                end-if
  3206       end-perform.
  3207  *>
  3208       display  PY-PR1-Rate-Name (4) at 1401.
  3209       move     14 to AN-LINE.
  3210   *>    move     26 to AN-COLUMN.  *> Same as previous
  3211       call     STATIC "ACCEPT_NUMERIC" using by REFERENCE Emp-Rate (4)
  3212                                              by REFERENCE AN-ACCEPT-NUMERIC.
  3213  *>
  3214       perform  forever
  3215                accept   Emp-Rate4-Exclusion at 1533 foreground-color 3 UPDATE
  3216                if       Emp-Rate4-Exclusion < 1 or > 4
  3217                         display  Emp-Rate4-Exclusion at 1533 foreground-color 4
  3218                         display  PY108 at line WS-23-Lines col 1 foreground-color 4 erase eol
  3219                         exit perform cycle
  3220                else
  3221                         display  space at line WS-23-Lines col 1 erase eol
  3222                         exit perform
  3223                end-if
  3224       end-perform.
  3225  *>
  3226       move     16 to AN-LINE.
  3227   *>    move     26 to AN-COLUMN.
  3228       call     STATIC "ACCEPT_NUMERIC" using by REFERENCE Emp-Auto-Units
  3229                                              by REFERENCE AN-ACCEPT-NUMERIC.
  3230       perform  forever
  3231                accept   Emp-Cal-Head-Of-House at 1674 foreground-color 3 UPDATE UPPER
  3232                if       Emp-Cal-Head-Of-House not = "Y" and not = "N"
  3233                         display  PY119 at line WS-23-Lines col 1 foreground-color 4 erase eol
  3234                         display  Emp-Cal-Head-Of-House at 1674 foreground-color 4
  3235                         exit perform cycle
  3236                else
  3237                         display  space at line WS-23-Lines col 1 erase eol
  3238                         exit perform
  3239                end-if
  3240       end-perform.
ACS Cobol Xref v2.03.18          Dictionary File for PY010    24/03/2026  18:35:52:43                                  Page   61

  3241  *>
  3242       move     17 to AN-LINE.
  3243   *>    move     26 to AN-COLUMN.
  3244       call     STATIC "ACCEPT_NUMERIC" using by REFERENCE Emp-Normal-Units
  3245                                              by REFERENCE AN-ACCEPT-NUMERIC.
  3246       if       Emp-HS-Type = "H"
  3247                compute Emp-Max-Pay = Emp-Rate (1) * Emp-Normal-Units * PY-PR1-Max-Pay-Factor.  *> ratent 5012
  3248  *>
  3249       move     73 to AN-COLUMN.
  3250       call     STATIC "ACCEPT_NUMERIC" using by REFERENCE Emp-Cal-Ded-Allow
  3251                                              by REFERENCE AN-ACCEPT-NUMERIC.
  3252  *>
  3253       move     18 to AN-LINE.
  3254       move     25 to AN-COLUMN.
  3255       call     STATIC "ACCEPT_NUMERIC" using by REFERENCE Emp-Max-Pay
  3256                                              by REFERENCE AN-ACCEPT-NUMERIC.
  3257  *>
  3258       move     20 to AN-LINE.
  3259       move     26 to AN-COLUMN.
  3260       call     STATIC "ACCEPT_NUMERIC" using by REFERENCE Emp-Vac-Rate
  3261                                              by REFERENCE AN-ACCEPT-NUMERIC.
  3262       move     50 to AN-COLUMN.
  3263       call     STATIC "ACCEPT_NUMERIC" using by REFERENCE Emp-Vac-Accum
  3264                                              by REFERENCE AN-ACCEPT-NUMERIC.
  3265       move     67 to AN-COLUMN.
  3266       call     STATIC "ACCEPT_NUMERIC" using by REFERENCE Emp-Vac-Used
  3267                                              by REFERENCE AN-ACCEPT-NUMERIC.
  3268  *>
  3269       move     21 to AN-LINE.
  3270       move     26 to AN-COLUMN.
  3271       call     STATIC "ACCEPT_NUMERIC" using by REFERENCE Emp-SL-Rate
  3272                                              by REFERENCE AN-ACCEPT-NUMERIC.
  3273       move     50 to AN-COLUMN.
  3274       call     STATIC "ACCEPT_NUMERIC" using by REFERENCE Emp-SL-Accum
  3275                                              by REFERENCE AN-ACCEPT-NUMERIC.
  3276       move     67 to AN-COLUMN.
  3277       call     STATIC "ACCEPT_NUMERIC" using by REFERENCE Emp-SL-Used
  3278                                              by REFERENCE AN-ACCEPT-NUMERIC.
  3279  *>
  3280       move     22 to AN-LINE.
  3281       move     50 to AN-COLUMN.
  3282       call     STATIC "ACCEPT_NUMERIC" using by REFERENCE Emp-Comp-Accum
  3283                                              by REFERENCE AN-ACCEPT-NUMERIC.
  3284       move     67 to AN-COLUMN.
  3285       call     STATIC "ACCEPT_NUMERIC" using by REFERENCE Emp-Comp-Used
  3286                                              by REFERENCE AN-ACCEPT-NUMERIC.
  3287  *>
  3288  *> Here not do a write as it was created prior to ba000 running.
  3289  *>
  3290       rewrite  PY-Employee-Record.
  3291       if       PY-Emp-Status not = zeros
  3292                perform  aa155-Emp-Rewrite-Error  *> then ba999-exit
  3293                move     zeros to WS-Saved-Emp-No
  3294                go to    da999-Exit
ACS Cobol Xref v2.03.18          Dictionary File for PY010    24/03/2026  18:35:52:43                                  Page   62

  3295       else
  3296                move     Emp-No to WS-Saved-Emp-No
  3297       end-if.
  3298  *>
  3299   da999-Exit.   exit section.
  3300  *>
  3301   ea000-Employee-History      section.
  3302  *>**********************************
  3303  *> Remember param1 is closed.
  3304  *>
  3305       open     input PY-Comp-Hist-File.
  3306       if       PY-Coh-Status not = zeros
  3307                display  PY013 at line WS-23-Lines col 1 erase eos
  3308                                          foreground-color 4 BEEP
  3309                display  PY-COH-Status at line WS-23-Lines col 44
  3310                move     PY-COH-Status to PY-PR1-Status
  3311                perform  ZZ040-Evaluate-Message
  3312                display  WS-Eval-Msg   at line WS-23-lines col 47
  3313                display  SY001 at line WS-lines col 01
  3314                              with foreground-color cob-color-red erase eol BEEP
  3315                accept   WS-Reply at line WS-lines col 52 AUTO.
  3316                close    PY-Comp-Hist-File
  3317                go to ea999-Exit.
  3318  *>
  3319       move     1  to RRN.
  3320       read     PY-Comp-Hist-File.
  3321       if       PY-CoH-Status not = zero
  3322                perform  zz100-Coh-Read-Error
  3323                close    PY-Comp-Hist-File
  3324                         PY-Param1-File
  3325                goback   returning 2
  3326       end-if.
  3327  *>
  3328       if       Coh-Starting-Up = "N"    *> Not apply for pyupdpm,pyupdhis
  3329                display  PY015 at line WS-23-Lines col 1 foreground-color 4
  3330                                                         erase eos
  3331                display  SY003 at line WS-Lines    col 1 foreground-color 4
  3332                accept   WS-Reply at line WS-Lines col 53
  3333    *>            close    PY-Comp-Hist-File
  3334                go to    ea999-Exit.
  3335  *>
  3336       display  SS-Employee-History-Data-1.
  3337  *>
  3338  *> Use existing Emp-No but update
  3339   ea010-Get-Emp-No.
  3340       move     05 to AN-LINE.
  3341       move     12 to AN-COLUMN.
  3342       call     STATIC "ACCEPT_NUMERIC" using by REFERENCE WS-Employee-Number
  3343                                              by REFERENCE AN-ACCEPT-NUMERIC.
  3344       if       Cob-Crt-Status = Cob-Scr-Esc
  3345                go to ea999-Exit.
  3346       if       Emp-No not = WS-Employee-Number
  3347                move     WS-Employee-Number  to Emp-No
  3348                read     PY-Employee-File key Emp-No
ACS Cobol Xref v2.03.18          Dictionary File for PY010    24/03/2026  18:35:52:43                                  Page   63

  3349                if       PY-Emp-Status not = zeros
  3350                         display  PY173 at line WS-23-Lines foreground-color 4 erase eol
  3351                         go to ea010-Get-Emp-No
  3352                else
  3353                         display  space at line WS-23-Lines erase eos
  3354                end-if
  3355       end-if.
  3356  *>
  3357
  3358
  3359
  3360
  3361
  3362       display  Emp-Name at 0527.
  3363       move     Emp-SSN to WS-Temp-SSN-Orig.
  3364       inspect  WS-Temp-SSN-Orig replacing all "/" by "-".
  3365       display  WS-Temp-SSN-Orig at 0566.
  3366  *>
  3367  *> Emp history now and chg the emp # line for name and SSN
  3368  *>
  3369  *>   Now check that there is no history of a payment
  3370  *>   as cannot update history as totals will not be correct
  3371  *>   The History record should exist as created in option 1 but JIC
  3372  *>
  3373       move     Emp-No to His-Emp-No.
  3374       read     PY-History-File key His-Emp-No.
  3375       if       PY-His-Emp-Status not = zeros
  3376                display  PY132 at line WS-23-Lines col 1 foreground-color 4
  3377                display  SY003 at line WS-Lines col 1
  3378                accept   WS-Reply at line WS-Reply col 53
  3379                go to    ea999-Exit.
  3380  *>
  3381  *> Now check there has been no payments.
  3382  *>
  3383       if       His-QTD-Income-Taxable not = zero
  3384           or   His-YTD-Income-Taxable not = zero
  3385                display  PY141 at line WS-23-Lines col 1 foreground-color 4
  3386                display  SY003 at line WS-Lines col 1
  3387                accept   WS-Reply at line WS-Reply col 53
  3388                go to    ea999-Exit.
  3389  *>
  3390       move     8  to AN-Line.
  3391       move     9  to AN-Column.
  3392       set      AN-MODE-IS-NO-UPDATE to true.   *> all init fields.
  3393  *>
  3394       move     His-QTD-Income-Taxable  to WS-Temp-Amount.
  3395       perform  ea100-Get-Amount.
  3396       move     WS-Temp-Amount to His-QTD-Income-Taxable
  3397       move     29 to AN-Column.
  3398       move     His-QTD-Other-Taxable to WS-Temp-Amount.
  3399       perform  ea100-Get-Amount.
  3400       move     WS-Temp-Amount to His-QTD-Other-Taxable.
  3401       move     51 to AN-Column.
  3402       move     His-QTD-Other-NonTaxable to WS-Temp-Amount.
ACS Cobol Xref v2.03.18          Dictionary File for PY010    24/03/2026  18:35:52:43                                  Page   64

  3403       perform  ea100-Get-Amount.
  3404       move     WS-Temp-Amount to His-QTD-Other-NonTaxable.
  3405       move     69 to AN-Column.
  3406       move     His-QTD-Fica-Taxable to WS-Temp-Amount.
  3407       perform  ea100-Get-Amount.
  3408       move     WS-Temp-Amount to His-QTD-Fica-Taxable.
  3409  *>
  3410       move     9  to AN-Line.
  3411       move     29  to AN-Column.
  3412       move     His-QTD-EIC to WS-Temp-Amount.
  3413       perform  ea100-Get-Amount.
  3414       move     WS-Temp-Amount to His-QTD-EIC.
  3415       move     51 to AN-Column.
  3416       move     His-QTD-Tips  to WS-Temp-Amount.
  3417       perform  ea100-Get-Amount.
  3418       move     WS-Temp-Amount to His-QTD-Tips.
  3419       move     69 to AN-Column.
  3420       move     His-QTD-Net to WS-Temp-Amount.
  3421       perform  ea100-Get-Amount.
  3422       move     WS-Temp-Amount to His-QTD-Net.
  3423  *>
  3424       move     10  to AN-Line.
  3425       move     29  to AN-Column.
  3426       move     His-QTD-FWT to WS-Temp-Amount.
  3427       perform  ea100-Get-Amount.
  3428       move     WS-Temp-Amount to His-QTD-FWT.
  3429       move     51 to AN-Column.
  3430       move     His-QTD-SWT  to WS-Temp-Amount.
  3431       perform  ea100-Get-Amount.
  3432       move     WS-Temp-Amount to His-QTD-SWT.
  3433       move     69 to AN-Column.
  3434       move     His-QTD-LWT to WS-Temp-Amount.
  3435       perform  ea100-Get-Amount.
  3436       move     WS-Temp-Amount to His-QTD-LWT.
  3437  *>
  3438       move     11  to AN-Line.
  3439       move     29  to AN-Column.
  3440       move     His-QTD-FICA to WS-Temp-Amount.
  3441       perform  ea100-Get-Amount.
  3442       move     WS-Temp-Amount to His-QTD-FICA.
  3443       move     51 to AN-Column.
  3444       move     His-QTD-SDI  to WS-Temp-Amount.
  3445       perform  ea100-Get-Amount.
  3446       move     WS-Temp-Amount to His-QTD-SDI.
  3447  *>
  3448       move     13  to AN-Line.
  3449       move     zero to C.
  3450       perform  varying AN-Column from 9 by 15 until AN-Column > 69
  3451                add      1 to C
  3452                move     His-QTD-Sys (C)  to  WS-Temp-Amount
  3453                perform  ea100-Get-Amount
  3454                move     WS-Temp-Amount to His-QTD-Sys (C)
  3455                if       C = 5
  3456                         exit perform
ACS Cobol Xref v2.03.18          Dictionary File for PY010    24/03/2026  18:35:52:43                                  Page   65

  3457                end-if
  3458                exit perform cycle
  3459       end-perform.
  3460  *>
  3461       move     14  to AN-Line.
  3462       move     zero to C.
  3463       perform  varying AN-Column from 9 by 15 until AN-Column > 39
  3464                add      1 to C
  3465                move     His-QTD-Emp (C)  to  WS-Temp-Amount
  3466                perform  ea100-Get-Amount
  3467                move     WS-Temp-Amount to His-QTD-Emp (C)
  3468                if       C = 3
  3469                         exit perform
  3470                end-if
  3471                exit perform cycle
  3472       end-perform.
  3473  *>
  3474       move     69  to AN-Column.
  3475       move     His-QTD-Other-Ded to WS-Temp-Amount
  3476       perform  ea100-Get-Amount
  3477       move     WS-Temp-Amount to His-QTD-Other-Ded.
  3478  *>
  3479       move     15  to AN-Line.
  3480       move     zero to C.
  3481       perform  varying AN-Column from 24 by 15 until AN-Column > 69
  3482                add      1 to C
  3483                move     His-QTD-Units (C)  to  WS-Temp-Amount
  3484                perform  ea100-Get-Amount
  3485                move     WS-Temp-Amount to His-QTD-Units (C)
  3486                if       C = 4
  3487                         exit perform
  3488                end-if
  3489                exit perform cycle
  3490       end-perform.
  3491  *>
  3492       move     17  to AN-Line.
  3493       move     9  to AN-Column.
  3494       move     His-YTD-Income-Taxable  to WS-Temp-Amount.
  3495       perform  ea100-Get-Amount.
  3496       move     WS-Temp-Amount to His-YTD-Income-Taxable
  3497       move     29 to AN-Column.
  3498       move     His-YTD-Other-Taxable to WS-Temp-Amount.
  3499       perform  ea100-Get-Amount.
  3500       move     WS-Temp-Amount to His-YTD-Other-Taxable.
  3501       move     51 to AN-Column.
  3502       move     His-YTD-Other-NonTaxable to WS-Temp-Amount.
  3503       perform  ea100-Get-Amount.
  3504       move     WS-Temp-Amount to His-YTD-Other-NonTaxable.
  3505       move     69 to AN-Column.
  3506       move     His-YTD-Fica-Taxable to WS-Temp-Amount.
  3507       perform  ea100-Get-Amount.
  3508       move     WS-Temp-Amount to His-YTD-Fica-Taxable.
  3509  *>
  3510       move     18  to AN-Line.
ACS Cobol Xref v2.03.18          Dictionary File for PY010    24/03/2026  18:35:52:43                                  Page   66

  3511       move     29  to AN-Column.
  3512       move     His-YTD-EIC to WS-Temp-Amount.
  3513       perform  ea100-Get-Amount.
  3514       move     WS-Temp-Amount to His-YTD-EIC.
  3515       move     51 to AN-Column.
  3516       move     His-YTD-Tips  to WS-Temp-Amount.
  3517       perform  ea100-Get-Amount.
  3518       move     WS-Temp-Amount to His-YTD-Tips.
  3519       move     69 to AN-Column.
  3520       move     His-YTD-Net to WS-Temp-Amount.
  3521       perform  ea100-Get-Amount.
  3522       move     WS-Temp-Amount to His-YTD-Net.
  3523  *>
  3524       move     19  to AN-Line.
  3525       move     29  to AN-Column.
  3526       move     His-YTD-FWT to WS-Temp-Amount.
  3527       perform  ea100-Get-Amount.
  3528       move     WS-Temp-Amount to His-YTD-FWT.
  3529       move     51 to AN-Column.
  3530       move     His-YTD-SWT  to WS-Temp-Amount.
  3531       perform  ea100-Get-Amount.
  3532       move     WS-Temp-Amount to His-YTD-SWT.
  3533       move     69 to AN-Column.
  3534       move     His-YTD-LWT to WS-Temp-Amount.
  3535       perform  ea100-Get-Amount.
  3536       move     WS-Temp-Amount to His-YTD-LWT.
  3537  *>
  3538       move     20  to AN-Line.
  3539       move     29  to AN-Column.
  3540       move     His-YTD-FICA to WS-Temp-Amount.
  3541       perform  ea100-Get-Amount.
  3542       move     WS-Temp-Amount to His-YTD-FICA.
  3543       move     51 to AN-Column.
  3544       move     His-YTD-SDI  to WS-Temp-Amount.
  3545       perform  ea100-Get-Amount.
  3546       move     WS-Temp-Amount to His-YTD-SDI.
  3547  *>
  3548  *>
  3549       move     22  to AN-Line.
  3550       move     zero to C.
  3551       perform  varying AN-Column from 9 by 15 until AN-Column > 69
  3552                add      1 to C
  3553                move     His-YTD-Sys (C)  to  WS-Temp-Amount
  3554                perform  ea100-Get-Amount
  3555                move     WS-Temp-Amount to His-YTD-Sys (C)
  3556                if       C = 5
  3557                         exit perform
  3558                end-if
  3559                exit perform cycle
  3560       end-perform.
  3561  *>
  3562       move     23  to AN-Line.
  3563       move     zero to C.
  3564       perform  varying AN-Column from 9 by 15 until AN-Column > 39
ACS Cobol Xref v2.03.18          Dictionary File for PY010    24/03/2026  18:35:52:43                                  Page   67

  3565                add      1 to C
  3566                move     His-YTD-Emp (C)  to  WS-Temp-Amount
  3567                perform  ea100-Get-Amount
  3568                move     WS-Temp-Amount to His-YTD-Emp (C)
  3569                if       C = 3
  3570                         exit perform
  3571                end-if
  3572                exit perform cycle
  3573       end-perform.
  3574  *>
  3575       move     69  to AN-Column.
  3576       move     His-YTD-Other-Ded to WS-Temp-Amount
  3577       perform  ea100-Get-Amount
  3578       move     WS-Temp-Amount to His-YTD-Other-Ded.
  3579  *>
  3580       move     24  to AN-Line.
  3581       move     zero to C.
  3582       perform  varying AN-Column from 24 by 15 until AN-Column > 69
  3583                add      1 to C
  3584                move     His-YTD-Units (C)  to  WS-Temp-Amount
  3585                perform  ea100-Get-Amount
  3586                move     WS-Temp-Amount to His-YTD-Units (C)
  3587                if       C = 4
  3588                         exit perform
  3589                end-if
  3590                exit perform cycle
  3591       end-perform.
  3592  *>
  3593       rewrite  PY-History-Record.
  3594       if       PY-His-Emp-Status not = zeros
  3595                perform  aa150-His-Write-Error
  3596                move     zeros to WS-Saved-Emp-No
  3597                go to    ea999-Exit
  3598       else
  3599                move     Emp-No to WS-Saved-Emp-No
  3600       end-if.
  3601  *>
  3602       go       to  ea999-Exit.
  3603  *>
  3604   ea100-Get-Amount.
  3605       call     STATIC "ACCEPT_NUMERIC" using by REFERENCE WS-Temp-Amount
  3606                                              by REFERENCE AN-ACCEPT-NUMERIC.
  3607       if       Cob-Crt-Status = Cob-Scr-Esc
  3608                go to ea999-Exit.
  3609  *>
  3610   ea-Dummy.    exit.
  3611  *>
  3612
  3613  *>
  3614   ea999-Exit.   exit section.
  3615  *>
  3616   zz010-Test-YMD              section.
  3617  *>**********************************
  3618  *>
ACS Cobol Xref v2.03.18          Dictionary File for PY010    24/03/2026  18:35:52:43                                  Page   68

  3619       move     WS-Year  to WS-Test-YMD (1:4).
  3620       if       PY-PR1-Date-Format = 2   *> test for USA - mmddyyyy - -> yyyymmdd
  3621                move     WS-Days  to WS-Test-YMD (5:2)
  3622                move     WS-Month to WS-Test-YMD (7:2)
  3623       else
  3624                move     WS-Days  to WS-Test-YMD (7:2)  *> test for UK - ddmmyyyy -> yyyymmdd
  3625                move     WS-Month to WS-Test-YMD (5:2).
  3626  *>
  3627       move     zero  to A.
  3628       move     TEST-DATE-YYYYMMDD (WS-Test-YMD) to A.
  3629
  3630   zz010-Exit.  exit section.
  3631  *>
  3632  *>
  3633   zz030-Common-Routines       section.   *> Never called but holds common routines
  3634  *>**********************************
  3635  *>
  3636  *> Maps04.    *> NOT USED
  3637  *>******
  3638  *>
  3639   *>    call     "maps04"  using  Maps03-WS.
  3640  *>
  3641   *>maps04-Exit. exit.
  3642  *>
  3643   Maps09.
  3644  *>*****
  3645  *>
  3646       call     "maps09"  using  maps09-ws. *>  customer-code.
  3647  *>
  3648   maps09-Exit. exit.
  3649  *>
  3650  *> Used for ACCEPT_NUMERIC after CAll Only
  3651  *>
  3652  *>C      copy "an-accept.pl".   *> and  perform  AN-Test-Status
  3653        *>
  3654        *> performed after calling "accept_numeric" routine
  3655        *>
  3656         AN-Test-Status.
  3657             move     zeros to COB-CRT-STATUS.
  3658             evaluate AN-Return-Code
  3659                      when = zero
  3660                               move     zero to COB-CRT-STATUS
  3661                      when > zero and < 49 *> F1 thru F48
  3662                               compute COB-CRT-STATUS = AN-Return-Code + 1000
  3663                      when = 49            *> PAGE-UP - 2001
  3664                               move     2001 to COB-CRT-STATUS
  3665                      when = 50            *> PAGE-DOWN - 2002
  3666                               move     2002 to COB-CRT-STATUS
  3667                      when = 51            *> TAB    - 2007
  3668                               move     2007 to COB-CRT-STATUS
  3669                      when = 52            *> BACK-TAB - 2008
  3670                               move     2008 to COB-CRT-STATUS
  3671                      when = 99            *> ESCAPE - 2005
  3672                               move     2005 to COB-CRT-STATUS
ACS Cobol Xref v2.03.18          Dictionary File for PY010    24/03/2026  18:35:52:43                                  Page   69

  3673                      when other           *> No Others Coded For
  3674                               move     9000 to COB-CRT-STATUS
  3675             end-evaluate.
  3676        *>
  3677  *>                                           ==============
  3678  *>
  3679   zz030-Exit.  exit section.
  3680  *>
  3681  *>
  3682   zz040-Evaluate-Message      Section.
  3683  *>**********************************
  3684  *>
  3685  *> For PY-PR1 parameter file anfd other using PR-PR1-Status.
  3686  *>
  3687  *>C      copy "FileStat-Msgs-2.cpy" replacing MSG    by WS-Eval-Msg
  3688  *>C                                           STATUS by PY-PR1-Status.
  3689  *> ***************************************************************
  3690  *> ** Author: Gary L. Cutler                                    **
  3691  *> **         CutlerGL@gmail.com                                **
  3692  *> ** Amendments Vincent B. Coen                                **
  3693  *> **         vbcoen@gmail.com                                  **
  3694  *> **                                                           **
  3695  *> ** This copybook defines an EVALUATE statement capable of    **
  3696  *> ** translating two-digit FILE-STATUS codes to a message.     **
  3697  *> **                                                           **
  3698  *> ** Use the REPLACING option to COPY to change the names of   **
  3699  *> ** the MSG and STATUS identifiers to                         **
  3700  *> ** the names your program needs.                             **
  3701  *> Such as replacing STATUS by fs-reply msg by exception-msg.   **
  3702  *>                                                              **
  3703  *> ** chg 09/08/23 vbc for missing statuses                     **
  3704  *> ** Chg 11/12/23 vbc for missing statuses                     **
  3705  *> ** Chg 10/04/25 vbc match all quotes & spacing/layout        **
  3706  *> ** chg to FREE format                                        **
  3707  *> ** Chg 24/08/25 vbc #91 description.                         **
  3708  *> ** Chg 15.11.25 vbc Replace all ' for "                      **
  3709  *> ***************************************************************
  3710  *>
  3711   EVALUATE PY-PR1-Status
  3712   WHEN "00" MOVE "Success                  " TO WS-Eval-Msg
  3713   WHEN "02" MOVE "Success Duplicate        " TO WS-Eval-Msg
  3714   WHEN "04" MOVE "Success Incomplete       " TO WS-Eval-Msg
  3715   WHEN "05" MOVE "Success Optional, Missing" TO WS-Eval-Msg
  3716   when "06" move "Multiple Records LS      " TO WS-Eval-Msg
  3717   WHEN "07" MOVE "Success No Unit          " TO WS-Eval-Msg
  3718   when "09" move "Success LS Bad Data      " TO WS-Eval-Msg
  3719   WHEN "10" MOVE "End Of File              " TO WS-Eval-Msg
  3720   WHEN "14" MOVE "Out Of Key Range         " TO WS-Eval-Msg
  3721   WHEN "21" MOVE "Key Invalid              " TO WS-Eval-Msg
  3722   WHEN "22" MOVE "Key Exists               " TO WS-Eval-Msg
  3723   WHEN "23" MOVE "Key Not Exists           " TO WS-Eval-Msg
  3724   WHEN "24" MOVE "Key Boundary violation   " TO WS-Eval-Msg
  3725   WHEN "30" MOVE "Permanent Error          " TO WS-Eval-Msg
  3726   WHEN "31" MOVE "Inconsistent Filename    " TO WS-Eval-Msg
ACS Cobol Xref v2.03.18          Dictionary File for PY010    24/03/2026  18:35:52:43                                  Page   70

  3727   WHEN "34" MOVE "Boundary Violation       " TO WS-Eval-Msg
  3728   WHEN "35" MOVE "File Not Found           " TO WS-Eval-Msg
  3729   WHEN "37" MOVE "Permission Denied        " TO WS-Eval-Msg
  3730   WHEN "38" MOVE "Closed With Lock         " TO WS-Eval-Msg
  3731   WHEN "39" MOVE "Conflict Attribute       " TO WS-Eval-Msg
  3732   WHEN "41" MOVE "Already Open             " TO WS-Eval-Msg
  3733   WHEN "42" MOVE "Not Open                 " TO WS-Eval-Msg
  3734   WHEN "43" MOVE "Read Not Done            " TO WS-Eval-Msg
  3735   WHEN "44" MOVE "Record Overflow          " TO WS-Eval-Msg
  3736   WHEN "46" MOVE "Read Error               " TO WS-Eval-Msg
  3737   WHEN "47" MOVE "Input Denied             " TO WS-Eval-Msg
  3738   WHEN "48" MOVE "Output Denied            " TO WS-Eval-Msg
  3739   WHEN "49" MOVE "I/O Denied               " TO WS-Eval-Msg
  3740   WHEN "51" MOVE "Record Locked            " TO WS-Eval-Msg
  3741   WHEN "52" MOVE "End-Of-Page              " TO WS-Eval-Msg
  3742   WHEN "57" MOVE "I/O Linage               " TO WS-Eval-Msg
  3743   WHEN "61" MOVE "File Sharing Failure     " TO WS-Eval-Msg
  3744   WHEN "71" MOVE "Bad Character LS         " TO WS-Eval-Msg
  3745   WHEN "91" MOVE "Feature Not Available    " TO WS-Eval-Msg
  3746            WHEN OTHER
  3747   MOVE "Unknown File PY-PR1-Status      " TO WS-
  3748  *>
  3749       END-EVALUATE.
  3750
  3751  *>>W Msg29 Caution: One or more replacing sources not found
  3752  *>
  3753   zz040-Eval-Msg-Exit.
  3754       exit     section.
  3755  *>
  3756   zz070-Convert-Date          section.  *>  NOT USED YET
  3757  *>**********************************
  3758  *>
  3759  *>  Converts date in To-Day to UK/USA/Intl date format using ACAS param
  3760  *>*********************************************************************
  3761  *> Input:   To-Day
  3762  *> output:  WS-Date as uk/US/Inlt date format
  3763  *>
  3764       move     To-Day to WS-Date.
  3765  *>
  3766       if       Date-Form = zero
  3767                move 1 to Date-Form.
  3768       if       Date-UK
  3769                go to zz070-Exit.
  3770       if       Date-USA                *> Swap month and days
  3771                move WS-Days  to WS-Swap
  3772                move WS-Month to WS-Days
  3773                move WS-Swap  to WS-Month
  3774                go to zz070-Exit.
  3775  *>
  3776  *> So its International date format
  3777  *>
  3778       move     "ccyy/mm/dd" to WS-Date.  *> Swap Intl to UK form
  3779       move     To-Day (7:4) to WS-Intl-Year.
  3780       move     To-Day (4:2) to WS-Intl-Month.
ACS Cobol Xref v2.03.18          Dictionary File for PY010    24/03/2026  18:35:52:43                                  Page   71

  3781       move     To-Day (1:2) to WS-Intl-Days.
  3782  *>
  3783   zz070-Exit.
  3784       exit     section.
  3785  *>
  3786   zz100-Coh-Read-Error.
  3787       display  PY013 at line WS-23-Lines col 1 erase eos
  3788                              foreground-color 4 BEEP.
  3789       display  PY-COH-Status at line WS-23-Lines col 44.
  3790       move     PY-COH-Status to PY-PR1-Status.
  3791       perform  ZZ040-Evaluate-Message.
  3792       display  WS-Eval-Msg   at line WS-23-lines col 47.
  3793       display  SY001 at line WS-lines col 01 with foreground-color cob-color-red
  3794                                                   erase eol BEEP.
  3795       accept   WS-Reply at line WS-lines col 52 AUTO.
  3796        *>>>Info: Total Copy Depth Used = 03;  Caution messages issued =   2
ACS Cobol Xref v2.03.18          Dictionary File for PY010    24/03/2026  18:35:52:44                                  Page   72
Symbols of Module: PY010 (PY010)
--------------------------------

Data Section (FILE)             Defn     Locations
-------------------------------+---------------------------------------------------------------

ACT-DESC                           611F
ACT-GL-NO                          610F    2274                                                                               x1
ACT-NO                             213F     609   2261   2267   2274                                                          x4
COH-ALL-Q-TAX                      706F
COH-ALL-Q-TAXES                    705F
COH-DATE                           699F
COH-INTERVAL                       642F
COH-LAST-APPLY-NO                  646F
COH-Q-CO-FUTA-LIAB                 704F
COH-Q-FICA-TAX                     703F
COH-Q-TAX                          702F
COH-Q-TAXES                        701F     705                                                                               x1
COH-QTD                            647F     673                                                                               x1
COH-QTD-CO-FICA-LIAB               661F
COH-QTD-CO-FUTA-LIAB               660F
COH-QTD-CO-SUI-LIAB                662F
COH-QTD-COMP-TIME-EARNED           667F
COH-QTD-COMP-TIME-TAKEN            668F
COH-QTD-EIC-CREDIT                 654F
COH-QTD-EMP                        664F
COH-QTD-FICA-LIAB                  658F
COH-QTD-FICA-TAXABLE               651F
COH-QTD-FWT-LIAB                   655F
COH-QTD-INCOME-TAXABLE             648F
COH-QTD-LWT-LIAB                   657F
COH-QTD-NET                        653F
COH-QTD-OTHER-DED                  665F
COH-QTD-OTHER-NONTAXABLE           650F
COH-QTD-OTHER-TAXABLE              649F
COH-QTD-SDI-LIAB                   659F
COH-QTD-SL-EARNED                  671F
COH-QTD-SL-TAKEN                   672F
COH-QTD-SWT-LIAB                   656F
COH-QTD-SYS                        663F
COH-QTD-TIPS                       652F
COH-QTD-UNITS                      666F
COH-QTD-VAC-EARNED                 669F
COH-QTD-VAC-TAKEN                  670F
COH-STARTING-UP                    643F    3328                                                                               x1
COH-TAX                            700F
COH-YTD-CO-FICA-LIAB               687F
COH-YTD-CO-FUTA-LIAB               686F
COH-YTD-CO-SUI-LIAB                688F
COH-YTD-COMP-TIME-EARNED           693F
COH-YTD-COMP-TIME-TAKEN            694F
COH-YTD-EIC-CREDIT                 680F
COH-YTD-EMP                        690F
COH-YTD-FICA-LIAB                  684F
COH-YTD-FICA-TAXABLE               677F
ACS Cobol Xref v2.03.18          Dictionary File for PY010    24/03/2026  18:35:52:44                                  Page   73
Symbols of Module: PY010 (PY010)
--------------------------------

Data Section (FILE)             Defn     Locations
-------------------------------+---------------------------------------------------------------

COH-YTD-FWT-LIAB                   681F
COH-YTD-INCOME-TAXABLE             674F
COH-YTD-LWT-LIAB                   683F
COH-YTD-NET                        679F
COH-YTD-OTHER-DED                  691F
COH-YTD-OTHER-NONTAXABLE           676F
COH-YTD-OTHER-TAXABLE              675F
COH-YTD-SDI-LIAB                   685F
COH-YTD-SL-EARNED                  697F
COH-YTD-SL-TAKEN                   698F
COH-YTD-SWT-LIAB                   682F
COH-YTD-SYS                        689F
COH-YTD-TIPS                       678F
COH-YTD-UNITS                      692F
COH-YTD-VAC-EARNED                 695F
COH-YTD-VAC-TAKEN                  696F
EMP-ADDRESS-1                      447F    1992   2550                                                                        x2
EMP-ADDRESS-2                      448F    1993   2551                                                                        x2
EMP-ADDRESS-3                      449F    2552                                                                               x1
EMP-ADDRESS-4                      450F    1995   2553                                                                        x2
EMP-AUTO-UNITS                     476F    3228                                                                               x1
EMP-BANK-ACCT-NO                   456F    2001   2613                                                                        x2
EMP-BIRTH-DATE                     437F    2617   2629                                                                        x2
EMP-CAL-DED-ALLOW                  460F    3250                                                                               x1
EMP-CAL-HEAD-OF-HOUSE              459F    2729   3231   3232   3234                                                          x4
EMP-CO-FUTA-EXEMPT                 471F    2876   2877                                                                        x2
EMP-CO-SUI-EXEMPT                  472F    2887   2888   2890                                                                 x3
EMP-COMP-ACCUM                     485F    3282                                                                               x1
EMP-COMP-USED                      486F    3285                                                                               x1
EMP-CUR-APPLY-NO                   444F    2713   2717                                                                        x2
EMP-DIST-ACCT                      488F    2739   2812   2821                                                                 x3
EMP-DIST-GRP                       487F
EMP-DIST-PCENT                     489F    2740   2827   2835                                                                 x3
EMP-ED-ACCT-NO                     496F    2753   2966   2971   2974   2978   2987                                            x6
EMP-ED-AMT-PCENT                   495F    2749   2990   2991   2993                                                          x4
EMP-ED-CHK-CAT                     501F    2964   2965   2970   2973   3017   3019   3021   3025                              x8
EMP-ED-DESC                        497F    2949                                                                               x1
EMP-ED-EARN-DED                    498F    2750   2950   2951   2956   2969                                                   x5
EMP-ED-EXCLUSION                   499F    2751   3010   3011   3012                                                          x4
EMP-ED-FACTOR                      493F    2997                                                                               x1
EMP-ED-GROUP                       492F    2943                                                                               x1
EMP-ED-GRP                         490F
EMP-ED-LIMIT                       494F    3007                                                                               x1
EMP-ED-LIMIT-USED                  500F    2752   2999   3000   3001   3005                                                   x5
EMP-ED-USED                        491F    2933   2937   2939   2942   2953                                                   x5
EMP-EIC-USED                       465F    2728   3197   3198   3200                                                          x4
EMP-EMAIL                          455F
EMP-FICA-EXEMPT                    469F    2734   2865   2866   2868   2879                                                   x5
EMP-FWT-ALLOW                      461F    3112   3121                                                                        x2
ACS Cobol Xref v2.03.18          Dictionary File for PY010    24/03/2026  18:35:52:44                                  Page   74
Symbols of Module: PY010 (PY010)
--------------------------------

Data Section (FILE)             Defn     Locations
-------------------------------+---------------------------------------------------------------

EMP-FWT-EXEMPT                     466F    2731   2870   2871   2873   3114                                                   x5
EMP-HS-TYPE                        432F    2706   2722   3078   3079   3080   3128   3246                                     x7
EMP-JOB-CODE                       435F    2002   2614                                                                        x2
EMP-LWT-ALLOW                      463F    3175   3184                                                                        x2
EMP-LWT-EXEMPT                     468F    2733   2892   2893   2895   3177                                                   x5
EMP-MARITAL                        440F    2710   3100   3101   3102                                                          x4
EMP-MAX-PAY                        478F    2726   3140   3247   3255                                                          x4
EMP-MCARE-EXEMPT                   473F
EMP-NAME                           445F    1991   2532   2536   2796   3072   3362                                            x6
EMP-NEXT-DEL                       442F
EMP-NO                             190F     430   2479   2480   2500   2502   2515   2516   2686   2705   2787   2788   2789
                                           3043   3061   3062   3063   3296   3346   3347   3348   3373   3599                x22
EMP-NORMAL-UNITS                   477F    2725   2726   3140   3244   3247                                                   x5
EMP-PAY-FREQ                       441F    2714   2716   2719                                                                 x3
EMP-PAY-INTERVAL                   433F    2707   2712   2718   3089   3090   3091                                            x6
EMP-PENSION-USED                   464F    2000   2602   2603   2730                                                          x4
EMP-PHONE-NO                       454F    1998   2578                                                                        x2
EMP-POST-CODE                      451F
EMP-RATE                           475F    2721   2723   2724   2726   3127   3135   3138   3139   3140   3171   3193   3211
                                           3247                                                                               x13
EMP-RATE4-EXCLUSION                457F    2727   3215   3216   3217                                                          x4
EMP-SDI-EXEMPT                     470F    2735   2898   2899   2901                                                          x4
EMP-SEARCH-NAME                    191F     446   2544   2548                                                                 x3
EMP-SEX                            439F    2005   2652   2653   2709                                                          x4
EMP-SL-ACCUM                       483F    3274                                                                               x1
EMP-SL-RATE                        482F    2747   3271                                                                        x2
EMP-SL-USED                        484F    3277                                                                               x1
EMP-SSN                            443F    1999   2579   2797   3073   3363                                                   x5
EMP-START-DATE                     436F    2745                                                                               x1
EMP-STATE                          453F    1996   2558   2562                                                                 x3
EMP-STATUS                         431F    2007   2665   2666   2708                                                          x4
EMP-SWT-ALLOW                      462F    3153   3162                                                                        x2
EMP-SWT-EXEMPT                     467F    2732   2881   2882   2884   3155                                                   x5
EMP-SYS-EXEMPT                     474F    2738   2909   2910   2912                                                          x4
EMP-TAXING-STATE                   434F    2004   2635   2639                                                                 x3
EMP-TERM-DATE                      438F
EMP-VAC-ACCUM                      480F    3263                                                                               x1
EMP-VAC-RATE                       479F    2746   3260                                                                        x2
EMP-VAC-USED                       481F    3266                                                                               x1
EMP-ZIP                            452F    1997   2577                                                                        x2
FILE-39                            210F    1899                                                                               x1
FILE-41                            221F    1901                                                                               x1
FILE-43                            187F    1903                                                                               x1
FILE-45                            199F    1905                                                                               x1
FILE-47                            177F    1907                                                                               x1
HDR-HIS-LAST-TO-DATE               578F
HDR-HIS-NO                         577F
HIS-EMP-NO                         202F     533   2501   2705   3373   3374                                                   x5
HIS-QTD                            534F
ACS Cobol Xref v2.03.18          Dictionary File for PY010    24/03/2026  18:35:52:44                                  Page   75
Symbols of Module: PY010 (PY010)
--------------------------------

Data Section (FILE)             Defn     Locations
-------------------------------+---------------------------------------------------------------

HIS-QTD-EIC                        541F    2107   3412   3414                                                                 x3
HIS-QTD-EMP                        549F    2124   2125   2126   3465   3467                                                   x5
HIS-QTD-EXTRAS                     552F
HIS-QTD-FICA                       545F    2115   3440   3442                                                                 x3
HIS-QTD-FICA-TAXABLE               538F    2105   3406   3408                                                                 x3
HIS-QTD-FWT                        542F    2111   3426   3428                                                                 x3
HIS-QTD-INCOME-TAXABLE             535F    2102   3383   3394   3396                                                          x4
HIS-QTD-LWT                        544F    2113   3434   3436                                                                 x3
HIS-QTD-MCARE                      547F
HIS-QTD-NET                        540F    2109   3420   3422                                                                 x3
HIS-QTD-OTHER-DED                  551F    2127   3475   3477                                                                 x3
HIS-QTD-OTHER-NONTAXABLE           537F    2104   3402   3404                                                                 x3
HIS-QTD-OTHER-TAXABLE              536F    2103   3398   3400                                                                 x3
HIS-QTD-SDI                        546F    2116   3444   3446                                                                 x3
HIS-QTD-SWT                        543F    2112   3430   3432                                                                 x3
HIS-QTD-SYS                        548F    2118   2119   2120   2121   2122   3452   3454                                     x7
HIS-QTD-TIPS                       539F    2108   3416   3418                                                                 x3
HIS-QTD-UNITS                      550F    2129   2130   2131   2132   3483   3485                                            x6
HIS-YTD                            553F
HIS-YTD-EIC                        560F    2139   3512   3514                                                                 x3
HIS-YTD-EMP                        568F    2156   2157   2158   3566   3568                                                   x5
HIS-YTD-EXTRAS                     571F
HIS-YTD-FICA                       564F    2147   3540   3542                                                                 x3
HIS-YTD-FICA-TAXABLE               557F    2137   3506   3508                                                                 x3
HIS-YTD-FWT                        561F    2143   3526   3528                                                                 x3
HIS-YTD-INCOME-TAXABLE             554F    2134   3384   3494   3496                                                          x4
HIS-YTD-LWT                        563F    2145   3534   3536                                                                 x3
HIS-YTD-MCARE                      566F
HIS-YTD-NET                        559F    2141   3520   3522                                                                 x3
HIS-YTD-OTHER-DED                  570F    2159   3576   3578                                                                 x3
HIS-YTD-OTHER-NONTAXABLE           556F    2136   3502   3504                                                                 x3
HIS-YTD-OTHER-TAXABLE              555F    2135   3498   3500                                                                 x3
HIS-YTD-SDI                        565F    2148   3544   3546                                                                 x3
HIS-YTD-SWT                        562F    2144   3530   3532                                                                 x3
HIS-YTD-SYS                        567F    2150   2151   2152   2153   2154   3553   3555                                     x7
HIS-YTD-TIPS                       558F    2140   3516   3518                                                                 x3
HIS-YTD-UNITS                      569F    2161   2162   2163   2164   3584   3586                                            x6
PY-ACCOUNTS-FILE                   209F     591   2249   2258   2281   2445                                                   x5
PY-ACCOUNTS-RECORD                 608F
PY-ACT-STATUS                      214F     907   2250   2392   2393                                                          x4
PY-COH-STATUS                      225F     912   3306   3309   3310   3321   3789   3790                                     x7
PY-COMP-HIST-FILE                  220F     623   3305   3316   3320   3323                                                   x5
PY-COMP-HIST-RECORD                640F
PY-EMP-STATUS                      192F     910   2286   2403   2404   2414   2415   2436   2437   2504   2517   2523   2681
                                           2790   3038   3064   3291   3349                                                   x17
PY-EMPLOYEE-FILE                   186F     409   2285   2287   2288   2289   2290   2292   2293   2331   2474   2478   2491
                                           2516   2789   3063   3348                                                          x16
PY-EMPLOYEE-RECORD                 429F    2461   2497   2503   2680   3037   3290                                            x6
PY-HIS-EMP-STATUS                  203F     911   2296   2425   2426   2509   3375   3594                                     x7
ACS Cobol Xref v2.03.18          Dictionary File for PY010    24/03/2026  18:35:52:44                                  Page   76
Symbols of Module: PY010 (PY010)
--------------------------------

Data Section (FILE)             Defn     Locations
-------------------------------+---------------------------------------------------------------

PY-HISTORY-FILE                    198F     515   2295   2297   2298   2299   2300   2302   2303   2332   2492   3374         x11
PY-HISTORY-HEADER                  576F
PY-HISTORY-RECORD                  532F    2498   2508   3593                                                                 x3
PY-PARAM1-FILE                     177F     249   2211   2217   2222   2230   2235   2323   2330   2448   3324                x10
PY-PARAM1-RECORD                   279F    2324   2327                                                                        x2
PY-PR1-B-USED                      321F
PY-PR1-BLOCK                       280F
PY-PR1-CHECK-HISTORY-USED          317F
PY-PR1-CHECK-PRINTING-USED         316F
PY-PR1-CO-ADDRESS-1                284F
PY-PR1-CO-ADDRESS-2                285F
PY-PR1-CO-ADDRESS-3                286F
PY-PR1-CO-ADDRESS-4                287F
PY-PR1-CO-EMAIL                    292F
PY-PR1-CO-NAME                     282F
PY-PR1-CO-PHONE                    291F
PY-PR1-CO-POST-CODE                288F
PY-PR1-CO-STATE                    290F
PY-PR1-CO-ZIP                      289F
PY-PR1-COMPANY-DATA                281F
PY-PR1-CURRENCY-SIGN               327F
PY-PR1-DATE                        347F
PY-PR1-DATE-DY                     350F
PY-PR1-DATE-FORMAT                 345F    2692   3620                                                                        x2
PY-PR1-DATE-MO                     349F
PY-PR1-DATE-YR                     351F
PY-PR1-DEBUGGING                   329F
PY-PR1-DFLT-DIST-ACCT              299F    2753                                                                               x1
PY-PR1-DFLT-GROSS-ACCT             298F
PY-PR1-DFLT-HS-TYPE                339F    2706                                                                               x1
PY-PR1-DFLT-NORM-UNITS             311F    2725                                                                               x1
PY-PR1-DFLT-PAY-INTERVAL           325F    2707                                                                               x1
PY-PR1-DFLT-PAY-RATE               308F    2721                                                                               x1
PY-PR1-DFLT-SL-RATE                310F    2747                                                                               x1
PY-PR1-DFLT-VAC-RATE               309F    2746                                                                               x1
PY-PR1-DIST-USED                   326F
PY-PR1-FED-ID                      342F
PY-PR1-GL-USED                     323F
PY-PR1-HARD-DELETE                 330F
PY-PR1-HI-DED-CHK-CAT              364F    3021                                                                               x1
PY-PR1-HI-EARN-CHK-CAT             366F    3020                                                                               x1
PY-PR1-IRS-USED                    324F
PY-PR1-JC-USED                     322F
PY-PR1-LAST-DAY-PAY-PERIOD         313F
PY-PR1-LO-DED-CHK-CAT              363F    3022                                                                               x1
PY-PR1-LO-EARN-CHK-CAT             365F    3019                                                                               x1
PY-PR1-LOCAL-ID                    344F
PY-PR1-M-USED                      319F
PY-PR1-MAX-CHK-CATS                359F
ACS Cobol Xref v2.03.18          Dictionary File for PY010    24/03/2026  18:35:52:44                                  Page   77
Symbols of Module: PY010 (PY010)
--------------------------------

Data Section (FILE)             Defn     Locations
-------------------------------+---------------------------------------------------------------

PY-PR1-MAX-DIST-ACCTS              300F    2739                                                                               x1
PY-PR1-MAX-ED-CATS                 361F
PY-PR1-MAX-EMP-EDS                 360F
PY-PR1-MAX-PAY-FACTOR              307F    2726   3140   3247                                                                 x3
PY-PR1-MAX-SWT-ENTRIES             362F
PY-PR1-MAX-SYS-EDS                 367F
PY-PR1-MIN-WAGE                    302F
PY-PR1-OFFSET-CASH-ACCT            297F
PY-PR1-OS-DELIMITER                328F
PY-PR1-PAGE-LINES-L                353F
PY-PR1-PAGE-LINES-P                352F
PY-PR1-PAGE-WIDTH-L                355F
PY-PR1-PAGE-WIDTH-P                354F
PY-PR1-PRINT-SPOOL-NAME            369F
PY-PR1-PRINT-SPOOL-NAME2           370F
PY-PR1-PRINT-SPOOL-NAME3           371F
PY-PR1-RATE-NAME                   340F    2762   3126   3168   3190   3208                                                   x5
PY-PR1-RATE2-FACTOR                305F    2723   3138                                                                        x2
PY-PR1-RATE3-FACTOR                306F    2724   3139                                                                        x2
PY-PR1-RATE4-EXCLUSION-TYPE        315F    2727                                                                               x1
PY-PR1-S-USED                      318F
PY-PR1-STATE-ID                    343F
PY-PR1-STATUS                      181F     906   2212   2223   2226   2326   2369   2372   2393   2404   2415   2426   2437
                                           3310   3711   3790                                                                 x15
PY-PR1-TAX-ID                      293F
PY-PR1-TRADE-NAME                  283F
PY-PR1-USER-PROG                   357F
PY-PR1-USER-PROG-DESC              358F
PY-PR1-USER-PROG-USED              356F
PY-PR1-VOID-CHECK-AMT              303F
PY-PR1-VOID-CHECKS-OVER-MAX        314F
PY-PR1-W-USED                      320F
PY-PR2-940-PRINTED                 391F
PY-PR2-941-PRINTED                 392F
PY-PR2-BLOCK                       373F
PY-PR2-CHECK-DATE                  383F
PY-PR2-HRS-BATCH-NO                378F
PY-PR2-JUST-CLOSED-YEAR            389F
PY-PR2-LAST-CHECK-NO               395F
PY-PR2-LAST-DAY-LAST-B             380F
PY-PR2-LAST-DAY-LAST-M             382F
PY-PR2-LAST-DAY-LAST-S             381F
PY-PR2-LAST-DAY-LAST-W             379F
PY-PR2-LAST-EMPLOYEE-NO            384F    2495                                                                               x1
PY-PR2-LAST-Q-ENDED                394F
PY-PR2-LAST-SM-APPLY-NO            376F    2717                                                                               x1
PY-PR2-LAST-WB-APPLY-NO            377F    2713                                                                               x1
PY-PR2-NO-ACCTS                    390F
PY-PR2-NO-ACTIVE-EMPS              385F
ACS Cobol Xref v2.03.18          Dictionary File for PY010    24/03/2026  18:35:52:44                                  Page   78
Symbols of Module: PY010 (PY010)
--------------------------------

Data Section (FILE)             Defn     Locations
-------------------------------+---------------------------------------------------------------

PY-PR2-NO-EMPLOYEES                386F
PY-PR2-NO-OF-SM-APPLIES            387F
PY-PR2-NO-OF-WB-APPLIES            388F
PY-PR2-W2-PRINTED                  393F
PY-PR2-YEAR                        374F
PY-PR2-YEAR-NEXT                   375F
RRN                                180F     224    787   2210   2221   2222   2322   3319                                     x7
ACS Cobol Xref v2.03.18          Dictionary File for PY010    24/03/2026  18:35:52:44                                  Page   79
Symbols of Module: PY010 (PY010)
--------------------------------

Data Section (WORKING-STORAGE)  Defn     Locations
-------------------------------+---------------------------------------------------------------

A                                  924W    2623   2808   2812   2821   2827   2835   2850   2908   2909   2910   2912   2916
                                           2919   2921   2930   2933   2937   2939   2942   2943   2949   2950   2951   2953
                                           2956   2964   2965   2966   2969   2970   2971   2973   2974   2978   2987   2990
                                           2991   2993   2997   2999   3000   3001   3005   3007   3010   3011   3012   3017
                                           3019   3021   3025   3030   3112   3113   3115   3116   3121   3153   3154   3156
                                           3157   3162   3175   3176   3178   3179   3184   3627   3628                       x69
ACAS-DAL-COMMON-DATA               888W
ACAS-PATH                          801W
ACCEPT-REPLY                       808W
ACCESS-TYPE                        870W
AN-ACCEPT-NUMERIC                 1326W    2784   2814   2980   2998   3008   3018   3058   3136   3172   3194   3212   3229
                                           3245   3251   3256   3261   3264   3267   3272   3275   3278   3283   3286   3343
                                           3606                                                                               x25
AN-BG                             1341W
AN-BG-IS-BLACK                    1342W    2206                                                                               x1
AN-BG-IS-BLUE                     1343W
AN-BG-IS-CYAN                     1345W
AN-BG-IS-GREEN                    1344W
AN-BG-IS-MAGENTA                  1347W
AN-BG-IS-RED                      1346W
AN-BG-IS-WHITE                    1349W
AN-BG-IS-YELLOW                   1348W
AN-COLUMN                         1328W    2782   2811   2818   2826   2977   2984   2996   3006   3016   3056   3134   3249
                                           3254   3259   3262   3265   3270   3273   3276   3281   3284   3341   3391   3397
                                           3401   3405   3411   3415   3419   3425   3429   3433   3439   3443   3450   3463
                                           3474   3481   3493   3497   3501   3505   3511   3515   3519   3525   3529   3533
                                           3539   3543   3551   3564   3575   3582                                            x54
AN-ERROR-CODE                     1414W    2203                                                                               x1
AN-ERROR-E-COL-OUT-OF-SCREEN      1419W
AN-ERROR-NOT-EXTENDED-DISPLAY     1416W
AN-ERROR-OK                       1415W
AN-ERROR-S-COL-OUT-OF-SCREEN      1418W
AN-ERROR-S-ROW-OUT-OF-SCREEN      1417W
AN-FG                             1332W
AN-FG-IS-BLACK                    1333W
AN-FG-IS-BLUE                     1334W
AN-FG-IS-CYAN                     1336W
AN-FG-IS-GREEN                    1335W    2205                                                                               x1
AN-FG-IS-MAGENTA                  1338W
AN-FG-IS-RED                      1337W
AN-FG-IS-WHITE                    1340W
AN-FG-IS-YELLOW                   1339W
AN-FG2                            1350W
AN-FG2-IS-BLACK                   1351W
AN-FG2-IS-BLUE                    1352W
AN-FG2-IS-CYAN                    1354W    2207                                                                               x1
AN-FG2-IS-GREEN                   1353W
AN-FG2-IS-MAGENTA                 1356W
AN-FG2-IS-RED                     1355W
ACS Cobol Xref v2.03.18          Dictionary File for PY010    24/03/2026  18:35:52:44                                  Page   80
Symbols of Module: PY010 (PY010)
--------------------------------

Data Section (WORKING-STORAGE)  Defn     Locations
-------------------------------+---------------------------------------------------------------

AN-FG2-IS-WHITE                   1358W
AN-FG2-IS-YELLOW                  1357W
AN-LINE                           1327W    2781   2805   2810   2818   2825   2929   2932   2933   2939   2949   2950   2953
                                           2984   2990   2993   2999   3001   3010   3012   3025   3055   3133   3169   3191
                                           3209   3226   3242   3253   3258   3269   3280   3340   3390   3410   3424   3438
                                           3448   3461   3479   3492   3510   3524   3538   3549   3562   3580                x46
AN-MODE                           1329W
AN-MODE-IS-NO-UPDATE              1330W    3392                                                                               x1
AN-MODE-IS-UPDATE                 1331W    2208   2220                                                                        x2
AN-RETURN-CODE                    1359W    2204   3658   3662                                                                 x3
AN-RETURN-CODE-VIA-BACK-TAB       1412W
AN-RETURN-CODE-VIA-ENTER          1360W
AN-RETURN-CODE-VIA-ESCAPE         1413W
AN-RETURN-CODE-VIA-PFKEY-01       1361W
AN-RETURN-CODE-VIA-PFKEY-02       1362W
AN-RETURN-CODE-VIA-PFKEY-03       1363W
AN-RETURN-CODE-VIA-PFKEY-04       1364W
AN-RETURN-CODE-VIA-PFKEY-05       1365W
AN-RETURN-CODE-VIA-PFKEY-06       1366W
AN-RETURN-CODE-VIA-PFKEY-07       1367W
AN-RETURN-CODE-VIA-PFKEY-08       1368W
AN-RETURN-CODE-VIA-PFKEY-09       1369W
AN-RETURN-CODE-VIA-PFKEY-10       1370W
AN-RETURN-CODE-VIA-PFKEY-11       1371W
AN-RETURN-CODE-VIA-PFKEY-12       1372W
AN-RETURN-CODE-VIA-PFKEY-13       1373W
AN-RETURN-CODE-VIA-PFKEY-14       1374W
AN-RETURN-CODE-VIA-PFKEY-15       1375W
AN-RETURN-CODE-VIA-PFKEY-16       1376W
AN-RETURN-CODE-VIA-PFKEY-17       1377W
AN-RETURN-CODE-VIA-PFKEY-18       1378W
AN-RETURN-CODE-VIA-PFKEY-19       1379W
AN-RETURN-CODE-VIA-PFKEY-20       1380W
AN-RETURN-CODE-VIA-PFKEY-21       1381W
AN-RETURN-CODE-VIA-PFKEY-22       1382W
AN-RETURN-CODE-VIA-PFKEY-23       1383W
AN-RETURN-CODE-VIA-PFKEY-24       1384W
AN-RETURN-CODE-VIA-PFKEY-25       1385W
AN-RETURN-CODE-VIA-PFKEY-26       1386W
AN-RETURN-CODE-VIA-PFKEY-27       1387W
AN-RETURN-CODE-VIA-PFKEY-28       1388W
AN-RETURN-CODE-VIA-PFKEY-29       1389W
AN-RETURN-CODE-VIA-PFKEY-30       1390W
AN-RETURN-CODE-VIA-PFKEY-31       1391W
AN-RETURN-CODE-VIA-PFKEY-32       1392W
AN-RETURN-CODE-VIA-PFKEY-33       1393W
AN-RETURN-CODE-VIA-PFKEY-34       1394W
AN-RETURN-CODE-VIA-PFKEY-35       1395W
AN-RETURN-CODE-VIA-PFKEY-36       1396W
ACS Cobol Xref v2.03.18          Dictionary File for PY010    24/03/2026  18:35:52:44                                  Page   81
Symbols of Module: PY010 (PY010)
--------------------------------

Data Section (WORKING-STORAGE)  Defn     Locations
-------------------------------+---------------------------------------------------------------

AN-RETURN-CODE-VIA-PFKEY-37       1397W
AN-RETURN-CODE-VIA-PFKEY-38       1398W
AN-RETURN-CODE-VIA-PFKEY-39       1399W
AN-RETURN-CODE-VIA-PFKEY-40       1400W
AN-RETURN-CODE-VIA-PFKEY-41       1401W
AN-RETURN-CODE-VIA-PFKEY-42       1402W
AN-RETURN-CODE-VIA-PFKEY-43       1403W
AN-RETURN-CODE-VIA-PFKEY-44       1404W
AN-RETURN-CODE-VIA-PFKEY-45       1405W
AN-RETURN-CODE-VIA-PFKEY-46       1406W
AN-RETURN-CODE-VIA-PFKEY-47       1407W
AN-RETURN-CODE-VIA-PFKEY-48       1408W
AN-RETURN-CODE-VIA-PG-DOWN        1410W
AN-RETURN-CODE-VIA-PG-UP          1409W
AN-RETURN-CODE-VIA-TAB            1411W
B                                  925W    2737   2738   2739   2740   2741   2748   2749   2750   2751   2752   2753   2754
                                           2761   2762   2763   2812   2813   2815   2816   2818   2821   2978   2979   2981
                                           2982   2984   2987                                                                 x27
CHECK-DIGIT                        761W
COB-ALLOW-ALL-SCREEN-ACTIONS      1168W
COB-ALLOW-LEFT-DOUBLE             1160W
COB-ALLOW-LEFT-DOWN               1158W
COB-ALLOW-LEFT-UP                 1159W
COB-ALLOW-MIDDLE-DOUBLE           1163W
COB-ALLOW-MIDDLE-DOWN             1161W
COB-ALLOW-MIDDLE-UP               1162W
COB-ALLOW-MOUSE-MOVE              1167W
COB-ALLOW-RIGHT-DOUBLE            1166W
COB-ALLOW-RIGHT-DOWN              1164W
COB-ALLOW-RIGHT-UP                1165W
COB-AUTO-MOUSE-HANDLING           1157W
COB-COLOR-BLACK                   1147W    1931   1941   1964   2012   2041   2070                                            x6
COB-COLOR-BLUE                    1148W
COB-COLOR-CYAN                    1150W
COB-COLOR-GREEN                   1149W    1942   1965   2013   2042   2071                                                   x5
COB-COLOR-MAGENTA                 1152W
COB-COLOR-RED                     1151W    2396   2407   2418   2429   2440   3314   3793                                     x7
COB-COLOR-WHITE                   1154W
COB-COLOR-YELLOW                  1153W
COB-SCR-ALT-LEFT-DBL-CLICK        1291W
COB-SCR-ALT-LEFT-PRESSED          1289W
COB-SCR-ALT-LEFT-RELEASED         1290W
COB-SCR-ALT-MID-DBL-CLICK         1294W
COB-SCR-ALT-MID-PRESSED           1292W
COB-SCR-ALT-MID-RELEASED          1293W
COB-SCR-ALT-MOVE                  1288W
COB-SCR-ALT-RIGHT-DBL-CLICK       1297W
COB-SCR-ALT-RIGHT-PRESSED         1295W
COB-SCR-ALT-RIGHT-RELEASED        1296W
ACS Cobol Xref v2.03.18          Dictionary File for PY010    24/03/2026  18:35:52:44                                  Page   82
Symbols of Module: PY010 (PY010)
--------------------------------

Data Section (WORKING-STORAGE)  Defn     Locations
-------------------------------+---------------------------------------------------------------

COB-SCR-ALT-WHEEL-DOWN            1311W
COB-SCR-ALT-WHEEL-UP              1310W
COB-SCR-BACK-TAB                  1247W
COB-SCR-BACKSPACE                 1254W
COB-SCR-CTRL-LEFT-DBL-CLICK       1281W
COB-SCR-CTRL-LEFT-PRESSED         1279W
COB-SCR-CTRL-LEFT-RELEASED        1280W
COB-SCR-CTRL-MID-DBL-CLICK        1284W
COB-SCR-CTRL-MID-PRESSED          1282W
COB-SCR-CTRL-MID-RELEASED         1283W
COB-SCR-CTRL-MOVE                 1278W
COB-SCR-CTRL-RIGHT-DBL-CLICK      1287W
COB-SCR-CTRL-RIGHT-PRESSED        1285W
COB-SCR-CTRL-RIGHT-RELEASED       1286W
COB-SCR-CTRL-WHEEL-DOWN           1307W
COB-SCR-CTRL-WHEEL-UP             1306W
COB-SCR-DELETE                    1253W
COB-SCR-ESC                       1244W    2320   2469   2785   2934   3059   3344   3607                                     x7
COB-SCR-F1                        1175W    2471                                                                               x1
COB-SCR-F10                       1184W
COB-SCR-F11                       1185W
COB-SCR-F12                       1186W
COB-SCR-F13                       1187W
COB-SCR-F14                       1188W
COB-SCR-F15                       1189W
COB-SCR-F16                       1190W
COB-SCR-F17                       1191W
COB-SCR-F18                       1192W
COB-SCR-F19                       1193W
COB-SCR-F2                        1176W
COB-SCR-F20                       1194W
COB-SCR-F21                       1195W
COB-SCR-F22                       1196W
COB-SCR-F23                       1197W
COB-SCR-F24                       1198W
COB-SCR-F25                       1199W
COB-SCR-F26                       1200W
COB-SCR-F27                       1201W
COB-SCR-F28                       1202W
COB-SCR-F29                       1203W
COB-SCR-F3                        1177W
COB-SCR-F30                       1204W
COB-SCR-F31                       1205W
COB-SCR-F32                       1206W
COB-SCR-F33                       1207W
COB-SCR-F34                       1208W
COB-SCR-F35                       1209W
COB-SCR-F36                       1210W
COB-SCR-F37                       1211W
ACS Cobol Xref v2.03.18          Dictionary File for PY010    24/03/2026  18:35:52:44                                  Page   83
Symbols of Module: PY010 (PY010)
--------------------------------

Data Section (WORKING-STORAGE)  Defn     Locations
-------------------------------+---------------------------------------------------------------

COB-SCR-F38                       1212W
COB-SCR-F39                       1213W
COB-SCR-F4                        1178W
COB-SCR-F40                       1214W
COB-SCR-F41                       1215W
COB-SCR-F42                       1216W
COB-SCR-F43                       1217W
COB-SCR-F44                       1218W
COB-SCR-F45                       1219W
COB-SCR-F46                       1220W
COB-SCR-F47                       1221W
COB-SCR-F48                       1222W
COB-SCR-F49                       1223W
COB-SCR-F5                        1179W
COB-SCR-F50                       1224W
COB-SCR-F51                       1225W
COB-SCR-F52                       1226W
COB-SCR-F53                       1227W
COB-SCR-F54                       1228W
COB-SCR-F55                       1229W
COB-SCR-F56                       1230W
COB-SCR-F57                       1231W
COB-SCR-F58                       1232W
COB-SCR-F59                       1233W
COB-SCR-F6                        1180W
COB-SCR-F60                       1234W
COB-SCR-F61                       1235W
COB-SCR-F62                       1236W
COB-SCR-F63                       1237W
COB-SCR-F64                       1238W
COB-SCR-F7                        1181W
COB-SCR-F8                        1182W
COB-SCR-F9                        1183W
COB-SCR-FATAL                     1318W
COB-SCR-INSERT                    1252W
COB-SCR-KEY-DOWN                  1243W
COB-SCR-KEY-END                   1256W
COB-SCR-KEY-HOME                  1255W
COB-SCR-KEY-LEFT                  1248W
COB-SCR-KEY-RIGHT                 1249W
COB-SCR-KEY-UP                    1242W
COB-SCR-LEFT-DBL-CLICK            1261W
COB-SCR-LEFT-PRESSED              1259W
COB-SCR-LEFT-RELEASED             1260W
COB-SCR-MAX-FIELD                 1319W
COB-SCR-MID-DBL-CLICK             1264W
COB-SCR-MID-PRESSED               1262W
COB-SCR-MID-RELEASED              1263W
COB-SCR-MOUSE-MOVE                1258W
ACS Cobol Xref v2.03.18          Dictionary File for PY010    24/03/2026  18:35:52:44                                  Page   84
Symbols of Module: PY010 (PY010)
--------------------------------

Data Section (WORKING-STORAGE)  Defn     Locations
-------------------------------+---------------------------------------------------------------

COB-SCR-NO-FIELD                  1315W
COB-SCR-OK                        1172W
COB-SCR-PAGE-DOWN                 1241W
COB-SCR-PAGE-UP                   1240W
COB-SCR-PRINT                     1245W
COB-SCR-RIGHT-DBL-CLICK           1267W
COB-SCR-RIGHT-PRESSED             1265W
COB-SCR-RIGHT-RELEASED            1266W
COB-SCR-SHIFT-LEFT-DBL-CLICK      1271W
COB-SCR-SHIFT-LEFT-PRESSED        1269W
COB-SCR-SHIFT-LEFT-RELEASED       1270W
COB-SCR-SHIFT-MID-DBL-CLICK       1274W
COB-SCR-SHIFT-MID-PRESSED         1272W
COB-SCR-SHIFT-MID-RELEASED        1273W
COB-SCR-SHIFT-MOVE                1268W
COB-SCR-SHIFT-RIGHT-DBL-CLICK     1277W
COB-SCR-SHIFT-RIGHT-PRESSED       1275W
COB-SCR-SHIFT-RIGHT-RELEASED      1276W
COB-SCR-SHIFT-WHEEL-DOWN          1303W
COB-SCR-SHIFT-WHEEL-UP            1302W
COB-SCR-TAB                       1246W
COB-SCR-TIME-OUT                  1316W
COB-SCR-WHEEL-DOWN                1299W
COB-SCR-WHEEL-UP                  1298W
COL2                               797W
COLE                               793W
CURS                               790W     791   2621                                                                        x2
CURS2                              794W     795                                                                               x1
CUSTOMER-CODE                      759W    2483   2496                                                                        x2
CUSTOMER-NOS                       760W
DB-HOST                            823W
DB-PORT                            825W
DB-SCHEMA                          820W
DB-SOCKET                          824W
DB-UNAME                           821W
DB-UPASS                           822W
ERROR-CODE                        1120W    2307   2321   2806   2819   2833   2842   2845   2847   2864   2869   2874   2880
                                           2885   2891   2896   2902   2903   2907   2913   2916   2919   2931   2940   2954
                                           2985   2994   3003   3014   3027   3029                                            x30
ERROR-MESSAGES                    1046W
FA-FILE-DUPLICATES-IN-USE          845W
FA-FILE-SYSTEM-USED                836W
FA-FS-COBOL-FILES-USED             837W
FA-FS-DUPLICATE-PROCESSING         846W
FA-FS-RDBMS-USED                   838W
FA-FS-VALID-OPTIONS                844W
FA-RDBMS-FLAT-STATUSES             835W
FILE-ACCESS                        785W
FILE-FUNCTION                      851W
ACS Cobol Xref v2.03.18          Dictionary File for PY010    24/03/2026  18:35:52:44                                  Page   85
Symbols of Module: PY010 (PY010)
--------------------------------

Data Section (WORKING-STORAGE)  Defn     Locations
-------------------------------+---------------------------------------------------------------

FILE-KEY-NO                        809W
FN-CLOSE                           853W
FN-DELETE                          859W
FN-DELETE-ALL                      857W
FN-EQUAL-TO                        875W
FN-EXTEND                          874W
FN-GREATER-THAN                    877W
FN-I-O                             872W
FN-INPUT                           871W
FN-LESS-THAN                       876W
FN-NOT-GREATER-THAN                879W
FN-NOT-LESS-THAN                   878W
FN-OPEN                            852W
FN-OUTPUT                          873W
FN-RE-WRITE                        858W
FN-READ-BY-BATCH                   866W
FN-READ-BY-CUST                    867W
FN-READ-BY-NAME                    865W
FN-READ-INDEXED                    855W
FN-READ-NEXT                       854W
FN-READ-NEXT-HEADER                868W
FN-READ-NEXT-RAW                   863W
FN-START                           860W
FN-WRITE                           856W
FN-WRITE-RAW                       862W
FS-ACTION                          804W
FS-REPLY                           788W    2520                                                                               x1
LIN                                792W
LIN2                               796W
LOG-FILE-REC-WRITTEN               900W
LOGGING-DATA                       807W
MAIN-RECORD-MOVE-FLAG              829W
MAPS03-WS                          728W
MAPS09-REPLY                       762W    2485   2487                                                                        x2
MAPS09-WS                          758W    3646                                                                               x1
MENU-REPLY                         904W    1960   2216   2234   2264   2271   2317   2319   2337                              x8
MRMF-MOVE-FD                       830W
MRMF-MOVE-WS                       831W
PATH-WORK                          802W
PROG-NAME                          720W    1934   1944   1967   2015   2044   2073                                            x6
PY-ACT-STATUS                      907W    2250   2392   2393                                                                 x3
PY-COH-STATUS                      912W    3306   3309   3310   3321   3789   3790                                            x6
PY-EMP-STATUS                      910W    2286   2403   2404   2414   2415   2436   2437   2504   2517   2523   2681   2790
                                           3038   3064   3291   3349                                                          x16
PY-HIS-EMP-STATUS                  911W    2296   2425   2426   2509   3375   3594                                            x6
PY-PR1-STATUS                      906W    2212   2223   2226   2326   2369   2372   2393   2404   2415   2426   2437   3310
                                           3711   3790                                                                        x14
PY001                             1061W    2371                                                                               x1
PY002                             1062W    2225                                                                               x1
ACS Cobol Xref v2.03.18          Dictionary File for PY010    24/03/2026  18:35:52:44                                  Page   86
Symbols of Module: PY010 (PY010)
--------------------------------

Data Section (WORKING-STORAGE)  Defn     Locations
-------------------------------+---------------------------------------------------------------

PY013                             1064W    3307   3787                                                                        x2
PY015                             1066W    3329                                                                               x1
PY105                             1072W    2624                                                                               x1
PY108                             1073W    3013   3218                                                                        x2
PY109                             1074W    3092                                                                               x1
PY110                             1075W    3081                                                                               x1
PY115                             1076W    2952                                                                               x1
PY119                             1079W    2605   2867   2872   2878   2883   2889   2894   2900   2911   2938   3002   3199
                                           3233                                                                               x13
PY120                             1080W    2390                                                                               x1
PY121                             1081W    2992                                                                               x1
PY124                             1084W    2817   2983                                                                        x2
PY125                             1085W    2262                                                                               x1
PY126                             1086W    2269                                                                               x1
PY127                             1087W    2488                                                                               x1
PY129                             1089W    2566   2642                                                                        x2
PY131                             1091W    2412                                                                               x1
PY132                             1092W    3376                                                                               x1
PY133                             1093W    2423                                                                               x1
PY135                             1094W    2434                                                                               x1
PY136                             1095W    2832                                                                               x1
PY137                             1096W    2841   2855                                                                        x2
PY138                             1097W    3026                                                                               x1
PY139                             1098W    2213                                                                               x1
PY140                             1099W    2214                                                                               x1
PY141                             1100W    3385                                                                               x1
PY173                             1104W    2791   3065   3350                                                                 x3
PY174                             1105W    2592                                                                               x1
PY175                             1106W    2655                                                                               x1
PY176                             1107W    2670                                                                               x1
PY180                             1108W    2401   2518                                                                        x2
PY223                             1114W    3103                                                                               x1
PY229                             1116W    3117                                                                               x1
PY230                             1117W    3158                                                                               x1
PY231                             1118W    3180                                                                               x1
QQ                                1032W    2560   2562   2563   2637   2639   2640                                            x6
RDB-DATA                           819W
RRN                                787W    2210   2221   2222   2322   3319                                                   x5
S1                                 789W
SQL-ERR                            812W
SQL-MSG                            813W
SQL-STATE                          814W
SW-TESTING                         892W
SW-TESTING-2                       897W
SY001                             1048W    2228   2263   2270   3313   3793                                                   x5
SY002                             1049W    2374   2519                                                                        x2
SY003                             1050W    2215   2396   2407   2418   2429   2440   2489   3331   3377   3386                x10
SY010                             1054W    2181                                                                               x1
SY013                             1056W    2188                                                                               x1
ACS Cobol Xref v2.03.18          Dictionary File for PY010    24/03/2026  18:35:52:44                                  Page   87
Symbols of Module: PY010 (PY010)
--------------------------------

Data Section (WORKING-STORAGE)  Defn     Locations
-------------------------------+---------------------------------------------------------------

TESTING-1                          893W
TESTING-2                          898W
U-BIN                              752W
U-CC                               736W
U-DATE                             729W     730    738    744   1936   1946   1969   2017   2046   2075                       x9
U-DAYS                             731W
U-INTL                             744W
U-INTL-CC                          746W
U-INTL-DAYS                        751W
U-INTL-MONTH                       749W
U-INTL-YEAR                        745W
U-INTL-YY                          747W
U-MONTH                            733W
U-UK                               730W
U-USA                              738W
U-USA-DAYS                         741W
U-USA-MONTH                        739W
U-YEAR                             735W
U-YY                               737W
WE-ERROR                           786W
WINT                               965W
WS-22-LINES                        921W    2197   2213   2262   2269   2809   2817                                            x6
WS-23-LINES                        922W    2198   2214   2225   2226   2227   2263   2264   2270   2271   2371   2372   2373
                                           2390   2392   2395   2401   2403   2406   2412   2414   2417   2423   2425   2428
                                           2434   2436   2439   2488   2518   2566   2570   2592   2596   2605   2609   2624
                                           2628   2642   2646   2655   2659   2667   2670   2791   2794   2832   2867   2872
                                           2878   2883   2889   2894   2900   2911   2938   2952   2983   2992   3002   3013
                                           3026   3065   3068   3081   3084   3092   3095   3103   3106   3117   3120   3158
                                           3161   3180   3183   3199   3203   3218   3221   3233   3237   3307   3309   3312
                                           3329   3350   3353   3376   3385   3787   3789   3792                              x92
WS-ACCOUNT-COUNT                  1023W    2256   2275                                                                        x2
WS-ACCOUNT-TABLE                  1017W    2255                                                                               x1
WS-ACCOUNT-TABLE-SIZE             1022W    2261   2268                                                                        x2
WS-ACT-ENTRIES                    1018W
WS-ACT-GL-NO                      1019W    2274   2816   2982                                                                 x3
WS-CODES                          1032W    1033   2312   2562   2639                                                          x4
WS-CONV-DATE                       994W
WS-COUNT-ROWS                      818W
WS-DATA                            903W
WS-DATE                            995W     996   1002   1008   2701   3764   3778                                            x6
WS-DATE-FORMATS                    992W
WS-DAYS                            997W    3621   3624   3771   3772                                                          x4
WS-DFLT-ACCT                       987W    2958   2961   2966                                                                 x3
WS-DFLT-CHK-CAT                    986W    2957   2960   2965                                                                 x3
WS-EMP-CHK-DIG                     929W
WS-EMP-DATE                        937W    2003   2006   2616   2691   2693   2694   2696   2697   2700   2701                x10
WS-EMPLOYEE-IN                     927W     930   2483   2496                                                                 x3
WS-EMPLOYEE-NO                     928W    2476   2480   2482   2495                                                          x4
WS-EMPLOYEE-NUMBER                 930W    2462   2468   2472   2500   2515   2783   2787   2788   3057   3061   3062   3342
ACS Cobol Xref v2.03.18          Dictionary File for PY010    24/03/2026  18:35:52:44                                  Page   88
Symbols of Module: PY010 (PY010)
--------------------------------

Data Section (WORKING-STORAGE)  Defn     Locations
-------------------------------+---------------------------------------------------------------

                                           3346   3347                                                                        x14
WS-ENV-COLUMNS                     919W    2186   2187                                                                        x2
WS-ENV-LINES                       920W    2179   2180   2197   2198   2199                                                   x5
WS-ERR-MSG                         918W
WS-EVAL-MSG                        917W    2227   2373   2395   2406   2417   2428   2439   3312   3712   3713   3714   3715
                                           3716   3717   3718   3719   3720   3721   3722   3723   3724   3725   3726   3727
                                           3728   3729   3730   3731   3732   3733   3734   3735   3736   3737   3738   3739
                                           3740   3741   3742   3743   3744   3745   3792                                     x43
WS-FILE-KEY                        815W
WS-HEADING                         959W
WS-INTERVAL-USED                  1035W
WS-INTL                           1008W
WS-INTL-DAYS                      1013W    3781                                                                               x1
WS-INTL-MONTH                     1011W    3780                                                                               x1
WS-INTL-YEAR                      1009W    3779                                                                               x1
WS-LINES                           923W    2199   2215   2216   2228   2229   2374   2375   2396   2398   2407   2409   2418
                                           2420   2429   2431   2440   2442   2489   2490   2519   2520   2841   2855   3313
                                           3315   3331   3332   3377   3386   3793   3795                                     x31
WS-LOG-FILE-NO                     817W
WS-LOG-SYSTEM                      810W
WS-LOG-WHERE                       816W
WS-MONTH                           999W    3622   3625   3772   3773                                                          x4
WS-NO-PARAGRAPH                    811W
WS-PCENT-TOTAL                     982W    2807   2836   2837   2839   2851   2853                                            x6
WS-PR1-DATING                      991W
WS-RATE-LIT                       1043W    2762                                                                               x1
WS-RATES                          1038W    1043                                                                               x1
WS-RATES-LITERALS                 1037W
WS-RECALCULATE                     933W    3129   3131   3137                                                                 x3
WS-REPLY                           916W    2182   2189   2229   2375   2398   2409   2420   2431   2442   2490   3315   3332
                                           3378   3387   3795                                                                 x15
WS-S                              1026W    1031                                                                               x1
WS-SAVED-EMP-NO                    932W    2683   2686   3040   3043   3293   3296   3596   3599                              x8
WS-SAVED-MENU-REPLY                905W    2318                                                                               x1
WS-STARTING-UP                     935W
WS-STATE-CODES-TABLE              1025W
WS-STATES                         1031W    2312   2561   2638                                                                 x3
WS-SWAP                            993W    3771   3773                                                                        x2
WS-TEMP-AMOUNT                     970W    3394   3396   3398   3400   3402   3404   3406   3408   3412   3414   3416   3418
                                           3420   3422   3426   3428   3430   3432   3434   3436   3440   3442   3444   3446
                                           3452   3454   3465   3467   3475   3477   3483   3485   3494   3496   3498   3500
                                           3502   3504   3506   3508   3512   3514   3516   3518   3520   3522   3526   3528
                                           3530   3532   3534   3536   3540   3542   3544   3546   3553   3555   3566   3568
                                           3576   3578   3584   3586   3605                                                   x65
WS-TEMP-NAME-1                     955W    2533   2538   2542                                                                 x3
WS-TEMP-NAME-2                     956W    2534   2539   2543                                                                 x3
WS-TEMP-NAME-3                     957W    2535   2540   2541                                                                 x3
WS-TEMP-NUMBERS                    969W
WS-TEMP-PCENT                      973W    2830   2831   2835   2836                                                          x4
ACS Cobol Xref v2.03.18          Dictionary File for PY010    24/03/2026  18:35:52:44                                  Page   89
Symbols of Module: PY010 (PY010)
--------------------------------

Data Section (WORKING-STORAGE)  Defn     Locations
-------------------------------+---------------------------------------------------------------

WS-TEMP-PCENT-E                    972W    2827   2828   2830   2837   2838   2840   2851   2852   2854                       x9
WS-TEMP-SSN                        947W     953                                                                               x1
WS-TEMP-SSN-1ST                    948W    2587                                                                               x1
WS-TEMP-SSN-2ND                    950W    2588                                                                               x1
WS-TEMP-SSN-3RD                    952W    2589                                                                               x1
WS-TEMP-SSN-ORIG                   953W    2579   2580   2581   2586   2590   2591   2797   2798   2799   3073   3074   3075
                                           3363   3364   3365                                                                 x15
WS-TEST-DATE                       989W
WS-TEST-YMD                        990W    2617   2629   2691   2693   2694   2696   2697   3619   3621   3622   3624   3625
                                           3628                                                                               x13
WS-TIME                           1429W
WS-UK                              996W
WS-USA                            1002W
WS-USA-DAYS                       1005W
WS-USA-MONTH                      1003W
WS-YEAR                           1001W    3619                                                                               x1
WSA-DATE                          1430W
WSA-DD                            1433W
WSA-MM                            1432W
WSA-YY                            1431W
WSB-HH                            1435W
WSB-MM                            1436W
WSB-SS                            1437W
WSB-TIME                          1434W
WSCREENNAME                        964W
WSD-HH                            1440W
WSD-MM                            1442W
WSD-SA                            1441W
WSD-SB                            1443W
WSD-SS                            1444W
WSD-TIME                          1439W
WSE-DATE                          1447W    1451                                                                               x1
WSE-DATE-9                        1451W    2745                                                                               x1
WSE-DATE-BLOCK                    1446W    2176                                                                               x1
WSE-DAYS                          1450W
WSE-HH                            1454W
WSE-MM                            1455W
WSE-MONTH                         1449W
WSE-SS                            1456W
WSE-TIME                          1453W
WSE-YEAR                          1448W                                                                                       x0
ACS Cobol Xref v2.03.18          Dictionary File for PY010    24/03/2026  18:35:52:44                                  Page   90
Symbols of Module: PY010 (PY010)
--------------------------------

Data Section (LINKAGE)          Defn     Locations
-------------------------------+---------------------------------------------------------------

ADDRESS-1                         1560K
ADDRESS-2                         1561K
ADDRESS-3                         1562K
ADDRESS-4                         1563K
AGE-TO-PAY                        1683K
ARCH                              1648K
ARCHIVING                         1649K
AUTO-VAT                          1658K
B-L                               1574K
BATCH-ID                          1659K
BL-END-CYCLE-DATE                 1681K
BL-NEXT-BATCH                     1682K
BL-PAY-AC                         1678K
BL-PURCH-AC                       1680K
BRANCHES                          1637K
CHARGE                            1724K
CLIENT                            1793K
COMPANY-EMAIL                     1630K
COMPARATIVES                      1643K
COMPARATIVES-ACTIVE               1645K
COMPS                             1642K
COMPS-ACTIVE                      1644K
COUNTRY                           1565K
CURRENT-QUARTER                   1597K
CUST-FLAG                         1704K
CYCLEA                            1549K    1550                                                                               x1
DATA-CAPTURE-USED                 1617K
DATE-FORM                         1615K    3766   3767                                                                        x2
DATE-VALID-FORMATS                1616K
DC-COBOL-STANDARD                 1618K
DC-GUI                            1619K
DC-WIDGET                         1620K
DISCOUNT                          1723K
DOS                               1590K
END-DATE                          1556K
ENTRY-LEVEL                       1687K
EXTRA-CHARGE-AC                   1670K
EXTRA-DESC                        1721K
EXTRA-PRINT                       1725K
EXTRA-RATE                        1731K
EXTRA-TYPE                        1722K
FILE-0                            1827K
FILE-10                           1846K
FILE-11                           1848K
FILE-12                           1850K
FILE-13                           1852K
FILE-14                           1854K
FILE-15                           1856K
FILE-16                           1858K
ACS Cobol Xref v2.03.18          Dictionary File for PY010    24/03/2026  18:35:52:44                                  Page   91
Symbols of Module: PY010 (PY010)
--------------------------------

Data Section (LINKAGE)          Defn     Locations
-------------------------------+---------------------------------------------------------------

FILE-17                           1860K
FILE-18                           1862K
FILE-19                           1864K
FILE-2                            1830K
FILE-20                           1866K
FILE-21                           1868K
FILE-22                           1870K
FILE-23                           1872K
FILE-24                           1874K
FILE-26                           1877K
FILE-27                           1879K
FILE-28                           1881K
FILE-29                           1883K
FILE-3                            1832K
FILE-30                           1885K
FILE-31                           1887K
FILE-32                           1889K
FILE-33                           1891K
FILE-34                           1892K
FILE-35                           1893K
FILE-36                           1894K
FILE-37                           1895K
FILE-38                           1896K
FILE-39                           1899K
FILE-4                            1834K
FILE-40                           1900K
FILE-41                           1901K
FILE-42                           1902K
FILE-43                           1903K
FILE-44                           1904K
FILE-45                           1905K
FILE-46                           1906K
FILE-47                           1907K
FILE-48                           1908K
FILE-49                           1910K
FILE-5                            1836K
FILE-50                           1911K
FILE-51                           1912K
FILE-52                           1913K
FILE-53                           1914K
FILE-54                           1915K
FILE-55                           1916K
FILE-56                           1917K
FILE-57                           1919K
FILE-6                            1838K
FILE-7                            1840K
FILE-8                            1842K
FILE-9                            1844K
FILE-DEFS                         1822K    2169                                                                               x1
ACS Cobol Xref v2.03.18          Dictionary File for PY010    24/03/2026  18:35:52:44                                  Page   92
Symbols of Module: PY010 (PY010)
--------------------------------

Data Section (LINKAGE)          Defn     Locations
-------------------------------+---------------------------------------------------------------

FILE-DEFS-A                       1823K    1921                                                                               x1
FILE-DEFS-COUNT                   1923K
FILE-DEFS-OS-DELIMITER            1924K
FILE-DUPLICATES-IN-USE            1610K
FILE-SYSTEM-USED                  1599K
FILLER-DUMMY4                     1806K
FIRST-SL-BATCH                    1740K
FIRST-SL-INV                      1741K
FS-COBOL-FILES-USED               1600K
FS-DUPLICATE-PROCESSING           1611K
FS-MYSQL-USED                     1601K
FS-RDBMS-USED                     1603K
FS-VALID-OPTIONS                  1609K
FULL-INVOICING                    1707K
G-L                               1572K
GENERAL-LEDGER-BLOCK              1634K
GL-BL-PAY-AC                      1764K
GL-BL-PURCH-AC                    1766K
GL-P-CREDITORS                    1765K
GL-S-DEBTORS                      1768K
GL-SL-PAY-AC                      1767K
GL-SL-SALES-AC                    1769K
GROUPED                           1639K
HEADER-LEVEL                      1654K
HOST                              1585K
I-LEVEL-0                         1717K
I-LEVEL-1                         1718K
I-LEVEL-2                         1719K
INDEX-2                           1662K
INVOICER                          1716K
IRS                               1580K
IRS-BOTH-USED                     1665K
IRS-DATA-BLOCK                    1805K
IRS-ENTRY-BLOCK                   1805K
IRS-INSTEAD                       1663K
IRS-NO                            1581K
IRS-USED                          1664K
LEDGER-2ND-INDEX                  1661K
LEDGER-SEC                        1666K
LEVEL                             1570K
LEVEL-1                           1571K
LEVEL-2                           1573K
LEVEL-3                           1575K
LEVEL-4                           1577K
LEVEL-5                           1579K
LEVEL-6                           1582K
LINUX                             1595K
M-V                               1646K
MAC                               1592K
ACS Cobol Xref v2.03.18          Dictionary File for PY010    24/03/2026  18:35:52:44                                  Page   93
Symbols of Module: PY010 (PY010)
--------------------------------

Data Section (LINKAGE)          Defn     Locations
-------------------------------+---------------------------------------------------------------

MANDATORY                         1651K
MAPS-SER                          1612K
MAPS-SER-NN                       1614K
MAPS-SER-XX                       1613K
MINIMUM-VALIDATION                1647K
MULTI-USER                        1586K
NEXT-BATCH                        1669K
NEXT-FOLIO                        1677K
NEXT-INVOICE                      1553K
NEXT-POST                         1794K
NO-OS                             1589K
NOT-INVOICING                     1720K
OI-3-FLAG                         1703K
OI-5-FLAG                         1705K
OP-SYSTEM                         1587K
OS-SINGLE                         1596K
OS2                               1593K
P-C                               1635K
P-C-GROUPED                       1638K
P-C-LEVEL                         1640K
P-CREDITORS                       1679K
P-FLAG-A                          1688K
P-FLAG-I                          1689K
P-FLAG-P                          1690K
P-L-EXISTS                        1685K
PAGE-LINES                        1552K
PARAM-RESTRICT                    1625K
PASS-VALUE                        1569K
PASS-WORD                         1584K
PAYROLL                           1583K
PERIOD                            1551K
PF-RETENTION                      1739K
PHONE-NO                          1567K
PL-APPROP-AC                      1803K
PL-APPROP-AC6                     1801K
PL-AUTOGEN                        1693K
PL-DELIM                          1686K
PL-NEXT-REC                       1694K
PL-STOCK-LINK                     1691K
POST-CODE                         1564K
POST-TRANS-NAME                   1825K
POSTINGS                          1668K
PRE-TRANS-NAME                    1824K
PRESERVE-BATCH                    1660K
PRINT-SPOOL-NAME                  1566K
PRINT-SPOOL-NAME2                 1672K
PRINT-SPOOL-NAME3                 1692K
PROFIT-CENTRES                    1636K
PURCHASE-LEDGER                   1684K
ACS Cobol Xref v2.03.18          Dictionary File for PY010    24/03/2026  18:35:52:44                                  Page   94
Symbols of Module: PY010 (PY010)
--------------------------------

Data Section (LINKAGE)          Defn     Locations
-------------------------------+---------------------------------------------------------------

PURCHASE-LEDGER-BLOCK             1676K
PURCHASE-RANGE                    1656K
RDBMS-DB-NAME                     1621K
RDBMS-FLAT-STATUSES               1598K
RDBMS-HOST                        1627K
RDBMS-PASSWD                      1623K
RDBMS-PORT                        1626K
RDBMS-SOCKET                      1628K
RDBMS-USER                        1622K
REVENUE-ONLY                      1641K
RUN-DATE                          1554K
S-DEBTORS                         1744K
S-END-CYCLE-DATE                  1746K
S-FLAG-A                          1708K
S-FLAG-I                          1709K
S-FLAG-OI-3                       1706K
S-FLAG-P                          1710K
S-L                               1576K
S-L-EXISTS                        1701K
SALES-LEDGER                      1700K
SALES-LEDGER-BLOCK                1699K
SALES-RANGE                       1655K
SCYCLE                            1550K
SL-AUTOGEN                        1758K
SL-BO-DEFAULT                     1761K
SL-BO-FLAG                        1760K
SL-CHARGES                        1712K
SL-COMP-HEAD-INV                  1749K
SL-COMP-HEAD-LETS                 1753K
SL-COMP-HEAD-PICK                 1747K
SL-COMP-HEAD-STAT                 1751K
SL-COMP-INV                       1750K
SL-COMP-LETS                      1754K
SL-COMP-PICK                      1748K
SL-COMP-STAT                      1752K
SL-CREDIT                         1735K
SL-DAY-BOOK                       1715K
SL-DAYS-1                         1732K
SL-DAYS-2                         1733K
SL-DAYS-3                         1734K
SL-DELIM                          1702K
SL-DISC                           1730K
SL-DUNNING                        1711K
SL-INVOICE-LINES                  1757K
SL-LATE-PER                       1729K
SL-LIMIT                          1742K
SL-MAX                            1738K
SL-MIN                            1737K
SL-NEXT-REC                       1759K
ACS Cobol Xref v2.03.18          Dictionary File for PY010    24/03/2026  18:35:52:44                                  Page   95
Symbols of Module: PY010 (PY010)
--------------------------------

Data Section (LINKAGE)          Defn     Locations
-------------------------------+---------------------------------------------------------------

SL-OWN-NOS                        1713K
SL-PAY-AC                         1743K
SL-SALES-AC                       1745K
SL-STATS-RUN                      1714K
SL-STOCK-AUDIT                    1727K
SL-STOCK-LINK                     1726K
SL-VAT-PRINTED                    1755K
SL-VAT-PRINTS                     1756K
START-DATE                        1555K
STATS-DATE-PERIOD                 1629K
STK-ABREV-REF                     1775K
STK-ACTIVITY-REP-RUN              1788K
STK-AUDIT-NO                      1791K
STK-AUDIT-USED                    1779K
STK-AVERAGING                     1786K
STK-BO-ACTIVE                     1789K
STK-DEBUG                         1776K
STK-MANU-USED                     1777K
STK-MOV-AUDIT                     1780K
STK-OE-USED                       1778K
STK-PAGE-LINES                    1790K
STK-PERIOD-CUR                    1781K
STK-PERIOD-DAT                    1782K
STOCK                             1578K
STOCK-AUDIT-ON                    1728K
STOCK-AVERAGING                   1787K
STOCK-CONTROL                     1784K
STOCK-CONTROL-BLOCK               1774K
STOCK-CONTROL-EXISTS              1785K
SUSER                             1557K
SYSTEM-DATA-BLOCK                 1533K
SYSTEM-FILE-NAMES                 1922K
TO-DAY                            1927K    2168   3764   3779   3780   3781                                                   x5
TRANS-DONE                        1653K
TRANS-PRINT                       1650K
TRANS-PRINTED                     1652K
UNIX                              1594K
UPDATES                           1667K
USER-CODE                         1559K
USERA                             1558K    1937   1947   1970   2018   2047   2076                                            x6
VALID-OS-TYPE                     1588K
VAT                               1657K
VAT-AC                            1671K
VAT-GROUP                         1799K
VAT-PSENT                         1800K
VAT-RATE                          1548K
VAT-RATE-1                        1543K
VAT-RATE-2                        1544K
VAT-RATE-3                        1545K
ACS Cobol Xref v2.03.18          Dictionary File for PY010    24/03/2026  18:35:52:44                                  Page   96
Symbols of Module: PY010 (PY010)
--------------------------------

Data Section (LINKAGE)          Defn     Locations
-------------------------------+---------------------------------------------------------------

VAT-RATE-4                        1546K
VAT-RATE-5                        1547K
VAT-RATES                         1542K    1548                                                                               x1
VAT-RATES2                        1795K    1799                                                                               x1
VAT-REG-NUMBER                    1624K
VAT1                              1796K
VAT2                              1797K
VAT3                              1798K
WINDOWS                           1591K
WS-CALLED                         1471K
WS-CALLER                         1472K
WS-CALLING-DATA                   1470K    2166                                                                               x1
WS-CD-ARGS                        1478K
WS-DEL-LINK                       1473K
WS-PROCESS-FUNC                   1476K
WS-SUB-FUNCTION                   1477K
WS-SYSTEM-RECORD                  1529K    2167                                                                               x1
WS-SYSTEM-RECORD-VERSION-PRIME    1535K
WS-SYSTEM-RECORD-VERSION-SECOND   1540K
WS-TERM-CODE                      1474K    2183   2190   2333                                                                 x3
ACS Cobol Xref v2.03.18          Dictionary File for PY010    24/03/2026  18:35:52:44                                  Page   97
Symbols of Module: PY010 (PY010)
--------------------------------

Data Section (SCREEN)           Defn     Locations
-------------------------------+---------------------------------------------------------------

COB-COLOR-BLACK                   1931S    1941   1964   2012   2041   2070                                                   x5
COB-COLOR-GREEN                   1942S    1965   2013   2042   2071                                                          x4
DISPLAY-HEADS                     1931S
EMP-ADDRESS-1                     1992S    2550                                                                               x1
EMP-ADDRESS-2                     1993S    2551                                                                               x1
EMP-ADDRESS-4                     1995S    2553                                                                               x1
EMP-BANK-ACCT-NO                  2001S    2613                                                                               x1
EMP-JOB-CODE                      2002S    2614                                                                               x1
EMP-NAME                          1991S    2532   2536   2796   3072   3362                                                   x5
EMP-PENSION-USED                  2000S    2602   2603   2730                                                                 x3
EMP-PHONE-NO                      1998S    2578                                                                               x1
EMP-SEX                           2005S    2652   2653   2709                                                                 x3
EMP-SSN                           1999S    2579   2797   3073   3363                                                          x4
EMP-STATE                         1996S    2558   2562                                                                        x2
EMP-STATUS                        2007S    2665   2666   2708                                                                 x3
EMP-TAXING-STATE                  2004S    2635   2639                                                                        x2
EMP-ZIP                           1997S    2577                                                                               x1
HIS-QTD-EIC                       2107S    3412   3414                                                                        x2
HIS-QTD-EMP                       2124S    2125   2126   3465   3467                                                          x4
HIS-QTD-FICA                      2115S    3440   3442                                                                        x2
HIS-QTD-FICA-TAXABLE              2105S    3406   3408                                                                        x2
HIS-QTD-FWT                       2111S    3426   3428                                                                        x2
HIS-QTD-INCOME-TAXABLE            2102S    3383   3394   3396                                                                 x3
HIS-QTD-LWT                       2113S    3434   3436                                                                        x2
HIS-QTD-NET                       2109S    3420   3422                                                                        x2
HIS-QTD-OTHER-DED                 2127S    3475   3477                                                                        x2
HIS-QTD-OTHER-NONTAXABLE          2104S    3402   3404                                                                        x2
HIS-QTD-OTHER-TAXABLE             2103S    3398   3400                                                                        x2
HIS-QTD-SDI                       2116S    3444   3446                                                                        x2
HIS-QTD-SWT                       2112S    3430   3432                                                                        x2
HIS-QTD-SYS                       2118S    2119   2120   2121   2122   3452   3454                                            x6
HIS-QTD-TIPS                      2108S    3416   3418                                                                        x2
HIS-QTD-UNITS                     2129S    2130   2131   2132   3483   3485                                                   x5
HIS-YTD-EIC                       2139S    3512   3514                                                                        x2
HIS-YTD-EMP                       2156S    2157   2158   3566   3568                                                          x4
HIS-YTD-FICA                      2147S    3540   3542                                                                        x2
HIS-YTD-FICA-TAXABLE              2137S    3506   3508                                                                        x2
HIS-YTD-FWT                       2143S    3526   3528                                                                        x2
HIS-YTD-INCOME-TAXABLE            2134S    3384   3494   3496                                                                 x3
HIS-YTD-LWT                       2145S    3534   3536                                                                        x2
HIS-YTD-NET                       2141S    3520   3522                                                                        x2
HIS-YTD-OTHER-DED                 2159S    3576   3578                                                                        x2
HIS-YTD-OTHER-NONTAXABLE          2136S    3502   3504                                                                        x2
HIS-YTD-OTHER-TAXABLE             2135S    3498   3500                                                                        x2
HIS-YTD-SDI                       2148S    3544   3546                                                                        x2
HIS-YTD-SWT                       2144S    3530   3532                                                                        x2
HIS-YTD-SYS                       2150S    2151   2152   2153   2154   3553   3555                                            x6
HIS-YTD-TIPS                      2140S    3516   3518                                                                        x2
HIS-YTD-UNITS                     2161S    2162   2163   2164   3584   3586                                                   x5
ACS Cobol Xref v2.03.18          Dictionary File for PY010    24/03/2026  18:35:52:44                                  Page   98
Symbols of Module: PY010 (PY010)
--------------------------------

Data Section (SCREEN)           Defn     Locations
-------------------------------+---------------------------------------------------------------

MENU-REPLY                        1960S    2216   2234   2264   2271   2317   2319   2337                                     x7
PROG-NAME                         1934S    1944   1967   2015   2044   2073                                                   x5
SS-EMPLOYEE-DATA-1                1964S    2464                                                                               x1
SS-EMPLOYEE-DATA-2                2012S    2778                                                                               x1
SS-EMPLOYEE-DATA-3                2041S    3052                                                                               x1
SS-EMPLOYEE-DATA-MENU             1941S    2316                                                                               x1
SS-EMPLOYEE-HISTORY-DATA-1        2070S    3336                                                                               x1
U-DATE                            1936S    1946   1969   2017   2046   2075                                                   x5
USERA                             1937S    1947   1970   2018   2047   2076                                                   x5
WS-EMP-DATE                       2003S    2006   2616   2691   2693   2694   2696   2697   2700   2701                       x9
ACS Cobol Xref v2.03.18          Dictionary File for PY010    24/03/2026  18:35:52:44                                  Page   99
Symbols of Module: PY010 (PY010)
--------------------------------
Variable Tested [S]            Symbol (88-Conditions)
--------------------------------------------------------------

ACCESS-TYPE                     FN-INPUT
ACCESS-TYPE                     FN-I-O
ACCESS-TYPE                     FN-OUTPUT
ACCESS-TYPE                     FN-EXTEND
ACCESS-TYPE                     FN-EQUAL-TO
ACCESS-TYPE                     FN-LESS-THAN
ACCESS-TYPE                     FN-GREATER-THAN
ACCESS-TYPE                     FN-NOT-LESS-THAN
ACCESS-TYPE                     FN-NOT-GREATER-THAN
AN-BG                           AN-BG-IS-BLACK
AN-BG                           AN-BG-IS-BLUE
AN-BG                           AN-BG-IS-GREEN
AN-BG                           AN-BG-IS-CYAN
AN-BG                           AN-BG-IS-RED
AN-BG                           AN-BG-IS-MAGENTA
AN-BG                           AN-BG-IS-YELLOW
AN-BG                           AN-BG-IS-WHITE
AN-ERROR-CODE                   AN-ERROR-OK
AN-ERROR-CODE                   AN-ERROR-NOT-EXTENDED-DISPLAY
AN-ERROR-CODE                   AN-ERROR-S-ROW-OUT-OF-SCREEN
AN-ERROR-CODE                   AN-ERROR-S-COL-OUT-OF-SCREEN
AN-ERROR-CODE                   AN-ERROR-E-COL-OUT-OF-SCREEN
AN-FG                           AN-FG-IS-BLACK
AN-FG                           AN-FG-IS-BLUE
AN-FG                           AN-FG-IS-GREEN
AN-FG                           AN-FG-IS-CYAN
AN-FG                           AN-FG-IS-RED
AN-FG                           AN-FG-IS-MAGENTA
AN-FG                           AN-FG-IS-YELLOW
AN-FG                           AN-FG-IS-WHITE
AN-FG2                          AN-FG2-IS-BLACK
AN-FG2                          AN-FG2-IS-BLUE
AN-FG2                          AN-FG2-IS-GREEN
AN-FG2                          AN-FG2-IS-CYAN
AN-FG2                          AN-FG2-IS-RED
AN-FG2                          AN-FG2-IS-MAGENTA
AN-FG2                          AN-FG2-IS-YELLOW
AN-FG2                          AN-FG2-IS-WHITE
AN-MODE                         AN-MODE-IS-NO-UPDATE
AN-MODE                         AN-MODE-IS-UPDATE
AN-RETURN-CODE                  AN-RETURN-CODE-VIA-ENTER
AN-RETURN-CODE                  AN-RETURN-CODE-VIA-PFKEY-01
AN-RETURN-CODE                  AN-RETURN-CODE-VIA-PFKEY-02
AN-RETURN-CODE                  AN-RETURN-CODE-VIA-PFKEY-03
AN-RETURN-CODE                  AN-RETURN-CODE-VIA-PFKEY-04
AN-RETURN-CODE                  AN-RETURN-CODE-VIA-PFKEY-05
AN-RETURN-CODE                  AN-RETURN-CODE-VIA-PFKEY-06
AN-RETURN-CODE                  AN-RETURN-CODE-VIA-PFKEY-07
AN-RETURN-CODE                  AN-RETURN-CODE-VIA-PFKEY-08
AN-RETURN-CODE                  AN-RETURN-CODE-VIA-PFKEY-09
ACS Cobol Xref v2.03.18          Dictionary File for PY010    24/03/2026  18:35:52:44                                  Page  100
Symbols of Module: PY010 (PY010)
--------------------------------
Variable Tested [S]            Symbol (88-Conditions)
--------------------------------------------------------------

AN-RETURN-CODE                  AN-RETURN-CODE-VIA-PFKEY-10
AN-RETURN-CODE                  AN-RETURN-CODE-VIA-PFKEY-11
AN-RETURN-CODE                  AN-RETURN-CODE-VIA-PFKEY-12
AN-RETURN-CODE                  AN-RETURN-CODE-VIA-PFKEY-13
AN-RETURN-CODE                  AN-RETURN-CODE-VIA-PFKEY-14
AN-RETURN-CODE                  AN-RETURN-CODE-VIA-PFKEY-15
AN-RETURN-CODE                  AN-RETURN-CODE-VIA-PFKEY-16
AN-RETURN-CODE                  AN-RETURN-CODE-VIA-PFKEY-17
AN-RETURN-CODE                  AN-RETURN-CODE-VIA-PFKEY-18
AN-RETURN-CODE                  AN-RETURN-CODE-VIA-PFKEY-19
AN-RETURN-CODE                  AN-RETURN-CODE-VIA-PFKEY-20
AN-RETURN-CODE                  AN-RETURN-CODE-VIA-PFKEY-21
AN-RETURN-CODE                  AN-RETURN-CODE-VIA-PFKEY-22
AN-RETURN-CODE                  AN-RETURN-CODE-VIA-PFKEY-23
AN-RETURN-CODE                  AN-RETURN-CODE-VIA-PFKEY-24
AN-RETURN-CODE                  AN-RETURN-CODE-VIA-PFKEY-25
AN-RETURN-CODE                  AN-RETURN-CODE-VIA-PFKEY-26
AN-RETURN-CODE                  AN-RETURN-CODE-VIA-PFKEY-27
AN-RETURN-CODE                  AN-RETURN-CODE-VIA-PFKEY-28
AN-RETURN-CODE                  AN-RETURN-CODE-VIA-PFKEY-29
AN-RETURN-CODE                  AN-RETURN-CODE-VIA-PFKEY-30
AN-RETURN-CODE                  AN-RETURN-CODE-VIA-PFKEY-31
AN-RETURN-CODE                  AN-RETURN-CODE-VIA-PFKEY-32
AN-RETURN-CODE                  AN-RETURN-CODE-VIA-PFKEY-33
AN-RETURN-CODE                  AN-RETURN-CODE-VIA-PFKEY-34
AN-RETURN-CODE                  AN-RETURN-CODE-VIA-PFKEY-35
AN-RETURN-CODE                  AN-RETURN-CODE-VIA-PFKEY-36
AN-RETURN-CODE                  AN-RETURN-CODE-VIA-PFKEY-37
AN-RETURN-CODE                  AN-RETURN-CODE-VIA-PFKEY-38
AN-RETURN-CODE                  AN-RETURN-CODE-VIA-PFKEY-39
AN-RETURN-CODE                  AN-RETURN-CODE-VIA-PFKEY-40
AN-RETURN-CODE                  AN-RETURN-CODE-VIA-PFKEY-41
AN-RETURN-CODE                  AN-RETURN-CODE-VIA-PFKEY-42
AN-RETURN-CODE                  AN-RETURN-CODE-VIA-PFKEY-43
AN-RETURN-CODE                  AN-RETURN-CODE-VIA-PFKEY-44
AN-RETURN-CODE                  AN-RETURN-CODE-VIA-PFKEY-45
AN-RETURN-CODE                  AN-RETURN-CODE-VIA-PFKEY-46
AN-RETURN-CODE                  AN-RETURN-CODE-VIA-PFKEY-47
AN-RETURN-CODE                  AN-RETURN-CODE-VIA-PFKEY-48
AN-RETURN-CODE                  AN-RETURN-CODE-VIA-PG-UP
AN-RETURN-CODE                  AN-RETURN-CODE-VIA-PG-DOWN
AN-RETURN-CODE                  AN-RETURN-CODE-VIA-TAB
AN-RETURN-CODE                  AN-RETURN-CODE-VIA-BACK-TAB
AN-RETURN-CODE                  AN-RETURN-CODE-VIA-ESCAPE
ARCH                            ARCHIVING
BATCH-ID                        PRESERVE-BATCH
COMPS                           COMPARATIVES
COMPS-ACTIVE                    COMPARATIVES-ACTIVE
DATA-CAPTURE-USED               DC-COBOL-STANDARD
DATA-CAPTURE-USED               DC-GUI
ACS Cobol Xref v2.03.18          Dictionary File for PY010    24/03/2026  18:35:52:44                                  Page  101
Symbols of Module: PY010 (PY010)
--------------------------------
Variable Tested [S]            Symbol (88-Conditions)
--------------------------------------------------------------

DATA-CAPTURE-USED               DC-WIDGET
DATE-FORM                       DATE-VALID-FORMATS
EXTRA-TYPE                      DISCOUNT
EXTRA-TYPE                      CHARGE
FA-FILE-DUPLICATES-IN-USE       FA-FS-DUPLICATE-PROCESSING
FA-FILE-SYSTEM-USED             FA-FS-COBOL-FILES-USED
FA-FILE-SYSTEM-USED             FA-FS-RDBMS-USED
FA-FILE-SYSTEM-USED             FA-FS-VALID-OPTIONS
FILE-DUPLICATES-IN-USE          FS-DUPLICATE-PROCESSING
FILE-FUNCTION                   FN-OPEN
FILE-FUNCTION                   FN-CLOSE
FILE-FUNCTION                   FN-READ-NEXT
FILE-FUNCTION                   FN-READ-INDEXED
FILE-FUNCTION                   FN-WRITE
FILE-FUNCTION                   FN-DELETE-ALL
FILE-FUNCTION                   FN-RE-WRITE
FILE-FUNCTION                   FN-DELETE
FILE-FUNCTION                   FN-START
FILE-FUNCTION                   FN-WRITE-RAW
FILE-FUNCTION                   FN-READ-NEXT-RAW
FILE-FUNCTION                   FN-READ-BY-NAME
FILE-FUNCTION                   FN-READ-BY-BATCH
FILE-FUNCTION                   FN-READ-BY-CUST
FILE-FUNCTION                   FN-READ-NEXT-HEADER
FILE-SYSTEM-USED                FS-COBOL-FILES-USED
FILE-SYSTEM-USED                FS-MYSQL-USED
FILE-SYSTEM-USED                FS-RDBMS-USED
FILE-SYSTEM-USED                FS-VALID-OPTIONS
HOST                            MULTI-USER
INVOICER                        I-LEVEL-0
INVOICER                        I-LEVEL-1
INVOICER                        I-LEVEL-2
INVOICER                        NOT-INVOICING
IRS-INSTEAD                     IRS-USED
IRS-INSTEAD                     IRS-BOTH-USED
LEDGER-2ND-INDEX                INDEX-2
LEVEL-1                         G-L
LEVEL-2                         B-L
LEVEL-3                         S-L
LEVEL-4                         STOCK
LEVEL-5                         IRS
LEVEL-5                         IRS-NO
LEVEL-6                         PAYROLL
M-V                             MINIMUM-VALIDATION
MAIN-RECORD-MOVE-FLAG           MRMF-MOVE-FD
MAIN-RECORD-MOVE-FLAG           MRMF-MOVE-WS
OP-SYSTEM                       VALID-OS-TYPE
OP-SYSTEM                       NO-OS
OP-SYSTEM                       DOS
OP-SYSTEM                       WINDOWS
ACS Cobol Xref v2.03.18          Dictionary File for PY010    24/03/2026  18:35:52:44                                  Page  102
Symbols of Module: PY010 (PY010)
--------------------------------
Variable Tested [S]            Symbol (88-Conditions)
--------------------------------------------------------------

OP-SYSTEM                       MAC
OP-SYSTEM                       OS2
OP-SYSTEM                       UNIX
OP-SYSTEM                       LINUX
OP-SYSTEM                       OS-SINGLE
P-C                             PROFIT-CENTRES
P-C                             BRANCHES
P-C-GROUPED                     GROUPED
P-C-LEVEL                       REVENUE-ONLY
PURCHASE-LEDGER                 P-L-EXISTS
SALES-LEDGER                    S-L-EXISTS
SL-COMP-HEAD-INV                SL-COMP-INV
SL-COMP-HEAD-LETS               SL-COMP-LETS
SL-COMP-HEAD-PICK               SL-COMP-PICK
SL-COMP-HEAD-STAT               SL-COMP-STAT
SL-STOCK-AUDIT                  STOCK-AUDIT-ON
SL-VAT-PRINTED                  SL-VAT-PRINTS
STK-AVERAGING                   STOCK-AVERAGING
STOCK-CONTROL                   STOCK-CONTROL-EXISTS
SW-TESTING                      TESTING-1
SW-TESTING-2                    TESTING-2
TRANS-PRINT                     MANDATORY
TRANS-PRINTED                   TRANS-DONE
VAT                             AUTO-VAT
ACS Cobol Xref v2.03.18          Dictionary File for PY010    24/03/2026  18:35:52:44                                  Page  103
Symbols of Module: PY010 (PY010)
--------------------------------
Variable Tested                Symbol (88-Conditions) [S]
--------------------------------------------------------------

AN-BG                           AN-BG-IS-BLACK
AN-BG                           AN-BG-IS-BLUE
AN-BG                           AN-BG-IS-CYAN
AN-BG                           AN-BG-IS-GREEN
AN-BG                           AN-BG-IS-MAGENTA
AN-BG                           AN-BG-IS-RED
AN-BG                           AN-BG-IS-WHITE
AN-BG                           AN-BG-IS-YELLOW
AN-ERROR-CODE                   AN-ERROR-E-COL-OUT-OF-SCREEN
AN-ERROR-CODE                   AN-ERROR-NOT-EXTENDED-DISPLAY
AN-ERROR-CODE                   AN-ERROR-OK
AN-ERROR-CODE                   AN-ERROR-S-COL-OUT-OF-SCREEN
AN-ERROR-CODE                   AN-ERROR-S-ROW-OUT-OF-SCREEN
AN-FG                           AN-FG-IS-BLACK
AN-FG                           AN-FG-IS-BLUE
AN-FG                           AN-FG-IS-CYAN
AN-FG                           AN-FG-IS-GREEN
AN-FG                           AN-FG-IS-MAGENTA
AN-FG                           AN-FG-IS-RED
AN-FG                           AN-FG-IS-WHITE
AN-FG                           AN-FG-IS-YELLOW
AN-FG2                          AN-FG2-IS-BLACK
AN-FG2                          AN-FG2-IS-BLUE
AN-FG2                          AN-FG2-IS-CYAN
AN-FG2                          AN-FG2-IS-GREEN
AN-FG2                          AN-FG2-IS-MAGENTA
AN-FG2                          AN-FG2-IS-RED
AN-FG2                          AN-FG2-IS-WHITE
AN-FG2                          AN-FG2-IS-YELLOW
AN-MODE                         AN-MODE-IS-NO-UPDATE
AN-MODE                         AN-MODE-IS-UPDATE
AN-RETURN-CODE                  AN-RETURN-CODE-VIA-BACK-TAB
AN-RETURN-CODE                  AN-RETURN-CODE-VIA-ENTER
AN-RETURN-CODE                  AN-RETURN-CODE-VIA-ESCAPE
AN-RETURN-CODE                  AN-RETURN-CODE-VIA-PFKEY-01
AN-RETURN-CODE                  AN-RETURN-CODE-VIA-PFKEY-02
AN-RETURN-CODE                  AN-RETURN-CODE-VIA-PFKEY-03
AN-RETURN-CODE                  AN-RETURN-CODE-VIA-PFKEY-04
AN-RETURN-CODE                  AN-RETURN-CODE-VIA-PFKEY-05
AN-RETURN-CODE                  AN-RETURN-CODE-VIA-PFKEY-06
AN-RETURN-CODE                  AN-RETURN-CODE-VIA-PFKEY-07
AN-RETURN-CODE                  AN-RETURN-CODE-VIA-PFKEY-08
AN-RETURN-CODE                  AN-RETURN-CODE-VIA-PFKEY-09
AN-RETURN-CODE                  AN-RETURN-CODE-VIA-PFKEY-10
AN-RETURN-CODE                  AN-RETURN-CODE-VIA-PFKEY-11
AN-RETURN-CODE                  AN-RETURN-CODE-VIA-PFKEY-12
AN-RETURN-CODE                  AN-RETURN-CODE-VIA-PFKEY-13
AN-RETURN-CODE                  AN-RETURN-CODE-VIA-PFKEY-14
AN-RETURN-CODE                  AN-RETURN-CODE-VIA-PFKEY-15
AN-RETURN-CODE                  AN-RETURN-CODE-VIA-PFKEY-16
ACS Cobol Xref v2.03.18          Dictionary File for PY010    24/03/2026  18:35:52:44                                  Page  104
Symbols of Module: PY010 (PY010)
--------------------------------
Variable Tested                Symbol (88-Conditions) [S]
--------------------------------------------------------------

AN-RETURN-CODE                  AN-RETURN-CODE-VIA-PFKEY-17
AN-RETURN-CODE                  AN-RETURN-CODE-VIA-PFKEY-18
AN-RETURN-CODE                  AN-RETURN-CODE-VIA-PFKEY-19
AN-RETURN-CODE                  AN-RETURN-CODE-VIA-PFKEY-20
AN-RETURN-CODE                  AN-RETURN-CODE-VIA-PFKEY-21
AN-RETURN-CODE                  AN-RETURN-CODE-VIA-PFKEY-22
AN-RETURN-CODE                  AN-RETURN-CODE-VIA-PFKEY-23
AN-RETURN-CODE                  AN-RETURN-CODE-VIA-PFKEY-24
AN-RETURN-CODE                  AN-RETURN-CODE-VIA-PFKEY-25
AN-RETURN-CODE                  AN-RETURN-CODE-VIA-PFKEY-26
AN-RETURN-CODE                  AN-RETURN-CODE-VIA-PFKEY-27
AN-RETURN-CODE                  AN-RETURN-CODE-VIA-PFKEY-28
AN-RETURN-CODE                  AN-RETURN-CODE-VIA-PFKEY-29
AN-RETURN-CODE                  AN-RETURN-CODE-VIA-PFKEY-30
AN-RETURN-CODE                  AN-RETURN-CODE-VIA-PFKEY-31
AN-RETURN-CODE                  AN-RETURN-CODE-VIA-PFKEY-32
AN-RETURN-CODE                  AN-RETURN-CODE-VIA-PFKEY-33
AN-RETURN-CODE                  AN-RETURN-CODE-VIA-PFKEY-34
AN-RETURN-CODE                  AN-RETURN-CODE-VIA-PFKEY-35
AN-RETURN-CODE                  AN-RETURN-CODE-VIA-PFKEY-36
AN-RETURN-CODE                  AN-RETURN-CODE-VIA-PFKEY-37
AN-RETURN-CODE                  AN-RETURN-CODE-VIA-PFKEY-38
AN-RETURN-CODE                  AN-RETURN-CODE-VIA-PFKEY-39
AN-RETURN-CODE                  AN-RETURN-CODE-VIA-PFKEY-40
AN-RETURN-CODE                  AN-RETURN-CODE-VIA-PFKEY-41
AN-RETURN-CODE                  AN-RETURN-CODE-VIA-PFKEY-42
AN-RETURN-CODE                  AN-RETURN-CODE-VIA-PFKEY-43
AN-RETURN-CODE                  AN-RETURN-CODE-VIA-PFKEY-44
AN-RETURN-CODE                  AN-RETURN-CODE-VIA-PFKEY-45
AN-RETURN-CODE                  AN-RETURN-CODE-VIA-PFKEY-46
AN-RETURN-CODE                  AN-RETURN-CODE-VIA-PFKEY-47
AN-RETURN-CODE                  AN-RETURN-CODE-VIA-PFKEY-48
AN-RETURN-CODE                  AN-RETURN-CODE-VIA-PG-DOWN
AN-RETURN-CODE                  AN-RETURN-CODE-VIA-PG-UP
AN-RETURN-CODE                  AN-RETURN-CODE-VIA-TAB
ARCH                            ARCHIVING
VAT                             AUTO-VAT
LEVEL-2                         B-L
P-C                             BRANCHES
EXTRA-TYPE                      CHARGE
COMPS                           COMPARATIVES
COMPS-ACTIVE                    COMPARATIVES-ACTIVE
DATE-FORM                       DATE-VALID-FORMATS
DATA-CAPTURE-USED               DC-COBOL-STANDARD
DATA-CAPTURE-USED               DC-GUI
DATA-CAPTURE-USED               DC-WIDGET
EXTRA-TYPE                      DISCOUNT
OP-SYSTEM                       DOS
FA-FILE-SYSTEM-USED             FA-FS-COBOL-FILES-USED
FA-FILE-DUPLICATES-IN-USE       FA-FS-DUPLICATE-PROCESSING
ACS Cobol Xref v2.03.18          Dictionary File for PY010    24/03/2026  18:35:52:44                                  Page  105
Symbols of Module: PY010 (PY010)
--------------------------------
Variable Tested                Symbol (88-Conditions) [S]
--------------------------------------------------------------

FA-FILE-SYSTEM-USED             FA-FS-RDBMS-USED
FA-FILE-SYSTEM-USED             FA-FS-VALID-OPTIONS
FILE-FUNCTION                   FN-CLOSE
FILE-FUNCTION                   FN-DELETE
FILE-FUNCTION                   FN-DELETE-ALL
ACCESS-TYPE                     FN-EQUAL-TO
ACCESS-TYPE                     FN-EXTEND
ACCESS-TYPE                     FN-GREATER-THAN
ACCESS-TYPE                     FN-I-O
ACCESS-TYPE                     FN-INPUT
ACCESS-TYPE                     FN-LESS-THAN
ACCESS-TYPE                     FN-NOT-GREATER-THAN
ACCESS-TYPE                     FN-NOT-LESS-THAN
FILE-FUNCTION                   FN-OPEN
ACCESS-TYPE                     FN-OUTPUT
FILE-FUNCTION                   FN-RE-WRITE
FILE-FUNCTION                   FN-READ-BY-BATCH
FILE-FUNCTION                   FN-READ-BY-CUST
FILE-FUNCTION                   FN-READ-BY-NAME
FILE-FUNCTION                   FN-READ-INDEXED
FILE-FUNCTION                   FN-READ-NEXT
FILE-FUNCTION                   FN-READ-NEXT-HEADER
FILE-FUNCTION                   FN-READ-NEXT-RAW
FILE-FUNCTION                   FN-START
FILE-FUNCTION                   FN-WRITE
FILE-FUNCTION                   FN-WRITE-RAW
FILE-SYSTEM-USED                FS-COBOL-FILES-USED
FILE-DUPLICATES-IN-USE          FS-DUPLICATE-PROCESSING
FILE-SYSTEM-USED                FS-MYSQL-USED
FILE-SYSTEM-USED                FS-RDBMS-USED
FILE-SYSTEM-USED                FS-VALID-OPTIONS
LEVEL-1                         G-L
P-C-GROUPED                     GROUPED
INVOICER                        I-LEVEL-0
INVOICER                        I-LEVEL-1
INVOICER                        I-LEVEL-2
LEDGER-2ND-INDEX                INDEX-2
LEVEL-5                         IRS
IRS-INSTEAD                     IRS-BOTH-USED
LEVEL-5                         IRS-NO
IRS-INSTEAD                     IRS-USED
OP-SYSTEM                       LINUX
OP-SYSTEM                       MAC
TRANS-PRINT                     MANDATORY
M-V                             MINIMUM-VALIDATION
MAIN-RECORD-MOVE-FLAG           MRMF-MOVE-FD
MAIN-RECORD-MOVE-FLAG           MRMF-MOVE-WS
HOST                            MULTI-USER
OP-SYSTEM                       NO-OS
INVOICER                        NOT-INVOICING
ACS Cobol Xref v2.03.18          Dictionary File for PY010    24/03/2026  18:35:52:44                                  Page  106
Symbols of Module: PY010 (PY010)
--------------------------------
Variable Tested                Symbol (88-Conditions) [S]
--------------------------------------------------------------

OP-SYSTEM                       OS-SINGLE
OP-SYSTEM                       OS2
PURCHASE-LEDGER                 P-L-EXISTS
LEVEL-6                         PAYROLL
BATCH-ID                        PRESERVE-BATCH
P-C                             PROFIT-CENTRES
P-C-LEVEL                       REVENUE-ONLY
LEVEL-3                         S-L
SALES-LEDGER                    S-L-EXISTS
SL-COMP-HEAD-INV                SL-COMP-INV
SL-COMP-HEAD-LETS               SL-COMP-LETS
SL-COMP-HEAD-PICK               SL-COMP-PICK
SL-COMP-HEAD-STAT               SL-COMP-STAT
SL-VAT-PRINTED                  SL-VAT-PRINTS
LEVEL-4                         STOCK
SL-STOCK-AUDIT                  STOCK-AUDIT-ON
STK-AVERAGING                   STOCK-AVERAGING
STOCK-CONTROL                   STOCK-CONTROL-EXISTS
SW-TESTING                      TESTING-1
SW-TESTING-2                    TESTING-2
TRANS-PRINTED                   TRANS-DONE
OP-SYSTEM                       UNIX
OP-SYSTEM                       VALID-OS-TYPE
OP-SYSTEM                       WINDOWS
ACS Cobol Xref v2.03.18          Dictionary File for PY010    24/03/2026  18:35:52:44                                  Page  107
Symbols of Module: PY010 (PY010)
--------------------------------
Functions                       Defn     Locations
-------------------------------+---------------------------------------------------------------

CURRENT-DATE                      2176I
TEST-DATE-YYYYMMDD                3628I
UPPER-CASE                        2317I                                                                                       x0
ACS Cobol Xref v2.03.18          Dictionary File for PY010    24/03/2026  18:35:52:44                                  Page  108
Symbols of Module: PY010 (PY010)
--------------------------------
Called Procedures               Type   Locations
-------------------------------+--------------------------------------------------------

ACCEPT_NUMERIC                  USER     2783   2813   2828   2979   2997   3007   3017   3057   3135   3171   3193   3211
                                         3228   3244   3250   3255   3260   3263   3266   3271   3274   3277   3282   3285
                                         3342   3605                                                                          x26
MAPS09                          USER     3646                                                                                 x1
ACS Cobol Xref v2.03.18          Dictionary File for PY010    24/03/2026  18:35:52:44                                  Page  109
Symbols of Module: PY010 (PY010)
--------------------------------
Procedure                       Defn     Locations
-------------------------------+---------------------------------------------------------------

AA000-MAIN                        2171S
AA010-READ-IN-ACTS-DATA           2248P
AA020-MENU-SELECTION              2314P    2342   2348   2351   2354   2357   2360   2362                                     x7
AA125-TEST-PR1-STATUS             2368P    2325   2328                                                                        x2
AA135-ACT-FILE-OPEN-ERROR         2389P    2251                                                                               x1
AA140-EMP-READ-ERROR              2400P    2524                                                                               x1
AA145-EMP-WRITE-ERROR             2411P    2505                                                                               x1
AA150-HIS-WRITE-ERROR             2422P    2510   3595                                                                        x2
AA155-EMP-REWRITE-ERROR           2433P    2682   3039   3292                                                                 x3
AA998-HARD-QUIT-ALL               2444P    2252   2265   2272                                                                 x3
AA999-HARD-QUIT-PARAM             2447P
AN-TEST-STATUS                    3656P
BA000-PROCESS-EMPLOYEE-BASICS     2456S    2339   2344   2350   2521                                                          x4
BA900-TEST-DATE-1                 2690P    2618                                                                               x1
BA910-ACCEPT-DATE                 2699P    2622                                                                               x1
BA920-EXIT                        2768P
BA920-INIT-EMPLOYEE-RECORD        2704P    2499                                                                               x1
BA999-EXIT                        2772P    2470   2506   2511   2525   2684   2688   2770                                     x7
CA000-PROCESS-DED-EARN            2774S    2340   2345   2353                                                                 x3
CA010-GET-EMP-NO                  2780P    2792                                                                               x1
CA020-GET-ACT-PCENTS              2801P    2848   2857                                                                        x2
CA020-PROCESS-EXEMPTS             2863P    2904                                                                               x1
CA999-EXIT                        3046P    2786   3041                                                                        x2
DA000-PROCESS-RATES               3048S    2341   2346   2356                                                                 x3
DA010-GET-EMP-NO                  3054P    3066                                                                               x1
DA999-EXIT                        3299P    3060   3294                                                                        x2
DATE-UK                           3768P
DATE-USA                          3770P
EA-DUMMY                          3610P
EA000-EMPLOYEE-HISTORY            3301S    2347   2359                                                                        x2
EA010-GET-EMP-NO                  3339P    3351                                                                               x1
EA100-GET-AMOUNT                  3604P    3395   3399   3403   3407   3413   3417   3421   3427   3431   3435   3441   3445
                                           3453   3466   3476   3484   3495   3499   3503   3507   3513   3517   3521   3527
                                           3531   3535   3541   3545   3554   3567   3577   3585                              x32
EA999-EXIT                        3614P    3317   3334   3345   3379   3388   3597   3602   3608                              x8
MAPS09-EXIT                       3648P
MENU-EX                           2453P
WS-                               3747P
ZZ010-EXIT                        3630P
ZZ010-TEST-YMD                    3616S    2702                                                                               x1
ZZ030-COMMON-ROUTINES             3633S
ZZ030-EXIT                        3679P
ZZ040-EVAL-MSG-EXIT               3753P
ZZ040-EVALUATE-MESSAGE            3682S    2224   2370   2394   2405   2416   2427   2438   3311   3791                       x9
ZZ070-CONVERT-DATE                3756S
ZZ070-EXIT                        3783P    3769   3774                                                                        x2
ZZ100-COH-READ-ERROR              3786P    3322                                                                               x1
ACS Cobol Xref v2.03.18          Dictionary File for PY010    24/03/2026  18:35:52:45                                  Page  110
Symbols of Module: PY010 (PY010)
--------------------------------
Unreferenced Working Storage Symbols

ACAS-DAL-COMMON-DATA               888W
ACAS-PATH                          801W
ACCEPT-REPLY                       808W
ACCESS-TYPE                        870W
ACT-DESC                           611F
ADDRESS-1                         1560K
ADDRESS-2                         1561K
ADDRESS-3                         1562K
ADDRESS-4                         1563K
AGE-TO-PAY                        1683K
AN-BG                             1341W
AN-BG-IS-BLUE                     1343W
AN-BG-IS-CYAN                     1345W
AN-BG-IS-GREEN                    1344W
AN-BG-IS-MAGENTA                  1347W
AN-BG-IS-RED                      1346W
AN-BG-IS-WHITE                    1349W
AN-BG-IS-YELLOW                   1348W
AN-ERROR-E-COL-OUT-OF-SCREEN      1419W
AN-ERROR-NOT-EXTENDED-DISPLAY     1416W
AN-ERROR-OK                       1415W
AN-ERROR-S-COL-OUT-OF-SCREEN      1418W
AN-ERROR-S-ROW-OUT-OF-SCREEN      1417W
AN-FG                             1332W
AN-FG-IS-BLACK                    1333W
AN-FG-IS-BLUE                     1334W
AN-FG-IS-CYAN                     1336W
AN-FG-IS-MAGENTA                  1338W
AN-FG-IS-RED                      1337W
AN-FG-IS-WHITE                    1340W
AN-FG-IS-YELLOW                   1339W
AN-FG2                            1350W
AN-FG2-IS-BLACK                   1351W
AN-FG2-IS-BLUE                    1352W
AN-FG2-IS-GREEN                   1353W
AN-FG2-IS-MAGENTA                 1356W
AN-FG2-IS-RED                     1355W
AN-FG2-IS-WHITE                   1358W
AN-FG2-IS-YELLOW                  1357W
AN-MODE                           1329W
AN-RETURN-CODE-VIA-BACK-TAB       1412W
AN-RETURN-CODE-VIA-ENTER          1360W
AN-RETURN-CODE-VIA-ESCAPE         1413W
AN-RETURN-CODE-VIA-PFKEY-01       1361W
AN-RETURN-CODE-VIA-PFKEY-02       1362W
AN-RETURN-CODE-VIA-PFKEY-03       1363W
AN-RETURN-CODE-VIA-PFKEY-04       1364W
AN-RETURN-CODE-VIA-PFKEY-05       1365W
AN-RETURN-CODE-VIA-PFKEY-06       1366W
AN-RETURN-CODE-VIA-PFKEY-07       1367W
AN-RETURN-CODE-VIA-PFKEY-08       1368W
ACS Cobol Xref v2.03.18          Dictionary File for PY010    24/03/2026  18:35:52:45                                  Page  111
Symbols of Module: PY010 (PY010)
--------------------------------
Unreferenced Working Storage Symbols

AN-RETURN-CODE-VIA-PFKEY-09       1369W
AN-RETURN-CODE-VIA-PFKEY-10       1370W
AN-RETURN-CODE-VIA-PFKEY-11       1371W
AN-RETURN-CODE-VIA-PFKEY-12       1372W
AN-RETURN-CODE-VIA-PFKEY-13       1373W
AN-RETURN-CODE-VIA-PFKEY-14       1374W
AN-RETURN-CODE-VIA-PFKEY-15       1375W
AN-RETURN-CODE-VIA-PFKEY-16       1376W
AN-RETURN-CODE-VIA-PFKEY-17       1377W
AN-RETURN-CODE-VIA-PFKEY-18       1378W
AN-RETURN-CODE-VIA-PFKEY-19       1379W
AN-RETURN-CODE-VIA-PFKEY-20       1380W
AN-RETURN-CODE-VIA-PFKEY-21       1381W
AN-RETURN-CODE-VIA-PFKEY-22       1382W
AN-RETURN-CODE-VIA-PFKEY-23       1383W
AN-RETURN-CODE-VIA-PFKEY-24       1384W
AN-RETURN-CODE-VIA-PFKEY-25       1385W
AN-RETURN-CODE-VIA-PFKEY-26       1386W
AN-RETURN-CODE-VIA-PFKEY-27       1387W
AN-RETURN-CODE-VIA-PFKEY-28       1388W
AN-RETURN-CODE-VIA-PFKEY-29       1389W
AN-RETURN-CODE-VIA-PFKEY-30       1390W
AN-RETURN-CODE-VIA-PFKEY-31       1391W
AN-RETURN-CODE-VIA-PFKEY-32       1392W
AN-RETURN-CODE-VIA-PFKEY-33       1393W
AN-RETURN-CODE-VIA-PFKEY-34       1394W
AN-RETURN-CODE-VIA-PFKEY-35       1395W
AN-RETURN-CODE-VIA-PFKEY-36       1396W
AN-RETURN-CODE-VIA-PFKEY-37       1397W
AN-RETURN-CODE-VIA-PFKEY-38       1398W
AN-RETURN-CODE-VIA-PFKEY-39       1399W
AN-RETURN-CODE-VIA-PFKEY-40       1400W
AN-RETURN-CODE-VIA-PFKEY-41       1401W
AN-RETURN-CODE-VIA-PFKEY-42       1402W
AN-RETURN-CODE-VIA-PFKEY-43       1403W
AN-RETURN-CODE-VIA-PFKEY-44       1404W
AN-RETURN-CODE-VIA-PFKEY-45       1405W
AN-RETURN-CODE-VIA-PFKEY-46       1406W
AN-RETURN-CODE-VIA-PFKEY-47       1407W
AN-RETURN-CODE-VIA-PFKEY-48       1408W
AN-RETURN-CODE-VIA-PG-DOWN        1410W
AN-RETURN-CODE-VIA-PG-UP          1409W
AN-RETURN-CODE-VIA-TAB            1411W
ARCH                              1648K
ARCHIVING                         1649K
AUTO-VAT                          1658K
B-L                               1574K
BATCH-ID                          1659K
BL-END-CYCLE-DATE                 1681K
BL-NEXT-BATCH                     1682K
BL-PAY-AC                         1678K
ACS Cobol Xref v2.03.18          Dictionary File for PY010    24/03/2026  18:35:52:45                                  Page  112
Symbols of Module: PY010 (PY010)
--------------------------------
Unreferenced Working Storage Symbols

BL-PURCH-AC                       1680K
BRANCHES                          1637K
CHARGE                            1724K
CHECK-DIGIT                        761W
CLIENT                            1793K
COB-ALLOW-ALL-SCREEN-ACTIONS      1168W
COB-ALLOW-LEFT-DOUBLE             1160W
COB-ALLOW-LEFT-DOWN               1158W
COB-ALLOW-LEFT-UP                 1159W
COB-ALLOW-MIDDLE-DOUBLE           1163W
COB-ALLOW-MIDDLE-DOWN             1161W
COB-ALLOW-MIDDLE-UP               1162W
COB-ALLOW-MOUSE-MOVE              1167W
COB-ALLOW-RIGHT-DOUBLE            1166W
COB-ALLOW-RIGHT-DOWN              1164W
COB-ALLOW-RIGHT-UP                1165W
COB-AUTO-MOUSE-HANDLING           1157W
COB-COLOR-BLUE                    1148W
COB-COLOR-CYAN                    1150W
COB-COLOR-MAGENTA                 1152W
COB-COLOR-WHITE                   1154W
COB-COLOR-YELLOW                  1153W
COB-SCR-ALT-LEFT-DBL-CLICK        1291W
COB-SCR-ALT-LEFT-PRESSED          1289W
COB-SCR-ALT-LEFT-RELEASED         1290W
COB-SCR-ALT-MID-DBL-CLICK         1294W
COB-SCR-ALT-MID-PRESSED           1292W
COB-SCR-ALT-MID-RELEASED          1293W
COB-SCR-ALT-MOVE                  1288W
COB-SCR-ALT-RIGHT-DBL-CLICK       1297W
COB-SCR-ALT-RIGHT-PRESSED         1295W
COB-SCR-ALT-RIGHT-RELEASED        1296W
COB-SCR-ALT-WHEEL-DOWN            1311W
COB-SCR-ALT-WHEEL-UP              1310W
COB-SCR-BACK-TAB                  1247W
COB-SCR-BACKSPACE                 1254W
COB-SCR-CTRL-LEFT-DBL-CLICK       1281W
COB-SCR-CTRL-LEFT-PRESSED         1279W
COB-SCR-CTRL-LEFT-RELEASED        1280W
COB-SCR-CTRL-MID-DBL-CLICK        1284W
COB-SCR-CTRL-MID-PRESSED          1282W
COB-SCR-CTRL-MID-RELEASED         1283W
COB-SCR-CTRL-MOVE                 1278W
COB-SCR-CTRL-RIGHT-DBL-CLICK      1287W
COB-SCR-CTRL-RIGHT-PRESSED        1285W
COB-SCR-CTRL-RIGHT-RELEASED       1286W
COB-SCR-CTRL-WHEEL-DOWN           1307W
COB-SCR-CTRL-WHEEL-UP             1306W
COB-SCR-DELETE                    1253W
COB-SCR-F10                       1184W
COB-SCR-F11                       1185W
ACS Cobol Xref v2.03.18          Dictionary File for PY010    24/03/2026  18:35:52:45                                  Page  113
Symbols of Module: PY010 (PY010)
--------------------------------
Unreferenced Working Storage Symbols

COB-SCR-F12                       1186W
COB-SCR-F13                       1187W
COB-SCR-F14                       1188W
COB-SCR-F15                       1189W
COB-SCR-F16                       1190W
COB-SCR-F17                       1191W
COB-SCR-F18                       1192W
COB-SCR-F19                       1193W
COB-SCR-F2                        1176W
COB-SCR-F20                       1194W
COB-SCR-F21                       1195W
COB-SCR-F22                       1196W
COB-SCR-F23                       1197W
COB-SCR-F24                       1198W
COB-SCR-F25                       1199W
COB-SCR-F26                       1200W
COB-SCR-F27                       1201W
COB-SCR-F28                       1202W
COB-SCR-F29                       1203W
COB-SCR-F3                        1177W
COB-SCR-F30                       1204W
COB-SCR-F31                       1205W
COB-SCR-F32                       1206W
COB-SCR-F33                       1207W
COB-SCR-F34                       1208W
COB-SCR-F35                       1209W
COB-SCR-F36                       1210W
COB-SCR-F37                       1211W
COB-SCR-F38                       1212W
COB-SCR-F39                       1213W
COB-SCR-F4                        1178W
COB-SCR-F40                       1214W
COB-SCR-F41                       1215W
COB-SCR-F42                       1216W
COB-SCR-F43                       1217W
COB-SCR-F44                       1218W
COB-SCR-F45                       1219W
COB-SCR-F46                       1220W
COB-SCR-F47                       1221W
COB-SCR-F48                       1222W
COB-SCR-F49                       1223W
COB-SCR-F5                        1179W
COB-SCR-F50                       1224W
COB-SCR-F51                       1225W
COB-SCR-F52                       1226W
COB-SCR-F53                       1227W
COB-SCR-F54                       1228W
COB-SCR-F55                       1229W
COB-SCR-F56                       1230W
COB-SCR-F57                       1231W
COB-SCR-F58                       1232W
ACS Cobol Xref v2.03.18          Dictionary File for PY010    24/03/2026  18:35:52:45                                  Page  114
Symbols of Module: PY010 (PY010)
--------------------------------
Unreferenced Working Storage Symbols

COB-SCR-F59                       1233W
COB-SCR-F6                        1180W
COB-SCR-F60                       1234W
COB-SCR-F61                       1235W
COB-SCR-F62                       1236W
COB-SCR-F63                       1237W
COB-SCR-F64                       1238W
COB-SCR-F7                        1181W
COB-SCR-F8                        1182W
COB-SCR-F9                        1183W
COB-SCR-FATAL                     1318W
COB-SCR-INSERT                    1252W
COB-SCR-KEY-DOWN                  1243W
COB-SCR-KEY-END                   1256W
COB-SCR-KEY-HOME                  1255W
COB-SCR-KEY-LEFT                  1248W
COB-SCR-KEY-RIGHT                 1249W
COB-SCR-KEY-UP                    1242W
COB-SCR-LEFT-DBL-CLICK            1261W
COB-SCR-LEFT-PRESSED              1259W
COB-SCR-LEFT-RELEASED             1260W
COB-SCR-MAX-FIELD                 1319W
COB-SCR-MID-DBL-CLICK             1264W
COB-SCR-MID-PRESSED               1262W
COB-SCR-MID-RELEASED              1263W
COB-SCR-MOUSE-MOVE                1258W
COB-SCR-NO-FIELD                  1315W
COB-SCR-OK                        1172W
COB-SCR-PAGE-DOWN                 1241W
COB-SCR-PAGE-UP                   1240W
COB-SCR-PRINT                     1245W
COB-SCR-RIGHT-DBL-CLICK           1267W
COB-SCR-RIGHT-PRESSED             1265W
COB-SCR-RIGHT-RELEASED            1266W
COB-SCR-SHIFT-LEFT-DBL-CLICK      1271W
COB-SCR-SHIFT-LEFT-PRESSED        1269W
COB-SCR-SHIFT-LEFT-RELEASED       1270W
COB-SCR-SHIFT-MID-DBL-CLICK       1274W
COB-SCR-SHIFT-MID-PRESSED         1272W
COB-SCR-SHIFT-MID-RELEASED        1273W
COB-SCR-SHIFT-MOVE                1268W
COB-SCR-SHIFT-RIGHT-DBL-CLICK     1277W
COB-SCR-SHIFT-RIGHT-PRESSED       1275W
COB-SCR-SHIFT-RIGHT-RELEASED      1276W
COB-SCR-SHIFT-WHEEL-DOWN          1303W
COB-SCR-SHIFT-WHEEL-UP            1302W
COB-SCR-TAB                       1246W
COB-SCR-TIME-OUT                  1316W
COB-SCR-WHEEL-DOWN                1299W
COB-SCR-WHEEL-UP                  1298W
COH-ALL-Q-TAX                      706F
ACS Cobol Xref v2.03.18          Dictionary File for PY010    24/03/2026  18:35:52:45                                  Page  115
Symbols of Module: PY010 (PY010)
--------------------------------
Unreferenced Working Storage Symbols

COH-ALL-Q-TAXES                    705F
COH-DATE                           699F
COH-INTERVAL                       642F
COH-LAST-APPLY-NO                  646F
COH-Q-CO-FUTA-LIAB                 704F
COH-Q-FICA-TAX                     703F
COH-Q-TAX                          702F
COH-QTD-CO-FICA-LIAB               661F
COH-QTD-CO-FUTA-LIAB               660F
COH-QTD-CO-SUI-LIAB                662F
COH-QTD-COMP-TIME-EARNED           667F
COH-QTD-COMP-TIME-TAKEN            668F
COH-QTD-EIC-CREDIT                 654F
COH-QTD-EMP                        664F
COH-QTD-FICA-LIAB                  658F
COH-QTD-FICA-TAXABLE               651F
COH-QTD-FWT-LIAB                   655F
COH-QTD-INCOME-TAXABLE             648F
COH-QTD-LWT-LIAB                   657F
COH-QTD-NET                        653F
COH-QTD-OTHER-DED                  665F
COH-QTD-OTHER-NONTAXABLE           650F
COH-QTD-OTHER-TAXABLE              649F
COH-QTD-SDI-LIAB                   659F
COH-QTD-SL-EARNED                  671F
COH-QTD-SL-TAKEN                   672F
COH-QTD-SWT-LIAB                   656F
COH-QTD-SYS                        663F
COH-QTD-TIPS                       652F
COH-QTD-UNITS                      666F
COH-QTD-VAC-EARNED                 669F
COH-QTD-VAC-TAKEN                  670F
COH-TAX                            700F
COH-YTD-CO-FICA-LIAB               687F
COH-YTD-CO-FUTA-LIAB               686F
COH-YTD-CO-SUI-LIAB                688F
COH-YTD-COMP-TIME-EARNED           693F
COH-YTD-COMP-TIME-TAKEN            694F
COH-YTD-EIC-CREDIT                 680F
COH-YTD-EMP                        690F
COH-YTD-FICA-LIAB                  684F
COH-YTD-FICA-TAXABLE               677F
COH-YTD-FWT-LIAB                   681F
COH-YTD-INCOME-TAXABLE             674F
COH-YTD-LWT-LIAB                   683F
COH-YTD-NET                        679F
COH-YTD-OTHER-DED                  691F
COH-YTD-OTHER-NONTAXABLE           676F
COH-YTD-OTHER-TAXABLE              675F
COH-YTD-SDI-LIAB                   685F
COH-YTD-SL-EARNED                  697F
ACS Cobol Xref v2.03.18          Dictionary File for PY010    24/03/2026  18:35:52:45                                  Page  116
Symbols of Module: PY010 (PY010)
--------------------------------
Unreferenced Working Storage Symbols

COH-YTD-SL-TAKEN                   698F
COH-YTD-SWT-LIAB                   682F
COH-YTD-SYS                        689F
COH-YTD-TIPS                       678F
COH-YTD-UNITS                      692F
COH-YTD-VAC-EARNED                 695F
COH-YTD-VAC-TAKEN                  696F
COL2                               797W
COLE                               793W
COMPANY-EMAIL                     1630K
COMPARATIVES                      1643K
COMPARATIVES-ACTIVE               1645K
COMPS                             1642K
COMPS-ACTIVE                      1644K
COUNTRY                           1565K
CURRENT-QUARTER                   1597K
CUST-FLAG                         1704K
CUSTOMER-NOS                       760W
DATA-CAPTURE-USED                 1617K
DATE-VALID-FORMATS                1616K
DB-HOST                            823W
DB-PORT                            825W
DB-SCHEMA                          820W
DB-SOCKET                          824W
DB-UNAME                           821W
DB-UPASS                           822W
DC-COBOL-STANDARD                 1618K
DC-GUI                            1619K
DC-WIDGET                         1620K
DISCOUNT                          1723K
DISPLAY-HEADS                     1931S
DOS                               1590K
EMP-DIST-GRP                       487F
EMP-ED-GRP                         490F
EMP-EMAIL                          455F
EMP-MCARE-EXEMPT                   473F
EMP-NEXT-DEL                       442F
EMP-POST-CODE                      451F
EMP-TERM-DATE                      438F
END-DATE                          1556K
ENTRY-LEVEL                       1687K
ERROR-MESSAGES                    1046W
EXTRA-CHARGE-AC                   1670K
EXTRA-DESC                        1721K
EXTRA-PRINT                       1725K
EXTRA-RATE                        1731K
EXTRA-TYPE                        1722K
FA-FILE-DUPLICATES-IN-USE          845W
FA-FILE-SYSTEM-USED                836W
FA-FS-COBOL-FILES-USED             837W
FA-FS-DUPLICATE-PROCESSING         846W
ACS Cobol Xref v2.03.18          Dictionary File for PY010    24/03/2026  18:35:52:45                                  Page  117
Symbols of Module: PY010 (PY010)
--------------------------------
Unreferenced Working Storage Symbols

FA-FS-RDBMS-USED                   838W
FA-FS-VALID-OPTIONS                844W
FA-RDBMS-FLAT-STATUSES             835W
FILE-0                            1827K
FILE-10                           1846K
FILE-11                           1848K
FILE-12                           1850K
FILE-13                           1852K
FILE-14                           1854K
FILE-15                           1856K
FILE-16                           1858K
FILE-17                           1860K
FILE-18                           1862K
FILE-19                           1864K
FILE-2                            1830K
FILE-20                           1866K
FILE-21                           1868K
FILE-22                           1870K
FILE-23                           1872K
FILE-24                           1874K
FILE-26                           1877K
FILE-27                           1879K
FILE-28                           1881K
FILE-29                           1883K
FILE-3                            1832K
FILE-30                           1885K
FILE-31                           1887K
FILE-32                           1889K
FILE-33                           1891K
FILE-34                           1892K
FILE-35                           1893K
FILE-36                           1894K
FILE-37                           1895K
FILE-38                           1896K
FILE-4                            1834K
FILE-40                           1900K
FILE-42                           1902K
FILE-44                           1904K
FILE-46                           1906K
FILE-48                           1908K
FILE-49                           1910K
FILE-5                            1836K
FILE-50                           1911K
FILE-51                           1912K
FILE-52                           1913K
FILE-53                           1914K
FILE-54                           1915K
FILE-55                           1916K
FILE-56                           1917K
FILE-57                           1919K
FILE-6                            1838K
ACS Cobol Xref v2.03.18          Dictionary File for PY010    24/03/2026  18:35:52:45                                  Page  118
Symbols of Module: PY010 (PY010)
--------------------------------
Unreferenced Working Storage Symbols

FILE-7                            1840K
FILE-8                            1842K
FILE-9                            1844K
FILE-ACCESS                        785W
FILE-DEFS-COUNT                   1923K
FILE-DEFS-OS-DELIMITER            1924K
FILE-DUPLICATES-IN-USE            1610K
FILE-FUNCTION                      851W
FILE-KEY-NO                        809W
FILE-SYSTEM-USED                  1599K
FILLER-DUMMY4                     1806K
FIRST-SL-BATCH                    1740K
FIRST-SL-INV                      1741K
FN-CLOSE                           853W
FN-DELETE                          859W
FN-DELETE-ALL                      857W
FN-EQUAL-TO                        875W
FN-EXTEND                          874W
FN-GREATER-THAN                    877W
FN-I-O                             872W
FN-INPUT                           871W
FN-LESS-THAN                       876W
FN-NOT-GREATER-THAN                879W
FN-NOT-LESS-THAN                   878W
FN-OPEN                            852W
FN-OUTPUT                          873W
FN-RE-WRITE                        858W
FN-READ-BY-BATCH                   866W
FN-READ-BY-CUST                    867W
FN-READ-BY-NAME                    865W
FN-READ-INDEXED                    855W
FN-READ-NEXT                       854W
FN-READ-NEXT-HEADER                868W
FN-READ-NEXT-RAW                   863W
FN-START                           860W
FN-WRITE                           856W
FN-WRITE-RAW                       862W
FS-ACTION                          804W
FS-COBOL-FILES-USED               1600K
FS-DUPLICATE-PROCESSING           1611K
FS-MYSQL-USED                     1601K
FS-RDBMS-USED                     1603K
FS-VALID-OPTIONS                  1609K
FULL-INVOICING                    1707K
G-L                               1572K
GENERAL-LEDGER-BLOCK              1634K
GL-BL-PAY-AC                      1764K
GL-BL-PURCH-AC                    1766K
GL-P-CREDITORS                    1765K
GL-S-DEBTORS                      1768K
GL-SL-PAY-AC                      1767K
ACS Cobol Xref v2.03.18          Dictionary File for PY010    24/03/2026  18:35:52:45                                  Page  119
Symbols of Module: PY010 (PY010)
--------------------------------
Unreferenced Working Storage Symbols

GL-SL-SALES-AC                    1769K
GROUPED                           1639K
HDR-HIS-LAST-TO-DATE               578F
HDR-HIS-NO                         577F
HEADER-LEVEL                      1654K
HIS-QTD                            534F
HIS-QTD-EXTRAS                     552F
HIS-QTD-MCARE                      547F
HIS-YTD                            553F
HIS-YTD-EXTRAS                     571F
HIS-YTD-MCARE                      566F
HOST                              1585K
I-LEVEL-0                         1717K
I-LEVEL-1                         1718K
I-LEVEL-2                         1719K
INDEX-2                           1662K
INVOICER                          1716K
IRS                               1580K
IRS-BOTH-USED                     1665K
IRS-DATA-BLOCK                    1805K
IRS-ENTRY-BLOCK                   1805K
IRS-INSTEAD                       1663K
IRS-NO                            1581K
IRS-USED                          1664K
LEDGER-2ND-INDEX                  1661K
LEDGER-SEC                        1666K
LEVEL                             1570K
LEVEL-1                           1571K
LEVEL-2                           1573K
LEVEL-3                           1575K
LEVEL-4                           1577K
LEVEL-5                           1579K
LEVEL-6                           1582K
LIN                                792W
LIN2                               796W
LINUX                             1595K
LOG-FILE-REC-WRITTEN               900W
LOGGING-DATA                       807W
M-V                               1646K
MAC                               1592K
MAIN-RECORD-MOVE-FLAG              829W
MANDATORY                         1651K
MAPS-SER                          1612K
MAPS-SER-NN                       1614K
MAPS-SER-XX                       1613K
MAPS03-WS                          728W
MINIMUM-VALIDATION                1647K
MRMF-MOVE-FD                       830W
MRMF-MOVE-WS                       831W
MULTI-USER                        1586K
NEXT-BATCH                        1669K
ACS Cobol Xref v2.03.18          Dictionary File for PY010    24/03/2026  18:35:52:45                                  Page  120
Symbols of Module: PY010 (PY010)
--------------------------------
Unreferenced Working Storage Symbols

NEXT-FOLIO                        1677K
NEXT-INVOICE                      1553K
NEXT-POST                         1794K
NO-OS                             1589K
NOT-INVOICING                     1720K
OI-3-FLAG                         1703K
OI-5-FLAG                         1705K
OP-SYSTEM                         1587K
OS-SINGLE                         1596K
OS2                               1593K
P-C                               1635K
P-C-GROUPED                       1638K
P-C-LEVEL                         1640K
P-CREDITORS                       1679K
P-FLAG-A                          1688K
P-FLAG-I                          1689K
P-FLAG-P                          1690K
P-L-EXISTS                        1685K
PAGE-LINES                        1552K
PARAM-RESTRICT                    1625K
PASS-VALUE                        1569K
PASS-WORD                         1584K
PATH-WORK                          802W
PAYROLL                           1583K
PERIOD                            1551K
PF-RETENTION                      1739K
PHONE-NO                          1567K
PL-APPROP-AC                      1803K
PL-APPROP-AC6                     1801K
PL-AUTOGEN                        1693K
PL-DELIM                          1686K
PL-NEXT-REC                       1694K
PL-STOCK-LINK                     1691K
POST-CODE                         1564K
POST-TRANS-NAME                   1825K
POSTINGS                          1668K
PRE-TRANS-NAME                    1824K
PRESERVE-BATCH                    1660K
PRINT-SPOOL-NAME                  1566K
PRINT-SPOOL-NAME2                 1672K
PRINT-SPOOL-NAME3                 1692K
PROFIT-CENTRES                    1636K
PURCHASE-LEDGER                   1684K
PURCHASE-LEDGER-BLOCK             1676K
PURCHASE-RANGE                    1656K
PY-ACCOUNTS-RECORD                 608F
PY-COMP-HIST-RECORD                640F
PY-HISTORY-HEADER                  576F
PY-PR1-B-USED                      321F
PY-PR1-BLOCK                       280F
PY-PR1-CHECK-HISTORY-USED          317F
ACS Cobol Xref v2.03.18          Dictionary File for PY010    24/03/2026  18:35:52:45                                  Page  121
Symbols of Module: PY010 (PY010)
--------------------------------
Unreferenced Working Storage Symbols

PY-PR1-CHECK-PRINTING-USED         316F
PY-PR1-CO-ADDRESS-1                284F
PY-PR1-CO-ADDRESS-2                285F
PY-PR1-CO-ADDRESS-3                286F
PY-PR1-CO-ADDRESS-4                287F
PY-PR1-CO-EMAIL                    292F
PY-PR1-CO-NAME                     282F
PY-PR1-CO-PHONE                    291F
PY-PR1-CO-POST-CODE                288F
PY-PR1-CO-STATE                    290F
PY-PR1-CO-ZIP                      289F
PY-PR1-COMPANY-DATA                281F
PY-PR1-CURRENCY-SIGN               327F
PY-PR1-DATE                        347F
PY-PR1-DATE-DY                     350F
PY-PR1-DATE-MO                     349F
PY-PR1-DATE-YR                     351F
PY-PR1-DEBUGGING                   329F
PY-PR1-DFLT-GROSS-ACCT             298F
PY-PR1-DIST-USED                   326F
PY-PR1-FED-ID                      342F
PY-PR1-GL-USED                     323F
PY-PR1-HARD-DELETE                 330F
PY-PR1-IRS-USED                    324F
PY-PR1-JC-USED                     322F
PY-PR1-LAST-DAY-PAY-PERIOD         313F
PY-PR1-LOCAL-ID                    344F
PY-PR1-M-USED                      319F
PY-PR1-MAX-CHK-CATS                359F
PY-PR1-MAX-ED-CATS                 361F
PY-PR1-MAX-EMP-EDS                 360F
PY-PR1-MAX-SWT-ENTRIES             362F
PY-PR1-MAX-SYS-EDS                 367F
PY-PR1-MIN-WAGE                    302F
PY-PR1-OFFSET-CASH-ACCT            297F
PY-PR1-OS-DELIMITER                328F
PY-PR1-PAGE-LINES-L                353F
PY-PR1-PAGE-LINES-P                352F
PY-PR1-PAGE-WIDTH-L                355F
PY-PR1-PAGE-WIDTH-P                354F
PY-PR1-PRINT-SPOOL-NAME            369F
PY-PR1-PRINT-SPOOL-NAME2           370F
PY-PR1-PRINT-SPOOL-NAME3           371F
PY-PR1-S-USED                      318F
PY-PR1-STATE-ID                    343F
PY-PR1-TAX-ID                      293F
PY-PR1-TRADE-NAME                  283F
PY-PR1-USER-PROG                   357F
PY-PR1-USER-PROG-DESC              358F
PY-PR1-USER-PROG-USED              356F
PY-PR1-VOID-CHECK-AMT              303F
ACS Cobol Xref v2.03.18          Dictionary File for PY010    24/03/2026  18:35:52:45                                  Page  122
Symbols of Module: PY010 (PY010)
--------------------------------
Unreferenced Working Storage Symbols

PY-PR1-VOID-CHECKS-OVER-MAX        314F
PY-PR1-W-USED                      320F
PY-PR2-940-PRINTED                 391F
PY-PR2-941-PRINTED                 392F
PY-PR2-BLOCK                       373F
PY-PR2-CHECK-DATE                  383F
PY-PR2-HRS-BATCH-NO                378F
PY-PR2-JUST-CLOSED-YEAR            389F
PY-PR2-LAST-CHECK-NO               395F
PY-PR2-LAST-DAY-LAST-B             380F
PY-PR2-LAST-DAY-LAST-M             382F
PY-PR2-LAST-DAY-LAST-S             381F
PY-PR2-LAST-DAY-LAST-W             379F
PY-PR2-LAST-Q-ENDED                394F
PY-PR2-NO-ACCTS                    390F
PY-PR2-NO-ACTIVE-EMPS              385F
PY-PR2-NO-EMPLOYEES                386F
PY-PR2-NO-OF-SM-APPLIES            387F
PY-PR2-NO-OF-WB-APPLIES            388F
PY-PR2-W2-PRINTED                  393F
PY-PR2-YEAR                        374F
PY-PR2-YEAR-NEXT                   375F
RDB-DATA                           819W
RDBMS-DB-NAME                     1621K
RDBMS-FLAT-STATUSES               1598K
RDBMS-HOST                        1627K
RDBMS-PASSWD                      1623K
RDBMS-PORT                        1626K
RDBMS-SOCKET                      1628K
RDBMS-USER                        1622K
REVENUE-ONLY                      1641K
RUN-DATE                          1554K
S-DEBTORS                         1744K
S-END-CYCLE-DATE                  1746K
S-FLAG-A                          1708K
S-FLAG-I                          1709K
S-FLAG-OI-3                       1706K
S-FLAG-P                          1710K
S-L                               1576K
S-L-EXISTS                        1701K
S1                                 789W
SALES-LEDGER                      1700K
SALES-LEDGER-BLOCK                1699K
SALES-RANGE                       1655K
SCYCLE                            1550K
SL-AUTOGEN                        1758K
SL-BO-DEFAULT                     1761K
SL-BO-FLAG                        1760K
SL-CHARGES                        1712K
SL-COMP-HEAD-INV                  1749K
SL-COMP-HEAD-LETS                 1753K
ACS Cobol Xref v2.03.18          Dictionary File for PY010    24/03/2026  18:35:52:45                                  Page  123
Symbols of Module: PY010 (PY010)
--------------------------------
Unreferenced Working Storage Symbols

SL-COMP-HEAD-PICK                 1747K
SL-COMP-HEAD-STAT                 1751K
SL-COMP-INV                       1750K
SL-COMP-LETS                      1754K
SL-COMP-PICK                      1748K
SL-COMP-STAT                      1752K
SL-CREDIT                         1735K
SL-DAY-BOOK                       1715K
SL-DAYS-1                         1732K
SL-DAYS-2                         1733K
SL-DAYS-3                         1734K
SL-DELIM                          1702K
SL-DISC                           1730K
SL-DUNNING                        1711K
SL-INVOICE-LINES                  1757K
SL-LATE-PER                       1729K
SL-LIMIT                          1742K
SL-MAX                            1738K
SL-MIN                            1737K
SL-NEXT-REC                       1759K
SL-OWN-NOS                        1713K
SL-PAY-AC                         1743K
SL-SALES-AC                       1745K
SL-STATS-RUN                      1714K
SL-STOCK-AUDIT                    1727K
SL-STOCK-LINK                     1726K
SL-VAT-PRINTED                    1755K
SL-VAT-PRINTS                     1756K
SQL-ERR                            812W
SQL-MSG                            813W
SQL-STATE                          814W
START-DATE                        1555K
STATS-DATE-PERIOD                 1629K
STK-ABREV-REF                     1775K
STK-ACTIVITY-REP-RUN              1788K
STK-AUDIT-NO                      1791K
STK-AUDIT-USED                    1779K
STK-AVERAGING                     1786K
STK-BO-ACTIVE                     1789K
STK-DEBUG                         1776K
STK-MANU-USED                     1777K
STK-MOV-AUDIT                     1780K
STK-OE-USED                       1778K
STK-PAGE-LINES                    1790K
STK-PERIOD-CUR                    1781K
STK-PERIOD-DAT                    1782K
STOCK                             1578K
STOCK-AUDIT-ON                    1728K
STOCK-AVERAGING                   1787K
STOCK-CONTROL                     1784K
STOCK-CONTROL-BLOCK               1774K
ACS Cobol Xref v2.03.18          Dictionary File for PY010    24/03/2026  18:35:52:45                                  Page  124
Symbols of Module: PY010 (PY010)
--------------------------------
Unreferenced Working Storage Symbols

STOCK-CONTROL-EXISTS              1785K
SUSER                             1557K
SW-TESTING                         892W
SW-TESTING-2                       897W
SYSTEM-DATA-BLOCK                 1533K
SYSTEM-FILE-NAMES                 1922K
TESTING-1                          893W
TESTING-2                          898W
TRANS-DONE                        1653K
TRANS-PRINT                       1650K
TRANS-PRINTED                     1652K
U-BIN                              752W
U-CC                               736W
U-DAYS                             731W
U-INTL                             744W
U-INTL-CC                          746W
U-INTL-DAYS                        751W
U-INTL-MONTH                       749W
U-INTL-YEAR                        745W
U-INTL-YY                          747W
U-MONTH                            733W
U-UK                               730W
U-USA                              738W
U-USA-DAYS                         741W
U-USA-MONTH                        739W
U-YEAR                             735W
U-YY                               737W
UNIX                              1594K
UPDATES                           1667K
USER-CODE                         1559K
VALID-OS-TYPE                     1588K
VAT                               1657K
VAT-AC                            1671K
VAT-GROUP                         1799K
VAT-PSENT                         1800K
VAT-RATE                          1548K
VAT-RATE-1                        1543K
VAT-RATE-2                        1544K
VAT-RATE-3                        1545K
VAT-RATE-4                        1546K
VAT-RATE-5                        1547K
VAT-REG-NUMBER                    1624K
VAT1                              1796K
VAT2                              1797K
VAT3                              1798K
WE-ERROR                           786W
WINDOWS                           1591K
WINT                               965W
WS-ACT-ENTRIES                    1018W
WS-CALLED                         1471K
WS-CALLER                         1472K
ACS Cobol Xref v2.03.18          Dictionary File for PY010    24/03/2026  18:35:52:45                                  Page  125
Symbols of Module: PY010 (PY010)
--------------------------------
Unreferenced Working Storage Symbols

WS-CD-ARGS                        1478K
WS-CONV-DATE                       994W
WS-COUNT-ROWS                      818W
WS-DATA                            903W
WS-DATE-FORMATS                    992W
WS-DEL-LINK                       1473K
WS-EMP-CHK-DIG                     929W
WS-ERR-MSG                         918W
WS-FILE-KEY                        815W
WS-HEADING                         959W
WS-INTERVAL-USED                  1035W
WS-INTL                           1008W
WS-LOG-FILE-NO                     817W
WS-LOG-SYSTEM                      810W
WS-LOG-WHERE                       816W
WS-NO-PARAGRAPH                    811W
WS-PR1-DATING                      991W
WS-PROCESS-FUNC                   1476K
WS-RATES-LITERALS                 1037W
WS-STARTING-UP                     935W
WS-STATE-CODES-TABLE              1025W
WS-SUB-FUNCTION                   1477K
WS-SYSTEM-RECORD-VERSION-PRIME    1535K
WS-SYSTEM-RECORD-VERSION-SECOND   1540K
WS-TEMP-NUMBERS                    969W
WS-TEST-DATE                       989W
WS-TIME                           1429W
WS-UK                              996W
WS-USA                            1002W
WS-USA-DAYS                       1005W
WS-USA-MONTH                      1003W
WSA-DATE                          1430W
WSA-DD                            1433W
WSA-MM                            1432W
WSA-YY                            1431W
WSB-HH                            1435W
WSB-MM                            1436W
WSB-SS                            1437W
WSB-TIME                          1434W
WSCREENNAME                        964W
WSD-HH                            1440W
WSD-MM                            1442W
WSD-SA                            1441W
WSD-SB                            1443W
WSD-SS                            1444W
WSD-TIME                          1439W
WSE-DAYS                          1450W
WSE-HH                            1454W
WSE-MM                            1455W
WSE-MONTH                         1449W
WSE-SS                            1456W
ACS Cobol Xref v2.03.18          Dictionary File for PY010    24/03/2026  18:35:52:45                                  Page  126
Symbols of Module: PY010 (PY010)
--------------------------------
Unreferenced Working Storage Symbols

WSE-TIME                          1453W
WSE-YEAR                          1448W
ACS Cobol Xref v2.03.18          Dictionary File for PY010    24/03/2026  18:35:52:45                                  Page  127
Symbols of Module: PY010 (PY010)
--------------------------------
Unreferenced Procedures

AA000-MAIN                        2171S
AA010-READ-IN-ACTS-DATA           2248P
AA999-HARD-QUIT-PARAM             2447P
AN-TEST-STATUS                    3656P
BA920-EXIT                        2768P
DATE-UK                           3768P
DATE-USA                          3770P
EA-DUMMY                          3610P
MAPS09-EXIT                       3648P
MENU-EX                           2453P
WS-                               3747P
ZZ010-EXIT                        3630P
ZZ030-COMMON-ROUTINES             3633S
ZZ030-EXIT                        3679P
ZZ040-EVAL-MSG-EXIT               3753P
ZZ070-CONVERT-DATE                3756S
