
ACS Cobol Xref v2.03.18          Dictionary File for PY020    13/04/2026  23:09:03:82                                  Page    1

     1         >>source free
     2  *>****************************************************************
     3  *>          Employee Regular Hours Entry Program                 *
     4  *>                                                               *
     5  *>****************************************************************
     6  *>
     7   identification          division.
     8  *>================================
     9  *>
    10        program-id.       py020.
    11  *>**
    12  *>    Author.           Vincent B Coen FBCS, FIDM, FIDPM, 19/10/2025.
    13  *>**
    14  *>    Security.         Copyright (C) 2025 - 2026 & later, Vincent Bryan Coen.
    15  *>                      Distributed under the GNU General Public License.
    16  *>                      See the file COPYING for details.
    17  *>**
    18  *>    Remarks.          Employee Hours Entry..
    19  *>                      Semi-sourced from Basic code from hrsent.
    20  *>**
    21  *>    Version.          See Prog-Name In Ws.
    22  *>**
    23  *>    Called Modules.
    24  *>                      (CBL_) ACCEPT_NUMERIC.c as STATIC.
    25  *>                      CBL_DELETE_FILE.
    26  *>                      CBL_GC_SCR_DUMP.
    27  *>                      CBL_GC_SCR_RESTORE.
    28  *>**
    29  *>    Functions Used:
    30  *>                      TEST-DATE-YYYYMMDD.    ??
    31  *>                      UPPER-CASE.            ??
    32  *>    Files used :
    33  *>                      pypr1.   Params
    34  *>                      pyhrs.   Pay Hours Transactions
    35  *>                      pyemp.   Employee Master.
    36  *>                      pyhis.   Employee History.
    37  *>
    38  *>    Error messages used.
    39  *> System wide:
    40  *>                      SY002, 3, 4, 5, 10, 11, 13, 14.
    41  *> Program specific:
    42  *>                      PY001, 2 - 10  ??
    43  *>                      PY101 - 121.   ??
    44  *>                      PY        ??
    45  *>**
    46  *> Changes:
    47  *> 04/04/2026 vbc - 1.0.00 Created - starting.
    48  *> 07/04/2026 vbc -    .01 Changed Hrs-File to Sequential as can have multi
    49  *>                         records for same employee.
    50  *>
    51  *>*************************************************************************
    52  *>
    53  *> Copyright Notice.
    54  *> ****************
ACS Cobol Xref v2.03.18          Dictionary File for PY020    13/04/2026  23:09:03:82                                  Page    2

    55  *>
    56  *> This notice supersedes all prior copyright notices & was updated 2024-04-16.
    57  *>
    58  *> These files and programs are part of the Applewood Computers Accounting
    59  *> System and is Copyright (c) Vincent B Coen. 1976-2026 and later.
    60  *>
    61  *> This program is now free software; you can redistribute it and/or modify it
    62  *> under the terms listed here and of the GNU General Public License as
    63  *> published by the Free Software Foundation; version 3 and later as revised
    64  *> for PERSONAL USAGE ONLY and that includes for use within a business but
    65  *> EXCLUDES repackaging or for Resale, Rental or Hire in ANY way.
    66  *>
    67  *> Persons interested in repackaging, redevelopment for the purpose of resale or
    68  *> distribution in a rental or hire mode must get in touch with the copyright
    69  *> with your commercial plans and proposals to vbcoen@gmail.com.
    70  *>
    71  *> ACAS is distributed in the hope that it will be useful, but WITHOUT
    72  *> ANY WARRANTY; without even the implied warranty of MERCHANTABILITY or
    73  *> FITNESS FOR A PARTICULAR PURPOSE.  See the GNU General Public License
    74  *> for more details. If it breaks, you own both pieces but I will endeavour
    75  *> to fix it, providing you tell me about the problem.
    76  *>
    77  *> You should have received a copy of the GNU General Public License along
    78  *> with ACAS; see the file COPYING.  If not, write to the Free Software
    79  *> Foundation, 59 Temple Place, Suite 330, Boston, MA 02111-1307 USA.
    80  *>
    81  *>*************************************************************************
    82  *>
    83   environment             division.
    84  *>================================
    85  *>
    86  *>C  copy "envdiv.cob".
    87   configuration section.
    88   source-computer.      Linux.
    89   object-computer.      Linux.
    90  *> special-names.
    91  *>     console is crt.
    92   SPECIAL-NAMES.
    93         CRT STATUS IS COB-CRT-STATUS.
    94   REPOSITORY.
    95         FUNCTION ALL INTRINSIC.
    96  *>
    97   input-output            section.
    98   file-control.
    99  *>C  copy "selpyparam1.cob".
   100  *>
   101  *> Payroll param-1 (USA)
   102  *>
   103       select  PY-Param1-File  assign        File-47
   104                               access        dynamic
   105                               organization  is relative
   106                               relative key  is RRN
   107                               status        PY-PR1-Status.
   108  *>C  copy "selpyhrs.cob".
ACS Cobol Xref v2.03.18          Dictionary File for PY020    13/04/2026  23:09:03:82                                  Page    3

   109  *>
   110  *> Payroll Pay Hours (USA)
   111  *> Key in 2 parts, emp no and Trans-code
   112  *>
   113       select  PY-Pay-Transactions-File
   114                               assign        file-45
   115                               access        dynamic
   116                               organization  indexed
   117                               record key is Hrs-Key
   118                               status        PY-Hrs-Status.
   119  *>
   120  *>C  copy "selpyemp.cob".
   121  *>
   122  *> Payroll Employee (USA)
   123  *>
   124       select  PY-Employee-File
   125                               assign               File-43
   126                               access               dynamic
   127                               organization         indexed
   128                               record key is        Emp-No
   129                               alternate record key Emp-Search-Name with duplicates
   130                               status               PY-Emp-Status.
   131  *>
   132  *>
   133   data                    division.
   134  *>================================
   135  *>
   136   file section.
   137  *>
   138  *>C  copy "fdpyparam1.cob".
   139  *>*******************************************
   140  *>                                          *
   141  *>  File Definition For Payroll Param  File *
   142  *>                                          *
   143  *>*******************************************
   144  *>   Record Size 1024 Bytes (13/10/25)
   145  *>   see wspyparam1.cob for later updates
   146  *>
   147   fd  PY-Param1-File.
   148  *>
   149  *>C  copy "wspyparam1.cob".
   150  *>*******************************************
   151  *>                                          *
   152  *>  Record Definition For Py param1 File    *
   153  *>     Uses RRN = 1                         *
   154  *>                                          *
   155  *>  If moved to ACAS system file will be    *
   156  *>    record 5 and if split for PR1 rec 6.  *
   157  *>     amd only the FH will need a change & *
   158  *>      possibly the DAL if all of Payroll  *
   159  *>      is to be supported in Mysql         *
   160  *> A decision to be made after testing.     *
   161  *>                                          *
   162  *>*******************************************
ACS Cobol Xref v2.03.18          Dictionary File for PY020    13/04/2026  23:09:03:82                                  Page    4

   163  *>
   164  *>  File size 767 bytes padded to 1024 by filler.
   165  *>
   166  *> 13/10/25 vbc - Created.
   167  *>  Consider adding to system file as rec #5 after basic testing
   168  *> 08/11/25 vbc - Rec  changed still 1024.
   169  *> 11/11/25 vbc - Moved PR2 fields embedded within PR1 area to PR2 rec size the same.
   170  *> 26/11/25 vbc - Added new field PY-PR2-Last-Employee-no - filler adjusted.
   171  *> 28/11/25 vbc - Added new field PY-PR1-Tax-ID  to ident employer with IRS set
   172  *>                as x(24) as format not known.
   173  *> 09/03/26 vbc - PR2 fields changed from x to bin-short unsigned.
   174  *> 27/03/26 vbc - Just-closed-year-ended chg unsign bin to x (Y/N)
   175  *> 12/04/26 vbc - New fields added see note at end of copybook.
   176  *>
   177   01  PY-Param1-Record.
   178       03  PY-PR1-Block.                         *> Size = 906
   179           05  PY-PR1-Company-Data.                 *> size 300
   180               07  PY-PR1-Co-Name       pic x(60). *> Applewood Computers  [ 60 ] ?
   181               07  PY-PR1-Trade-Name    pic x(32).
   182               07  PY-PR1-Co-Address-1  pic x(32). *> 17 Stag Green Avenue [ 30 ]
   183               07  PY-PR1-Co-Address-2  pic x(32). *> Hatfield             [ 30 ]
   184               07  PY-PR1-Co-Address-3  pic x(32). *> Hertfordshire        [ 30 ]
   185               07  PY-PR1-Co-Address-4  pic x(32). *> spaces
   186               07  PY-PR1-Co-Post-Code.
   187                   09  PY-PR1-Co-Zip    pic x(10).
   188                   09  PY-PR1-Co-State  pic xx.
   189               07  PY-PR1-Co-Phone      pic x(12). *> 01234-123456
   190               07  PY-PR1-Co-Email      pic x(30). *> vbcoen@gmail.com
   191               07  PY-PR1-Pay-Method    pic x.     *> C = Check or B Bank to Bank Transfer.
   192               07  PY-PR1-Payslip-Md    pic x.     *> P = Printed or E = Email attachment.
   193               07  PY-PR1-Tax-ID        pic x(24). *> Used for Employer ID for IRS  NEW 27/11/25
   194  *>
   195  *> Only set if PY-PR1-IRS-Used or PY-PR1-GL-Used  = "Y" <<<<<<<<<<<<<<<<<<<<<<<<<<
   196  *>
   197           05  PY-PR1-Offset-Cash-Acct  binary-char unsigned.    *> def 1  another file rec 5 or 6 digits
   198           05  PY-PR1-Dflt-Gross-Acct   binary-char unsigned.    *>   DITTO
   199           05  PY-PR1-Dflt-Dist-Acct    binary-char unsigned.    *>  def 3
   200           05  PY-PR1-Max-Dist-Accts    binary-char unsigned.   *> rem 11/06/79 these aren't in pr1 file, Are now!
   201  *>
   202           05  PY-PR1-Min-Wage          pic 9(5)v99    comp-3.  *>  def 0
   203           05  PY-PR1-Void-Check-Amt    pic 9(5)v99    comp-3.  *>  Applies to check and B2B { not issued - subject to validation ].
   204  *>
   205           05  PY-PR1-Rate2-Factor      pic 9(5)v99    comp-3.  *> def 1.5
   206           05  PY-PR1-Rate3-Factor      pic 9(5)v99    comp-3.  *> def 2.0
   207           05  PY-PR1-Max-Pay-Factor    pic 9(5)v99    comp-3.  *> def 3.0
   208           05  PY-PR1-Dflt-Pay-Rate     pic 9(5)v99    comp-3.  *> def 1.0
   209           05  PY-PR1-Dflt-Vac-Rate     pic 9(5)v99    comp-3.  *> def 0.42
   210           05  PY-PR1-Dflt-SL-Rate      pic 9(5)v99    comp-3.  *> def 0.21
   211           05  PY-PR1-Dflt-Norm-Units   pic 9(5)v99    comp-3.  *> def 1  Regular
   212  *>
   213           05  PY-PR1-Last-Day-Pay-Period  pic 9(8). *> temp entry ? from param entry *nix format
   214           05  PY-PR1-Void-Checks-Over-Max pic x.    *> def N      - Y or N
   215           05  PY-PR1-Rate4-Exclusion-Type pic 9.    *> def 1  (1..4)
   216           05  PY-PR1-Check-Printing-Used  pic x.    *> def Y (or N)
ACS Cobol Xref v2.03.18          Dictionary File for PY020    13/04/2026  23:09:03:82                                  Page    5

   217           05  PY-PR1-Check-History-Used   pic x.    *> def N      - or Y - WB (oundary)
   218           05  PY-PR1-S-Used               pic x.    *> def N      - or N Semi M
   219           05  PY-PR1-M-Used               pic x.    *> def Y      - Y  Month
   220           05  PY-PR1-W-Used               pic x.    *> Def N   "  - Y  Weekly
   221           05  PY-PR1-B-Used               pic x.    *> def N   "  - Y  Bi Month - WB
   222           05  PY-PR1-JC-Used              pic x.    *> def N      - Y
   223           05  PY-PR1-GL-Used              pic x.    *> def N      - or Y
   224           05  PY-PR1-IRS-Used             pic x.    *> del Y      - or N  - WB
   225           05  PY-PR1-Dflt-Pay-Interval    pic x.    *> def S  could be SMBW - S=Salary,W=Weekly, M=Monthly & B=Bi-Monthly
   226           05  PY-PR1-Dist-Used            pic x.    *> def N  was binary-char unsigned.    *> def Y ????? what
   227           05  PY-PR1-Currency-Sign        pic x.    *> Def "$"  --  NOT USED YET
   228           05  PY-PR1-OS-Delimiter         pic x.    *>   / for *nix and \ for windows Used via ACAS param - WB
   229           05  PY-PR1-Debugging            pic x.    *> Def N (or Y !
   230           05  PY-PR1-Hard-Delete          pic x.    *> Def N (or Y)
   231  *>
   232  *>  Where are these stored, if anywhere ?
   233  *>
   234  *> interval$(1)="SEMI-MONTHLY"
   235  *> interval$(2)="MONTHLY"
   236  *> interval$(3)="BIWEEKLY"
   237  *> interval$(4)="WEEKLY"
   238  *>
   239           05  PY-PR1-Dflt-HS-Type      pic x.     *> def S  Dflt-Pay-Type ??
   240           05  PY-PR1-B2B-File-Type     pic x.     *> C = CSV comma delimited) or T = Text file
   241           05  PY-PR1-Rate-Name         pic x(15)       occurs 4.   *> def  "REGULAR" "OVERTIME"
   242                                                                    *> def  "SPEC. OVERTIME" "COMMISSION"
   243           05  PY-PR1-Fed-ID            pic x(15). *> "FEDERAL ID"
   244           05  PY-PR1-State-ID          pic x(15). *> "STATE ID"
   245           05  PY-PR1-Local-ID          pic x(15). *> "LOCAL ID"
   246           05  PY-PR1-Date-Format       pic 9.     *> Def: 2=mm/dd/ccyy,  1=dd/mm/ccyy
   247  *>                                                  ( Value reversed from BASIC code to match ACAS.
   248           05  PY-PR1-Date.                        *> WHAT IS THIS FOR ? - will ASSUME today for the BUT NEEDED - SO FAR NO.
   249  *>                                                  moment defaulting to USA mode - ditto for other dates
   250               07  PY-PR1-Date-Mo       pic 99.    *> def 1
   251               07  PY-PR1-Date-Dy       pic 99.    *> def 2
   252               07  PY-PR1-Date-Yr       pic 9(4).  *> def 3 Added CC
   253           05  PY-PR1-Page-Lines-P      pic 99.    *> def 60  Portrait
   254           05  PY-PR1-Page-Lines-L      pic 99.    *> def 60  Landscape
   255           05  PY-PR1-Page-Width-P      pic 999.   *> def 132  -- Portrait paper = 80
   256           05  PY-PR1-Page-Width-L      pic 999.   *> def 132  -- landscape paper = 120
   257           05  PY-PR1-User-Prog-Used    pic x.     *>  N   ----  These three not used
   258           05  PY-PR1-User-Prog         pic x(8).  *> spaces
   259           05  PY-PR1-User-Prog-Desc    pic x(20). *> spaces
   260           05  PY-PR1-Max-Chk-Cats      binary-char.  *>     This block values to be determined
   261           05  PY-PR1-Max-Emp-Eds       binary-char.  *>  3  NEEDED <<   a number but not really neeeded as fields are exact #
   262           05  PY-PR1-Max-Ed-Cats       binary-char.  *>  55 NEEDS TO BE SET UP in param  SETUP NOT YET DONE - same for all these.
   263           05  PY-PR1-Max-Swt-Entries   binary-char.  *>            A / marks in use for any one line
   264           05  PY-PR1-Lo-Ded-Chk-Cat    binary-char.  *>
   265           05  PY-PR1-Hi-Ded-Chk-Cat    binary-char.  *>
   266           05  PY-PR1-Lo-Earn-Chk-Cat   binary-char.  *>
   267           05  PY-PR1-Hi-Earn-Chk-Cat   binary-char.  *>
   268           05  PY-PR1-Max-Sys-Eds       binary-char.  *> 5
   269  *> filler here for WB alignment if needed,
   270           05  PY-PR1-Print-Control.
ACS Cobol Xref v2.03.18          Dictionary File for PY020    13/04/2026  23:09:03:82                                  Page    6

   271               07  PY-PR1-Print-Spool-Name  pic x(48). *> All 3 from ACAS system params
   272               07  PY-PR1-Print-Spool-Name2 pic x(48). *> but only 1st used (or is it)
   273               07  PY-PR1-Print-Spool-Name3 pic x(48). *>  consider creating a pdf file from prt-1
   274               07  PY-PR1-Print-Ctl-Flag    pic x.        *>  Font etc control needed/used (Def N)
   275               07  PY-PR1-Font-Small        pic x(32).
   276               07  PY-PR1-Font-Normal       pic x(32).
   277               07  PY-PR1-Font-Reset        pic x(32). *> + 97
   278               07  PY-PR1-Colour-1          pic x(32). *> + 129
   279               07  PY-PR1-Colour-2          pic x(32). *> + 161
   280               07  PY-PR1-Colour-Reset      pic x(32). *> + 193
   281  *>
   282           05  PY-PR1-Quote-Char            pic x.    *> " or '
   283  *> B2B field order : - etc
   284           05  PY-PR1-B2B-Fields.
   285               07  PY-PR1-B2B-Field-Order  pic 99   occurs 20.  *> 01 through 20  --  + 40 bytes
   286  *> for fields ->
   287  *>  Fixed Names -
   288  *>   Co Acct #, Transfer Date,   Emp-No, Emp-Name, Emp-Addr1, 2, 3, 4, State, Zip
   289  *>   Emo-SSN, Bank A/C. Pay Amount =  13 - Any more ?
   290  *>
   291  *>
   292       03  PY-PR2-Block.                        *> Size = 88  COULD BE REC 2 ? (+ filler = 640 or 768 etc) (RRN = 2). sizes wrong
   293           05  PY-PR2-Year              pic 9(4).  *> current year
   294           05  PY-PR2-Year-Next         pic 9(4).  *> Year + 1  --- New field
   295           05  PY-PR2-Last-Year-Ended   pic 9(4).  *> Used in pyperend only so far?????? { if no where else can kill it }
   296           05  PY-PR2-Last-SM-Apply-No  pic 9(4).  *> def 0
   297           05  PY-PR2-Last-WB-Apply-No  pic 9(4).  *> def 0
   298           05  PY-PR2-Hrs-Batch-No      pic 9(4).  *> def 0
   299           05  PY-PR2-Last-Day-Last-W   pic 9(8).  *> }
   300           05  PY-PR2-Last-Day-Last-B   pic 9(8).  *> }
   301           05  PY-PR2-Last-Day-Last-S   pic 9(8).  *> }  use todays to yyyymmdd
   302           05  PY-PR2-Last-Day-Last-M   pic 9(8).  *> }       error,  may be not ??????
   303           05  PY-PR2-Check-Date        pic 9(8).  *> }
   304           05  PY-PR2-Last-Employee-No  pic 9(8)   comp.    *>  ?? NEW for py010 data entry EXCLUDES check digit. allows for # = 64k
   305           05  PY-PR2-No-Active-Emps    binary-short unsigned.   *> def 0
   306           05  PY-PR2-No-Employees      binary-short unsigned.   *> def 0 - NEEDED ??
   307           05  PY-PR2-No-Of-SM-Applies  binary-short unsigned.   *> SIZE emough 65k ?  - 12/02/79 pr2.no.of.xx.applies% = number of sm, wb applies this quarter
   308           05  PY-PR2-No-Of-WB-Applies  binary-short unsigned.   *> SIZE emough 65k ?    DITTO
   309           05  PY-PR2-No-Accts          binary-char  unsigned.    *> def 4 = 4 accounts ? is it needed ??
   310           05  PY-PR2-Just-Closed-Year  pic x. *> pyperpend - wrong ? binary-short unsigned.
   311  *>                    - 12/02/79 pr2.just.closed.year% = no applies run since year end close THIS DOES NOT MATCH UP - FIND THIS!!!!!!
   312           05  PY-PR2-940-Printed       pic x.     *> N  (or Y)
   313           05  PY-PR2-941-Printed       pic x.     *> N  (or Y)
   314           05  PY-PR2-W2-Printed        pic x.     *> N  (or Y)
   315           05  PY-PR2-Last-Q-Ended      pic 9.     *> 4 ( vals 1, 2, 3 or 4 )
   316           05  PY-PR2-Last-Check-No     pic 9(6). *> 000000     - 12/02/79 pr2.last.check.no$    = last check number written by PYCHECKS
   317  *>
   318  *> Chg this for resized file.
   319  *>
   320       03  filler                       pic x(29).
   321  *>
   322  *> IPYPR2 - payroll chainging parameter record description
   323  *>        12/02/79 pr2.no.of.xx.applies% number of sm, wb applies this quarter
   324  *>        12/02/79 pr2.just.closed.year% no applies run since year end close
ACS Cobol Xref v2.03.18          Dictionary File for PY020    13/04/2026  23:09:03:83                                  Page    7

   325  *>        12/02/79 pr2.last.check.no$    last check number written by PYCHECKS
   326  *>
   327  *> These need to be set up in py900 paran setup:::: === DONE
   328  *>  Payroll param changes:
   329  *>        2026/04/01 PY-PR1-Print-Ctl-Flag
   330  *>        2026/04/01 PY-PR1-Font-Small
   331  *>        2026/04/01 PY-PR1-Font-Normal
   332  *>        2026/04/01 PY-PR1-Font-Reset
   333  *>        2026/04/01 PY-PR1-Colour-1
   334  *>        2026/04/01 PY-PR1-Colour-2
   335  *>        2026/04/01 PY-PR1-Colour-Reset
   336  *>
   337  *>  Payroll param changes:    DONE
   338  *>        2026/04/12 PY-PR1-Pay-Method
   339  *>        2026/04/12 PY-PR1-Payslip-Md
   340  *>        2026/04/12 PY-PR1-B2B-File-Type
   341  *>        2026/04/12 PY-PR1-Quote-Char
   342  *>        2026/04/12 B2B field layouts in fixed field orders
   343  *>
   344  *>
   345  *>C  copy "fdpyhrs.cob".
   346  *>*******************************************
   347  *>                                          *
   348  *>  File Definition For PY Pay Transaction  *
   349  *>              Hours  File                 *
   350  *>                                          *
   351  *>*******************************************
   352  *>   Record Size ?? Bytes
   353  *>   see wspyhrs.cob for later updates
   354  *>
   355   fd  PY-Pay-Transactions-File.
   356  *>
   357  *>C  copy "wspyhrs.cob".
   358  *>*******************************************
   359  *>                                          *
   360  *>  Record Definition For Pay Transactions  *
   361  *>           File                           *
   362  *>     Uses Hrs-Key of Emp-No/Hrs-Code as   *
   363  *>                        key               *
   364  *>*******************************************
   365  *>  File size 24 bytes each.
   366  *>
   367  *> 28/10/25 vbc - Created.
   368  *> 07.04.26 vbc - Chg rate to 99 and moved 2 below Emp-No
   369  *>                creating a new key. It is ASSUMED that there is NO
   370  *>                need for more than one entry for a given Trans Code.
   371  *>                OK, will need to have another field for hrs-Serial that
   372  *>                starts at zero AND same size for the header added.
   373  *>                Size increased from 20 to 24 (units).
   374  *>
   375   01  PY-Pay-Transactions-Record.
   376       03  Hrs-Key.
   377           05  Hrs-Emp-No      pic 9(7).
   378           05  Hrs-Trans-Code  pic 99.
ACS Cobol Xref v2.03.18          Dictionary File for PY020    13/04/2026  23:09:03:83                                  Page    8

   379           05  Hrs-Rate redefines Hrs-Trans-Code
   380                               pic 99.        *> Temporary in case used in error
   381       03  Hrs-Effective-Date  pic 9(8).      *> ccyymmdd
   382       03  Hrs-Units           pic s9(5)v99   comp-3.
   383   *>    03  Hrs-Deleted         pic x.       *> not really NEEDED ???
   384       03  filler              pic xx.        *> filled to 24 bytes
   385  *>
   386  *> 14 bytes + filler of 6 = 20 to match. the next rec may not be needed ?
   387  *>
   388   01  PY-Pay-Header-Record.
   389       03  Hrs-Head-Key        pic 9(9).      *> Always value zero.
   390       03  Hrs-No-Recs         binary-short unsigned.
   391       03  Hrs-Batch-No        binary-short unsigned.
   392       03  Hrs-Proof-No        binary-short unsigned.
   393       03  Hrs-Proofed         pic x.         *> Space or N and Y for proofed
   394       03  filler              pic x(8).      *> filled to 24 bytes
   395  *>
   396  *>
   397  *>C  copy "fdpyemp.cob".
   398  *>*******************************************
   399  *>                                          *
   400  *>  File Definition For PY Employee File    *
   401  *>                                          *
   402  *>*******************************************
   403  *>   Record Size 508 Bytes
   404  *>   see wspyemp.cob for later updates
   405  *>
   406   fd  PY-Employee-File.
   407  *>
   408  *>C  copy "wspyemp.cob".
   409  *>*******************************************
   410  *>                                          *
   411  *>  Record Definition For Employee          *
   412  *>           File                           *
   413  *>     Uses Emp-No as key                   *
   414  *>*******************************************
   415  *>  File size 508 bytes.
   416  *>
   417  *> THESE FIELDS DEFINITIONS MAY NEED CHANGING - Needs WB alignments 12/04/26
   418  *>
   419  *> 29/10/25 vbc - Created.
   420  *> 10/11/25 vbc - Field changes.
   421  *> 20/11/25 vbc - Phone# 12 -> 13 reduced filler to 14 & removed dup phone field.
   422  *> 28/11/25 vbc - Zip code, SSN sizes chg.  Date fiormats are all ccyymmdd.
   423  *> 02/12/25 vbc - Fields with -Allow chgd from x to 99.size will be the same.
   424  *> 17/03/26 vbc - Mcare-Exempt added - File size change ?
   425  *>
   426   01  PY-Employee-Record.
   427       03  Emp-No                pic 9(7)   comp.
   428       03  Emp-Status            pic x.     *> A = Active, T = Terminated, L = On leave & Hidden D = Deleted
   429       03  Emp-HS-Type           pic x.     *> H = Hourly or S = Salaried
   430       03  Emp-Pay-Interval      pic x.     *> W, M, B ( Bi weekly), S (semi-monthly
   431       03  Emp-Taxing-State      pic xx.    *> USA state code
   432       03  Emp-Job-Code          pic xxx.   *> information only
ACS Cobol Xref v2.03.18          Dictionary File for PY020    13/04/2026  23:09:03:83                                  Page    9

   433       03  Emp-Start-Date        pic 9(8)   comp. *> date started ccyymmdd
   434       03  Emp-Birth-Date        pic 9(8)   comp. *> ccyymmdd
   435       03  Emp-Term-Date         pic 9(8)   comp. *> date left  ccyymmdd - (last date of pay ?)
   436       03  Emp-Sex               pic x.     *> M, F
   437       03  Emp-Marital           pic x.     *> S, M
   438       03  Emp-Pay-Freq          binary-char.     *> 52, 24 or same / 2 = 26 / 12 Subject to change when looking at basic code
   439       03  Emp-Next-Del          pic x.     *> No idea yet
   440       03  Emp-SSN               pic 9(9)   comp.  *> 000-00-0000 & one spare for growth Excludes "-"
   441       03  Emp-Cur-Apply-No      pic 99.    *>  9  or ??  2 bytes
   442       03  Emp-Name              pic x(32). *> last 1st & middle init -NO> 1st middle last (middle can be initial only
   443       03  Emp-Search-Name       pic x(32). *> Uses Emp-Name to create Last, Middle & First Name - INDEX 2
   444       03  Emp-Address-1         pic x(32).
   445       03  Emp-Address-2         pic x(32).
   446       03  Emp-Address-3         pic x(32).
   447       03  Emp-Address-4         pic x(32).
   448       03  Emp-Post-Code.                   *> UK = 8 Canada 7 incl space,
   449           05  Emp-Zip           pic x(10).  *> 5 & + 5
   450           05  Emp-State         pic xx.
   451       03  Emp-Phone-No          pic 9(11). *> 01234-123456 / (123)-456-7890 09/12/25 reduced from 13
   452       03  Emp-Email             pic x(30). *> vbcoen@btconnect.com  + 10
   453       03  Emp-Bank-Acct-No      pic x(24). *> Allows also for sortcode/acct # (6+8) & - between numbers )
   454       03  Emp-Rate4-Exclusion   pic 9.     *> 1 = all taxes, 2 = All taxes except FICA,
   455                                            *> 3 = All except FICA,SWT, LWT 4 = none
   456       03  Emp-Cal-Head-Of-House pic x.     *> Y or N for all these
   457       03  Emp-Cal-Ded-Allow     pic 99    comp.
   458       03  Emp-FWT-Allow         pic 99    comp.
   459       03  Emp-SWT-Allow         pic 99    comp.
   460       03  Emp-LWT-Allow         pic 99    comp.
   461       03  Emp-Pension-Used      pic x. *> Y or N
   462       03  Emp-Eic-Used          pic x. *> all Y or N
   463       03  Emp-FWT-Exempt        pic x. *>
   464       03  Emp-SWT-Exempt        pic x. *>
   465       03  Emp-LWT-Exempt        pic x. *>
   466       03  Emp-FICA-Exempt       pic x. *>
   467       03  Emp-SDI-Exempt        pic x. *>
   468       03  Emp-Co-FUTA-Exempt    pic x. *>
   469       03  Emp-Co-SUI-Exempt     pic x. *>
   470       03  Emp-Mcare-Exempt      pic x. *>
   471       03  Emp-Sys-Exempt        pic x    occurs 5.
   472       03  Emp-Rate              pic 9(5)v99   comp-3  occurs 4.
   473       03  Emp-Auto-Units        pic 999       comp-3.
   474       03  Emp-Normal-Units      pic 999       comp-3.
   475       03  Emp-Max-Pay           pic 9(6)v99   comp-3.
   476       03  Emp-Vac-Rate          pic 9(5)v99   comp-3.
   477       03  Emp-Vac-Accum         pic 9(5)v99   comp-3.
   478       03  Emp-Vac-Used          pic 9(5)v99   comp-3.
   479       03  Emp-SL-Rate           pic 9(5)v99   comp-3.
   480       03  Emp-SL-Accum          pic 9(5)v99   comp-3.
   481       03  Emp-SL-Used           pic 9(5)v99   comp-3.
   482       03  Emp-Comp-Accum        pic 9(5)v99   comp-3.
   483       03  Emp-Comp-Used         pic 9(5)v99   comp-3.
   484       03  Emp-Dist-Grp                   occurs 5.   *> Distribution account and %
   485           05  Emp-Dist-Acct     binary-char  unsigned.
   486           05  Emp-Dist-Pcent    pic 999v99      comp-3.
ACS Cobol Xref v2.03.18          Dictionary File for PY020    13/04/2026  23:09:03:83                                  Page   10

   487       03  Emp-ED-Grp                     occurs 3.  *> Should this be 5 or even 10 ?
   488           05  Emp-Ed-Used       pic x.   *> Y or N /
   489           05  Emp-Ed-Group.
   490               07  Emp-ED-Factor     pic 9(6)v99   comp-3.
   491               07  Emp-ED-Limit      pic 9(6)v99   comp-3.
   492               07  Emp-ED-Amt-Pcent  pic x.   *> A  or P /
   493               07  Emp-ED-Acct-No    binary-char  unsigned. *> /
   494               07  Emp-ED-Desc       pic x(15).  *> /
   495               07  Emp-ED-Earn-Ded   pic x.   *> D or E /
   496               07  Emp-ED-Exclusion  pic 9.   *> /
   497               07  Emp-ED-Limit-Used pic x.   *> Y or N
   498               07  Emp-ED-Chk-Cat    pic 99   comp.  *> /
   499       03  filler                pic x(11).
   500  *>
   501  *>
   502  *>
   503   working-storage section.
   504  *>-----------------------
   505   77  prog-name               pic x(15) value "PY020 (1.0.00)".  *> First release pre testing.
   506  *>
   507  *>C  copy "Test-Data-Flags.cob".  *> set sw-Testing to zero to stop logging.
   508  *>
   509  *>  This data is present in ALL ACAS modules.
   510  *>   When testing comlete you can set SW-Testing to zero
   511  *>    to stop the logging file being produced.
   512  *>
   513   01 ACAS-DAL-Common-data.     *> For DAL processing.
   514  *>
   515  *> log file reporting for testing otherwise zero
   516  *>
   517       03  SW-Testing               pic 9   value 1.    *>   zero.
   518           88  Testing-1                    value 1.
   519  *>
   520  *>  Testing only for displays ws-where etc  otherwise zero
   521  *>
   522       03  SW-Testing-2             pic 9   value zero.
   523           88  Testing-2                    value 1.
   524  *>
   525       03  Log-File-Rec-Written     pic 9(6) value zero.    *> in both acas0nn and a DAL.
   526  *>
   527  *>
   528   01  WS-Data.
   529       03  Menu-Reply          pic x.
   530       03  PY-PR1-Status       pic xx       value zero.
   531       03  PY-Hrs-Status       pic xx       value zero.
   532       03  PY-Emp-Status       pic xx       value zero.
   533  *>
   534       03  WS-Reply            pic x.
   535       03  WS-Eval-Msg         pic x(25)    value spaces.
   536       03  WS-Err-Msg          pic x(40)    value spaces.  *> Make large enough for longest SY msg
   537       03  WS-Env-Columns      pic 999      value zero.
   538       03  WS-Env-Lines        pic 999      value zero.
   539       03  WS-22-Lines         pic 99.
   540       03  WS-23-Lines         pic 99.
ACS Cobol Xref v2.03.18          Dictionary File for PY020    13/04/2026  23:09:03:83                                  Page   11

   541       03  WS-Lines            pic 99.
   542       03  A                   pic 99       value zero.
   543       03  B                   pic 99       value zero.
   544       03  C                   pic 99       value zero.
   545       03  WS-Trans-Area-Size  pic 99.
   546       03  WS-Wide-Screen-Used pic x        value "N".   *> Set to "Y" IF WS-Wnv-Columns => 120.
   547  *>
   548       03  WS-Entry-Mode       pic x        value space.
   549           88  WS-Valid-Entry-Mode          values "A" "D" "U". *> Add, Delete & Update
   550       03  WS-DNames           pic x        value "Y".
   551           88  WS-Disp-Names                value "Y".
   552       03  WS-Employee-In.
   553           05  WS-Employee-No  pic 9(6)     value zero.  *> excl chk digit
   554           05  WS-Emp-Chk-Dig  pic x.
   555       03  WS-Employee-Number  redefines WS-Employee-In
   556                               pic 9(7).
   557       03  WS-Un-Proofed-Flag  pic x        value "Y".
   558  *>
   559       03  WS-Heading          pic x(40)    value "Payroll". *> for zz020-Headings
   560  *>
   561  *> The following for GC and screen with *nix NOT tested with Windows
   562  *>
   563   01  wScreenName             pic x(256).
   564   01  wInt                    binary-long.
   565  *>
   566  *>  Temp vars used with ACCEPT_NUMERIC C routine
   567  *>
   568   01  WS-Temp-Numbers.
   569       03  WS-Temp-Rate        pic 99.99.
   570   *>    03  WS-Temp-Percent     pic 99.99.  *>  NOT YET USED
   571       03  WS-Temp-Limit       pic 99999.99.
   572       03  WS-Temp-Factor      pic 99999.99.
   573       03  WS-Temp-Units       pic z(4)9.99.
   574  *>
   575   01  WS-Test-Date            pic x(10).
   576   01  WS-Test-YMD             pic 9(8).
   577   01  WS-PR1-Dating           pic 9(8).
   578   01  WS-Date-Formats.
   579       03  WS-Swap             pic 99.
   580       03  WS-Conv-Date        pic x(10).
   581       03  WS-Date             pic x(10)   value "99/99/9999".
   582       03  WS-UK redefines WS-Date.   *> Other optional format
   583           05  WS-Days         pic 99.
   584           05  filler          pic x.
   585           05  WS-Month        pic 99.
   586           05  filler          pic x.
   587           05  WS-Year         pic 9(4).
   588       03  WS-USA redefines WS-Date.  *> Default format
   589           05  WS-USA-Month    pic 99.
   590           05  filler          pic x.
   591           05  WS-USA-Days     pic 99.
   592           05  filler          pic x.
   593           05  filler          pic 9(4).
   594       03  WS-Intl redefines WS-Date.   *> Not used.
ACS Cobol Xref v2.03.18          Dictionary File for PY020    13/04/2026  23:09:03:83                                  Page   12

   595           05  WS-Intl-Year    pic 9(4).
   596           05  filler          pic x.
   597           05  WS-Intl-Month   pic 99.
   598           05  filler          pic x.
   599           05  WS-Intl-Days    pic 99.
   600  *>
   601   01  Error-Messages.
   602  *> System Wide
   603       03  SY001           pic x(46) value "SY001 Aborting run - Note error and hit Return".
   604       03  SY002           pic x(31) value "SY002 Note error and hit Return".
   605       03  SY003           pic x(51) value "SY003 Aborting function - Note error and hit Return".
   606       03  SY004           pic x(20) value "SY004 Now Hit Return".
   607       03  SY005           pic x(18) value "SY005 Invalid Date".
   608  *>     03  SY006           pic x(22) value "SY006 Invalid Response".
   609       03  SY008           pic x(32) value "SY008 Note message & Hit Return ".
   610       03  SY010           pic x(46) value "SY010 Terminal program not set to length => 28".
   611       03  SY013           pic x(47) value "SY013 Terminal program not set to Columns => 80".
   612       03  SY014           pic x(30) value "SY014 Press return to continue".
   613  *>     03  SY015           pic x(20) value "SY015 Must be Y or N".
   614  *>     03  SY016           pic x(38) value "SY016 Do you wish to Continue (Y/N) - ".
   615  *>
   616  *> Module General ?
   617  *>
   618       03  PY001           pic x(36) value "PY001 Re/Write PARAM record Error = ".
   619       03  PY002           pic x(32) value "PY002 Read PARAM record Error = ".
   620  *>     03  PY004           pic x(29) value "PY004 To quit, use ESCape key".
   621  *>
   622  *> Module specific
   623  *>
   624       03  PY050           pic x(24) value "PY050 PR1 File not Found".
   625       03  PY052           pic x(24) value "PY051 Emp File not Found".
   626       03  PY053           pic x(24) value "PY053 Hrs File not Found".
   627       03  PY054           pic x(31) value "PY054 Employee Record not Found".
   628       03  PY055           pic x(43) value "PY055 Hrs record not Found on Update/Delete".
   629  *>     03  PY056           pic x(34) value "PY056 Hours File of type 000 Found".
   630       03  PY057           pic x(36) value "PY057 Invalid Mode must be A, D or U".
   631       03  PY058           pic x(36) value "PY058 Failed to Delete Hrs Record = ".
   632       03  PY059           pic x(38) value "PY059 Hrs - Error on writing record - ".
   633  *>     03  PY060           pic x(25) value "PY060 Invalid Check Digit".
   634  *>     03  PY061           pic x(29) value "PY061 Invalid Employee Number".
   635  *>     03  PY062           pic x(60) value "PY062 Trans. Code Cannot be less than Zero or greater than 5".
   636       03  PY065           pic x(30) value "PY065 Invalid Transaction Code".
   637  *>     03  PY066           pic x(37) value "PY066 There are no Hours File Records".
   638  *>     03  PY067           pic x(46) value "PY067 Terminated, Deleted, or Invalid Employee".
   639       03  PY068           pic x(44) value "PY068 Creating Check digit FAILED - Aborting".
   640  *>
   641  *> Next - two tables that are linked to each to other, eg #4 sames for both.
   642  *>
   643   01  WS-ED-Description-Table.
   644       03  filler          pic x(17) value "00Rate 0".         *> 1 for normal and 2 for any OT.
   645       03  filler          pic x(17) value "01Regular Pay".    *> Rate 1
   646       03  filler          pic x(17) value "02Overtime Pay".   *> Rate 2
   647       03  filler          pic x(17) value "03Special OT Pay". *> Rate 3
   648       03  filler          pic x(17) value "04Commission".     *> Rate 4
ACS Cobol Xref v2.03.18          Dictionary File for PY020    13/04/2026  23:09:03:83                                  Page   13

   649       03  filler          pic x(17) value "05Vacation Taken".
   650       03  filler          pic x(17) value "06Sick Lve Taken".
   651       03  filler          pic x(17) value "07Comp Time Taken". *> Compensatory Time Off
   652       03  filler          pic x(17) value "08Comp Time Earnd".
   653       03  filler          pic x(17) value "09Bonus".
   654       03  filler          pic x(17) value "10Tips Collected".
   655       03  filler          pic x(17) value "11Advance".
   656       03  filler          pic x(17) value "12Sick Pay".
   657       03  filler          pic x(17) value "13Vacation Pay".
   658       03  filler          pic x(17) value "14Other Excld Pay".
   659       03  filler          pic x(17) value "15Expense Reimb".
   660       03  filler          pic x(17) value "16Eic".
   661       03  filler          pic x(17) value "17Other Pay".
   662       03  filler          pic x(17) value "18Tips Reported".
   663       03  filler          pic x(17) value "19".
   664       03  filler          pic x(17) value "20Fwt".
   665       03  filler          pic x(17) value "21Swt".
   666       03  filler          pic x(17) value "22Lwt".
   667       03  filler          pic x(17) value "23Fica".
   668       03  filler          pic x(17) value "24Sdi".
   669       03  filler          pic x(17) value "25".
   670       03  filler          pic x(17) value "26".
   671       03  filler          pic x(17) value "27Advance Repay".
   672       03  filler          pic x(17) value "28Fwt Add-on".
   673       03  filler          pic x(17) value "29Swt Add-on".
   674       03  filler          pic x(17) value "30Lwt Add-on".
   675       03  filler          pic x(17) value "31Fica Add-on".
   676       03  filler          pic x(17) value "32".
   677       03  filler          pic x(17) value "33Sys1".
   678       03  filler          pic x(17) value "34Sys2".
   679       03  filler          pic x(17) value "35Sys3".
   680       03  filler          pic x(17) value "36Sys4".
   681       03  filler          pic x(17) value "37Sys5".
   682       03  filler          pic x(17) value "38Emp1".
   683       03  filler          pic x(17) value "39Emp2".
   684       03  filler          pic x(17) value "40Emp3".
   685       03  filler          pic x(17) value "41".
   686       03  filler          pic x(17) value "42Company Fica".
   687       03  filler          pic x(17) value "43Company Futa".
   688       03  filler          pic x(17) value "44Company Sui".
   689       03  filler          pic x(17) value "45".
   690       03  filler          pic x(17) value "46Other Co Cost".
   691       03  filler          pic x(17) value "47".
   692       03  filler          pic x(17) value "48".
   693       03  filler          pic x(17) value "49".
   694       03  filler          pic x(17) value "50Other Ded".        *>    Need 4 more for other and MCare
   695       03  filler          pic x(17) value "51Mcare".
   696       03  filler          pic x(17) value "52".
   697       03  filler          pic x(17) value "53".
   698       03  filler          pic x(17) value "54".                 *>      00 - 54  = 55 entries
   699   01  filler           redefines WS-ED-Description-Table.
   700       03  WS-ED-Desc-Table           occurs 55.
   701           05  WS-ED-No    pic 99.
   702           05  WS-ED-Desc  pic x(15).
ACS Cobol Xref v2.03.18          Dictionary File for PY020    13/04/2026  23:09:03:83                                  Page   14

   703   01  WS-Tables-Sizes     pic 99    value 55.    *> MUST be same values as
   704  *>                                                 tables above and below, i.e.,
   705  *>                                                 WS-ED-Description-Table  and
   706  *>                                                 WS-OK-To-Enter-Table.
   707  *>
   708   01  WS-OK-To-Enter-Table.
   709  *>
   710  *> Entries with value Y can be entered & rest not. There are 22 set to Y
   711  *>                                                 as of 2026/04/12
   712  *> Precede with Check Category - see Fig 26.1 in manual.
   713  *>
   714  *>                                                 -  Transaction
   715  *>                                                    Code  Type/Desc
   716  *>
   717       03  filler          pic xxx   value "00N".    *>     00                  - Rate 0 Auto calc Reg & OT
   718       03  filler          pic xxx   value "02Y".    *>     01   Regular Pay    - Rate 1
   719       03  filler          pic xxx   value "03Y".    *>     02   Overtime Pay   - Rate 2
   720       03  filler          pic xxx   value "04Y".    *>     03   Special Ot PaY - Rate 3
   721       03  filler          pic xxx   value "05Y".    *>     04   Commission     - Rate 4
   722       03  filler          pic xxx   value "00Y".    *>     05   Vacation Taken
   723       03  filler          pic xxx   value "00Y".    *>     06   Sick Leave Taken
   724       03  filler          pic xxx   value "00Y".    *>     07   Comp Time Taken
   725       03  filler          pic xxx   value "00Y".    *>     08   Comp Time Earnd
   726       03  filler          pic xxx   value "06Y".    *>     09   Bonus
   727       03  filler          pic xxx   value "07Y".    *>     10   Tips Collected
   728       03  filler          pic xxx   value "06Y".    *>     11   Advance
   729       03  filler          pic xxx   value "06Y".    *>     12   Sick Pay
   730       03  filler          pic xxx   value "06Y".    *>     13   Vacation Pay
   731       03  filler          pic xxx   value "06Y".    *>     14   Other Excluded Pay
   732       03  filler          pic xxx   value "06Y".    *>     15   Expense Reimbursement
   733       03  filler          pic xxx   value "00N".    *>     16   Eic
   734       03  filler          pic xxx   value "06Y".    *>     17   Other Pay
   735       03  filler          pic xxx   value "14Y".    *>     18   Tips Reported
   736       03  filler          pic xxx   value "00N".    *>     19
   737       03  filler          pic xxx   value "00N".    *>     20   FWT
   738       03  filler          pic xxx   value "00N".    *>     21   SWT
   739       03  filler          pic xxx   value "00N".    *>     22   LWT
   740       03  filler          pic xxx   value "00N".    *>     23   FICA
   741       03  filler          pic xxx   value "00N".    *>     24   SDI
   742       03  filler          pic xxx   value "00N".    *>     25
   743       03  filler          pic xxx   value "00N".    *>     26
   744       03  filler          pic xxx   value "14Y".    *>     27   Advance Repay
   745       03  filler          pic xxx   value "09Y".    *>     28   FWT  Add-on
   746       03  filler          pic xxx   value "10Y".    *>     29   SWT  Add-on
   747       03  filler          pic xxx   value "11Y".    *>     30   LWT  Add-on
   748       03  filler          pic xxx   value "12Y".    *>     31   FICa Add-on
   749       03  filler          pic xxx   value "00N".    *>     32
   750       03  filler          pic xxx   value "00N".    *>     33   Sys1
   751       03  filler          pic xxx   value "00N".    *>     34   Sys2
   752       03  filler          pic xxx   value "00N".    *>     35   Sys3
   753       03  filler          pic xxx   value "00N".    *>     36   Sys4
   754       03  filler          pic xxx   value "00N".    *>     37   Sys5
   755       03  filler          pic xxx   value "00N".    *>     38   Emp1
   756       03  filler          pic xxx   value "00N".    *>     39   Emp2
ACS Cobol Xref v2.03.18          Dictionary File for PY020    13/04/2026  23:09:03:83                                  Page   15

   757       03  filler          pic xxx   value "00N".    *>     40   Emp3
   758       03  filler          pic xxx   value "00N".    *>     41
   759       03  filler          pic xxx   value "00N".    *>     42   Company Fica
   760       03  filler          pic xxx   value "00N".    *>     43   Company Futa
   761       03  filler          pic xxx   value "00N".    *>     44   Company Sui
   762       03  filler          pic xxx   value "00N".    *>     45
   763       03  filler          pic xxx   value "00N".    *>     46   Other Co Cost (future use)  - ALL NEW onwards
   764       03  filler          pic xxx   value "00N".    *>     47
   765       03  filler          pic xxx   value "00N".    *>     48
   766       03  filler          pic xxx   value "00N".    *>     49
   767       03  filler          pic xxx   value "00N".    *>     50   Other Ded
   768       03  filler          pic xxx   value "00N".    *>     51   MCare
   769       03  filler          pic xxx   value "00N".    *>     52
   770       03  filler          pic xxx   value "00N".    *>     53
   771       03  filler          pic xxx   value "00N".    *>     54
   772   01  filler redefines WS-OK-To-Enter-Table.
   773       03  WS-OK-Lists                occurs 55.
   774           05  WS-OK-Cat   pic 99.
   775           05  WS-OK-2-Ent pic x.
   776  *>
   777   01  Error-Code          pic 999.  *> NOT USED ??
   778  *>
   779   01  COB-CRT-Status      pic 9(4)         value zero.
   780  *>C      copy "screenio.cpy".
   781        *>  Copyright (C) 2008-2012, 2015-2016, 2019, 2021
   782        *>  Free Software Foundation, Inc.
   783        *>  Written by Roger While, Simon Sobisch
   784        *>
   785        *>  This file is part of GnuCOBOL.
   786        *>
   787        *>  The GnuCOBOL compiler is free software: you can redistribute
   788        *>  it and/or modify it under the terms of the GNU General Public
   789        *>  License as published by the Free Software Foundation, either
   790        *>  version 3 of the License, or (at your option) any later
   791        *>  version.
   792        *>
   793        *>  GnuCOBOL is distributed in the hope that it will be useful,
   794        *>  but WITHOUT ANY WARRANTY; without even the implied warranty of
   795        *>  MERCHANTABILITY or FITNESS FOR A PARTICULAR PURPOSE.  See the
   796        *>  GNU General Public License for more details.
   797        *>
   798        *>  You should have received a copy of the GNU General Public
   799        *>  License along with GnuCOBOL.
   800        *>  If not, see <https://www.gnu.org/licenses/>.
   801
   802
   803        *>   Colors
   804         78  COB-COLOR-BLACK                  VALUE 0.
   805         78  COB-COLOR-BLUE                   VALUE 1.
   806         78  COB-COLOR-GREEN                  VALUE 2.
   807         78  COB-COLOR-CYAN                   VALUE 3.
   808         78  COB-COLOR-RED                    VALUE 4.
   809         78  COB-COLOR-MAGENTA                VALUE 5.
   810         78  COB-COLOR-YELLOW                 VALUE 6.
ACS Cobol Xref v2.03.18          Dictionary File for PY020    13/04/2026  23:09:03:83                                  Page   16

   811         78  COB-COLOR-WHITE                  VALUE 7.
   812
   813        *>   mouse mask, apply to COB-MOUSE-FLAGS
   814         78  COB-AUTO-MOUSE-HANDLING          VALUE 1.
   815         78  COB-ALLOW-LEFT-DOWN              VALUE 2.
   816         78  COB-ALLOW-LEFT-UP                VALUE 4.
   817         78  COB-ALLOW-LEFT-DOUBLE            VALUE 8.
   818         78  COB-ALLOW-MIDDLE-DOWN            VALUE 16.
   819         78  COB-ALLOW-MIDDLE-UP              VALUE 32.
   820         78  COB-ALLOW-MIDDLE-DOUBLE          VALUE 64.
   821         78  COB-ALLOW-RIGHT-DOWN             VALUE 128.
   822         78  COB-ALLOW-RIGHT-UP               VALUE 256.
   823         78  COB-ALLOW-RIGHT-DOUBLE           VALUE 512.
   824         78  COB-ALLOW-MOUSE-MOVE             VALUE 1024.
   825         78  COB-ALLOW-ALL-SCREEN-ACTIONS     VALUE 16384. *> reserved
   826
   827        *> Values that may be returned in CRT STATUS (or COB-CRT-STATUS)
   828        *> Normal return - Value 0000
   829         78  COB-SCR-OK                       VALUE  0.
   830
   831        *>  Function keys - Values 1xxx
   832         78  COB-SCR-F1                       VALUE  1001.
   833         78  COB-SCR-F2                       VALUE  1002.
   834         78  COB-SCR-F3                       VALUE  1003.
   835         78  COB-SCR-F4                       VALUE  1004.
   836         78  COB-SCR-F5                       VALUE  1005.
   837         78  COB-SCR-F6                       VALUE  1006.
   838         78  COB-SCR-F7                       VALUE  1007.
   839         78  COB-SCR-F8                       VALUE  1008.
   840         78  COB-SCR-F9                       VALUE  1009.
   841         78  COB-SCR-F10                      VALUE  1010.
   842         78  COB-SCR-F11                      VALUE  1011.
   843         78  COB-SCR-F12                      VALUE  1012.
   844         78  COB-SCR-F13                      VALUE  1013.
   845         78  COB-SCR-F14                      VALUE  1014.
   846         78  COB-SCR-F15                      VALUE  1015.
   847         78  COB-SCR-F16                      VALUE  1016.
   848         78  COB-SCR-F17                      VALUE  1017.
   849         78  COB-SCR-F18                      VALUE  1018.
   850         78  COB-SCR-F19                      VALUE  1019.
   851         78  COB-SCR-F20                      VALUE  1020.
   852         78  COB-SCR-F21                      VALUE  1021.
   853         78  COB-SCR-F22                      VALUE  1022.
   854         78  COB-SCR-F23                      VALUE  1023.
   855         78  COB-SCR-F24                      VALUE  1024.
   856         78  COB-SCR-F25                      VALUE  1025.
   857         78  COB-SCR-F26                      VALUE  1026.
   858         78  COB-SCR-F27                      VALUE  1027.
   859         78  COB-SCR-F28                      VALUE  1028.
   860         78  COB-SCR-F29                      VALUE  1029.
   861         78  COB-SCR-F30                      VALUE  1030.
   862         78  COB-SCR-F31                      VALUE  1031.
   863         78  COB-SCR-F32                      VALUE  1032.
   864         78  COB-SCR-F33                      VALUE  1033.
ACS Cobol Xref v2.03.18          Dictionary File for PY020    13/04/2026  23:09:03:83                                  Page   17

   865         78  COB-SCR-F34                      VALUE  1034.
   866         78  COB-SCR-F35                      VALUE  1035.
   867         78  COB-SCR-F36                      VALUE  1036.
   868         78  COB-SCR-F37                      VALUE  1037.
   869         78  COB-SCR-F38                      VALUE  1038.
   870         78  COB-SCR-F39                      VALUE  1039.
   871         78  COB-SCR-F40                      VALUE  1040.
   872         78  COB-SCR-F41                      VALUE  1041.
   873         78  COB-SCR-F42                      VALUE  1042.
   874         78  COB-SCR-F43                      VALUE  1043.
   875         78  COB-SCR-F44                      VALUE  1044.
   876         78  COB-SCR-F45                      VALUE  1045.
   877         78  COB-SCR-F46                      VALUE  1046.
   878         78  COB-SCR-F47                      VALUE  1047.
   879         78  COB-SCR-F48                      VALUE  1048.
   880         78  COB-SCR-F49                      VALUE  1049.
   881         78  COB-SCR-F50                      VALUE  1050.
   882         78  COB-SCR-F51                      VALUE  1051.
   883         78  COB-SCR-F52                      VALUE  1052.
   884         78  COB-SCR-F53                      VALUE  1053.
   885         78  COB-SCR-F54                      VALUE  1054.
   886         78  COB-SCR-F55                      VALUE  1055.
   887         78  COB-SCR-F56                      VALUE  1056.
   888         78  COB-SCR-F57                      VALUE  1057.
   889         78  COB-SCR-F58                      VALUE  1058.
   890         78  COB-SCR-F59                      VALUE  1059.
   891         78  COB-SCR-F60                      VALUE  1060.
   892         78  COB-SCR-F61                      VALUE  1061.
   893         78  COB-SCR-F62                      VALUE  1062.
   894         78  COB-SCR-F63                      VALUE  1063.
   895         78  COB-SCR-F64                      VALUE  1064.
   896        *>  Exception keys - Values 2xxx
   897         78  COB-SCR-PAGE-UP                  VALUE  2001.
   898         78  COB-SCR-PAGE-DOWN                VALUE  2002.
   899         78  COB-SCR-KEY-UP                   VALUE  2003.
   900         78  COB-SCR-KEY-DOWN                 VALUE  2004.
   901         78  COB-SCR-ESC                      VALUE  2005.
   902         78  COB-SCR-PRINT                    VALUE  2006.
   903         78  COB-SCR-TAB                      VALUE  2007.
   904         78  COB-SCR-BACK-TAB                 VALUE  2008.
   905         78  COB-SCR-KEY-LEFT                 VALUE  2009.
   906         78  COB-SCR-KEY-RIGHT                VALUE  2010.
   907        *>  The following exception keys are currently *only* returned
   908        *>  on ACCEPT OMITTED
   909         78  COB-SCR-INSERT                   VALUE  2011.
   910         78  COB-SCR-DELETE                   VALUE  2012.
   911         78  COB-SCR-BACKSPACE                VALUE  2013.
   912         78  COB-SCR-KEY-HOME                 VALUE  2014.
   913         78  COB-SCR-KEY-END                  VALUE  2015.
   914        *>  Exception keys for mouse handling
   915         78  COB-SCR-MOUSE-MOVE               VALUE  2040.
   916         78  COB-SCR-LEFT-PRESSED             VALUE  2041.
   917         78  COB-SCR-LEFT-RELEASED            VALUE  2042.
   918         78  COB-SCR-LEFT-DBL-CLICK           VALUE  2043.
ACS Cobol Xref v2.03.18          Dictionary File for PY020    13/04/2026  23:09:03:83                                  Page   18

   919         78  COB-SCR-MID-PRESSED              VALUE  2044.
   920         78  COB-SCR-MID-RELEASED             VALUE  2045.
   921         78  COB-SCR-MID-DBL-CLICK            VALUE  2046.
   922         78  COB-SCR-RIGHT-PRESSED            VALUE  2047.
   923         78  COB-SCR-RIGHT-RELEASED           VALUE  2048.
   924         78  COB-SCR-RIGHT-DBL-CLICK          VALUE  2049.
   925         78  COB-SCR-SHIFT-MOVE               VALUE  2050.
   926         78  COB-SCR-SHIFT-LEFT-PRESSED       VALUE  2051.
   927         78  COB-SCR-SHIFT-LEFT-RELEASED      VALUE  2052.
   928         78  COB-SCR-SHIFT-LEFT-DBL-CLICK     VALUE  2053.
   929         78  COB-SCR-SHIFT-MID-PRESSED        VALUE  2054.
   930         78  COB-SCR-SHIFT-MID-RELEASED       VALUE  2055.
   931         78  COB-SCR-SHIFT-MID-DBL-CLICK      VALUE  2056.
   932         78  COB-SCR-SHIFT-RIGHT-PRESSED      VALUE  2057.
   933         78  COB-SCR-SHIFT-RIGHT-RELEASED     VALUE  2058.
   934         78  COB-SCR-SHIFT-RIGHT-DBL-CLICK    VALUE  2059.
   935         78  COB-SCR-CTRL-MOVE                VALUE  2060.
   936         78  COB-SCR-CTRL-LEFT-PRESSED        VALUE  2061.
   937         78  COB-SCR-CTRL-LEFT-RELEASED       VALUE  2062.
   938         78  COB-SCR-CTRL-LEFT-DBL-CLICK      VALUE  2063.
   939         78  COB-SCR-CTRL-MID-PRESSED         VALUE  2064.
   940         78  COB-SCR-CTRL-MID-RELEASED        VALUE  2065.
   941         78  COB-SCR-CTRL-MID-DBL-CLICK       VALUE  2066.
   942         78  COB-SCR-CTRL-RIGHT-PRESSED       VALUE  2067.
   943         78  COB-SCR-CTRL-RIGHT-RELEASED      VALUE  2068.
   944         78  COB-SCR-CTRL-RIGHT-DBL-CLICK     VALUE  2069.
   945         78  COB-SCR-ALT-MOVE                 VALUE  2070.
   946         78  COB-SCR-ALT-LEFT-PRESSED         VALUE  2071.
   947         78  COB-SCR-ALT-LEFT-RELEASED        VALUE  2072.
   948         78  COB-SCR-ALT-LEFT-DBL-CLICK       VALUE  2073.
   949         78  COB-SCR-ALT-MID-PRESSED          VALUE  2074.
   950         78  COB-SCR-ALT-MID-RELEASED         VALUE  2075.
   951         78  COB-SCR-ALT-MID-DBL-CLICK        VALUE  2076.
   952         78  COB-SCR-ALT-RIGHT-PRESSED        VALUE  2077.
   953         78  COB-SCR-ALT-RIGHT-RELEASED       VALUE  2078.
   954         78  COB-SCR-ALT-RIGHT-DBL-CLICK      VALUE  2079.
   955         78  COB-SCR-WHEEL-UP                 VALUE  2080.
   956         78  COB-SCR-WHEEL-DOWN               VALUE  2081.
   957        *>78 COB-SCR-WHEEL-LEFT               VALUE  2082.  *reserved*
   958        *>78 COB-SCR-WHEEL-RIGHT              VALUE  2083.  *reserved*
   959         78  COB-SCR-SHIFT-WHEEL-UP           VALUE  2084.
   960         78  COB-SCR-SHIFT-WHEEL-DOWN         VALUE  2085.
   961        *>78 COB-SCR-SHIFT-WHEEL-LEFT         VALUE  2086.  *reserved*
   962        *>78 COB-SCR-SHIFT-WHEEL-RIGHT        VALUE  2087.  *reserved*
   963         78  COB-SCR-CTRL-WHEEL-UP            VALUE  2088.
   964         78  COB-SCR-CTRL-WHEEL-DOWN          VALUE  2089.
   965        *>78 COB-SCR-CTRL-WHEEL-LEFT          VALUE  2090.  *reserved*
   966        *>78 COB-SCR-CTRL-WHEEL-RIGHT         VALUE  2091.  *reserved*
   967         78  COB-SCR-ALT-WHEEL-UP             VALUE  2092.
   968         78  COB-SCR-ALT-WHEEL-DOWN           VALUE  2093.
   969        *>78 COB-SCR-ALT-WHEEL-LEFT           VALUE  2094.  *reserved*
   970        *>78 COB-SCR-ALT-WHEEL-RIGHT          VALUE  2095.  *reserved*
   971        *>  Input validation - Values 8xxx
   972         78  COB-SCR-NO-FIELD                 VALUE  8000.
ACS Cobol Xref v2.03.18          Dictionary File for PY020    13/04/2026  23:09:03:83                                  Page   19

   973         78  COB-SCR-TIME-OUT                 VALUE  8001.
   974        *>  Other errors - Values 9xxx
   975         78  COB-SCR-FATAL                    VALUE  9000.
   976         78  COB-SCR-MAX-FIELD                VALUE  9001.
   977  *>
   978  *>C      copy "an-accept.ws".  *> Support WS for ACCEPT_NUMERIC routine
   979         *>1>>LISTING OFF
   980        *>
   981        *> copy book - an-accept.ws compatible for FREE and VARIABLE formats
   982        *>
   983         01  AN-ACCEPT-NUMERIC USAGE BINARY-SHORT.
   984             03  AN-LINE.
   985             03  AN-COLUMN.
   986             03  AN-MODE.
   987                 88  AN-MODE-IS-NO-UPDATE          VALUE 0.
   988                 88  AN-MODE-IS-UPDATE             VALUE 1.
   989             03  AN-FG.
   990                 88  AN-FG-IS-BLACK                VALUE 0.
   991                 88  AN-FG-IS-BLUE                 VALUE 1.
   992                 88  AN-FG-IS-GREEN                VALUE 2.
   993                 88  AN-FG-IS-CYAN                 VALUE 3.
   994                 88  AN-FG-IS-RED                  VALUE 4.
   995                 88  AN-FG-IS-MAGENTA              VALUE 5.
   996                 88  AN-FG-IS-YELLOW               VALUE 6.
   997                 88  AN-FG-IS-WHITE                VALUE 7.
   998             03  AN-BG.
   999                 88  AN-BG-IS-BLACK                VALUE 0.
  1000                 88  AN-BG-IS-BLUE                 VALUE 1.
  1001                 88  AN-BG-IS-GREEN                VALUE 2.
  1002                 88  AN-BG-IS-CYAN                 VALUE 3.
  1003                 88  AN-BG-IS-RED                  VALUE 4.
  1004                 88  AN-BG-IS-MAGENTA              VALUE 5.
  1005                 88  AN-BG-IS-YELLOW               VALUE 6.
  1006                 88  AN-BG-IS-WHITE                VALUE 7.
  1007             03  AN-FG2.
  1008                 88  AN-FG2-IS-BLACK               VALUE 0.
  1009                 88  AN-FG2-IS-BLUE                VALUE 1.
  1010                 88  AN-FG2-IS-GREEN               VALUE 2.
  1011                 88  AN-FG2-IS-CYAN                VALUE 3.
  1012                 88  AN-FG2-IS-RED                 VALUE 4.
  1013                 88  AN-FG2-IS-MAGENTA             VALUE 5.
  1014                 88  AN-FG2-IS-YELLOW              VALUE 6.
  1015                 88  AN-FG2-IS-WHITE               VALUE 7.
  1016             03  AN-RETURN-CODE.
  1017                 88  AN-RETURN-CODE-VIA-ENTER      VALUE 0.
  1018                 88  AN-RETURN-CODE-VIA-PFKEY-01   VALUE 01. *> 1001
  1019                 88  AN-RETURN-CODE-VIA-PFKEY-02   VALUE 02.
  1020                 88  AN-RETURN-CODE-VIA-PFKEY-03   VALUE 03.
  1021                 88  AN-RETURN-CODE-VIA-PFKEY-04   VALUE 04.
  1022                 88  AN-RETURN-CODE-VIA-PFKEY-05   VALUE 05.
  1023                 88  AN-RETURN-CODE-VIA-PFKEY-06   VALUE 06.
  1024                 88  AN-RETURN-CODE-VIA-PFKEY-07   VALUE 07.
  1025                 88  AN-RETURN-CODE-VIA-PFKEY-08   VALUE 08.
  1026                 88  AN-RETURN-CODE-VIA-PFKEY-09   VALUE 09.
ACS Cobol Xref v2.03.18          Dictionary File for PY020    13/04/2026  23:09:03:83                                  Page   20

  1027                 88  AN-RETURN-CODE-VIA-PFKEY-10   VALUE 10.
  1028                 88  AN-RETURN-CODE-VIA-PFKEY-11   VALUE 11.
  1029                 88  AN-RETURN-CODE-VIA-PFKEY-12   VALUE 12.
  1030                 88  AN-RETURN-CODE-VIA-PFKEY-13   VALUE 13.
  1031                 88  AN-RETURN-CODE-VIA-PFKEY-14   VALUE 14.
  1032                 88  AN-RETURN-CODE-VIA-PFKEY-15   VALUE 15.
  1033                 88  AN-RETURN-CODE-VIA-PFKEY-16   VALUE 16.
  1034                 88  AN-RETURN-CODE-VIA-PFKEY-17   VALUE 17.
  1035                 88  AN-RETURN-CODE-VIA-PFKEY-18   VALUE 18.
  1036                 88  AN-RETURN-CODE-VIA-PFKEY-19   VALUE 19.
  1037                 88  AN-RETURN-CODE-VIA-PFKEY-20   VALUE 20.
  1038                 88  AN-RETURN-CODE-VIA-PFKEY-21   VALUE 21.
  1039                 88  AN-RETURN-CODE-VIA-PFKEY-22   VALUE 22.
  1040                 88  AN-RETURN-CODE-VIA-PFKEY-23   VALUE 23.
  1041                 88  AN-RETURN-CODE-VIA-PFKEY-24   VALUE 24.
  1042                 88  AN-RETURN-CODE-VIA-PFKEY-25   VALUE 25.
  1043                 88  AN-RETURN-CODE-VIA-PFKEY-26   VALUE 26.
  1044                 88  AN-RETURN-CODE-VIA-PFKEY-27   VALUE 27.
  1045                 88  AN-RETURN-CODE-VIA-PFKEY-28   VALUE 28.
  1046                 88  AN-RETURN-CODE-VIA-PFKEY-29   VALUE 29.
  1047                 88  AN-RETURN-CODE-VIA-PFKEY-30   VALUE 30.
  1048                 88  AN-RETURN-CODE-VIA-PFKEY-31   VALUE 31.
  1049                 88  AN-RETURN-CODE-VIA-PFKEY-32   VALUE 32.
  1050                 88  AN-RETURN-CODE-VIA-PFKEY-33   VALUE 33.
  1051                 88  AN-RETURN-CODE-VIA-PFKEY-34   VALUE 34.
  1052                 88  AN-RETURN-CODE-VIA-PFKEY-35   VALUE 35.
  1053                 88  AN-RETURN-CODE-VIA-PFKEY-36   VALUE 36.
  1054                 88  AN-RETURN-CODE-VIA-PFKEY-37   VALUE 37.
  1055                 88  AN-RETURN-CODE-VIA-PFKEY-38   VALUE 38.
  1056                 88  AN-RETURN-CODE-VIA-PFKEY-39   VALUE 39.
  1057                 88  AN-RETURN-CODE-VIA-PFKEY-40   VALUE 40.
  1058                 88  AN-RETURN-CODE-VIA-PFKEY-41   VALUE 41.
  1059                 88  AN-RETURN-CODE-VIA-PFKEY-42   VALUE 42.
  1060                 88  AN-RETURN-CODE-VIA-PFKEY-43   VALUE 43.
  1061                 88  AN-RETURN-CODE-VIA-PFKEY-44   VALUE 44.
  1062                 88  AN-RETURN-CODE-VIA-PFKEY-45   VALUE 45.
  1063                 88  AN-RETURN-CODE-VIA-PFKEY-46   VALUE 46.
  1064                 88  AN-RETURN-CODE-VIA-PFKEY-47   VALUE 47.
  1065                 88  AN-RETURN-CODE-VIA-PFKEY-48   VALUE 48. *> 1048
  1066                 88  AN-RETURN-CODE-VIA-PG-UP      VALUE 49. *> 2001
  1067                 88  AN-RETURN-CODE-VIA-PG-DOWN    VALUE 50. *> 2002
  1068                 88  AN-RETURN-CODE-VIA-TAB        VALUE 51. *> 2007
  1069                 88  AN-RETURN-CODE-VIA-BACK-TAB   VALUE 52. *> 2008
  1070                 88  AN-RETURN-CODE-VIA-ESCAPE     VALUE 99. *> 2005
  1071             03  AN-ERROR-CODE.
  1072                 88  AN-ERROR-OK                   VALUE 0.
  1073                 88  AN-ERROR-NOT-EXTENDED-DISPLAY VALUE 4.
  1074                 88  AN-ERROR-S-ROW-OUT-OF-SCREEN  VALUE 8.
  1075                 88  AN-ERROR-S-COL-OUT-OF-SCREEN  VALUE 12.
  1076                 88  AN-ERROR-E-COL-OUT-OF-SCREEN  VALUE 16.
  1077        *>
  1078         *>>>LISTING ON
  1079  *>
  1080  *>C      copy "wspyhrs.cob"   replacing LEADING ==PY-Pay== by ==WS-Pay==
ACS Cobol Xref v2.03.18          Dictionary File for PY020    13/04/2026  23:09:03:83                                  Page   21

  1081  *>C                                     LEADING ==Hrs==    by ==WS-Hrs==.
  1082  *>*******************************************
  1083  *>                                          *
  1084  *>  Record Definition For Pay Transactions  *
  1085  *>           File                           *
  1086  *>     Uses Hrs-Key of Emp-No/Hrs-Code as   *
  1087  *>                        key               *
  1088  *>*******************************************
  1089  *>  File size 24 bytes each.
  1090  *>
  1091  *> 28/10/25 vbc - Created.
  1092  *> 07.04.26 vbc - Chg rate to 99 and moved 2 below Emp-No
  1093  *>                creating a new key. It is ASSUMED that there is NO
  1094  *>                need for more than one entry for a given Trans Code.
  1095  *>                OK, will need to have another field for hrs-Serial that
  1096  *>                starts at zero AND same size for the header added.
  1097  *>                Size increased from 20 to 24 (units).
  1098  *>
  1099   01  PY-Pay-Transactions-Record.
  1100   03
  1101   WS-Hrs-Key.
  1102   05
  1103   WS-Hrs-Emp-No
  1104
  1105
  1106   pic 9(7).
  1107   05
  1108   WS-Hrs-Trans-Code
  1109   pic 99.
  1110   05
  1111   WS-WS-Hrs-Rate redefines WS-WS-Hrs-Tran
  1112                               pic 99.        *> Temporary in case used in error
  1113   03
  1114   WS-Hrs-Effective-Date
  1115   pic 9(8).
  1116   03
  1117   WS-Hrs-Units
  1118
  1119
  1120
  1121
  1122    pic s9(5)v99
  1123    comp-3.
  1124   *>    03  Hrs-Deleted         pic x.       *> not really NEEDED ???
  1125       03  filler              pic xx.        *> filled to 24 bytes
  1126  *>
  1127  *> 14 bytes + filler of 6 = 20 to match. the next rec may not be needed ?
  1128  *>
  1129   01  PY-Pay-Header-Record.
  1130   03
  1131   WS-Hrs-Head-Key
  1132
  1133
  1134
ACS Cobol Xref v2.03.18          Dictionary File for PY020    13/04/2026  23:09:03:83                                  Page   22

  1135   pic 9(9).
  1136   03
  1137   WS-Hrs-No-Recs
  1138
  1139
  1140
  1141    binary-short unsigned.
  1142   03
  1143   WS-Hrs-Batch-No
  1144
  1145
  1146
  1147   binary-short unsigned.
  1148   03
  1149   WS-Hrs-Proof-No
  1150
  1151
  1152
  1153   binary-short unsigned.
  1154   03
  1155   WS-Hrs-Proofed
  1156
  1157
  1158
  1159    pic x.
  1160       03  filler              pic x(8).      *> filled to 24 bytes
  1161  *>
  1162  *>>W Msg29 Caution: One or more replacing sources not found
  1163  *>
  1164  *>  might be needed
  1165  *>
  1166  *>C  copy "wsfnctn.cob".
  1167  *>**********************************
  1168  *>                                 *
  1169  *>  File Access Control Functions  *
  1170  *>                                 *
  1171  *>**********************************
  1172  *> 28/05/16 vbc - Added RDB setup fields - socket, host, port to user, passwd, schema.
  1173  *> 25/08/16 vbc - Amended size of RDBMS-Socket from 32 to 64 chars.
  1174  *> 01/10/16 vbc - Changed WE-Error & Rrn to pic 999 / 9.  To see if it is the cause
  1175  *>                of No data in SYSTOT-REC bug after running sys4LD.
  1176  *> 29/10/16 vbc - FS-Action increased size from 20 to 22 for logest msg in sys002.
  1177  *>  7/12/16 vbc - Increased Access-Type to 99 from 9 for extra adhoc functions
  1178  *>                such as select x ORDER BY etc.
  1179  *>                Not used yet.
  1180  *> 22/12/16 vbc - Oops, previous chg should have been for File-Function.
  1181  *>                next-read-raw changed to 13.
  1182  *> 06/01/17 vbc - Increased size of rrn for GL. System to be recompiled.
  1183  *> 18/04/17 vbc - Added function Read-Next-Header (34) for SL020, 50, 140.
  1184  *> 21/04/18 vbc - Added ACAS-Path and Path-Work for scr save/dumps delete files).
  1185  *> 20/05/23 vbc - Added notes for read header for sl820.
  1186  *> 06/08/23 vbc - Activated  fn-not-greater-than (for Stock file).
  1187  *>
  1188   01  File-Access.
ACS Cobol Xref v2.03.18          Dictionary File for PY020    13/04/2026  23:09:03:84                                  Page   23

  1189       03  We-Error        pic 999.
  1190       03  Rrn             pic 9(5)   comp.     *> increased from 9 for GL.
  1191       03  Fs-Reply        pic 99.
  1192       03  s1              pic x.               *> this is USED for some programs 28.05.18.
  1193       03  Curs            pic 9(4).
  1194       03  filler redefines Curs.
  1195           05  Lin         pic 99.
  1196           05  Cole        pic 99.
  1197       03  Curs2           pic 9(4).
  1198       03  filler redefines Curs2.
  1199           05  Lin2        pic 99.
  1200           05  Col2        pic 99.
  1201  *>
  1202  *> Holds path to current working dir - used for screen dump & restores.
  1203  *>
  1204       03  ACAS-Path       pic x(525)     value spaces.
  1205       03  Path-Work       pic x(525)     value spaces.
  1206  *>
  1207       03  FS-Action       pic x(22)  value spaces.
  1208  *> current range 1 thru 3
  1209  *>     1 = Stock-Key (or only key), 2 = Stock-Abrev-Key, 3 = Stock-Desc
  1210       03  Logging-Data.
  1211           05  Accept-Reply    pic x      value space.
  1212           05  File-Key-No     pic 9.
  1213           05  ws-Log-System   pic 9      value zero.       *> loaded by caller of FHlogger
  1214           05  ws-No-Paragraph pic 999.
  1215           05  SQL-Err         pic x(5).
  1216           05  SQL-Msg         pic x(512) value spaces.
  1217           05  SQL-State       pic x(5).
  1218           05  WS-File-Key     pic x(64)  value spaces.     *> loaded by caller of FHlogging increased to 64-- 30/12/16
  1219           05  WS-Log-Where    pic x(231) value spaces.
  1220           05  WS-Log-File-No  pic 99     value zeroes.     *> loaded by caller of FHlogger
  1221           05  WS-Count-Rows   pic 9(7)   value zeroes.     *> used in Delete-All in valueMT
  1222       03  RDB-Data.
  1223           05  DB-Schema   pic x(12)  value spaces.
  1224           05  DB-UName    pic x(12)  value spaces.
  1225           05  DB-UPass    pic x(12)  value spaces.
  1226           05  DB-Host     pic x(32)  value spaces.
  1227           05  DB-Socket   pic x(64)  value spaces.
  1228           05  DB-Port     pic x(5)   value spaces.
  1229  *>
  1230  *>  Helps to tell MT to move file record from the FD or the WS record. NOT YET USED
  1231  *>
  1232       03  Main-Record-Move-Flag pic 9 value zero.
  1233           88  MRMF-Move-FD           value 1.
  1234           88  MRMF-Move-WS           value 2.
  1235  *>
  1236  *>   need to change next one if used in the DAL, e.g., move "66" ...
  1237  *>
  1238       03  FA-RDBMS-Flat-Statuses.                        *> Comes from System-Record via acas0nn
  1239           07  FA-File-System-Used  pic 9.
  1240               88  FA-FS-Cobol-Files-Used        value zero.
  1241               88  FA-FS-RDBMS-Used              value 1.
  1242  *>                 88  FA-FS-MySql-Used          value 1.  *> ditto
ACS Cobol Xref v2.03.18          Dictionary File for PY020    13/04/2026  23:09:03:84                                  Page   24

  1243  *>                 88  FA-FS-Oracle-Used         value 2.  *> THESE NOT IN USE
  1244  *>                 88  FA-FS-Postgres-Used       value 3.  *> ditto
  1245  *>                 88  FA-FS-DB2-Used            value 4.  *> ditto
  1246  *>                 88  FA-FS-MS-SQL-Used         value 5.  *> ditto
  1247               88  FA-FS-Valid-Options           values 0 thru 1.    *> 5. (not in use unless 1-5)
  1248           07  FA-File-Duplicates-In-Use pic 9.                      *> NO LONGER USED other than for a '6' = rdb.
  1249               88  FA-FS-Duplicate-Processing    value 1.
  1250  *>
  1251  *> Block for File/table access via acas000 thru acas033 for IS files and rdbms
  1252  *> Also see RDBMS-Flat-Statuses in System-Record
  1253  *>
  1254       03  File-Function   pic 99.
  1255           88  fn-open            value 1.
  1256           88  fn-close           value 2.
  1257           88  fn-read-next       value 3.
  1258           88  fn-read-indexed    value 4.
  1259           88  fn-write           value 5.
  1260           88  fn-Delete-All      value 6.       *> 10/10/16 - Delete all records.
  1261           88  fn-re-write        value 7.
  1262           88  fn-delete          value 8.
  1263           88  fn-start           value 9.
  1264  *>
  1265           88  fn-Write-Raw       value 15.
  1266           88  fn-Read-Next-Raw   value 13.       *> 14/11/16 - Special 4 LD.
  1267  *>
  1268           88  fn-Read-By-Name    value 31.       *> 15/01/17 for Salesled (SL160), could be used for GL ledger?
  1269           88  fn-Read-By-Batch   value 32.       *> 08/02/17 for OTM3/5 (sl095/pl095)
  1270           88  fn-Read-By-Cust    value 33.       *> 09/02/17 for OTM3 (sl110, 120, 190)
  1271           88  fn-Read-Next-Header value 34.      *> 18/04/17 for Invoice (sl020, 50, 140, 820)
  1272  *>
  1273       03  Access-Type     pic 9.                *> For rdbms 2 should cover all !!!
  1274           88  fn-input           value 1.
  1275           88  fn-i-o             value 2.
  1276           88  fn-output          value 3.
  1277           88  fn-extend          value 4.       *> not valid for ISAM
  1278           88  fn-equal-to        value 5.
  1279           88  fn-less-than       value 6.
  1280           88  fn-greater-than    value 7.
  1281           88  fn-not-less-than   value 8.
  1282           88  fn-not-greater-than value 9.
  1283  *>
  1284  *>C  copy "wsmaps03.cob".    *> for maps04
  1285         >>source free
  1286  *>*********
  1287  *> maps03 *
  1288  *>*********
  1289  *> 23/04/09 vbc - Support for UK, USA, Intl formats
  1290   01  maps03-ws.
  1291       03  u-date          pic x(10).
  1292       03  u-UK redefines u-date.
  1293           05  u-days      pic 99.
  1294           05  filler      pic x.
  1295           05  u-month     pic 99.
  1296           05  filler      pic x.
ACS Cobol Xref v2.03.18          Dictionary File for PY020    13/04/2026  23:09:03:84                                  Page   25

  1297           05  u-year.
  1298               07  u-cc    pic 99.
  1299               07  u-yy    pic 99.
  1300       03  u-USA redefines u-date.
  1301           05  u-usa-month pic 99.
  1302           05  filler      pic x.
  1303           05  u-usa-days  pic 99.
  1304           05  filler      pic x.
  1305           05  filler      pic x(4).
  1306       03  u-Intl redefines u-date.
  1307           05  u-intl-year.
  1308               07  u-intl-cc pic 99.
  1309               07  u-intl-yy pic 99.
  1310           05  filler        pic x.
  1311           05  u-intl-month  pic 99.
  1312           05  filler        pic x.
  1313           05  u-intl-days   pic 99.
  1314       03  u-bin           binary-long.
  1315  *>C  copy "wsmaps09.cob".
  1316  *>*********
  1317  *> maps09 *
  1318  *>*********
  1319  *>
  1320   01  maps09-ws.
  1321       03  customer-code.
  1322           05  customer-nos   pic x(6).
  1323           05  check-digit    pic 9.
  1324       03  maps09-reply       pic x.
  1325  *>C  copy "wstime.cob".
  1326   01  ws-time.
  1327       03  wsa-date.
  1328         05  wsa-yy        pic 99.
  1329         05  wsa-mm        pic 99.
  1330         05  wsa-dd        pic 99.
  1331       03  wsb-time.
  1332         05  wsb-hh        pic 99.
  1333         05  wsb-mm        pic 99.
  1334         05  wsb-ss        pic 99.
  1335         05  filler        pic xx.
  1336       03  wsd-time.
  1337         05  wsd-hh        pic 99.
  1338         05  wsd-sa        pic x  value ":".
  1339         05  wsd-mm        pic 99.
  1340         05  wsd-sb        pic x  value ":".
  1341         05  wsd-ss        pic 99.
  1342  *>
  1343   01  wse-date-block.
  1344       03  wse-date.
  1345           05  wse-year    pic 9(4).
  1346           05  wse-month   pic 99.
  1347           05  wse-days    pic 99.
  1348       03  WSE-Date-9 redefines wse-date
  1349                           pic 9(8).
  1350       03  wse-time.
ACS Cobol Xref v2.03.18          Dictionary File for PY020    13/04/2026  23:09:03:84                                  Page   26

  1351           05  wse-hh      pic 99.
  1352           05  wse-mm      pic 99.
  1353           05  wse-ss      pic 99.
  1354       03  filler          pic x(7).
  1355  *>
  1356
  1357  *>
  1358   linkage section.
  1359  *>***************
  1360  *>
  1361  *>C  copy "wscall.cob".
  1362  *> 14/03/18 vbc - 1.01   WS-CD-Args for passing extra info to called process
  1363  *>                        that will help in a cron call by time via menu
  1364  *>                        program. picked by position within WS-Args.
  1365  *> 14/11/25 vbc - 1.02 - Chg WS-Term-Code from 9 to 99.
  1366  *>
  1367   01  WS-Calling-Data.
  1368       03  WS-Called       pic x(8).
  1369       03  WS-Caller       pic x(8).
  1370       03  WS-Del-Link     pic x(8).
  1371       03  WS-Term-Code    pic 99.
  1372  *>                                 new 18/5/13
  1373       03  WS-Process-Func pic 9.
  1374       03  WS-Sub-Function pic 9.
  1375       03  WS-CD-Args      pic x(13).    *> Changed / Added 14/03/18
  1376  *>
  1377  *>C  copy "wssystem.cob"   replacing System-Record by WS-System-Record.
  1378  *>
  1379  *>*******************************************
  1380  *>                                          *
  1381  *>  Record Definition For The System File   *
  1382  *>                                          *
  1383  *>*******************************************
  1384  *>  File size 1024 with fillers
  1385  *>   Cleared down update details 01/02/09 to 12/06/13
  1386  *>
  1387  *> 22/09/15 vbc - Added Param-Restrict (Access) within a current filler.
  1388  *>                Set this will stop display of option Z in sub-system menus.
  1389  *>                Need to detect actual user though when setup or could just use
  1390  *>                chown for sys002 to admin user?
  1391  *> 25/06/16 vbc - Added RDBMS-Port & needs RDBMS-Host, RDBMS-Socket.
  1392  *>                Increased 'System-data' from 384 to 512 bytes & removed O/E
  1393  *>                  Block (128) as it is unused.
  1394  *> 26/06/16 vbc - Updated MySQL Load scripts ACASDB.sql in ACAS/mysql.
  1395  *>                  Prima is yet to be done !!!
  1396  *> 19/10/16 vbc - Changed PL-Approp-AC in IRS block from 9(5) to 9(6) for GL
  1397  *>                support & reduced filler by 1.
  1398  *>                With IRS data mapped into ACAS the IRS block can reduce to 32 bytes
  1399  *>                Just need to change all of the IRS programs to use ACAS fields but
  1400  *>                also NEED to change the date processing to use same in rest of ACAS
  1401  *>                and not binary days since 01/01/2000 and hold dates in dd/mm/yy form.
  1402  *>                Added 2 88s to Op-System for IRS.
  1403  *> 27/10/16 vbc - Changed level-5 to IRS instead of omitted O/E.
  1404  *> 15/01/18 vbc - Added Stats-Date-Period with a filler & vers = 14.
ACS Cobol Xref v2.03.18          Dictionary File for PY020    13/04/2026  23:09:03:84                                  Page   27

  1405  *> 02/02/18 vbc - Replaced file-statuses with filler x(32).
  1406  *> 10/02/18 vbc - For PL-Approp-AC6 move filler to beginning of field as irs
  1407  *>                does not need the leading digit (uses only 5).
  1408  *> 17/03/18 vbc - Added SL-Invoice-Lines within last filler so gone from 45 to 43.
  1409  *> 18/03/18 vbc - Added false for Level-5 & 6, e.g., zero.
  1410  *> 06/06/18 vbc - Added six new fields as bin-long to support for G-L and IRS used at same time.
  1411  *>                RDBMS needs to be updated. Done 06/06/16 -> Mariadb backups.
  1412  *>                sys002 needs to be updated if implemented.
  1413  *>                systemMT needs to be updated (in un/load moves).
  1414  *> 03/06/20 vbc - Changes to some RDBMS values.
  1415  *> 10/12/22 vbc - Remove File-Duplicates-In-Use - not used.
  1416  *> 14/04/23 vbc - SL-Autogen added (& PL-Autogen) both using FILLER space.
  1417  *> 15/05/23 vbc - SL-Next-Rec and PL-Next-Rec bin-short unsigned for next Autogen record key.
  1418  *> 26/06/23 vbc - Added Company-Email repacing filler.
  1419  *> 09/09/23 vbc - Pre support for OE but as comments for now as will not be used in ACAS - pointless.
  1420  *> 10/09/23 vbc - Removed condition Payroll-No as not used.
  1421  *> 13/03/24 vbc - In fillers added fields SL-BO-Flag and Stk-BO-Active,
  1422  *> 18/12/24 vbc - Clean up remd out texts & added Co. Phone No reducing filler.
  1423  *> 14/11/25 vbc - Support for Payroll in use that replaces OE usage as not needed.
  1424  *>
  1425   01
  1426   WS-System-Record.
  1427  *>******************
  1428  *>   System Data   *
  1429  *>******************
  1430       03  System-Data-Block.               *>  512 bytes (25/06/16)
  1431   05
  1432   WS-System-Record-Version-Prime
  1433
  1434
  1435   binary-char.
  1436   05
  1437   WS-System-Record-Version-Secondary
  1438   binary-char.
  1439           05  Vat-Rates                    comp.
  1440               07 Vat-Rate-1   pic 99v99.   *> Standard rate
  1441               07 Vat-Rate-2   pic 99v99.   *> Reduced rate
  1442               07 Vat-Rate-3   pic 99v99.   *> Minimal or exempt
  1443               07 Vat-Rate-4   pic 99v99.   *> 2b used for local sales tax   Not UK
  1444               07 Vat-Rate-5   pic 99v99.   *> 2b used for local sales tax   Not UK
  1445           05  Vat-Rate redefines Vat-Rates pic 99v99 comp occurs 5.
  1446           05  Cyclea          binary-char.  *> 99.
  1447           05  Scycle Redefines cyclea  binary-char.
  1448           05  Period          binary-char.  *> 99.
  1449           05  Page-Lines      binary-char  unsigned. *> 999. Portrait / default
  1450           05  Next-Invoice    binary-long. *> 9(8) comp.
  1451           05  Run-Date        binary-long. *> 9(8) comp.
  1452           05  Start-Date      binary-long. *> 9(8) comp.
  1453           05  End-Date        binary-long. *> 9(8) comp.
  1454           05  Suser.                       *> IRS
  1455               07  Usera       pic x(32).
  1456           05  User-Code       pic x(32).   *> encrypted username not used on OS versions so also b 4 client?
  1457           05  Address-1       pic x(24).
  1458           05  Address-2       pic x(24).
ACS Cobol Xref v2.03.18          Dictionary File for PY020    13/04/2026  23:09:03:84                                  Page   28

  1459           05  Address-3       pic x(24).
  1460           05  Address-4       pic x(24).
  1461           05  Post-Code       pic x(12).   *> or ZipCode size should cover all countries
  1462           05  Country         pic x(24).
  1463           05  Print-Spool-Name pic x(48).
  1464           05  Phone-No        pic x(12).  *> added 21/10/25 reducing filler.
  1465           05  FILLER          pic x(20).
  1466           05  Pass-Value      pic 9.
  1467           05  Level.
  1468               07  Level-1     pic 9.
  1469                   88  G-L                    value 1.    *> General (Nominal) ledger
  1470               07  Level-2     pic 9.
  1471                   88  B-L                    value 1.    *> Purchase (Payables) ledger
  1472               07  Level-3     pic 9.
  1473                   88  S-L                    value 1.    *> Sales (Receivables) ledger
  1474               07  Level-4     pic 9.
  1475                   88  Stock                  value 1.    *> Stock Control (Inventory)
  1476               07  Level-5     pic 9.
  1477                   88  IRS                    value 1.    *> IRS used (instead of General).
  1478                   88  IRS-No                 value zero. *> IRS NOT Used.
  1479               07  Level-6     pic 9.
  1480                   88  Payroll                value 1.    *> Payroll - USA
  1481           05  Pass-Word       pic x(4).
  1482           05  Host            pic 9.
  1483               88  Multi-User                 value 1.
  1484           05  Op-System       pic 9.
  1485               88  valid-os-type              values 1 2 3 4 5 6.
  1486               88  No-OS                      value zero.
  1487               88  Dos                        value 1.
  1488               88  Windows                    value 2.
  1489               88  Mac                        value 3.
  1490               88  Os2                        value 4.
  1491               88  Unix                       value 5.
  1492               88  Linux                      value 6.
  1493               88  OS-Single                  values 1 2 4.
  1494           05  Current-Quarter pic 9.
  1495           05  RDBMS-Flat-Statuses.
  1496               07  File-System-Used  pic 9.
  1497                   88  FS-Cobol-Files-Used    value zero.
  1498                   88  FS-MySql-Used          value 1.
  1499                                            *> THESE NOT IN USE at this time
  1500                   88  FS-RDBMS-Used          value 1.  *> Was generic
  1501  *>                 88  FS-Oracle-Used         value 3.  *> ditto   -  change values to order in which
  1502  *>                 88  FS-Postgres-Used       value 2.  *> ditto       they are implemented
  1503  *>                 88  FS-DB2-Used            value 4.  *> ditto        or made available
  1504  *>                 88  FS-MS-SQL-Used         value 5.  *> ditto
  1505  *>                 88  FS-ODBC-Used           value 6.  *> ditto
  1506                   88  FS-Valid-Options       values 0 thru 1.    *> 5. (not in use unless 1-5)
  1507               07  File-Duplicates-In-Use pic 9.           *> No longer in use
  1508                   88  FS-Duplicate-Processing value 1.    *>  Ditto
  1509           05  Maps-Ser.      *> Not needed in OpenSource version, = 9999 (No Maintenance Contract]
  1510               07  Maps-Ser-xx pic xx.        *> Allows for 36^2  customers = 60,466,176
  1511               07  Maps-Ser-nn binary-short.  *>     x  129600 - 2  - Very very large.
  1512           05  Date-Form       pic 9.
ACS Cobol Xref v2.03.18          Dictionary File for PY020    13/04/2026  23:09:03:84                                  Page   29

  1513               88  Date-Valid-Formats         values 1 2 3.
  1514           05  Data-Capture-Used pic 9.
  1515               88  DC-Cobol-Standard          value zero.
  1516               88  DC-GUI                     value 1.
  1517               88  DC-Widget                  value 2.
  1518           05  RDBMS-DB-Name   pic x(12)      value "ACASDB".     *> change in setup
  1519           05  RDBMS-User      pic x(12)      value "ACAS-User".  *> change in setup
  1520           05  RDBMS-Passwd    pic x(12)      value "PaSsWoRd".   *> change in setup
  1521           05  VAT-Reg-Number  pic x(11)      value spaces.
  1522           05  Param-Restrict  pic x.                             *> Only via ACAS?
  1523           05  RDBMS-Port      pic x(5)       value "3306".       *> change in setup
  1524           05  RDBMS-Host      pic x(32)      value spaces.       *> change in setup
  1525           05  RDBMS-Socket    pic x(64)      value spaces.       *> change in setup v3
  1526           05  Stats-Date-Period pic 9(4).                      *> added 15/01/18.
  1527           05  Company-Email   pic x(30).                         *> changed from filler 26/06/23
  1528  *>***************
  1529  *>   G/L Data   *
  1530  *>***************
  1531       03  General-Ledger-Block.               *> 80 bytes
  1532           05  P-C             pic x.
  1533               88  Profit-Centres             value "P".
  1534               88  Branches                   value "B".
  1535           05  P-C-Grouped     pic x.
  1536               88  Grouped                    value "Y".
  1537           05  P-C-Level       pic x.
  1538               88  Revenue-Only               value "R".
  1539           05  Comps           pic x.
  1540               88  Comparatives               value "Y".
  1541           05  Comps-Active    pic x.
  1542               88  Comparatives-Active        value "Y".
  1543           05  M-V             pic x.
  1544               88  Minimum-Validation         value "Y".
  1545           05  Arch            pic x.
  1546               88  Archiving                  value "Y".
  1547           05  Trans-Print     pic x.
  1548               88  Mandatory                  value "Y".
  1549           05  Trans-Printed   pic x.
  1550               88  Trans-Done                 value "Y".
  1551           05  Header-Level    pic 9.                      *> Not directly used in sys002 but anywhere ?
  1552           05  Sales-Range     pic 9.
  1553           05  Purchase-Range  pic 9.
  1554           05  Vat             pic x.
  1555               88  Auto-Vat                   value "Y".
  1556           05  Batch-Id        pic x.
  1557               88  Preserve-Batch             value "Y".
  1558           05  Ledger-2nd-Index pic x.                     *> But file uses SINGLE INDEX only & gl030 uses a table.
  1559               88  Index-2                    value "Y".
  1560           05  IRS-Instead     pic x.
  1561               88  IRS-Used                   value "Y".
  1562               88  IRS-Both-Used              value "B".   *> 26/11/16
  1563           05  Ledger-Sec      binary-short.  *> 9(4) comp
  1564           05  Updates         binary-short.  *> 9(4) comp
  1565           05  Postings        binary-short.  *> 9(4) comp
  1566           05  Next-Batch      binary-short.  *> 9(4) comp  should be unsigned used for all ledgers
ACS Cobol Xref v2.03.18          Dictionary File for PY020    13/04/2026  23:09:03:84                                  Page   30

  1567           05  Extra-Charge-Ac binary-long.   *> 9(8) comp        NOTHING IS USING THIS FIELD IN SALES or PURCHASE
  1568           05  Vat-Ac          binary-long.   *> 9(8) comp
  1569           05  Print-Spool-Name2 pic x(48).
  1570  *>******************
  1571  *>   P(B)/L Data   *
  1572  *>******************
  1573       03  Purchase-Ledger-Block.             *> 88 bytes
  1574           05  Next-Folio      binary-long.   *> 9(8) comp
  1575           05  BL-Pay-Ac       binary-long.   *> 9(8) comp
  1576           05  P-Creditors     binary-long.   *> 9(8) comp
  1577           05  BL-Purch-Ac     binary-long.   *> 9(8) comp
  1578           05  BL-End-Cycle-Date binary-long. *> 9(8) comp
  1579           05  BL-Next-Batch   binary-short.  *> 9(4) comp  should be unsigned - unused ?
  1580           05  Age-To-Pay      binary-char.   *> 9(4) comp should be unsigned
  1581           05  Purchase-Ledger pic x.
  1582               88  P-L-Exists                 value "Y".
  1583           05  PL-Delim        pic x.
  1584           05  Entry-Level     pic 9.
  1585           05  P-Flag-A        pic 9.
  1586           05  P-Flag-I        pic 9.
  1587           05  P-Flag-P        pic 9.
  1588           05  PL-Stock-Link   pic x.
  1589           05  Print-Spool-Name3 pic x(48).
  1590           05  PL-Autogen      pic x          value space.        *> added 14/04/23 NOT USED YET
  1591           05  PL-Next-Rec     binary-short unsigned.            *> 2 bytes 0 - 65k
  1592           05  FILLER          pic x(7).
  1593  *>***************
  1594  *>   S/L Data   *
  1595  *>***************
  1596       03  Sales-Ledger-Block.                *> 128 bytes
  1597           05  Sales-Ledger    pic x.
  1598               88  S-L-Exists                 value "Y".
  1599           05  SL-Delim        pic x.
  1600           05  Oi-3-Flag       pic x.         *> 'Y' used in sl060 why?
  1601           05  Cust-Flag       pic x.
  1602           05  Oi-5-Flag       pic x.
  1603           05  S-Flag-Oi-3     pic x.         *> 'Z' when otm3 created, used in sl060 why? NO LONGER USED
  1604           05  Full-Invoicing  pic 9.
  1605           05  S-Flag-A        pic 9.         *> '1' used in sl060 why?
  1606           05  S-Flag-I        pic 9.         *> '2' used in sl060 why?
  1607           05  S-Flag-P        pic 9.
  1608           05  SL-Dunning      pic 9.
  1609           05  SL-Charges      pic 9.
  1610           05  Sl-Own-Nos      pic x.
  1611           05  SL-Stats-Run    pic 9.
  1612           05  Sl-Day-Book     pic 9.
  1613           05  invoicer        pic 9.
  1614               88  I-Level-0                  value 0.  *> show totals only (no net & vat) not used?
  1615               88  I-Level-1                  value 1.  *> Show net, vat
  1616               88  I-Level-2                  value 2.  *> show Details + vat etc looks wrong in sl910 totals only (no net & vat)
  1617               88  Not-Invoicing              value 9.  *> show totals only (no net & vat) but not found yet nor level 3 (see sl900)
  1618           05  Extra-Desc      pic x(14).
  1619           05  Extra-Type      pic x.
  1620               88  Discount                   value "D".
ACS Cobol Xref v2.03.18          Dictionary File for PY020    13/04/2026  23:09:03:84                                  Page   31

  1621               88  Charge                     value "C".
  1622           05  Extra-Print     pic x.
  1623           05  SL-Stock-Link   pic x.
  1624           05  SL-Stock-Audit  pic x.
  1625               88  Stock-Audit-On             value "Y".   *> Invoicing will create an audit record (15/05/13)
  1626           05  SL-Late-Per     pic 99v99    comp.
  1627           05  SL-Disc         pic 99v99    comp.
  1628           05  Extra-Rate      pic 99v99    comp.
  1629           05  SL-Days-1       binary-char.    *> 999  comp.
  1630           05  SL-Days-2       binary-char.    *> 999  comp.
  1631           05  SL-Days-3       binary-char.    *> 999  comp.
  1632           05  SL-Credit       binary-char.    *> 999  comp.
  1633           05  FILLER          binary-short.   *> No longer used.
  1634           05  SL-Min          binary-short.   *> 9999  comp.
  1635           05  SL-Max          binary-short.   *> 9999  comp.
  1636           05  PF-Retention    binary-short.   *> 9999  comp.
  1637           05  First-Sl-Batch  binary-short.   *> 9999  comp.   *>unused ?
  1638           05  First-Sl-Inv    binary-long.    *> 9(8) comp.
  1639           05  SL-Limit        binary-long.    *> 9(8) comp.
  1640           05  SL-Pay-Ac       binary-long.    *> 9(8) comp.
  1641           05  S-Debtors       binary-long.    *> 9(8) comp.
  1642           05  SL-Sales-Ac     binary-long.    *> 9(8) comp.
  1643           05  S-End-Cycle-Date binary-long.   *> 9(8) comp.
  1644           05  SL-Comp-Head-Pick Pic x.
  1645               88  SL-Comp-Pick               value "Y".
  1646           05  SL-Comp-Head-Inv  pic x.
  1647               88  SL-Comp-Inv                value "Y".
  1648           05  SL-Comp-Head-Stat pic x.
  1649               88  SL-Comp-Stat               value "Y".
  1650           05  SL-Comp-Head-Lets pic x.
  1651               88  SL-Comp-Lets               value "Y".
  1652           05  SL-VAT-Printed  pic x.
  1653               88  SL-VAT-Prints              value "Y".
  1654           05  SL-Invoice-Lines pic 99.
  1655           05  SL-Autogen      pic x          value space.        *> added 14/04/23
  1656           05  SL-Next-Rec     binary-short unsigned.             *> 2 bytes 0 - 65k
  1657           05  SL-BO-Flag      pic x          value space.      *> support for Back Ordering - may be = Y for true.
  1658           05  SL-BO-Default   pic x.
  1659           05  FILLER          pic X(14).                       *> was x (16)
  1660  *> GL overflow
  1661           05  GL-BL-Pay-Ac    binary-long.    *> 9(8) comp    THESE 6 ADDED 06/06/18 to poss. support GL and IRS
  1662           05  GL-P-Creditors  binary-long.    *> 9(8) comp    RUNNING at same time.
  1663           05  GL-BL-Purch-Ac  binary-long.    *> 9(8) comp
  1664           05  GL-SL-Pay-Ac    binary-long.    *> 9(8) comp.
  1665           05  GL-S-Debtors    binary-long.    *> 9(8) comp.
  1666           05  GL-SL-Sales-Ac  binary-long.    *> 9(8) comp.
  1667  *>***************
  1668  *> Stock Data   *
  1669  *>***************
  1670  *>
  1671       03  Stock-Control-Block.                *> 88 bytes
  1672           05  Stk-Abrev-Ref   pic x(6).
  1673           05  Stk-Debug       pic 9.          *> T/F (1/0).
  1674           05  Stk-Manu-Used   pic 9.          *> T/F (Bomp/Wip)
ACS Cobol Xref v2.03.18          Dictionary File for PY020    13/04/2026  23:09:03:84                                  Page   32

  1675           05  Stk-OE-Used     pic 9.          *> T/F.
  1676           05  Stk-Audit-Used  pic 9.          *> T/F.
  1677           05  Stk-Mov-Audit   pic 9.          *> T/F.
  1678           05  Stk-Period-Cur  pic x.          *> M=Monthly, Q=Quarterly, Y=Yearly
  1679           05  Stk-Period-dat  pic x.          *>  --  ditto  --
  1680           05  FILLER          pic x.          *> was stk-date-form
  1681           05  Stock-Control   pic x.
  1682               88  Stock-Control-Exists   value "Y".
  1683           05  Stk-Averaging   pic 9.          *> T/F.
  1684               88  Stock-Averaging        value 1.
  1685           05  Stk-Activity-Rep-Run pic 9.     *> T/F.  =17 bytes 0=no, 1=add, 2=del, 3=both
  1686           05  Stk-BO-Active   pic x.          *> was filler 13/03/24
  1687           05  Stk-Page-Lines  binary-char unsigned.  *> 9999 comp. Taken from Print-Lines
  1688           05  Stk-Audit-No    binary-char unsigned.  *> 9999 comp.
  1689           05  FILLER          pic x(68).             *> 64    (just in case)
  1690           05  Client             pic x(24). 	*> 		24      *> Not needed as will use suser
  1691           05  Next-Post          pic 9(5).  	*> 		29                                                  N   5
  1692           05  Vat-Rates2.                                             *> these can be replaced by the other VAT blk
  1693               07  vat1           pic 99v99. 	*> 		33   *> Standard  changed from vat (11/06/13)
  1694               07  vat2           pic 99v99. 	*> 		37   *> reduced 1 [not yet used]
  1695               07  vat3           pic 99v99. 	*> 		41   *> reduced 2 [not yet used]
  1696           05  Vat-Group redefines Vat-Rates2.
  1697               07  Vat-Psent      pic 99v99    occurs 3.
  1698           05  FILLER redefines PL-Approp-AC6.
  1699               07  FILLER         pic 9.           *>                   loose leading char for IRS
  1700               07  PL-Approp-AC   pic 9(5).        *>                   For IRS
  1701           05  FILLER             pic x(59).       *>             128  Old fn-1 to 5 files
  1702       03  IRS-Data-Block redefines IRS-Entry-Block.
  1703           05  FILLER-Dummy4   pic x(128).
  1704  *>
  1705  *>>W Msg29 Caution: One or more replacing sources not found
  1706  *>C  copy "wsnames.cob".
  1707  *>
  1708  *> Sales, Purchase, Stock, General & now IRS for v3.3 with integrated IRS
  1709  *>    for use in xl150 and ??
  1710  *>
  1711  *>  Files used in Sales, Stock, Purchase, General & IRS
  1712  *> 17/11/16 vbc - Added IRS files + their renaming with irs prefix.
  1713  *> 04/12/16 vbc - Added irs055 sort file as file-38.
  1714  *> 09/05/23 vbc - Added PL & SL autogen (files04, 30 increased count to 38
  1715  *> 16/03/24 vbc - Added Sales Bo-Stk-Itm as file31  increased count to 39
  1716  *> 21/10/25 vbc - Added Payroll - USA/Canada - other files needed for elsewhere
  1717  *>                inc UK / Europe etc.
  1718  *>
  1719   01  File-Defs.
  1720       02  file-defs-a.
  1721           03  pre-trans-name   pic x(532)  value "pretrans.tmp". *> gl071
  1722           03  post-trans-name  pic x(532)  value "postrans.tmp". *> gl071
  1723  *>C  copy "file00.cob".    *> "system"
  1724       03  file-0         pic x(532)        value "system.dat".
  1725  *>                        No file 1
  1726  *>C  copy "file02.cob".    *> "archive".
  1727       03  file-2         pic x(532)        value "archive.dat".
  1728  *>C  copy "file03.cob".    *> "final".
ACS Cobol Xref v2.03.18          Dictionary File for PY020    13/04/2026  23:09:03:84                                  Page   33

  1729       03  file-3         pic x(532)        value "final.dat".
  1730  *>C  copy "file04.cob".    *> "SLautogen"
  1731       03  file-4         pic x(532)        value "slautogen.dat".
  1732  *>C  copy "file05.cob".    *> "ledger".
  1733       03  file-5         pic x(532)        value "ledger.dat".
  1734  *>C  copy "file06.cob".    *> "posting".
  1735       03  file-6         pic x(532)        value "posting.dat".
  1736  *>C  copy "file07.cob".    *> "batch".
  1737       03  file-7         pic x(532)        value "batch.dat".
  1738  *>C  copy "file08.cob".    *> "postings2irs.dat"
  1739       03  file-8         pic x(532)        value "postings2irs.dat".
  1740  *>C  copy "file09.cob".    *> "tmp-stock".
  1741       03  file-9         pic x(532)        value "tmp-stock.dat".
  1742  *>C  copy "file10.cob".    *> "staudit".
  1743       03  file-10        pic x(532)        value "staudit.dat".
  1744  *>C  copy "file11.cob".    *> "stockctl".
  1745       03  file-11        pic x(532)        value "stockctl.dat".
  1746  *>C  copy "file12.cob".    *> "salesled".
  1747       03  file-12        pic x(532)        value "salesled.dat".
  1748  *>C  copy "file13.cob".    *> "value.dat"
  1749       03  file-13        pic x(532)        value "value.dat".
  1750  *>C  copy "file14.cob".    *> "delivery.dat"
  1751       03  file-14        pic x(532)        value "delivery.dat".
  1752  *>C  copy "file15.cob".    *> "analysis.dat"
  1753       03  file-15        pic x(532)        value "analysis.dat".
  1754  *>C  copy "file16.cob".    *> "invoice ".
  1755       03  file-16        pic x(532)        value "invoice.dat".
  1756  *>C  copy "file17.cob".    *> "delinvno".
  1757       03  file-17        pic x(532)        value "delinvno.dat".
  1758  *>C  copy "file18.cob".    *> "openitm2".
  1759       03  file-18        pic x(532)        value "openitm2.dat".
  1760  *>C  copy "file19.cob".    *> "openitm3".
  1761       03  file-19        pic x(532)        value "openitm3.dat".
  1762  *>C  copy "file20.cob".    *> "oisort".
  1763       03  file-20        pic x(532)        value "oisort.wrk".
  1764  *>C  copy "file21.cob".    *> "work.tmp"
  1765       03  file-21        pic x(532)        value "work.tmp".
  1766  *>C  copy "file22.cob".    *> "purchled"
  1767       03  file-22        pic x(532)        value "purchled.dat".
  1768  *>C  copy "file23.cob".    *> "delfolio.dat"
  1769       03  file-23        pic x(532)        value "delfolio.dat".
  1770  *>C  copy "file24.cob".    *> dummy to build file-02
  1771       03  file-24        pic x(532)        value spaces.
  1772  *>                        No file 25
  1773  *>C  copy "file26.cob".    *> "pinvoice"
  1774       03  file-26        pic x(532)        value "pinvoice.dat".
  1775  *>C  copy "file27.cob".    *> "poisort"
  1776       03  file-27        pic x(532)        value "poisort.wrk".
  1777  *>C  copy "file28.cob".    *> "openitm4"
  1778       03  file-28        pic x(532)        value "openitm4.dat".
  1779  *>C  copy "file29.cob".    *> "openitm5"
  1780       03  file-29        pic x(532)        value "openitm5.dat".
  1781  *>C  copy "file30.cob".    *> "PLautogen.dat"
  1782       03  file-30        pic x(532)        value "plautogen.dat".
ACS Cobol Xref v2.03.18          Dictionary File for PY020    13/04/2026  23:09:03:84                                  Page   34

  1783  *>C  copy "file31.cob".    *> "boStkitm.dat" NEw 16/03/24
  1784       03  file-31        pic x(532)        value "bostkitm.dat".
  1785  *>C  copy "file32.cob".    *> "pay.dat"
  1786       03  file-32        pic x(532)        value "pay.dat".
  1787  *>C  copy "file33.cob".    *> "cheque.dat"
  1788       03  file-33        pic x(532)        value "cheque.dat".
  1789           03  file-34          pic x(532)  value "irsacnts.dat".        *> IRS ex file 1  These 4 added 19/10/16 for IRS integration
  1790           03  file-35          pic x(532)  value "irsdflt.dat".         *> IRS ex file 3  all name have 'irs' prefix.
  1791           03  file-36          pic x(532)  value "irspost.dat".         *> IRS ex file 4
  1792           03  file-37          pic x(532)  value "irsfinal.dat".        *> IRS ex file 5
  1793           03  file-38          pic x(532)  value "postsort.dat".        *> IRS ex irs055 sort file.
  1794
  1795  *> Code for Payroll  AND INCREASE occurs both times
  1796           03  file-39          pic x(532)  value "pyact.dat".               *> PY account
  1797           03  file-40          pic x(532)  value "pychk.dat".               *> PY check / bacs
  1798           03  file-41          pic x(532)  value "pycoh.dat".               *> PY company history
  1799           03  file-42          pic x(532)  value "pyded.dat".               *> PY deduction {/ earnings}
  1800           03  file-43          pic x(532)  value "pyemp.dat".               *> PY employee master
  1801           03  file-44          pic x(532)  value "pyhis.dat".               *> PY employee (pay) history
  1802           03  file-45          pic x(532)  value "pyhrs.dat".               *> PY pay trans
  1803           03  file-46          pic x(532)  value "pypay.dat".               *> PY pay detail jrn + header ???
  1804           03  file-47          pic x(532)  value "pypr1.dat".               *> PY param 1
  1805           03  file-48          pic x(532)  value "pypr2.dat".               *> PY param 2
  1806  *> TABLES Blk 1
  1807           03  file-49          pic x(532)  value "pycalm.dat".              *> PY  calx - x = s,m,h, x?
  1808           03  file-50          pic x(532)  value "pycals.dat".              *> PY
  1809           03  file-51          pic x(532)  value "pycalh.dat".              *> PY
  1810           03  file-52          pic x(532)  value "pycalx.dat".              *> PY  california special tables ???
  1811           03  file-53          pic x(532)  value "pylwt.dat".               *> PY  tax table ???
  1812           03  file-54          pic x(532)  value "pyswtaa.dat".             *> PY  swt aa = State abbrev. code Only one used
  1813           03  file-55          pic x(532)  value "pyglcoann.dat".           *> PY gl CoA transfer ??
  1814           03  file-56          pic x(532)  value "pyglgjbss.dat".           *> PY  ???
  1815  *> Not sure about these two up/down
  1816             03  file-57          pic x(532)  value "pycal.dat".             *> PY  ??? calm,s,h etc
  1817  *>
  1818       02  filler         redefines file-defs-a.
  1819           03  System-File-Names   pic x(532) occurs 58.            *> 39 chg for sales BO file plus py
  1820       02  File-Defs-Count         binary-short value 58.           *> MUST be the same as above occurs
  1821       02  File-Defs-os-Delimiter  pic x.                           *> if = \ or / then paths have been set.
  1822  *>
  1823  *>
  1824   01  To-Day              pic x(10).
  1825  *>
  1826   screen section.
  1827  *>
  1828   01  Display-Heads                background-color cob-color-black
  1829                                    foreground-color 3
  1830                                    erase eos.
  1831       03  from  Prog-Name  pic x(15)  line  1 col  1 foreground-color 2.
  1832       03  value "Employee Hours Data Entry"   col 29.
  1833       03  from  U-Date     pic x(10)          col 71 foreground-color 2.
  1834       03  from  Usera      pic x(32)  line  3 col  1.
  1835  *>
  1836   *>    03  value "Copyright (c) 2025-" line 24 col  1 foreground-color 3.
ACS Cobol Xref v2.03.18          Dictionary File for PY020    13/04/2026  23:09:03:84                                  Page   35

  1837   *>    03  from  wse-year              line 24 col 20 foreground-color 3.
  1838   *>    03  value "Applewood Computers" line 24 col 25 foreground-color 3.
  1839   *>    03  from maps-ser-xx            line 24 col 74 foreground-color 3. *> mp or MP
  1840   *>    03  from curs2                  line 24 col 76 foreground-color 3. *> = 9999 - O/S version
  1841  *>
  1842   01  SS-Data-Entry-1    background-color cob-color-black
  1843                          foreground-color cob-color-green
  1844                          erase eos.
  1845       03  from  Prog-Name  pic x(17)                 line  1 col  1 foreground-color 2.
  1846       03  value "Payroll Regular Hours Data Entry "          col 29.
  1847       03  from  U-Date     pic x(10)                         col 71 foreground-color 2.
  1848       03  from  Usera      pic x(32)                 line  3 col  1.
  1849  *>
  1850       03  value "Batch: "                                                         line  5 col 41.
  1851       03  from  WS-Hrs-Batch-No pic zz,zz9                                        line  5 col 48. *> Max size 64k
  1852       03  value "Entry Mode  [ ] - A = Add, D = Delete, U = Update, Esc = Quit "  line  6 col  1.
  1853       03  value "  +-----------------------------------------------------------+" line  8 col  1.
  1854       03  value "  |  Employee No.  [       ]                                  |" line  9 col  1.
  1855       03  value "  |  Trans Code    [  ]                                       |" line 10 col  1.
  1856       03  value "  |  Units         [        ]                                 |" line 11 col  1.
  1857       03  value "  |  Date          [          ]                               |" line 12 col  1.  *> Locale format ie mm/dd or dd/mm & year
  1858       03  value "  |                                                           |" line 13 col  1.   *> & saved as ccyymmdd
  1859       03  value "  +-----------------------------------------------------------+" line 14 col  1.
  1860  *>
  1861  *> Manual data entry :-
  1862  *>
  1863  *>     03  using WS-Entry-Mode    pic x                                  line  6 col 14.
  1864   *>    03  using WS-Emp-No        pic 9(7)                               line  9 col 21.
  1865   *>    03  from  Emp-Search-Name  pic x(32)                              line  9 col 30.
  1866   *>     03  WS-ED-Desc (WS-Trans-Code)                                   line 10 col 25.
  1867  *>     03  using  WS-DNames pic x                                        line 17 col 27.
  1868  *>         88  WS-Disp-Names value "Y"   KILL THIS & ABOVE
  1869  *>
  1870       03  value "Emp number zero or Escape to quit "                    line 19 col 5.
  1871       03  value "F1 = List Transactions types "                         line 20 col 5.
  1872  *>
  1873  *>
  1874  *> next replace Q for displaying names
  1875   *>    03  value "Confirm Delete record [N]"                                       line 17 col 1 erase eol.
  1876  *>
  1877
  1878  *>
  1879  *> Uses direct displays for the data - This one assumes screen width is 80 cols
  1880  *>  Only, See SS-Show-Trans-Codes-Heads-Wide for cc 81 to
  1881  *>
  1882   01  SS-Show-Trans-Codes-Heads  background-color cob-color-black
  1883                                  foreground-color cob-color-green
  1884                                  erase eos.
  1885       03  from  Prog-Name  pic x(15)                                    line  1 col  1 foreground-color 2.
  1886       03  value "Transaction Codes"                                             col 29.
  1887       03  from  U-Date     pic x(10)                                            col 71 foreground-color 2.
  1888       03  from  Usera      pic x(32)                                    line  3 col  1.
  1889  *>
  1890       03  value "Trans  Description     Check"                          line  4 col 11.
ACS Cobol Xref v2.03.18          Dictionary File for PY020    13/04/2026  23:09:03:84                                  Page   36

  1891       03  value "Code                   Number"                         line  5 col 11.
  1892  *>     03  from  WS-ED-No (B)   pic 99                               line A col  13.
  1893  *>     03  from  WS-ED-Desc (B) pic x(15)                            line A col  18.
  1894  *>     03  from  WS-OK-Cat (B)  pic z9                               line A col  36.
  1895  *>
  1896  *> This group IF screen width is 120 or wider.
  1897  *>  display to the right of main data display area.
  1898  *>  IT ASSUMES THAT THE program cannot change width directly with terminal
  1899  *>  program via a CALL or similar.
  1900  *>
  1901  *> If in use needs switch to advise in use AND to redisplay if SS-Data-Entry-1
  1902  *> is re-displayed.
  1903  *>
  1904   01  SS-Show-Trans-Codes-Heads-Wide   background-color cob-color-black
  1905                                        foreground-color cob-color-green.
  1906       03  from  Prog-Name  pic x(15)                                    line  1 col  81 foreground-color 2.
  1907       03  value "Transaction Codes"                                             col 109.
  1908       03  from  U-Date     pic x(10)                                            col 151 foreground-color 2.
  1909       03  from  Usera      pic x(32)                                    line  3 col  81.
  1910  *>
  1911       03  value "Trans  Description     Check"                          line  4 col  91.
  1912       03  value "Code                   Number"                         line  5 col  91.
  1913  *>     03  from  WS-ED-No (B)   pic 99                               line A col  93.
  1914  *>     03  from  WS-ED-Desc (B) pic x(15)                            line A col  98.
  1915  *>     03  from  WS-OK-Cat (B)  pic z9                               line A col  116.
  1916  *>
  1917   procedure division using WS-Calling-Data  *> ACAS
  1918                            WS-System-Record *> ACAS
  1919                            To-Day           *> ACAS
  1920                            File-Defs.       *> ACAS
  1921  *>
  1922   aa000-Main                  section.
  1923  *>**********************************
  1924  *> Force Esc, PgUp, PgDown, PrtSC to be detected
  1925       set      ENVIRONMENT "COB_SCREEN_EXCEPTIONS" to "Y".
  1926       set      ENVIRONMENT "COB_SCREEN_ESC" to "Y".
  1927       move     current-Date to WSE-Date-block.
  1928  *>
  1929       perform  forever
  1930                accept   WS-Env-Lines   from lines
  1931                if       WS-Env-Lines < 28
  1932                         display  SY010    at 0101 with erase eos
  1933                         accept   WS-Reply at 0133
  1934                         exit perform cycle
  1935                else
  1936                         display space at 0101 erase eos
  1937                end-if
  1938                accept   WS-Env-Columns from Columns
  1939                if       WS-Env-Columns < 80
  1940                         display  SY013    at 0101 with erase eos
  1941                         accept   WS-Reply at 0130
  1942                         exit perform cycle
  1943                else
  1944                         display space at 0101 erase eos
ACS Cobol Xref v2.03.18          Dictionary File for PY020    13/04/2026  23:09:03:84                                  Page   37

  1945                end-if
  1946       end-perform.
  1947  *>
  1948  *> Set up error message areas on screen
  1949  *>
  1950       subtract 2 from WS-Env-Lines giving WS-22-Lines.
  1951       subtract 1 from WS-Env-Lines giving WS-23-Lines.
  1952       move     WS-Env-Lines to WS-Lines.
  1953       subtract 5 from ws-22-lines giving WS-Trans-Area-Size.  *> Area for disp of trans codes via F1
  1954  *>
  1955  *> Flag, used if F1 pressed for trans code disp and screen width => 120
  1956  *>
  1957       if       WS-Env-Columns > 119
  1958                move     "Y" to WS-Wide-Screen-Used.
  1959  *>
  1960  *> Pre setup params for accept_numeric routine
  1961  *>
  1962       move     zeros to AN-Error-Code
  1963                         AN-Return-Code.
  1964       SET      AN-FG-IS-Green    to TRUE.
  1965       SET      AN-BG-IS-Black    to TRUE.
  1966       SET      AN-FG2-IS-Cyan    to TRUE.
  1967       SET      AN-Mode-IS-Update to TRUE.  *> could be AN-MODE-IS-NO-UPDATE to
  1968  *>
  1969  *>  Set up delete file for screen save/restore if used via F1 key and width < 120.
  1970  *>
  1971       move     spaces to WScreenName.   *>  Path-Work.
  1972       string   ACAS-Path       delimited by space
  1973                z"py-temp.scr"  delimited by size
  1974                                   into wScreenName.
  1975  *>
  1976       open     input    PY-Param1-File.          *> Needed for date format
  1977       if       PY-PR1-Status not = "00"      *> Does not exist yet so lets create it & write rec
  1978                perform  ZZ040-Evaluate-Message
  1979                display  PY050         at line WS-23-Lines col 1 with erase eos
  1980                display  SY001         at line WS-Lines    col 1
  1981                accept   WS-Reply      at line WS-Lines    col 48 AUTO
  1982                close    PY-Param1-File
  1983                move     16 to WS-Term-Code
  1984                goback   returning 1
  1985       end-if.
  1986       move     1 to RRN.
  1987       read     PY-Param1-File.              *> Needed for date format Only
  1988       if       PY-PR1-Status not = "00"      *> Does not exist yet so lets create it & write rec
  1989                perform  ZZ040-Evaluate-Message
  1990                display  PY002         at line WS-23-Lines col 1 with erase eos
  1991                display  PY-PR1-Status at line WS-23-Lines col 33
  1992                display  WS-Eval-Msg   at line WS-23-Lines col 36
  1993                display  SY001         at line WS-Lines    col 1
  1994                accept   WS-Reply      at line WS-Lines    col 48 AUTO
  1995                close    PY-Param1-File
  1996                move     16 to WS-Term-Code
  1997                goback   returning 1
  1998       end-if.
ACS Cobol Xref v2.03.18          Dictionary File for PY020    13/04/2026  23:09:03:85                                  Page   38

  1999  *>
  2000       open     input    PY-Employee-File.
  2001       if       PY-Emp-Status not = "00"
  2002                display  PY052         at line WS-23-Lines col 1 with erase eos
  2003                display  SY001         at line WS-Lines    col 1
  2004                accept   WS-Reply      at line WS-Lines    col 48 AUTO
  2005                close    PY-Param1-File
  2006                         PY-Employee-File
  2007                move     16 to WS-Term-Code
  2008                goback   returning 2
  2009       end-if.
  2010       open     input    PY-Pay-Transactions-File.
  2011       if       PY-Hrs-Status not = "00"
  2012                close    PY-Pay-Transactions-File
  2013                open     output PY-Pay-Transactions-File
  2014                if       PY-Hrs-Status not = "00"
  2015                         move     PY-Hrs-Status to PY-PR1-Status
  2016                         perform  ZZ040-Evaluate-Message
  2017                         display  PY053         at line WS-23-Lines col 1 with erase eos
  2018                         display  PY-PR1-Status at line WS-23-Lines col 26
  2019                         display  WS-Eval-Msg   at line WS-23-Lines col 29
  2020                         display  SY001         at line WS-Lines    col 1
  2021                         accept   WS-Reply      at line WS-Lines    col 48 AUTO
  2022                         close    PY-Param1-File
  2023                                  PY-Employee-File
  2024                                  PY-Pay-Transactions-File
  2025                         move     16 to WS-Term-Code
  2026                         goback   returning 3
  2027                end-if
  2028       end-if.
  2029       close        PY-Pay-Transactions-File.
  2030       open     i-o PY-Pay-Transactions-File.
  2031       move     zeros to Hrs-Key.
  2032       read     PY-Pay-Transactions-File into WS-Pay-Header-Record
  2033                key Hrs-Key.
  2034  *>
  2035  *> Batch no updated by 1 if Trans does not exist such as deleted after all recs processed for
  2036  *>  week, month by week & month cycles etc. Remember to delete then after proc in Apply procs.
  2037  *>
  2038       if       PY-Hrs-Status not = zeros
  2039                initialise WS-Pay-Header-Record
  2040                move     "N" to WS-Hrs-Proofed
  2041                if       PY-PR2-Hrs-Batch-No not = zero
  2042                         add      1  to PY-PR2-Hrs-Batch-No
  2043                         move     PY-PR2-Hrs-Batch-No to WS-Hrs-Batch-No
  2044                else
  2045                         move     1   to WS-Hrs-Batch-No
  2046                                         PY-PR2-Hrs-Batch-No
  2047                end-if
  2048                write    PY-Pay-Transactions-Record from WS-Pay-Header-Record
  2049                rewrite  PY-Param1-Record.    *> Update batch-no
  2050  *>
  2051  *> All files not open with Trans as I-O, param and Emp as INPUT
  2052  *>
ACS Cobol Xref v2.03.18          Dictionary File for PY020    13/04/2026  23:09:03:85                                  Page   39

  2053   aa020-Main-Processing.
  2054  *>
  2055       perform  forever
  2056                display  SS-Data-Entry-1  *> Basic Data capture
  2057                move     "A" to WS-Entry-Mode
  2058                accept   WS-Entry-Mode at 0614 foreground-color 3 UPPER  *> NEEDED  ???
  2059                if       COB-CRT-STATUS = COB-SCR-F1       *> Used after all data captures
  2060                         perform  zz100-Preset-Window
  2061                end-if
  2062                if       not WS-Valid-Entry-Mode
  2063                         display  PY057 at line WS-22-Lines col 1 foreground-color 6
  2064                else
  2065                         display  space at line WS-22-Lines col 1 erase eol
  2066                end-if
  2067  *>
  2068                perform  aa140-AN-Emp-No                 *> Get emp # at 0921
  2069                if       COB-CRT-STATUS = COB-SCR-ESC    *> Finished, so quit
  2070                         go to aa999-EOJ
  2071                end-if
  2072                if       COB-CRT-STATUS = COB-SCR-F1       *> Used after all data captures
  2073                         perform  zz100-Preset-Window
  2074                end-if
  2075  *> Validate or add chk digit
  2076                move     WS-Employee-Number to Customer-Code
  2077  *> Create check digit using 1st 6 digits - ignores a 7th
  2078                move     "C"  to  maps09-reply
  2079                perform  Maps09
  2080                if       Maps09-Reply not = "Y"     *> Should not happen Aborting, check for a bug in code here
  2081                         display  PY068    at line WS-23-Lines col 1 foreground-color 4
  2082                         display  SY003    at line WS-Lines col 1
  2083                         accept   WS-Reply at line WS-lines col 53
  2084                         close     PY-Param1-File
  2085                                   PY-Pay-Transactions-File
  2086                                   PY-Employee-File
  2087                         goback   returning 4
  2088                end-if
  2089                initialise
  2090                         PY-Pay-Transactions-Record     *> In case rec not found
  2091                move     Customer-Code      to WS-Employee-Number
  2092                                               Emp-No
  2093                                               Hrs-Emp-No
  2094                display  WS-Employee-Number at 0921   *> chk digit added
  2095  *>
  2096  *> Attempt to read Hours record and display fields otherwise ignore
  2097  *>
  2098                read     PY-Pay-Transactions-File key Hrs-Emp-No
  2099                if       PY-Hrs-Status = 23 or = 21
  2100                         if       WS-Entry-Mode = "U" or = "D"    *> Update / Delete
  2101                                  display PY055 at line WS-22-Lines col 1 foreground-color 4
  2102                                                                          erase eol
  2103                                  exit perform cycle
  2104                         else
  2105                                  display space at line WS-22-Lines col 1 erase eol
  2106                         end-if
ACS Cobol Xref v2.03.18          Dictionary File for PY020    13/04/2026  23:09:03:85                                  Page   40

  2107                end-if
  2108  *>
  2109                read     PY-Employee-File
  2110                if       PY-Emp-Status = 23 or = 21
  2111                         display  PY054 at line WS-22-Lines col 1 foreground-color 4 erase eol
  2112                         exit perform cycle
  2113                else
  2114                         display  space at line WS-22-Lines col 1 erase eol
  2115                end-if
  2116  *> check for invalid Employees for pay
  2117                if       Emp-Status = "T"
  2118                         display  "Terminated Employee" at 0930 foreground-color 4
  2119                end-if
  2120                if       Emp-Status = "D"
  2121                         display  "Deleted Employee"    at 0930 foreground-color 4
  2122                end-if
  2123                if       Emp-Status = "L"
  2124                         display  "Employee on Leave"   at 0930 foreground-color 4
  2125                end-if
  2126                if       Emp-Status = "T" or = "D" or = "L"   *> abort this input
  2127                         display  SY008    at line WS-23-Lines col 1 foreground-color 4 erase eol
  2128                         accept   WS-Reply at line WS-23-Lines col 34
  2129                         exit perform cycle
  2130                else
  2131                         display  space     at line WS-23-Lines col 1 erase eol
  2132                end-if
  2133                display  Emp-Search-Name at 0930
  2134  *>
  2135  *> Trans code starts at zero
  2136  *>
  2137                perform  forever
  2138                         accept   Hrs-Trans-Code  at 1021 foreground-color 3
  2139                         if       Hrs-Trans-Code not = zero
  2140                            and   WS-OK-2-Ent (Hrs-Trans-Code + 1) not = "Y"
  2141                                  display  PY065    at line WS-23-Lines col 1 foreground-color 4 erase eol
  2142                                  accept   WS-Reply at line WS-23-Lines col 34
  2143                                  exit perform cycle
  2144                         else
  2145                                  display  space     at line WS-23-Lines col 1 erase eol
  2146                         end-if
  2147  *> So a valid code or zero (treated as rate0)
  2148                         display  WS-ED-Desc (Hrs-Trans-Code + 1) at 1025
  2149                end-perform
  2150  *>
  2151                if       WS-Entry-Mode = "D"
  2152                         move     Hrs-Units to WS-Temp-Units
  2153                         display  WS-Temp-Units at 1121
  2154                         move     Hrs-Effective-Date to WSE-Date-9
  2155                         move     WSE-Year     to WS-Year
  2156                         if       PY-PR1-Date-Format = 2
  2157                                  move     WSE-Days  to WS-USA-Days
  2158                                  move     WSE-Month to WS-USA-Month
  2159                         else
  2160                                  move     WSE-Days  to WS-Days
ACS Cobol Xref v2.03.18          Dictionary File for PY020    13/04/2026  23:09:03:85                                  Page   41

  2161                                  move     WSE-Month to WS-Month
  2162                         end-if
  2163                         display  WS-Date at 1221
  2164                         display  "Confirm Delete record [N] - This is NOT Recoverable" at 1701 foreground-color 4
  2165                         move     "N" to WS-Reply
  2166                         accept   WS-Reply at 1724 UPPER
  2167                         if       WS-Reply = "Y"
  2168                                  delete   PY-Pay-Transactions-File record
  2169                                  if       PY-Hrs-Status not = "00"
  2170                                           move     PY-Hrs-Status to PY-PR1-Status
  2171                                           perform  ZZ040-Evaluate-Message
  2172                                           display  PY058         at line WS-23-Lines col 1 foreground-color 4 erase eos
  2173                                           display  PY-Hrs-Status at line WS-23-Lines col 37
  2174                                           display  WS-Eval-Msg   at line WS-23-Lines col 40
  2175                                           display  SY014         at line WS-Lines    col 1
  2176                                           accept   WS-Reply      at line WS-Lines    col 31
  2177                                           exit perform cycle
  2178                                  end-if
  2179                          end-if
  2180                          exit perform cycle
  2181                end-if
  2182                MOVE     11  TO AN-LINE
  2183                MOVE     21  TO AN-COLUMN
  2184                call     STATIC "ACCEPT_NUMERIC" using by REFERENCE Hrs-Units
  2185                                                       by REFERENCE AN-ACCEPT-NUMERIC
  2186                perform  AN-Test-Status
  2187                if       COB-CRT-STATUS = COB-SCR-ESC    *> back to top
  2188                   or    Hrs-Units = zeros
  2189                         exit perform cycle
  2190                end-if
  2191                perform  forever
  2192                         accept   WS-Date at 1221
  2193                         perform  zz010-Test-YMD
  2194                         if       A not = zero       *> Date error
  2195                                  display  SY005    at line WS-23-Lines col 1 foreground-color 4 erase eol
  2196                                  accept   WS-Reply at line WS-23-Lines col 20
  2197                                  exit perform cycle
  2198                         else
  2199                                  display spaces    at line WS-23-Lines col 1 erase eol
  2200                         end-if
  2201                end-perform
  2202                move     WS-Test-YMD to Hrs-Effective-Date
  2203                write    PY-Pay-Transactions-Record
  2204                if       PY-Hrs-Status not = "00"
  2205                         display  PY059  at line WS-23-Lines col 1 foreground-color 4 erase eol
  2206                         display  PY-Hrs-Status at line WS-23-Lines col 39
  2207                         move     PY-Hrs-Status to PY-PR1-Status
  2208                         perform  ZZ040-Evaluate-Message
  2209                         display  WS-Eval-Msg   at line WS-23-Lines col 42
  2210                         display  SY014         at line WS-Lines    col 1
  2211                         accept   WS-Reply      at line WS-Lines    col 31
  2212                         close    PY-Param1-File
  2213                                  PY-Pay-Transactions-File
  2214                                  PY-Employee-File
ACS Cobol Xref v2.03.18          Dictionary File for PY020    13/04/2026  23:09:03:85                                  Page   42

  2215                         goback   returning 8
  2216                else
  2217                         add      1 to Hrs-No-Recs
  2218                end-if
  2219       end-perform.
  2220       move     "Y" to WS-Un-Proofed-Flag.
  2221       go  to   aa999-EOJ.
  2222  *>
  2223   aa100-Bad-Data-Display.
  2224       display  WS-Err-Msg at line WS-23-Lines col 1.
  2225       display  SY002      at line WS-Lines    col 1.
  2226  *>
  2227   aa125-Test-PR1-Status.
  2228       if       PY-PR1-Status not = "00"   *> WE have a real problem :(
  2229                perform  ZZ040-Evaluate-Message
  2230                display  PY001         at line WS-23-Lines col 1 with erase eos
  2231                display  PY-PR1-Status at line WS-23-Lines col 37
  2232                display  WS-Eval-Msg   at line WS-23-Lines col 40
  2233                display  SY002         at line WS-Lines    col 1
  2234                accept   WS-Reply      at line WS-Lines    col 33 AUTO
  2235       end-if.
  2236  *>
  2237   aa140-AN-Emp-No.
  2238       MOVE     09  TO AN-LINE.
  2239       MOVE     21  TO AN-COLUMN.
  2240       call     STATIC "ACCEPT_NUMERIC" using by REFERENCE WS-Employee-Number
  2241                                              by REFERENCE AN-ACCEPT-NUMERIC.
  2242       perform  AN-Test-Status.
  2243  *>
  2244   aa999-EOJ.
  2245  *>
  2246  *> need to update PR1 & hrs header
  2247  *>
  2248       if       WS-Un-Proofed-Flag = "Y"  *> set if hrs file had a re/write
  2249        and     WS-Hrs-Proofed = "Y"
  2250                move     "N" to WS-Hrs-Proofed
  2251                move     zeros to WS-Hrs-Head-Key
  2252                rewrite  PY-Pay-Header-Record from WS-Pay-Header-Record.
  2253       rewrite  PY-Param1-Record.
  2254  *>
  2255       close    PY-Param1-File
  2256                PY-Pay-Transactions-File
  2257                PY-Employee-File.
  2258       goback.
  2259  *>
  2260   zz010-Test-YMD              section.   *> NEEDED ??
  2261  *>**********************************
  2262  *>
  2263       move     WS-Year  to WS-Test-YMD (1:4).
  2264       if       PY-PR1-Date-Format = 2   *> test for USA - mmddyyyy - -> yyyymmdd
  2265                move     WS-Days  to WS-Test-YMD (5:2)
  2266                move     WS-Month to WS-Test-YMD (7:2)
  2267       else
  2268                move     WS-Days  to WS-Test-YMD (7:2)  *> test for UK - ddmmyyyy -> yyyymmdd
ACS Cobol Xref v2.03.18          Dictionary File for PY020    13/04/2026  23:09:03:85                                  Page   43

  2269                move     WS-Month to WS-Test-YMD (5:2).
  2270  *>
  2271       move     zero  to A.
  2272       move     TEST-DATE-YYYYMMDD (WS-Test-YMD) to A.
  2273
  2274   zz010-Exit.  exit section.
  2275  *>
  2276   zz020-Display-Heads         section.
  2277  *>**********************************
  2278  *>
  2279       display  " " at 0101 with erase eos.
  2280       display  Prog-Name              at 0101 with foreground-color 2.
  2281       display  WS-Heading             at 0131 with foreground-color 2.
  2282       move     To-Day to WS-Date.
  2283       perform  zz070-Convert-Date.
  2284       display  WS-Date                at 0171 with foreground-color 2.
  2285  *>
  2286   zz020-Exit.  exit section.
  2287  *>
  2288   ZZ040-Evaluate-Message      Section.
  2289  *>**********************************
  2290  *>
  2291  *> For PY-PR1 parameter file anfd other using PR-PR1-Status.
  2292  *>
  2293  *>C      copy "FileStat-Msgs-2.cpy" replacing MSG    by WS-Eval-Msg
  2294  *>C                                         STATUS by PY-PR1-Status.
  2295  *> ***************************************************************
  2296  *> ** Author: Gary L. Cutler                                    **
  2297  *> **         CutlerGL@gmail.com                                **
  2298  *> ** Amendments Vincent B. Coen                                **
  2299  *> **         vbcoen@gmail.com                                  **
  2300  *> **                                                           **
  2301  *> ** This copybook defines an EVALUATE statement capable of    **
  2302  *> ** translating two-digit FILE-STATUS codes to a message.     **
  2303  *> **                                                           **
  2304  *> ** Use the REPLACING option to COPY to change the names of   **
  2305  *> ** the MSG and STATUS identifiers to                         **
  2306  *> ** the names your program needs.                             **
  2307  *> Such as replacing STATUS by fs-reply msg by exception-msg.   **
  2308  *>                                                              **
  2309  *> ** chg 09/08/23 vbc for missing statuses                     **
  2310  *> ** Chg 11/12/23 vbc for missing statuses                     **
  2311  *> ** Chg 10/04/25 vbc match all quotes & spacing/layout        **
  2312  *> ** chg to FREE format                                        **
  2313  *> ** Chg 24/08/25 vbc #91 description.                         **
  2314  *> ** Chg 15.11.25 vbc Replace all ' for "                      **
  2315  *> ***************************************************************
  2316  *>
  2317   EVALUATE PY-PR1-Status
  2318   WHEN "00" MOVE "Success                  " TO WS-Eval-Msg
  2319   WHEN "02" MOVE "Success Duplicate        " TO WS-Eval-Msg
  2320   WHEN "04" MOVE "Success Incomplete       " TO WS-Eval-Msg
  2321   WHEN "05" MOVE "Success Optional, Missing" TO WS-Eval-Msg
  2322   when "06" move "Multiple Records LS      " TO WS-Eval-Msg
ACS Cobol Xref v2.03.18          Dictionary File for PY020    13/04/2026  23:09:03:85                                  Page   44

  2323   WHEN "07" MOVE "Success No Unit          " TO WS-Eval-Msg
  2324   when "09" move "Success LS Bad Data      " TO WS-Eval-Msg
  2325   WHEN "10" MOVE "End Of File              " TO WS-Eval-Msg
  2326   WHEN "14" MOVE "Out Of Key Range         " TO WS-Eval-Msg
  2327   WHEN "21" MOVE "Key Invalid              " TO WS-Eval-Msg
  2328   WHEN "22" MOVE "Key Exists               " TO WS-Eval-Msg
  2329   WHEN "23" MOVE "Key Not Exists           " TO WS-Eval-Msg
  2330   WHEN "24" MOVE "Key Boundary violation   " TO WS-Eval-Msg
  2331   WHEN "30" MOVE "Permanent Error          " TO WS-Eval-Msg
  2332   WHEN "31" MOVE "Inconsistent Filename    " TO WS-Eval-Msg
  2333   WHEN "34" MOVE "Boundary Violation       " TO WS-Eval-Msg
  2334   WHEN "35" MOVE "File Not Found           " TO WS-Eval-Msg
  2335   WHEN "37" MOVE "Permission Denied        " TO WS-Eval-Msg
  2336   WHEN "38" MOVE "Closed With Lock         " TO WS-Eval-Msg
  2337   WHEN "39" MOVE "Conflict Attribute       " TO WS-Eval-Msg
  2338   WHEN "41" MOVE "Already Open             " TO WS-Eval-Msg
  2339   WHEN "42" MOVE "Not Open                 " TO WS-Eval-Msg
  2340   WHEN "43" MOVE "Read Not Done            " TO WS-Eval-Msg
  2341   WHEN "44" MOVE "Record Overflow          " TO WS-Eval-Msg
  2342   WHEN "46" MOVE "Read Error               " TO WS-Eval-Msg
  2343   WHEN "47" MOVE "Input Denied             " TO WS-Eval-Msg
  2344   WHEN "48" MOVE "Output Denied            " TO WS-Eval-Msg
  2345   WHEN "49" MOVE "I/O Denied               " TO WS-Eval-Msg
  2346   WHEN "51" MOVE "Record Locked            " TO WS-Eval-Msg
  2347   WHEN "52" MOVE "End-Of-Page              " TO WS-Eval-Msg
  2348   WHEN "57" MOVE "I/O Linage               " TO WS-Eval-Msg
  2349   WHEN "61" MOVE "File Sharing Failure     " TO WS-Eval-Msg
  2350   WHEN "71" MOVE "Bad Character LS         " TO WS-Eval-Msg
  2351   WHEN "91" MOVE "Feature Not Available    " TO WS-Eval-Msg
  2352            WHEN OTHER
  2353   MOVE "Unknown File PY-PR1-Status      " TO WS-
  2354  *>
  2355       END-EVALUATE.
  2356
  2357  *>>W Msg29 Caution: One or more replacing sources not found
  2358  *>
  2359   ZZ040-Eval-Msg-Exit.
  2360       exit     section.
  2361  *>
  2362   zz050-Validate-Date        section.
  2363  *>*********************************
  2364  *>
  2365  *>  Converts USA/Intl to UK date format for processing.
  2366  *>*******************************
  2367  *> Input:   WS-Test-Date
  2368  *> output:  U-Date/WS-Date as uk date format
  2369  *>          U-Bin not zero if valid date
  2370  *>
  2371       move     WS-Test-Date to WS-Date.
  2372       if       Date-Form = zero
  2373                move 1 to Date-Form.
  2374       if       Date-UK
  2375                go to zz050-Test-Date.
  2376       if       Date-USA                *> swap month and days
ACS Cobol Xref v2.03.18          Dictionary File for PY020    13/04/2026  23:09:03:85                                  Page   45

  2377                move WS-Days  to WS-Swap
  2378                move WS-Month to WS-Days
  2379                move WS-Swap  to WS-Month
  2380                go to zz050-Test-Date.
  2381  *>
  2382  *> So its International date format
  2383  *>
  2384       move     "dd/mm/ccyy" to WS-Date.  *> swap Intl to UK form
  2385       move     WS-Test-Date (1:4) to WS-Year.
  2386       move     WS-Test-Date (6:2) to WS-Month.
  2387       move     WS-Test-Date (9:2) to WS-Days.
  2388  *>
  2389   zz050-Test-Date.
  2390       move     WS-Date to U-Date.
  2391       move     zero to U-Bin.
  2392       perform  maps04.
  2393  *>
  2394   zz050-exit.
  2395       exit     section.
  2396  *>
  2397   zz060-Convert-Date        section.
  2398  *>********************************
  2399  *>
  2400  *>  Converts date in binary to UK/USA/Intl date format
  2401  *>****************************************************
  2402  *> Input:   U-Bin
  2403  *> output:  WS-Date as uk/US/Inlt date format
  2404  *>          U-Date & WS-Date = spaces if invalid date
  2405  *>
  2406       perform  maps04.
  2407       if       U-Date = spaces
  2408                move spaces to WS-Date
  2409                go to zz060-Exit.
  2410       move     U-Date to WS-Date.
  2411  *>
  2412       if       Date-Form = zero
  2413                move 1 to Date-Form.
  2414       if       Date-UK
  2415                go to zz060-Exit.
  2416       if       Date-USA                *> swap month and days
  2417                move WS-Days  to WS-Swap
  2418                move WS-Month to WS-Days
  2419                move WS-Swap  to WS-Month
  2420                go to zz060-Exit.
  2421  *>
  2422  *> So its International date format
  2423  *>
  2424       move     "ccyy/mm/dd" to WS-Date.  *> swap Intl to UK form
  2425       move     U-Date (7:4) to WS-Intl-Year.
  2426       move     U-Date (4:2) to WS-Intl-Month.
  2427       move     U-Date (1:2) to WS-Intl-Days.
  2428  *>
  2429   zz060-Exit.
  2430       exit     section.
ACS Cobol Xref v2.03.18          Dictionary File for PY020    13/04/2026  23:09:03:85                                  Page   46

  2431  *>
  2432   zz070-Convert-Date          section.
  2433  *>**********************************
  2434  *>
  2435  *>  Converts date in To-Day to UK/USA/Intl date format using ACAS param
  2436  *>*********************************************************************
  2437  *> Input:   To-Day
  2438  *> output:  WS-Date as uk/US/Inlt date format
  2439  *>
  2440       move     To-Day to WS-Date.
  2441  *>
  2442       if       Date-Form = zero
  2443                move 1 to Date-Form.
  2444       if       Date-UK
  2445                go to zz070-Exit.
  2446       if       Date-USA                *> Swap month and days
  2447                move WS-Days  to WS-Swap
  2448                move WS-Month to WS-Days
  2449                move WS-Swap  to WS-Month
  2450                go to zz070-Exit.
  2451  *>
  2452  *> So its International date format
  2453  *>
  2454       move     "ccyy/mm/dd" to WS-Date.  *> Swap Intl to UK form
  2455       move     To-Day (7:4) to WS-Intl-Year.
  2456       move     To-Day (4:2) to WS-Intl-Month.
  2457       move     To-Day (1:2) to WS-Intl-Days.
  2458  *>
  2459   zz070-Exit.
  2460       exit     section.
  2461  *>
  2462   zz100-Preset-Window section.
  2463  *>**************************
  2464  *>
  2465       if       WS-Wide-Screen-Used = "N"
  2466                perform  zz110-Set-Window
  2467       else
  2468                perform  zz130-Show-Trans-Types.
  2469  *>
  2470   zz100-Exit.  exit section.
  2471  *>
  2472   zz110-Set-Window   section.
  2473  *>*************************
  2474  *>
  2475  *> Save screen, show the defaults then restore the prev. screen.
  2476  *>
  2477       if       Cob-CRT-Status = Cob-Scr-F1
  2478                move     z"py-temp.scr"  to wScreenName
  2479   *>             call     "scr_dump"    using wScreenName
  2480                call     "CBL_GC_SCR_DUMP" using wScreenName
  2481                                           returning wInt
  2482                perform  zz120-Show-Trans-Types
  2483  *>              call     "scr_restore" using wScreenName
  2484                call      "CBL_GC_SCR_RESTORE" using wScreenName
ACS Cobol Xref v2.03.18          Dictionary File for PY020    13/04/2026  23:09:03:85                                  Page   47

  2485                                               returning wInt
  2486                call     "CBL_DELETE_FILE" using wScreenName  *>     Path-Work
  2487       end-if.
  2488   zz110-Exit.   exit section.
  2489  *>
  2490   zz120-Show-Trans-Types     section.
  2491  *>*********************************
  2492  *>
  2493  *> This routine WILL search through all of the table
  2494  *>  despite the later half of it only having N in field
  2495  *>  WS-OK-2-Ent set as N - IT is just in case the tables
  2496  *>  is expanded over time in the life of Payroll system.
  2497  *>
  2498       display  SS-Show-Trans-Codes-Heads.
  2499  *>
  2500       move     5 to A.    *> Line #
  2501       move     zero to B. *> table pos
  2502       perform  forever
  2503                if       A = WS-Tables-Sizes       *> Size of the two tables chg value if table changed
  2504                         display  SY004    at line WS-23-Lines col  1 erase eol
  2505                         accept   WS-Reply at line WS-23-Lines col 32 AUTO
  2506                         exit perform
  2507                end-if
  2508                add      1 to A
  2509  *>
  2510  *> We needs 22 lines to display all Trans codes so really terminal depth should
  2511  *> be 22 + 6 + 3 => 31 to display all on one screen full.
  2512  *>
  2513                if       A > WS-22-Lines
  2514                         display  SY014    at line WS-23-Lines col  1 erase eol
  2515                         accept   WS-Reply at line WS-23-Lines col 32 AUTO
  2516                         display  SS-Show-Trans-Codes-Heads
  2517                         move     6 to A
  2518                end-if
  2519                add      1 to B
  2520                if       WS-OK-2-Ent (B) = "N"
  2521                   and   B not = 1
  2522                         exit perform cycle
  2523                end-if
  2524  *>
  2525                display  WS-ED-No (B)    at line A  col 13
  2526                display  WS-ED-Desc (B)  at line A  col 18
  2527                display  WS-OK-Cat (B)   at line A  col 26
  2528                exit perform cycle
  2529       end-perform.
  2530  *>
  2531   zz120-Exit.  exit section.
  2532  *>
  2533   zz130-Show-Trans-Types     section.
  2534  *>*********************************
  2535  *>
  2536  *> This routine WILL search through all of the table
  2537  *>  despite the later half of it only having N in field
  2538  *>  WS-OK-2-Ent set as N - IT is just in case the tables
ACS Cobol Xref v2.03.18          Dictionary File for PY020    13/04/2026  23:09:03:85                                  Page   48

  2539  *>  is expanded over time in the life of Payroll system.
  2540  *>
  2541  *> THIS routine as against zz120 will show data from cc 81 leaving
  2542  *> existing display present.
  2543  *>
  2544       display  SS-Show-Trans-Codes-Heads-Wide.
  2545  *>
  2546       move     5 to A.    *> Line #
  2547       move     zero to B. *> table pos
  2548       perform  forever
  2549                if       A = WS-Tables-Sizes       *> Size of the two tables chg value if table changed
  2550                         display  SY004    at line WS-23-Lines col  81 erase eol
  2551                         accept   WS-Reply at line WS-23-Lines col 112 AUTO
  2552                         exit perform
  2553                end-if
  2554                add      1 to A
  2555  *>
  2556  *> We needs 22 lines to display all Trans codes so really terminal depth should
  2557  *> be 22 + 6 + 3 => 31 to display all on one screen full.
  2558  *>
  2559                if       A > WS-22-Lines
  2560                         display  SY014    at line WS-23-Lines col  81 erase eol
  2561                         accept   WS-Reply at line WS-23-Lines col 112 AUTO
  2562                         move     zero to C
  2563                         perform  forever   *> Manually clear down displ from cc 81
  2564                                  add      1 to C
  2565                                  if       C > WS-22-Lines
  2566                                           exit perform
  2567                                  end-if
  2568                                  display  space at line C col 81 erase eol
  2569                                  exit perform cycle
  2570                         end-perform
  2571                         display  SS-Show-Trans-Codes-Heads-Wide
  2572                         move     6 to A
  2573                end-if
  2574                add      1 to B
  2575                if       WS-OK-2-Ent (B) = "N"
  2576                   and   B not = 1
  2577                         exit perform cycle
  2578                end-if
  2579  *>
  2580                display  WS-ED-No (B)    at line A  col 93
  2581                display  WS-ED-Desc (B)  at line A  col 98
  2582                display  WS-OK-Cat (B)   at line A  col 106
  2583                exit perform cycle
  2584       end-perform.
  2585  *>
  2586   zz130-Exit.  exit section.
  2587  *>
  2588
  2589
  2590
  2591  *> SAMPLE CODE BLOCK ===== >>
  2592  *> in use AN coding
ACS Cobol Xref v2.03.18          Dictionary File for PY020    13/04/2026  23:09:03:85                                  Page   49

  2593  *>                       MOVE     15  TO AN-LINE
  2594  *>                       MOVE     33  TO AN-COLUMN
  2595  *>                       set      AN-MODE-IS-UPDATE TO TRUE
  2596  *>                       call     STATIC "ACCEPT_NUMERIC" using by REFERENCE TERMS-CODE-DUE-DayS
  2597  *>                                                              by REFERENCE AN-ACCEPT-NUMERIC
  2598   *>                      perform  AN-Test-Status.
  2599  *>
  2600   maps04.
  2601  *>******
  2602  *>
  2603       call     "maps04"  using  Maps03-WS.
  2604  *>
  2605   maps04-Exit. exit.
  2606  *>
  2607   Maps09.
  2608  *>*****
  2609  *>
  2610       call     "maps09"  using  maps09-ws. *>  customer-code.
  2611  *>
  2612   maps09-Exit. exit.
  2613  *>
  2614
  2615  *>C      copy "an-accept.pl".
  2616        *>
  2617        *> performed after calling "accept_numeric" routine
  2618        *>
  2619         AN-Test-Status.
  2620             move     zeros to COB-CRT-STATUS.
  2621             evaluate AN-Return-Code
  2622                      when = zero
  2623                               move     zero to COB-CRT-STATUS
  2624                      when > zero and < 49 *> F1 thru F48
  2625                               compute COB-CRT-STATUS = AN-Return-Code + 1000
  2626                      when = 49            *> PAGE-UP - 2001
  2627                               move     2001 to COB-CRT-STATUS
  2628                      when = 50            *> PAGE-DOWN - 2002
  2629                               move     2002 to COB-CRT-STATUS
  2630                      when = 51            *> TAB    - 2007
  2631                               move     2007 to COB-CRT-STATUS
  2632                      when = 52            *> BACK-TAB - 2008
  2633                               move     2008 to COB-CRT-STATUS
  2634                      when = 99            *> ESCAPE - 2005
  2635                               move     2005 to COB-CRT-STATUS
  2636                      when other           *> No Others Coded For
  2637                               move     9000 to COB-CRT-STATUS
  2638             end-evaluate.
  2639        *>
  2640  *>
  2641        *>>>Info: Total Copy Depth Used = 03;  Caution messages issued =   3
ACS Cobol Xref v2.03.18          Dictionary File for PY020    13/04/2026  23:09:03:85                                  Page   50
Symbols of Module: PY020 (PY020)
--------------------------------

Data Section (FILE)             Defn     Locations
-------------------------------+---------------------------------------------------------------

EMP-ADDRESS-1                      444F
EMP-ADDRESS-2                      445F
EMP-ADDRESS-3                      446F
EMP-ADDRESS-4                      447F
EMP-AUTO-UNITS                     473F
EMP-BANK-ACCT-NO                   453F
EMP-BIRTH-DATE                     434F
EMP-CAL-DED-ALLOW                  457F
EMP-CAL-HEAD-OF-HOUSE              456F
EMP-CO-FUTA-EXEMPT                 468F
EMP-CO-SUI-EXEMPT                  469F
EMP-COMP-ACCUM                     482F
EMP-COMP-USED                      483F
EMP-CUR-APPLY-NO                   441F
EMP-DIST-ACCT                      485F
EMP-DIST-GRP                       484F
EMP-DIST-PCENT                     486F
EMP-ED-ACCT-NO                     493F
EMP-ED-AMT-PCENT                   492F
EMP-ED-CHK-CAT                     498F
EMP-ED-DESC                        494F
EMP-ED-EARN-DED                    495F
EMP-ED-EXCLUSION                   496F
EMP-ED-FACTOR                      490F
EMP-ED-GROUP                       489F
EMP-ED-GRP                         487F
EMP-ED-LIMIT                       491F
EMP-ED-LIMIT-USED                  497F
EMP-ED-USED                        488F
EMP-EIC-USED                       462F
EMP-EMAIL                          452F
EMP-FICA-EXEMPT                    466F
EMP-FWT-ALLOW                      458F
EMP-FWT-EXEMPT                     463F
EMP-HS-TYPE                        429F
EMP-JOB-CODE                       432F
EMP-LWT-ALLOW                      460F
EMP-LWT-EXEMPT                     465F
EMP-MARITAL                        437F
EMP-MAX-PAY                        475F
EMP-MCARE-EXEMPT                   470F
EMP-NAME                           442F
EMP-NEXT-DEL                       439F
EMP-NO                             128F     427   2092                                                                        x2
EMP-NORMAL-UNITS                   474F
EMP-PAY-FREQ                       438F
EMP-PAY-INTERVAL                   430F
EMP-PENSION-USED                   461F
EMP-PHONE-NO                       451F
ACS Cobol Xref v2.03.18          Dictionary File for PY020    13/04/2026  23:09:03:85                                  Page   51
Symbols of Module: PY020 (PY020)
--------------------------------

Data Section (FILE)             Defn     Locations
-------------------------------+---------------------------------------------------------------

EMP-POST-CODE                      448F
EMP-RATE                           472F
EMP-RATE4-EXCLUSION                454F
EMP-SDI-EXEMPT                     467F
EMP-SEARCH-NAME                    129F     443   2133                                                                        x2
EMP-SEX                            436F
EMP-SL-ACCUM                       480F
EMP-SL-RATE                        479F
EMP-SL-USED                        481F
EMP-SSN                            440F
EMP-START-DATE                     433F
EMP-STATE                          450F
EMP-STATUS                         428F    2117   2120   2123   2126                                                          x4
EMP-SWT-ALLOW                      459F
EMP-SWT-EXEMPT                     464F
EMP-SYS-EXEMPT                     471F
EMP-TAXING-STATE                   431F
EMP-TERM-DATE                      435F
EMP-VAC-ACCUM                      477F
EMP-VAC-RATE                       476F
EMP-VAC-USED                       478F
EMP-ZIP                            449F
FILE-43                            125F    1800                                                                               x1
FILE-45                            114F    1802                                                                               x1
FILE-47                            103F    1804                                                                               x1
HRS-BATCH-NO                       391F
HRS-EFFECTIVE-DATE                 381F    2154   2202                                                                        x2
HRS-EMP-NO                         377F    2093   2098                                                                        x2
HRS-HEAD-KEY                       389F
HRS-KEY                            117F     376   2031   2033                                                                 x3
HRS-NO-RECS                        390F    2217                                                                               x1
HRS-PROOF-NO                       392F
HRS-PROOFED                        393F
HRS-RATE                           379F
HRS-TRANS-CODE                     378F     379   2138   2139   2140   2148                                                   x5
HRS-UNITS                          382F    2152   2184   2188                                                                 x3
PY-EMP-STATUS                      130F     532   2001   2110                                                                 x3
PY-EMPLOYEE-FILE                   124F     406   2257   2000   2006   2023   2086   2109   2214                              x8
PY-EMPLOYEE-RECORD                 426F
PY-HRS-STATUS                      118F     531   2011   2014   2015   2038   2099   2169   2170   2173   2204   2206   2207  x12
PY-PARAM1-FILE                     103F     147   1976   1982   1987   1995   2005   2022   2084   2212   2255                x10
PY-PARAM1-RECORD                   177F    2049   2253                                                                        x2
PY-PAY-HEADER-RECORD               388F    1129   2252                                                                        x2
PY-PAY-TRANSACTIONS-FILE           113F     355   2010   2012   2013   2024   2029   2030   2032   2085   2098   2168   2213
                                           2256                                                                               x13
PY-PAY-TRANSACTIONS-RECORD         375F    1099   2048   2090   2203                                                          x4
PY-PR1-B-USED                      221F
PY-PR1-B2B-FIELD-ORDER             285F
PY-PR1-B2B-FIELDS                  284F
ACS Cobol Xref v2.03.18          Dictionary File for PY020    13/04/2026  23:09:03:85                                  Page   52
Symbols of Module: PY020 (PY020)
--------------------------------

Data Section (FILE)             Defn     Locations
-------------------------------+---------------------------------------------------------------

PY-PR1-B2B-FILE-TYPE               240F
PY-PR1-BLOCK                       178F
PY-PR1-CHECK-HISTORY-USED          217F
PY-PR1-CHECK-PRINTING-USED         216F
PY-PR1-CO-ADDRESS-1                182F
PY-PR1-CO-ADDRESS-2                183F
PY-PR1-CO-ADDRESS-3                184F
PY-PR1-CO-ADDRESS-4                185F
PY-PR1-CO-EMAIL                    190F
PY-PR1-CO-NAME                     180F
PY-PR1-CO-PHONE                    189F
PY-PR1-CO-POST-CODE                186F
PY-PR1-CO-STATE                    188F
PY-PR1-CO-ZIP                      187F
PY-PR1-COLOUR-1                    278F
PY-PR1-COLOUR-2                    279F
PY-PR1-COLOUR-RESET                280F
PY-PR1-COMPANY-DATA                179F
PY-PR1-CURRENCY-SIGN               227F
PY-PR1-DATE                        248F
PY-PR1-DATE-DY                     251F
PY-PR1-DATE-FORMAT                 246F    2156   2264                                                                        x2
PY-PR1-DATE-MO                     250F
PY-PR1-DATE-YR                     252F
PY-PR1-DEBUGGING                   229F
PY-PR1-DFLT-DIST-ACCT              199F
PY-PR1-DFLT-GROSS-ACCT             198F
PY-PR1-DFLT-HS-TYPE                239F
PY-PR1-DFLT-NORM-UNITS             211F
PY-PR1-DFLT-PAY-INTERVAL           225F
PY-PR1-DFLT-PAY-RATE               208F
PY-PR1-DFLT-SL-RATE                210F
PY-PR1-DFLT-VAC-RATE               209F
PY-PR1-DIST-USED                   226F
PY-PR1-FED-ID                      243F
PY-PR1-FONT-NORMAL                 276F
PY-PR1-FONT-RESET                  277F
PY-PR1-FONT-SMALL                  275F
PY-PR1-GL-USED                     223F
PY-PR1-HARD-DELETE                 230F
PY-PR1-HI-DED-CHK-CAT              265F
PY-PR1-HI-EARN-CHK-CAT             267F
PY-PR1-IRS-USED                    224F
PY-PR1-JC-USED                     222F
PY-PR1-LAST-DAY-PAY-PERIOD         213F
PY-PR1-LO-DED-CHK-CAT              264F
PY-PR1-LO-EARN-CHK-CAT             266F
PY-PR1-LOCAL-ID                    245F
PY-PR1-M-USED                      219F
ACS Cobol Xref v2.03.18          Dictionary File for PY020    13/04/2026  23:09:03:85                                  Page   53
Symbols of Module: PY020 (PY020)
--------------------------------

Data Section (FILE)             Defn     Locations
-------------------------------+---------------------------------------------------------------

PY-PR1-MAX-CHK-CATS                260F
PY-PR1-MAX-DIST-ACCTS              200F
PY-PR1-MAX-ED-CATS                 262F
PY-PR1-MAX-EMP-EDS                 261F
PY-PR1-MAX-PAY-FACTOR              207F
PY-PR1-MAX-SWT-ENTRIES             263F
PY-PR1-MAX-SYS-EDS                 268F
PY-PR1-MIN-WAGE                    202F
PY-PR1-OFFSET-CASH-ACCT            197F
PY-PR1-OS-DELIMITER                228F
PY-PR1-PAGE-LINES-L                254F
PY-PR1-PAGE-LINES-P                253F
PY-PR1-PAGE-WIDTH-L                256F
PY-PR1-PAGE-WIDTH-P                255F
PY-PR1-PAY-METHOD                  191F
PY-PR1-PAYSLIP-MD                  192F
PY-PR1-PRINT-CONTROL               270F
PY-PR1-PRINT-CTL-FLAG              274F
PY-PR1-PRINT-SPOOL-NAME            271F
PY-PR1-PRINT-SPOOL-NAME2           272F
PY-PR1-PRINT-SPOOL-NAME3           273F
PY-PR1-QUOTE-CHAR                  282F
PY-PR1-RATE-NAME                   241F
PY-PR1-RATE2-FACTOR                205F
PY-PR1-RATE3-FACTOR                206F
PY-PR1-RATE4-EXCLUSION-TYPE        215F
PY-PR1-S-USED                      218F
PY-PR1-STATE-ID                    244F
PY-PR1-STATUS                      107F     530   1977   1988   1991   2015   2018   2170   2207   2228   2231   2317         x11
PY-PR1-TAX-ID                      193F
PY-PR1-TRADE-NAME                  181F
PY-PR1-USER-PROG                   258F
PY-PR1-USER-PROG-DESC              259F
PY-PR1-USER-PROG-USED              257F
PY-PR1-VOID-CHECK-AMT              203F
PY-PR1-VOID-CHECKS-OVER-MAX        214F
PY-PR1-W-USED                      220F
PY-PR2-940-PRINTED                 312F
PY-PR2-941-PRINTED                 313F
PY-PR2-BLOCK                       292F
PY-PR2-CHECK-DATE                  303F
PY-PR2-HRS-BATCH-NO                298F    2041   2042   2043   2046                                                          x4
PY-PR2-JUST-CLOSED-YEAR            310F
PY-PR2-LAST-CHECK-NO               316F
PY-PR2-LAST-DAY-LAST-B             300F
PY-PR2-LAST-DAY-LAST-M             302F
PY-PR2-LAST-DAY-LAST-S             301F
PY-PR2-LAST-DAY-LAST-W             299F
PY-PR2-LAST-EMPLOYEE-NO            304F
ACS Cobol Xref v2.03.18          Dictionary File for PY020    13/04/2026  23:09:03:85                                  Page   54
Symbols of Module: PY020 (PY020)
--------------------------------

Data Section (FILE)             Defn     Locations
-------------------------------+---------------------------------------------------------------

PY-PR2-LAST-Q-ENDED                315F
PY-PR2-LAST-SM-APPLY-NO            296F
PY-PR2-LAST-WB-APPLY-NO            297F
PY-PR2-LAST-YEAR-ENDED             295F
PY-PR2-NO-ACCTS                    309F
PY-PR2-NO-ACTIVE-EMPS              305F
PY-PR2-NO-EMPLOYEES                306F
PY-PR2-NO-OF-SM-APPLIES            307F
PY-PR2-NO-OF-WB-APPLIES            308F
PY-PR2-W2-PRINTED                  314F
PY-PR2-YEAR                        293F
PY-PR2-YEAR-NEXT                   294F
RRN                                106F    1190   1986                                                                        x2
ACS Cobol Xref v2.03.18          Dictionary File for PY020    13/04/2026  23:09:03:85                                  Page   55
Symbols of Module: PY020 (PY020)
--------------------------------

Data Section (WORKING-STORAGE)  Defn     Locations
-------------------------------+---------------------------------------------------------------

A                                  542W    2194   2271   2272   2500   2503   2508   2513   2517   2525   2526   2527   2546
                                           2549   2554   2559   2572   2580   2581   2582                                     x19
ACAS-DAL-COMMON-DATA               513W
ACAS-PATH                         1204W    1972                                                                               x1
ACCEPT-REPLY                      1211W
ACCESS-TYPE                       1273W
AN-ACCEPT-NUMERIC                  983W    2185   2241                                                                        x2
AN-BG                              998W
AN-BG-IS-BLACK                     999W    1965                                                                               x1
AN-BG-IS-BLUE                     1000W
AN-BG-IS-CYAN                     1002W
AN-BG-IS-GREEN                    1001W
AN-BG-IS-MAGENTA                  1004W
AN-BG-IS-RED                      1003W
AN-BG-IS-WHITE                    1006W
AN-BG-IS-YELLOW                   1005W
AN-COLUMN                          985W    2183   2239                                                                        x2
AN-ERROR-CODE                     1071W    1962                                                                               x1
AN-ERROR-E-COL-OUT-OF-SCREEN      1076W
AN-ERROR-NOT-EXTENDED-DISPLAY     1073W
AN-ERROR-OK                       1072W
AN-ERROR-S-COL-OUT-OF-SCREEN      1075W
AN-ERROR-S-ROW-OUT-OF-SCREEN      1074W
AN-FG                              989W
AN-FG-IS-BLACK                     990W
AN-FG-IS-BLUE                      991W
AN-FG-IS-CYAN                      993W
AN-FG-IS-GREEN                     992W    1964                                                                               x1
AN-FG-IS-MAGENTA                   995W
AN-FG-IS-RED                       994W
AN-FG-IS-WHITE                     997W
AN-FG-IS-YELLOW                    996W
AN-FG2                            1007W
AN-FG2-IS-BLACK                   1008W
AN-FG2-IS-BLUE                    1009W
AN-FG2-IS-CYAN                    1011W    1966                                                                               x1
AN-FG2-IS-GREEN                   1010W
AN-FG2-IS-MAGENTA                 1013W
AN-FG2-IS-RED                     1012W
AN-FG2-IS-WHITE                   1015W
AN-FG2-IS-YELLOW                  1014W
AN-LINE                            984W    2182   2238                                                                        x2
AN-MODE                            986W
AN-MODE-IS-NO-UPDATE               987W
AN-MODE-IS-UPDATE                  988W    1967                                                                               x1
AN-RETURN-CODE                    1016W    1963   2621   2625                                                                 x3
AN-RETURN-CODE-VIA-BACK-TAB       1069W
AN-RETURN-CODE-VIA-ENTER          1017W
AN-RETURN-CODE-VIA-ESCAPE         1070W
ACS Cobol Xref v2.03.18          Dictionary File for PY020    13/04/2026  23:09:03:85                                  Page   56
Symbols of Module: PY020 (PY020)
--------------------------------

Data Section (WORKING-STORAGE)  Defn     Locations
-------------------------------+---------------------------------------------------------------

AN-RETURN-CODE-VIA-PFKEY-01       1018W
AN-RETURN-CODE-VIA-PFKEY-02       1019W
AN-RETURN-CODE-VIA-PFKEY-03       1020W
AN-RETURN-CODE-VIA-PFKEY-04       1021W
AN-RETURN-CODE-VIA-PFKEY-05       1022W
AN-RETURN-CODE-VIA-PFKEY-06       1023W
AN-RETURN-CODE-VIA-PFKEY-07       1024W
AN-RETURN-CODE-VIA-PFKEY-08       1025W
AN-RETURN-CODE-VIA-PFKEY-09       1026W
AN-RETURN-CODE-VIA-PFKEY-10       1027W
AN-RETURN-CODE-VIA-PFKEY-11       1028W
AN-RETURN-CODE-VIA-PFKEY-12       1029W
AN-RETURN-CODE-VIA-PFKEY-13       1030W
AN-RETURN-CODE-VIA-PFKEY-14       1031W
AN-RETURN-CODE-VIA-PFKEY-15       1032W
AN-RETURN-CODE-VIA-PFKEY-16       1033W
AN-RETURN-CODE-VIA-PFKEY-17       1034W
AN-RETURN-CODE-VIA-PFKEY-18       1035W
AN-RETURN-CODE-VIA-PFKEY-19       1036W
AN-RETURN-CODE-VIA-PFKEY-20       1037W
AN-RETURN-CODE-VIA-PFKEY-21       1038W
AN-RETURN-CODE-VIA-PFKEY-22       1039W
AN-RETURN-CODE-VIA-PFKEY-23       1040W
AN-RETURN-CODE-VIA-PFKEY-24       1041W
AN-RETURN-CODE-VIA-PFKEY-25       1042W
AN-RETURN-CODE-VIA-PFKEY-26       1043W
AN-RETURN-CODE-VIA-PFKEY-27       1044W
AN-RETURN-CODE-VIA-PFKEY-28       1045W
AN-RETURN-CODE-VIA-PFKEY-29       1046W
AN-RETURN-CODE-VIA-PFKEY-30       1047W
AN-RETURN-CODE-VIA-PFKEY-31       1048W
AN-RETURN-CODE-VIA-PFKEY-32       1049W
AN-RETURN-CODE-VIA-PFKEY-33       1050W
AN-RETURN-CODE-VIA-PFKEY-34       1051W
AN-RETURN-CODE-VIA-PFKEY-35       1052W
AN-RETURN-CODE-VIA-PFKEY-36       1053W
AN-RETURN-CODE-VIA-PFKEY-37       1054W
AN-RETURN-CODE-VIA-PFKEY-38       1055W
AN-RETURN-CODE-VIA-PFKEY-39       1056W
AN-RETURN-CODE-VIA-PFKEY-40       1057W
AN-RETURN-CODE-VIA-PFKEY-41       1058W
AN-RETURN-CODE-VIA-PFKEY-42       1059W
AN-RETURN-CODE-VIA-PFKEY-43       1060W
AN-RETURN-CODE-VIA-PFKEY-44       1061W
AN-RETURN-CODE-VIA-PFKEY-45       1062W
AN-RETURN-CODE-VIA-PFKEY-46       1063W
AN-RETURN-CODE-VIA-PFKEY-47       1064W
AN-RETURN-CODE-VIA-PFKEY-48       1065W
AN-RETURN-CODE-VIA-PG-DOWN        1067W
ACS Cobol Xref v2.03.18          Dictionary File for PY020    13/04/2026  23:09:03:85                                  Page   57
Symbols of Module: PY020 (PY020)
--------------------------------

Data Section (WORKING-STORAGE)  Defn     Locations
-------------------------------+---------------------------------------------------------------

AN-RETURN-CODE-VIA-PG-UP          1066W
AN-RETURN-CODE-VIA-TAB            1068W
B                                  543W    2501   2519   2520   2521   2525   2526   2527   2547   2574   2575   2576   2580
                                           2581   2582                                                                        x14
CHECK-DIGIT                       1323W
COB-ALLOW-ALL-SCREEN-ACTIONS       825W
COB-ALLOW-LEFT-DOUBLE              817W
COB-ALLOW-LEFT-DOWN                815W
COB-ALLOW-LEFT-UP                  816W
COB-ALLOW-MIDDLE-DOUBLE            820W
COB-ALLOW-MIDDLE-DOWN              818W
COB-ALLOW-MIDDLE-UP                819W
COB-ALLOW-MOUSE-MOVE               824W
COB-ALLOW-RIGHT-DOUBLE             823W
COB-ALLOW-RIGHT-DOWN               821W
COB-ALLOW-RIGHT-UP                 822W
COB-AUTO-MOUSE-HANDLING            814W
COB-COLOR-BLACK                    804W    1828   1842   1882   1904                                                          x4
COB-COLOR-BLUE                     805W
COB-COLOR-CYAN                     807W
COB-COLOR-GREEN                    806W    1843   1883   1905                                                                 x3
COB-COLOR-MAGENTA                  809W
COB-COLOR-RED                      808W
COB-COLOR-WHITE                    811W
COB-COLOR-YELLOW                   810W
COB-SCR-ALT-LEFT-DBL-CLICK         948W
COB-SCR-ALT-LEFT-PRESSED           946W
COB-SCR-ALT-LEFT-RELEASED          947W
COB-SCR-ALT-MID-DBL-CLICK          951W
COB-SCR-ALT-MID-PRESSED            949W
COB-SCR-ALT-MID-RELEASED           950W
COB-SCR-ALT-MOVE                   945W
COB-SCR-ALT-RIGHT-DBL-CLICK        954W
COB-SCR-ALT-RIGHT-PRESSED          952W
COB-SCR-ALT-RIGHT-RELEASED         953W
COB-SCR-ALT-WHEEL-DOWN             968W
COB-SCR-ALT-WHEEL-UP               967W
COB-SCR-BACK-TAB                   904W
COB-SCR-BACKSPACE                  911W
COB-SCR-CTRL-LEFT-DBL-CLICK        938W
COB-SCR-CTRL-LEFT-PRESSED          936W
COB-SCR-CTRL-LEFT-RELEASED         937W
COB-SCR-CTRL-MID-DBL-CLICK         941W
COB-SCR-CTRL-MID-PRESSED           939W
COB-SCR-CTRL-MID-RELEASED          940W
COB-SCR-CTRL-MOVE                  935W
COB-SCR-CTRL-RIGHT-DBL-CLICK       944W
COB-SCR-CTRL-RIGHT-PRESSED         942W
COB-SCR-CTRL-RIGHT-RELEASED        943W
ACS Cobol Xref v2.03.18          Dictionary File for PY020    13/04/2026  23:09:03:85                                  Page   58
Symbols of Module: PY020 (PY020)
--------------------------------

Data Section (WORKING-STORAGE)  Defn     Locations
-------------------------------+---------------------------------------------------------------

COB-SCR-CTRL-WHEEL-DOWN            964W
COB-SCR-CTRL-WHEEL-UP              963W
COB-SCR-DELETE                     910W
COB-SCR-ESC                        901W    2069   2187                                                                        x2
COB-SCR-F1                         832W    2059   2072   2477                                                                 x3
COB-SCR-F10                        841W
COB-SCR-F11                        842W
COB-SCR-F12                        843W
COB-SCR-F13                        844W
COB-SCR-F14                        845W
COB-SCR-F15                        846W
COB-SCR-F16                        847W
COB-SCR-F17                        848W
COB-SCR-F18                        849W
COB-SCR-F19                        850W
COB-SCR-F2                         833W
COB-SCR-F20                        851W
COB-SCR-F21                        852W
COB-SCR-F22                        853W
COB-SCR-F23                        854W
COB-SCR-F24                        855W
COB-SCR-F25                        856W
COB-SCR-F26                        857W
COB-SCR-F27                        858W
COB-SCR-F28                        859W
COB-SCR-F29                        860W
COB-SCR-F3                         834W
COB-SCR-F30                        861W
COB-SCR-F31                        862W
COB-SCR-F32                        863W
COB-SCR-F33                        864W
COB-SCR-F34                        865W
COB-SCR-F35                        866W
COB-SCR-F36                        867W
COB-SCR-F37                        868W
COB-SCR-F38                        869W
COB-SCR-F39                        870W
COB-SCR-F4                         835W
COB-SCR-F40                        871W
COB-SCR-F41                        872W
COB-SCR-F42                        873W
COB-SCR-F43                        874W
COB-SCR-F44                        875W
COB-SCR-F45                        876W
COB-SCR-F46                        877W
COB-SCR-F47                        878W
COB-SCR-F48                        879W
COB-SCR-F49                        880W
COB-SCR-F5                         836W
ACS Cobol Xref v2.03.18          Dictionary File for PY020    13/04/2026  23:09:03:85                                  Page   59
Symbols of Module: PY020 (PY020)
--------------------------------

Data Section (WORKING-STORAGE)  Defn     Locations
-------------------------------+---------------------------------------------------------------

COB-SCR-F50                        881W
COB-SCR-F51                        882W
COB-SCR-F52                        883W
COB-SCR-F53                        884W
COB-SCR-F54                        885W
COB-SCR-F55                        886W
COB-SCR-F56                        887W
COB-SCR-F57                        888W
COB-SCR-F58                        889W
COB-SCR-F59                        890W
COB-SCR-F6                         837W
COB-SCR-F60                        891W
COB-SCR-F61                        892W
COB-SCR-F62                        893W
COB-SCR-F63                        894W
COB-SCR-F64                        895W
COB-SCR-F7                         838W
COB-SCR-F8                         839W
COB-SCR-F9                         840W
COB-SCR-FATAL                      975W
COB-SCR-INSERT                     909W
COB-SCR-KEY-DOWN                   900W
COB-SCR-KEY-END                    913W
COB-SCR-KEY-HOME                   912W
COB-SCR-KEY-LEFT                   905W
COB-SCR-KEY-RIGHT                  906W
COB-SCR-KEY-UP                     899W
COB-SCR-LEFT-DBL-CLICK             918W
COB-SCR-LEFT-PRESSED               916W
COB-SCR-LEFT-RELEASED              917W
COB-SCR-MAX-FIELD                  976W
COB-SCR-MID-DBL-CLICK              921W
COB-SCR-MID-PRESSED                919W
COB-SCR-MID-RELEASED               920W
COB-SCR-MOUSE-MOVE                 915W
COB-SCR-NO-FIELD                   972W
COB-SCR-OK                         829W
COB-SCR-PAGE-DOWN                  898W
COB-SCR-PAGE-UP                    897W
COB-SCR-PRINT                      902W
COB-SCR-RIGHT-DBL-CLICK            924W
COB-SCR-RIGHT-PRESSED              922W
COB-SCR-RIGHT-RELEASED             923W
COB-SCR-SHIFT-LEFT-DBL-CLICK       928W
COB-SCR-SHIFT-LEFT-PRESSED         926W
COB-SCR-SHIFT-LEFT-RELEASED        927W
COB-SCR-SHIFT-MID-DBL-CLICK        931W
COB-SCR-SHIFT-MID-PRESSED          929W
COB-SCR-SHIFT-MID-RELEASED         930W
ACS Cobol Xref v2.03.18          Dictionary File for PY020    13/04/2026  23:09:03:85                                  Page   60
Symbols of Module: PY020 (PY020)
--------------------------------

Data Section (WORKING-STORAGE)  Defn     Locations
-------------------------------+---------------------------------------------------------------

COB-SCR-SHIFT-MOVE                 925W
COB-SCR-SHIFT-RIGHT-DBL-CLICK      934W
COB-SCR-SHIFT-RIGHT-PRESSED        932W
COB-SCR-SHIFT-RIGHT-RELEASED       933W
COB-SCR-SHIFT-WHEEL-DOWN           960W
COB-SCR-SHIFT-WHEEL-UP             959W
COB-SCR-TAB                        903W
COB-SCR-TIME-OUT                   973W
COB-SCR-WHEEL-DOWN                 956W
COB-SCR-WHEEL-UP                   955W
COL2                              1200W
COLE                              1196W
CURS                              1193W    1194                                                                               x1
CURS2                             1197W    1198                                                                               x1
CUSTOMER-CODE                     1321W    2076   2091                                                                        x2
CUSTOMER-NOS                      1322W
DB-HOST                           1226W
DB-PORT                           1228W
DB-SCHEMA                         1223W
DB-SOCKET                         1227W
DB-UNAME                          1224W
DB-UPASS                          1225W
ERROR-CODE                         777W
ERROR-MESSAGES                     601W
FA-FILE-DUPLICATES-IN-USE         1248W
FA-FILE-SYSTEM-USED               1239W
FA-FS-COBOL-FILES-USED            1240W
FA-FS-DUPLICATE-PROCESSING        1249W
FA-FS-RDBMS-USED                  1241W
FA-FS-VALID-OPTIONS               1247W
FA-RDBMS-FLAT-STATUSES            1238W
FILE-ACCESS                       1188W
FILE-FUNCTION                     1254W
FILE-KEY-NO                       1212W
FN-CLOSE                          1256W
FN-DELETE                         1262W
FN-DELETE-ALL                     1260W
FN-EQUAL-TO                       1278W
FN-EXTEND                         1277W
FN-GREATER-THAN                   1280W
FN-I-O                            1275W
FN-INPUT                          1274W
FN-LESS-THAN                      1279W
FN-NOT-GREATER-THAN               1282W
FN-NOT-LESS-THAN                  1281W
FN-OPEN                           1255W
FN-OUTPUT                         1276W
FN-RE-WRITE                       1261W
FN-READ-BY-BATCH                  1269W
ACS Cobol Xref v2.03.18          Dictionary File for PY020    13/04/2026  23:09:03:85                                  Page   61
Symbols of Module: PY020 (PY020)
--------------------------------

Data Section (WORKING-STORAGE)  Defn     Locations
-------------------------------+---------------------------------------------------------------

FN-READ-BY-CUST                   1270W
FN-READ-BY-NAME                   1268W
FN-READ-INDEXED                   1258W
FN-READ-NEXT                      1257W
FN-READ-NEXT-HEADER               1271W
FN-READ-NEXT-RAW                  1266W
FN-START                          1263W
FN-WRITE                          1259W
FN-WRITE-RAW                      1265W
FS-ACTION                         1207W
FS-REPLY                          1191W
LIN                               1195W
LIN2                              1199W
LOG-FILE-REC-WRITTEN               525W
LOGGING-DATA                      1210W
MAIN-RECORD-MOVE-FLAG             1232W
MAPS03-WS                         1290W    2603                                                                               x1
MAPS09-REPLY                      1324W    2078   2080                                                                        x2
MAPS09-WS                         1320W    2610                                                                               x1
MENU-REPLY                         529W
MRMF-MOVE-FD                      1233W
MRMF-MOVE-WS                      1234W
PATH-WORK                         1205W
PROG-NAME                          505W    1831   1845   1885   1906   2280                                                   x5
PY-EMP-STATUS                      532W    2001   2110                                                                        x2
PY-HRS-STATUS                      531W    2011   2014   2015   2038   2099   2169   2170   2173   2204   2206   2207         x11
PY-PAY-HEADER-RECORD              1129W    2252                                                                               x1
PY-PAY-TRANSACTIONS-RECORD        1099W    2048   2090   2203                                                                 x3
PY-PR1-STATUS                      530W    1977   1988   1991   2015   2018   2170   2207   2228   2231   2317                x10
PY001                              618W    2230                                                                               x1
PY002                              619W    1990                                                                               x1
PY050                              624W    1979                                                                               x1
PY052                              625W    2002                                                                               x1
PY053                              626W    2017                                                                               x1
PY054                              627W    2111                                                                               x1
PY055                              628W    2101                                                                               x1
PY057                              630W    2063                                                                               x1
PY058                              631W    2172                                                                               x1
PY059                              632W    2205                                                                               x1
PY065                              636W    2141                                                                               x1
PY068                              639W    2081                                                                               x1
RDB-DATA                          1222W
RRN                               1190W    1986                                                                               x1
S1                                1192W
SQL-ERR                           1215W
SQL-MSG                           1216W
SQL-STATE                         1217W
SW-TESTING                         517W
SW-TESTING-2                       522W
ACS Cobol Xref v2.03.18          Dictionary File for PY020    13/04/2026  23:09:03:85                                  Page   62
Symbols of Module: PY020 (PY020)
--------------------------------

Data Section (WORKING-STORAGE)  Defn     Locations
-------------------------------+---------------------------------------------------------------

SY001                              603W    1980   1993   2003   2020                                                          x4
SY002                              604W    2225   2233                                                                        x2
SY003                              605W    2082                                                                               x1
SY004                              606W    2504   2550                                                                        x2
SY005                              607W    2195                                                                               x1
SY008                              609W    2127                                                                               x1
SY010                              610W    1932                                                                               x1
SY013                              611W    1940                                                                               x1
SY014                              612W    2175   2210   2514   2560                                                          x4
TESTING-1                          518W
TESTING-2                          523W
U-BIN                             1314W    2391                                                                               x1
U-CC                              1298W
U-DATE                            1291W    1292   1300   1306   1833   1847   1887   1908   2390   2407   2410   2425   2426
                                           2427                                                                               x13
U-DAYS                            1293W
U-INTL                            1306W
U-INTL-CC                         1308W
U-INTL-DAYS                       1313W
U-INTL-MONTH                      1311W
U-INTL-YEAR                       1307W
U-INTL-YY                         1309W
U-MONTH                           1295W
U-UK                              1292W
U-USA                             1300W
U-USA-DAYS                        1303W
U-USA-MONTH                       1301W
U-YEAR                            1297W
U-YY                              1299W
WE-ERROR                          1189W
WINT                               564W    2481   2485                                                                        x2
WS-22-LINES                        539W    1950   1953   2063   2065   2101   2105   2111   2114   2513   2559   2565         x11
WS-23-LINES                        540W    1951   1979   1990   1991   1992   2002   2017   2018   2019   2081   2127   2128
                                           2131   2141   2142   2145   2172   2173   2174   2195   2196   2199   2205   2206
                                           2209   2224   2230   2231   2232   2504   2505   2514   2515   2550   2551   2560
                                           2561                                                                               x37
WS-CONV-DATE                       580W
WS-COUNT-ROWS                     1221W
WS-DATA                            528W
WS-DATE                            581W     582    588    594   2163   2192   2282   2284   2371   2384   2390   2408   2410
                                           2424   2440   2454                                                                 x15
WS-DATE-FORMATS                    578W
WS-DAYS                            583W    2160   2265   2268   2377   2378   2387   2417   2418   2447   2448                x10
WS-DISP-NAMES                      551W
WS-DNAMES                          550W
WS-ED-DESC                         702W    2148   2526   2581                                                                 x3
WS-ED-DESC-TABLE                   700W
WS-ED-DESCRIPTION-TABLE            643W     699                                                                               x1
WS-ED-NO                           701W    2525   2580                                                                        x2
ACS Cobol Xref v2.03.18          Dictionary File for PY020    13/04/2026  23:09:03:85                                  Page   63
Symbols of Module: PY020 (PY020)
--------------------------------

Data Section (WORKING-STORAGE)  Defn     Locations
-------------------------------+---------------------------------------------------------------

WS-EMP-CHK-DIG                     554W
WS-EMPLOYEE-IN                     552W     555                                                                               x1
WS-EMPLOYEE-NO                     553W
WS-EMPLOYEE-NUMBER                 555W    2076   2091   2094   2240                                                          x4
WS-ENTRY-MODE                      548W    2057   2058   2100   2151                                                          x4
WS-ENV-COLUMNS                     537W    1938   1939   1957                                                                 x3
WS-ENV-LINES                       538W    1930   1931   1950   1951   1952                                                   x5
WS-ERR-MSG                         536W    2224                                                                               x1
WS-EVAL-MSG                        535W    1992   2019   2174   2209   2232   2318   2319   2320   2321   2322   2323   2324
                                           2325   2326   2327   2328   2329   2330   2331   2332   2333   2334   2335   2336
                                           2337   2338   2339   2340   2341   2342   2343   2344   2345   2346   2347   2348
                                           2349   2350   2351                                                                 x39
WS-FILE-KEY                       1218W
WS-HEADING                         559W    2281                                                                               x1
WS-HRS-BATCH-NO                   1143W    1851   2043   2045                                                                 x3
WS-HRS-EFFECTIVE-DATE             1114W
WS-HRS-EMP-NO                     1103W
WS-HRS-HEAD-KEY                   1131W    2251                                                                               x1
WS-HRS-KEY                        1101W
WS-HRS-NO-RECS                    1137W
WS-HRS-PROOF-NO                   1149W
WS-HRS-PROOFED                    1155W    2040   2249   2250                                                                 x3
WS-HRS-TRANS-CODE                 1108W
WS-HRS-UNITS                      1117W
WS-INTL                            594W
WS-INTL-DAYS                       599W    2427   2457                                                                        x2
WS-INTL-MONTH                      597W    2426   2456                                                                        x2
WS-INTL-YEAR                       595W    2425   2455                                                                        x2
WS-LINES                           541W    1952   1980   1981   1993   1994   2003   2004   2020   2021   2082   2083   2175
                                           2176   2210   2211   2225   2233   2234                                            x18
WS-LOG-FILE-NO                    1220W
WS-LOG-SYSTEM                     1213W
WS-LOG-WHERE                      1219W
WS-MONTH                           585W    2161   2266   2269   2378   2379   2386   2418   2419   2448   2449                x10
WS-NO-PARAGRAPH                   1214W
WS-OK-2-ENT                        775W    2140   2520   2575                                                                 x3
WS-OK-CAT                          774W    2527   2582                                                                        x2
WS-OK-LISTS                        773W
WS-OK-TO-ENTER-TABLE               708W     772                                                                               x1
WS-PR1-DATING                      577W
WS-REPLY                           534W    1933   1941   1981   1994   2004   2021   2083   2128   2142   2165   2166   2167
                                           2176   2196   2211   2234   2505   2515   2551   2561                              x20
WS-SWAP                            579W    2377   2379   2417   2419   2447   2449                                            x6
WS-TABLES-SIZES                    703W    2503   2549                                                                        x2
WS-TEMP-FACTOR                     572W
WS-TEMP-LIMIT                      571W
WS-TEMP-NUMBERS                    568W
WS-TEMP-RATE                       569W
WS-TEMP-UNITS                      573W    2152   2153                                                                        x2
ACS Cobol Xref v2.03.18          Dictionary File for PY020    13/04/2026  23:09:03:86                                  Page   64
Symbols of Module: PY020 (PY020)
--------------------------------

Data Section (WORKING-STORAGE)  Defn     Locations
-------------------------------+---------------------------------------------------------------

WS-TEST-DATE                       575W    2371   2385   2386   2387                                                          x4
WS-TEST-YMD                        576W    2202   2263   2265   2266   2268   2269   2272                                     x7
WS-TIME                           1326W
WS-TRANS-AREA-SIZE                 545W    1953                                                                               x1
WS-UK                              582W
WS-UN-PROOFED-FLAG                 557W    2220   2248                                                                        x2
WS-USA                             588W
WS-USA-DAYS                        591W    2157                                                                               x1
WS-USA-MONTH                       589W    2158                                                                               x1
WS-VALID-ENTRY-MODE                549W    2062                                                                               x1
WS-WIDE-SCREEN-USED                546W    1958   2465                                                                        x2
WS-WS-HRS-RATE                    1111W
WS-WS-HRS-TRAN                    1111W
WS-YEAR                            587W    2155   2263   2385                                                                 x3
WSA-DATE                          1327W
WSA-DD                            1330W
WSA-MM                            1329W
WSA-YY                            1328W
WSB-HH                            1332W
WSB-MM                            1333W
WSB-SS                            1334W
WSB-TIME                          1331W
WSCREENNAME                        563W    1971   1974   2478   2480   2484   2486                                            x6
WSD-HH                            1337W
WSD-MM                            1339W
WSD-SA                            1338W
WSD-SB                            1340W
WSD-SS                            1341W
WSD-TIME                          1336W
WSE-DATE                          1344W    1348                                                                               x1
WSE-DATE-9                        1348W    2154                                                                               x1
WSE-DATE-BLOCK                    1343W    1927                                                                               x1
WSE-DAYS                          1347W    2157   2160                                                                        x2
WSE-HH                            1351W
WSE-MM                            1352W
WSE-MONTH                         1346W    2158   2161                                                                        x2
WSE-SS                            1353W
WSE-TIME                          1350W
WSE-YEAR                          1345W    2155                                                                               x1
ACS Cobol Xref v2.03.18          Dictionary File for PY020    13/04/2026  23:09:03:86                                  Page   65
Symbols of Module: PY020 (PY020)
--------------------------------

Data Section (LINKAGE)          Defn     Locations
-------------------------------+---------------------------------------------------------------

ADDRESS-1                         1457K
ADDRESS-2                         1458K
ADDRESS-3                         1459K
ADDRESS-4                         1460K
AGE-TO-PAY                        1580K
ARCH                              1545K
ARCHIVING                         1546K
AUTO-VAT                          1555K
B-L                               1471K
BATCH-ID                          1556K
BL-END-CYCLE-DATE                 1578K
BL-NEXT-BATCH                     1579K
BL-PAY-AC                         1575K
BL-PURCH-AC                       1577K
BRANCHES                          1534K
CHARGE                            1621K
CLIENT                            1690K
COMPANY-EMAIL                     1527K
COMPARATIVES                      1540K
COMPARATIVES-ACTIVE               1542K
COMPS                             1539K
COMPS-ACTIVE                      1541K
COUNTRY                           1462K
CURRENT-QUARTER                   1494K
CUST-FLAG                         1601K
CYCLEA                            1446K    1447                                                                               x1
DATA-CAPTURE-USED                 1514K
DATE-FORM                         1512K    2372   2373   2412   2413   2442   2443                                            x6
DATE-VALID-FORMATS                1513K
DC-COBOL-STANDARD                 1515K
DC-GUI                            1516K
DC-WIDGET                         1517K
DISCOUNT                          1620K
DOS                               1487K
END-DATE                          1453K
ENTRY-LEVEL                       1584K
EXTRA-CHARGE-AC                   1567K
EXTRA-DESC                        1618K
EXTRA-PRINT                       1622K
EXTRA-RATE                        1628K
EXTRA-TYPE                        1619K
FILE-0                            1724K
FILE-10                           1743K
FILE-11                           1745K
FILE-12                           1747K
FILE-13                           1749K
FILE-14                           1751K
FILE-15                           1753K
FILE-16                           1755K
ACS Cobol Xref v2.03.18          Dictionary File for PY020    13/04/2026  23:09:03:86                                  Page   66
Symbols of Module: PY020 (PY020)
--------------------------------

Data Section (LINKAGE)          Defn     Locations
-------------------------------+---------------------------------------------------------------

FILE-17                           1757K
FILE-18                           1759K
FILE-19                           1761K
FILE-2                            1727K
FILE-20                           1763K
FILE-21                           1765K
FILE-22                           1767K
FILE-23                           1769K
FILE-24                           1771K
FILE-26                           1774K
FILE-27                           1776K
FILE-28                           1778K
FILE-29                           1780K
FILE-3                            1729K
FILE-30                           1782K
FILE-31                           1784K
FILE-32                           1786K
FILE-33                           1788K
FILE-34                           1789K
FILE-35                           1790K
FILE-36                           1791K
FILE-37                           1792K
FILE-38                           1793K
FILE-39                           1796K
FILE-4                            1731K
FILE-40                           1797K
FILE-41                           1798K
FILE-42                           1799K
FILE-43                           1800K
FILE-44                           1801K
FILE-45                           1802K
FILE-46                           1803K
FILE-47                           1804K
FILE-48                           1805K
FILE-49                           1807K
FILE-5                            1733K
FILE-50                           1808K
FILE-51                           1809K
FILE-52                           1810K
FILE-53                           1811K
FILE-54                           1812K
FILE-55                           1813K
FILE-56                           1814K
FILE-57                           1816K
FILE-6                            1735K
FILE-7                            1737K
FILE-8                            1739K
FILE-9                            1741K
FILE-DEFS                         1719K    1920                                                                               x1
ACS Cobol Xref v2.03.18          Dictionary File for PY020    13/04/2026  23:09:03:86                                  Page   67
Symbols of Module: PY020 (PY020)
--------------------------------

Data Section (LINKAGE)          Defn     Locations
-------------------------------+---------------------------------------------------------------

FILE-DEFS-A                       1720K    1818                                                                               x1
FILE-DEFS-COUNT                   1820K
FILE-DEFS-OS-DELIMITER            1821K
FILE-DUPLICATES-IN-USE            1507K
FILE-SYSTEM-USED                  1496K
FILLER-DUMMY4                     1703K
FIRST-SL-BATCH                    1637K
FIRST-SL-INV                      1638K
FS-COBOL-FILES-USED               1497K
FS-DUPLICATE-PROCESSING           1508K
FS-MYSQL-USED                     1498K
FS-RDBMS-USED                     1500K
FS-VALID-OPTIONS                  1506K
FULL-INVOICING                    1604K
G-L                               1469K
GENERAL-LEDGER-BLOCK              1531K
GL-BL-PAY-AC                      1661K
GL-BL-PURCH-AC                    1663K
GL-P-CREDITORS                    1662K
GL-S-DEBTORS                      1665K
GL-SL-PAY-AC                      1664K
GL-SL-SALES-AC                    1666K
GROUPED                           1536K
HEADER-LEVEL                      1551K
HOST                              1482K
I-LEVEL-0                         1614K
I-LEVEL-1                         1615K
I-LEVEL-2                         1616K
INDEX-2                           1559K
INVOICER                          1613K
IRS                               1477K
IRS-BOTH-USED                     1562K
IRS-DATA-BLOCK                    1702K
IRS-ENTRY-BLOCK                   1702K
IRS-INSTEAD                       1560K
IRS-NO                            1478K
IRS-USED                          1561K
LEDGER-2ND-INDEX                  1558K
LEDGER-SEC                        1563K
LEVEL                             1467K
LEVEL-1                           1468K
LEVEL-2                           1470K
LEVEL-3                           1472K
LEVEL-4                           1474K
LEVEL-5                           1476K
LEVEL-6                           1479K
LINUX                             1492K
M-V                               1543K
MAC                               1489K
ACS Cobol Xref v2.03.18          Dictionary File for PY020    13/04/2026  23:09:03:86                                  Page   68
Symbols of Module: PY020 (PY020)
--------------------------------

Data Section (LINKAGE)          Defn     Locations
-------------------------------+---------------------------------------------------------------

MANDATORY                         1548K
MAPS-SER                          1509K
MAPS-SER-NN                       1511K
MAPS-SER-XX                       1510K
MINIMUM-VALIDATION                1544K
MULTI-USER                        1483K
NEXT-BATCH                        1566K
NEXT-FOLIO                        1574K
NEXT-INVOICE                      1450K
NEXT-POST                         1691K
NO-OS                             1486K
NOT-INVOICING                     1617K
OI-3-FLAG                         1600K
OI-5-FLAG                         1602K
OP-SYSTEM                         1484K
OS-SINGLE                         1493K
OS2                               1490K
P-C                               1532K
P-C-GROUPED                       1535K
P-C-LEVEL                         1537K
P-CREDITORS                       1576K
P-FLAG-A                          1585K
P-FLAG-I                          1586K
P-FLAG-P                          1587K
P-L-EXISTS                        1582K
PAGE-LINES                        1449K
PARAM-RESTRICT                    1522K
PASS-VALUE                        1466K
PASS-WORD                         1481K
PAYROLL                           1480K
PERIOD                            1448K
PF-RETENTION                      1636K
PHONE-NO                          1464K
PL-APPROP-AC                      1700K
PL-APPROP-AC6                     1698K
PL-AUTOGEN                        1590K
PL-DELIM                          1583K
PL-NEXT-REC                       1591K
PL-STOCK-LINK                     1588K
POST-CODE                         1461K
POST-TRANS-NAME                   1722K
POSTINGS                          1565K
PRE-TRANS-NAME                    1721K
PRESERVE-BATCH                    1557K
PRINT-SPOOL-NAME                  1463K
PRINT-SPOOL-NAME2                 1569K
PRINT-SPOOL-NAME3                 1589K
PROFIT-CENTRES                    1533K
PURCHASE-LEDGER                   1581K
ACS Cobol Xref v2.03.18          Dictionary File for PY020    13/04/2026  23:09:03:86                                  Page   69
Symbols of Module: PY020 (PY020)
--------------------------------

Data Section (LINKAGE)          Defn     Locations
-------------------------------+---------------------------------------------------------------

PURCHASE-LEDGER-BLOCK             1573K
PURCHASE-RANGE                    1553K
RDBMS-DB-NAME                     1518K
RDBMS-FLAT-STATUSES               1495K
RDBMS-HOST                        1524K
RDBMS-PASSWD                      1520K
RDBMS-PORT                        1523K
RDBMS-SOCKET                      1525K
RDBMS-USER                        1519K
REVENUE-ONLY                      1538K
RUN-DATE                          1451K
S-DEBTORS                         1641K
S-END-CYCLE-DATE                  1643K
S-FLAG-A                          1605K
S-FLAG-I                          1606K
S-FLAG-OI-3                       1603K
S-FLAG-P                          1607K
S-L                               1473K
S-L-EXISTS                        1598K
SALES-LEDGER                      1597K
SALES-LEDGER-BLOCK                1596K
SALES-RANGE                       1552K
SCYCLE                            1447K
SL-AUTOGEN                        1655K
SL-BO-DEFAULT                     1658K
SL-BO-FLAG                        1657K
SL-CHARGES                        1609K
SL-COMP-HEAD-INV                  1646K
SL-COMP-HEAD-LETS                 1650K
SL-COMP-HEAD-PICK                 1644K
SL-COMP-HEAD-STAT                 1648K
SL-COMP-INV                       1647K
SL-COMP-LETS                      1651K
SL-COMP-PICK                      1645K
SL-COMP-STAT                      1649K
SL-CREDIT                         1632K
SL-DAY-BOOK                       1612K
SL-DAYS-1                         1629K
SL-DAYS-2                         1630K
SL-DAYS-3                         1631K
SL-DELIM                          1599K
SL-DISC                           1627K
SL-DUNNING                        1608K
SL-INVOICE-LINES                  1654K
SL-LATE-PER                       1626K
SL-LIMIT                          1639K
SL-MAX                            1635K
SL-MIN                            1634K
SL-NEXT-REC                       1656K
ACS Cobol Xref v2.03.18          Dictionary File for PY020    13/04/2026  23:09:03:86                                  Page   70
Symbols of Module: PY020 (PY020)
--------------------------------

Data Section (LINKAGE)          Defn     Locations
-------------------------------+---------------------------------------------------------------

SL-OWN-NOS                        1610K
SL-PAY-AC                         1640K
SL-SALES-AC                       1642K
SL-STATS-RUN                      1611K
SL-STOCK-AUDIT                    1624K
SL-STOCK-LINK                     1623K
SL-VAT-PRINTED                    1652K
SL-VAT-PRINTS                     1653K
START-DATE                        1452K
STATS-DATE-PERIOD                 1526K
STK-ABREV-REF                     1672K
STK-ACTIVITY-REP-RUN              1685K
STK-AUDIT-NO                      1688K
STK-AUDIT-USED                    1676K
STK-AVERAGING                     1683K
STK-BO-ACTIVE                     1686K
STK-DEBUG                         1673K
STK-MANU-USED                     1674K
STK-MOV-AUDIT                     1677K
STK-OE-USED                       1675K
STK-PAGE-LINES                    1687K
STK-PERIOD-CUR                    1678K
STK-PERIOD-DAT                    1679K
STOCK                             1475K
STOCK-AUDIT-ON                    1625K
STOCK-AVERAGING                   1684K
STOCK-CONTROL                     1681K
STOCK-CONTROL-BLOCK               1671K
STOCK-CONTROL-EXISTS              1682K
SUSER                             1454K
SYSTEM-DATA-BLOCK                 1430K
SYSTEM-FILE-NAMES                 1819K
TO-DAY                            1824K    1919   2282   2440   2455   2456   2457                                            x6
TRANS-DONE                        1550K
TRANS-PRINT                       1547K
TRANS-PRINTED                     1549K
UNIX                              1491K
UPDATES                           1564K
USER-CODE                         1456K
USERA                             1455K    1834   1848   1888   1909                                                          x4
VALID-OS-TYPE                     1485K
VAT                               1554K
VAT-AC                            1568K
VAT-GROUP                         1696K
VAT-PSENT                         1697K
VAT-RATE                          1445K
VAT-RATE-1                        1440K
VAT-RATE-2                        1441K
VAT-RATE-3                        1442K
ACS Cobol Xref v2.03.18          Dictionary File for PY020    13/04/2026  23:09:03:86                                  Page   71
Symbols of Module: PY020 (PY020)
--------------------------------

Data Section (LINKAGE)          Defn     Locations
-------------------------------+---------------------------------------------------------------

VAT-RATE-4                        1443K
VAT-RATE-5                        1444K
VAT-RATES                         1439K    1445                                                                               x1
VAT-RATES2                        1692K    1696                                                                               x1
VAT-REG-NUMBER                    1521K
VAT1                              1693K
VAT2                              1694K
VAT3                              1695K
WINDOWS                           1488K
WS-CALLED                         1368K
WS-CALLER                         1369K
WS-CALLING-DATA                   1367K    1917                                                                               x1
WS-CD-ARGS                        1375K
WS-DEL-LINK                       1370K
WS-PROCESS-FUNC                   1373K
WS-SUB-FUNCTION                   1374K
WS-SYSTEM-RECORD                  1426K    1918                                                                               x1
WS-SYSTEM-RECORD-VERSION-PRIME    1432K
WS-SYSTEM-RECORD-VERSION-SECOND   1437K
WS-TERM-CODE                      1371K    1983   1996   2007   2025                                                          x4
ACS Cobol Xref v2.03.18          Dictionary File for PY020    13/04/2026  23:09:03:86                                  Page   72
Symbols of Module: PY020 (PY020)
--------------------------------

Data Section (SCREEN)           Defn     Locations
-------------------------------+---------------------------------------------------------------

COB-COLOR-BLACK                   1828S    1842   1882   1904                                                                 x3
COB-COLOR-GREEN                   1843S    1883   1905                                                                        x2
DISPLAY-HEADS                     1828S
PROG-NAME                         1831S    1845   1885   1906   2280                                                          x4
SS-DATA-ENTRY-1                   1842S    2056                                                                               x1
SS-SHOW-TRANS-CODES-HEADS         1882S    2498   2516                                                                        x2
SS-SHOW-TRANS-CODES-HEADS-WIDE    1904S    2544   2571                                                                        x2
U-DATE                            1833S    1847   1887   1908   2390   2407   2410   2425   2426   2427                       x9
USERA                             1834S    1848   1888   1909                                                                 x3
WS-HRS-BATCH-NO                   1851S    2043   2045                                                                        x2
ACS Cobol Xref v2.03.18          Dictionary File for PY020    13/04/2026  23:09:03:86                                  Page   73
Symbols of Module: PY020 (PY020)
--------------------------------
Variable Tested [S]            Symbol (88-Conditions)
--------------------------------------------------------------

ACCESS-TYPE                     FN-INPUT
ACCESS-TYPE                     FN-I-O
ACCESS-TYPE                     FN-OUTPUT
ACCESS-TYPE                     FN-EXTEND
ACCESS-TYPE                     FN-EQUAL-TO
ACCESS-TYPE                     FN-LESS-THAN
ACCESS-TYPE                     FN-GREATER-THAN
ACCESS-TYPE                     FN-NOT-LESS-THAN
ACCESS-TYPE                     FN-NOT-GREATER-THAN
AN-BG                           AN-BG-IS-BLACK
AN-BG                           AN-BG-IS-BLUE
AN-BG                           AN-BG-IS-GREEN
AN-BG                           AN-BG-IS-CYAN
AN-BG                           AN-BG-IS-RED
AN-BG                           AN-BG-IS-MAGENTA
AN-BG                           AN-BG-IS-YELLOW
AN-BG                           AN-BG-IS-WHITE
AN-ERROR-CODE                   AN-ERROR-OK
AN-ERROR-CODE                   AN-ERROR-NOT-EXTENDED-DISPLAY
AN-ERROR-CODE                   AN-ERROR-S-ROW-OUT-OF-SCREEN
AN-ERROR-CODE                   AN-ERROR-S-COL-OUT-OF-SCREEN
AN-ERROR-CODE                   AN-ERROR-E-COL-OUT-OF-SCREEN
AN-FG                           AN-FG-IS-BLACK
AN-FG                           AN-FG-IS-BLUE
AN-FG                           AN-FG-IS-GREEN
AN-FG                           AN-FG-IS-CYAN
AN-FG                           AN-FG-IS-RED
AN-FG                           AN-FG-IS-MAGENTA
AN-FG                           AN-FG-IS-YELLOW
AN-FG                           AN-FG-IS-WHITE
AN-FG2                          AN-FG2-IS-BLACK
AN-FG2                          AN-FG2-IS-BLUE
AN-FG2                          AN-FG2-IS-GREEN
AN-FG2                          AN-FG2-IS-CYAN
AN-FG2                          AN-FG2-IS-RED
AN-FG2                          AN-FG2-IS-MAGENTA
AN-FG2                          AN-FG2-IS-YELLOW
AN-FG2                          AN-FG2-IS-WHITE
AN-MODE                         AN-MODE-IS-NO-UPDATE
AN-MODE                         AN-MODE-IS-UPDATE
AN-RETURN-CODE                  AN-RETURN-CODE-VIA-ENTER
AN-RETURN-CODE                  AN-RETURN-CODE-VIA-PFKEY-01
AN-RETURN-CODE                  AN-RETURN-CODE-VIA-PFKEY-02
AN-RETURN-CODE                  AN-RETURN-CODE-VIA-PFKEY-03
AN-RETURN-CODE                  AN-RETURN-CODE-VIA-PFKEY-04
AN-RETURN-CODE                  AN-RETURN-CODE-VIA-PFKEY-05
AN-RETURN-CODE                  AN-RETURN-CODE-VIA-PFKEY-06
AN-RETURN-CODE                  AN-RETURN-CODE-VIA-PFKEY-07
AN-RETURN-CODE                  AN-RETURN-CODE-VIA-PFKEY-08
AN-RETURN-CODE                  AN-RETURN-CODE-VIA-PFKEY-09
ACS Cobol Xref v2.03.18          Dictionary File for PY020    13/04/2026  23:09:03:86                                  Page   74
Symbols of Module: PY020 (PY020)
--------------------------------
Variable Tested [S]            Symbol (88-Conditions)
--------------------------------------------------------------

AN-RETURN-CODE                  AN-RETURN-CODE-VIA-PFKEY-10
AN-RETURN-CODE                  AN-RETURN-CODE-VIA-PFKEY-11
AN-RETURN-CODE                  AN-RETURN-CODE-VIA-PFKEY-12
AN-RETURN-CODE                  AN-RETURN-CODE-VIA-PFKEY-13
AN-RETURN-CODE                  AN-RETURN-CODE-VIA-PFKEY-14
AN-RETURN-CODE                  AN-RETURN-CODE-VIA-PFKEY-15
AN-RETURN-CODE                  AN-RETURN-CODE-VIA-PFKEY-16
AN-RETURN-CODE                  AN-RETURN-CODE-VIA-PFKEY-17
AN-RETURN-CODE                  AN-RETURN-CODE-VIA-PFKEY-18
AN-RETURN-CODE                  AN-RETURN-CODE-VIA-PFKEY-19
AN-RETURN-CODE                  AN-RETURN-CODE-VIA-PFKEY-20
AN-RETURN-CODE                  AN-RETURN-CODE-VIA-PFKEY-21
AN-RETURN-CODE                  AN-RETURN-CODE-VIA-PFKEY-22
AN-RETURN-CODE                  AN-RETURN-CODE-VIA-PFKEY-23
AN-RETURN-CODE                  AN-RETURN-CODE-VIA-PFKEY-24
AN-RETURN-CODE                  AN-RETURN-CODE-VIA-PFKEY-25
AN-RETURN-CODE                  AN-RETURN-CODE-VIA-PFKEY-26
AN-RETURN-CODE                  AN-RETURN-CODE-VIA-PFKEY-27
AN-RETURN-CODE                  AN-RETURN-CODE-VIA-PFKEY-28
AN-RETURN-CODE                  AN-RETURN-CODE-VIA-PFKEY-29
AN-RETURN-CODE                  AN-RETURN-CODE-VIA-PFKEY-30
AN-RETURN-CODE                  AN-RETURN-CODE-VIA-PFKEY-31
AN-RETURN-CODE                  AN-RETURN-CODE-VIA-PFKEY-32
AN-RETURN-CODE                  AN-RETURN-CODE-VIA-PFKEY-33
AN-RETURN-CODE                  AN-RETURN-CODE-VIA-PFKEY-34
AN-RETURN-CODE                  AN-RETURN-CODE-VIA-PFKEY-35
AN-RETURN-CODE                  AN-RETURN-CODE-VIA-PFKEY-36
AN-RETURN-CODE                  AN-RETURN-CODE-VIA-PFKEY-37
AN-RETURN-CODE                  AN-RETURN-CODE-VIA-PFKEY-38
AN-RETURN-CODE                  AN-RETURN-CODE-VIA-PFKEY-39
AN-RETURN-CODE                  AN-RETURN-CODE-VIA-PFKEY-40
AN-RETURN-CODE                  AN-RETURN-CODE-VIA-PFKEY-41
AN-RETURN-CODE                  AN-RETURN-CODE-VIA-PFKEY-42
AN-RETURN-CODE                  AN-RETURN-CODE-VIA-PFKEY-43
AN-RETURN-CODE                  AN-RETURN-CODE-VIA-PFKEY-44
AN-RETURN-CODE                  AN-RETURN-CODE-VIA-PFKEY-45
AN-RETURN-CODE                  AN-RETURN-CODE-VIA-PFKEY-46
AN-RETURN-CODE                  AN-RETURN-CODE-VIA-PFKEY-47
AN-RETURN-CODE                  AN-RETURN-CODE-VIA-PFKEY-48
AN-RETURN-CODE                  AN-RETURN-CODE-VIA-PG-UP
AN-RETURN-CODE                  AN-RETURN-CODE-VIA-PG-DOWN
AN-RETURN-CODE                  AN-RETURN-CODE-VIA-TAB
AN-RETURN-CODE                  AN-RETURN-CODE-VIA-BACK-TAB
AN-RETURN-CODE                  AN-RETURN-CODE-VIA-ESCAPE
ARCH                            ARCHIVING
BATCH-ID                        PRESERVE-BATCH
COMPS                           COMPARATIVES
COMPS-ACTIVE                    COMPARATIVES-ACTIVE
DATA-CAPTURE-USED               DC-COBOL-STANDARD
DATA-CAPTURE-USED               DC-GUI
ACS Cobol Xref v2.03.18          Dictionary File for PY020    13/04/2026  23:09:03:86                                  Page   75
Symbols of Module: PY020 (PY020)
--------------------------------
Variable Tested [S]            Symbol (88-Conditions)
--------------------------------------------------------------

DATA-CAPTURE-USED               DC-WIDGET
DATE-FORM                       DATE-VALID-FORMATS
EXTRA-TYPE                      DISCOUNT
EXTRA-TYPE                      CHARGE
FA-FILE-DUPLICATES-IN-USE       FA-FS-DUPLICATE-PROCESSING
FA-FILE-SYSTEM-USED             FA-FS-COBOL-FILES-USED
FA-FILE-SYSTEM-USED             FA-FS-RDBMS-USED
FA-FILE-SYSTEM-USED             FA-FS-VALID-OPTIONS
FILE-DUPLICATES-IN-USE          FS-DUPLICATE-PROCESSING
FILE-FUNCTION                   FN-OPEN
FILE-FUNCTION                   FN-CLOSE
FILE-FUNCTION                   FN-READ-NEXT
FILE-FUNCTION                   FN-READ-INDEXED
FILE-FUNCTION                   FN-WRITE
FILE-FUNCTION                   FN-DELETE-ALL
FILE-FUNCTION                   FN-RE-WRITE
FILE-FUNCTION                   FN-DELETE
FILE-FUNCTION                   FN-START
FILE-FUNCTION                   FN-WRITE-RAW
FILE-FUNCTION                   FN-READ-NEXT-RAW
FILE-FUNCTION                   FN-READ-BY-NAME
FILE-FUNCTION                   FN-READ-BY-BATCH
FILE-FUNCTION                   FN-READ-BY-CUST
FILE-FUNCTION                   FN-READ-NEXT-HEADER
FILE-SYSTEM-USED                FS-COBOL-FILES-USED
FILE-SYSTEM-USED                FS-MYSQL-USED
FILE-SYSTEM-USED                FS-RDBMS-USED
FILE-SYSTEM-USED                FS-VALID-OPTIONS
HOST                            MULTI-USER
INVOICER                        I-LEVEL-0
INVOICER                        I-LEVEL-1
INVOICER                        I-LEVEL-2
INVOICER                        NOT-INVOICING
IRS-INSTEAD                     IRS-USED
IRS-INSTEAD                     IRS-BOTH-USED
LEDGER-2ND-INDEX                INDEX-2
LEVEL-1                         G-L
LEVEL-2                         B-L
LEVEL-3                         S-L
LEVEL-4                         STOCK
LEVEL-5                         IRS
LEVEL-5                         IRS-NO
LEVEL-6                         PAYROLL
M-V                             MINIMUM-VALIDATION
MAIN-RECORD-MOVE-FLAG           MRMF-MOVE-FD
MAIN-RECORD-MOVE-FLAG           MRMF-MOVE-WS
OP-SYSTEM                       VALID-OS-TYPE
OP-SYSTEM                       NO-OS
OP-SYSTEM                       DOS
OP-SYSTEM                       WINDOWS
ACS Cobol Xref v2.03.18          Dictionary File for PY020    13/04/2026  23:09:03:86                                  Page   76
Symbols of Module: PY020 (PY020)
--------------------------------
Variable Tested [S]            Symbol (88-Conditions)
--------------------------------------------------------------

OP-SYSTEM                       MAC
OP-SYSTEM                       OS2
OP-SYSTEM                       UNIX
OP-SYSTEM                       LINUX
OP-SYSTEM                       OS-SINGLE
P-C                             PROFIT-CENTRES
P-C                             BRANCHES
P-C-GROUPED                     GROUPED
P-C-LEVEL                       REVENUE-ONLY
PURCHASE-LEDGER                 P-L-EXISTS
SALES-LEDGER                    S-L-EXISTS
SL-COMP-HEAD-INV                SL-COMP-INV
SL-COMP-HEAD-LETS               SL-COMP-LETS
SL-COMP-HEAD-PICK               SL-COMP-PICK
SL-COMP-HEAD-STAT               SL-COMP-STAT
SL-STOCK-AUDIT                  STOCK-AUDIT-ON
SL-VAT-PRINTED                  SL-VAT-PRINTS
STK-AVERAGING                   STOCK-AVERAGING
STOCK-CONTROL                   STOCK-CONTROL-EXISTS
SW-TESTING                      TESTING-1
SW-TESTING-2                    TESTING-2
TRANS-PRINT                     MANDATORY
TRANS-PRINTED                   TRANS-DONE
VAT                             AUTO-VAT
WS-WIDE-SCREEN-USED             WS-VALID-ENTRY-MODE
WS-WIDE-SCREEN-USED             WS-DISP-NAMES
ACS Cobol Xref v2.03.18          Dictionary File for PY020    13/04/2026  23:09:03:86                                  Page   77
Symbols of Module: PY020 (PY020)
--------------------------------
Variable Tested                Symbol (88-Conditions) [S]
--------------------------------------------------------------

AN-BG                           AN-BG-IS-BLACK
AN-BG                           AN-BG-IS-BLUE
AN-BG                           AN-BG-IS-CYAN
AN-BG                           AN-BG-IS-GREEN
AN-BG                           AN-BG-IS-MAGENTA
AN-BG                           AN-BG-IS-RED
AN-BG                           AN-BG-IS-WHITE
AN-BG                           AN-BG-IS-YELLOW
AN-ERROR-CODE                   AN-ERROR-E-COL-OUT-OF-SCREEN
AN-ERROR-CODE                   AN-ERROR-NOT-EXTENDED-DISPLAY
AN-ERROR-CODE                   AN-ERROR-OK
AN-ERROR-CODE                   AN-ERROR-S-COL-OUT-OF-SCREEN
AN-ERROR-CODE                   AN-ERROR-S-ROW-OUT-OF-SCREEN
AN-FG                           AN-FG-IS-BLACK
AN-FG                           AN-FG-IS-BLUE
AN-FG                           AN-FG-IS-CYAN
AN-FG                           AN-FG-IS-GREEN
AN-FG                           AN-FG-IS-MAGENTA
AN-FG                           AN-FG-IS-RED
AN-FG                           AN-FG-IS-WHITE
AN-FG                           AN-FG-IS-YELLOW
AN-FG2                          AN-FG2-IS-BLACK
AN-FG2                          AN-FG2-IS-BLUE
AN-FG2                          AN-FG2-IS-CYAN
AN-FG2                          AN-FG2-IS-GREEN
AN-FG2                          AN-FG2-IS-MAGENTA
AN-FG2                          AN-FG2-IS-RED
AN-FG2                          AN-FG2-IS-WHITE
AN-FG2                          AN-FG2-IS-YELLOW
AN-MODE                         AN-MODE-IS-NO-UPDATE
AN-MODE                         AN-MODE-IS-UPDATE
AN-RETURN-CODE                  AN-RETURN-CODE-VIA-BACK-TAB
AN-RETURN-CODE                  AN-RETURN-CODE-VIA-ENTER
AN-RETURN-CODE                  AN-RETURN-CODE-VIA-ESCAPE
AN-RETURN-CODE                  AN-RETURN-CODE-VIA-PFKEY-01
AN-RETURN-CODE                  AN-RETURN-CODE-VIA-PFKEY-02
AN-RETURN-CODE                  AN-RETURN-CODE-VIA-PFKEY-03
AN-RETURN-CODE                  AN-RETURN-CODE-VIA-PFKEY-04
AN-RETURN-CODE                  AN-RETURN-CODE-VIA-PFKEY-05
AN-RETURN-CODE                  AN-RETURN-CODE-VIA-PFKEY-06
AN-RETURN-CODE                  AN-RETURN-CODE-VIA-PFKEY-07
AN-RETURN-CODE                  AN-RETURN-CODE-VIA-PFKEY-08
AN-RETURN-CODE                  AN-RETURN-CODE-VIA-PFKEY-09
AN-RETURN-CODE                  AN-RETURN-CODE-VIA-PFKEY-10
AN-RETURN-CODE                  AN-RETURN-CODE-VIA-PFKEY-11
AN-RETURN-CODE                  AN-RETURN-CODE-VIA-PFKEY-12
AN-RETURN-CODE                  AN-RETURN-CODE-VIA-PFKEY-13
AN-RETURN-CODE                  AN-RETURN-CODE-VIA-PFKEY-14
AN-RETURN-CODE                  AN-RETURN-CODE-VIA-PFKEY-15
AN-RETURN-CODE                  AN-RETURN-CODE-VIA-PFKEY-16
ACS Cobol Xref v2.03.18          Dictionary File for PY020    13/04/2026  23:09:03:86                                  Page   78
Symbols of Module: PY020 (PY020)
--------------------------------
Variable Tested                Symbol (88-Conditions) [S]
--------------------------------------------------------------

AN-RETURN-CODE                  AN-RETURN-CODE-VIA-PFKEY-17
AN-RETURN-CODE                  AN-RETURN-CODE-VIA-PFKEY-18
AN-RETURN-CODE                  AN-RETURN-CODE-VIA-PFKEY-19
AN-RETURN-CODE                  AN-RETURN-CODE-VIA-PFKEY-20
AN-RETURN-CODE                  AN-RETURN-CODE-VIA-PFKEY-21
AN-RETURN-CODE                  AN-RETURN-CODE-VIA-PFKEY-22
AN-RETURN-CODE                  AN-RETURN-CODE-VIA-PFKEY-23
AN-RETURN-CODE                  AN-RETURN-CODE-VIA-PFKEY-24
AN-RETURN-CODE                  AN-RETURN-CODE-VIA-PFKEY-25
AN-RETURN-CODE                  AN-RETURN-CODE-VIA-PFKEY-26
AN-RETURN-CODE                  AN-RETURN-CODE-VIA-PFKEY-27
AN-RETURN-CODE                  AN-RETURN-CODE-VIA-PFKEY-28
AN-RETURN-CODE                  AN-RETURN-CODE-VIA-PFKEY-29
AN-RETURN-CODE                  AN-RETURN-CODE-VIA-PFKEY-30
AN-RETURN-CODE                  AN-RETURN-CODE-VIA-PFKEY-31
AN-RETURN-CODE                  AN-RETURN-CODE-VIA-PFKEY-32
AN-RETURN-CODE                  AN-RETURN-CODE-VIA-PFKEY-33
AN-RETURN-CODE                  AN-RETURN-CODE-VIA-PFKEY-34
AN-RETURN-CODE                  AN-RETURN-CODE-VIA-PFKEY-35
AN-RETURN-CODE                  AN-RETURN-CODE-VIA-PFKEY-36
AN-RETURN-CODE                  AN-RETURN-CODE-VIA-PFKEY-37
AN-RETURN-CODE                  AN-RETURN-CODE-VIA-PFKEY-38
AN-RETURN-CODE                  AN-RETURN-CODE-VIA-PFKEY-39
AN-RETURN-CODE                  AN-RETURN-CODE-VIA-PFKEY-40
AN-RETURN-CODE                  AN-RETURN-CODE-VIA-PFKEY-41
AN-RETURN-CODE                  AN-RETURN-CODE-VIA-PFKEY-42
AN-RETURN-CODE                  AN-RETURN-CODE-VIA-PFKEY-43
AN-RETURN-CODE                  AN-RETURN-CODE-VIA-PFKEY-44
AN-RETURN-CODE                  AN-RETURN-CODE-VIA-PFKEY-45
AN-RETURN-CODE                  AN-RETURN-CODE-VIA-PFKEY-46
AN-RETURN-CODE                  AN-RETURN-CODE-VIA-PFKEY-47
AN-RETURN-CODE                  AN-RETURN-CODE-VIA-PFKEY-48
AN-RETURN-CODE                  AN-RETURN-CODE-VIA-PG-DOWN
AN-RETURN-CODE                  AN-RETURN-CODE-VIA-PG-UP
AN-RETURN-CODE                  AN-RETURN-CODE-VIA-TAB
ARCH                            ARCHIVING
VAT                             AUTO-VAT
LEVEL-2                         B-L
P-C                             BRANCHES
EXTRA-TYPE                      CHARGE
COMPS                           COMPARATIVES
COMPS-ACTIVE                    COMPARATIVES-ACTIVE
DATE-FORM                       DATE-VALID-FORMATS
DATA-CAPTURE-USED               DC-COBOL-STANDARD
DATA-CAPTURE-USED               DC-GUI
DATA-CAPTURE-USED               DC-WIDGET
EXTRA-TYPE                      DISCOUNT
OP-SYSTEM                       DOS
FA-FILE-SYSTEM-USED             FA-FS-COBOL-FILES-USED
FA-FILE-DUPLICATES-IN-USE       FA-FS-DUPLICATE-PROCESSING
ACS Cobol Xref v2.03.18          Dictionary File for PY020    13/04/2026  23:09:03:86                                  Page   79
Symbols of Module: PY020 (PY020)
--------------------------------
Variable Tested                Symbol (88-Conditions) [S]
--------------------------------------------------------------

FA-FILE-SYSTEM-USED             FA-FS-RDBMS-USED
FA-FILE-SYSTEM-USED             FA-FS-VALID-OPTIONS
FILE-FUNCTION                   FN-CLOSE
FILE-FUNCTION                   FN-DELETE
FILE-FUNCTION                   FN-DELETE-ALL
ACCESS-TYPE                     FN-EQUAL-TO
ACCESS-TYPE                     FN-EXTEND
ACCESS-TYPE                     FN-GREATER-THAN
ACCESS-TYPE                     FN-I-O
ACCESS-TYPE                     FN-INPUT
ACCESS-TYPE                     FN-LESS-THAN
ACCESS-TYPE                     FN-NOT-GREATER-THAN
ACCESS-TYPE                     FN-NOT-LESS-THAN
FILE-FUNCTION                   FN-OPEN
ACCESS-TYPE                     FN-OUTPUT
FILE-FUNCTION                   FN-RE-WRITE
FILE-FUNCTION                   FN-READ-BY-BATCH
FILE-FUNCTION                   FN-READ-BY-CUST
FILE-FUNCTION                   FN-READ-BY-NAME
FILE-FUNCTION                   FN-READ-INDEXED
FILE-FUNCTION                   FN-READ-NEXT
FILE-FUNCTION                   FN-READ-NEXT-HEADER
FILE-FUNCTION                   FN-READ-NEXT-RAW
FILE-FUNCTION                   FN-START
FILE-FUNCTION                   FN-WRITE
FILE-FUNCTION                   FN-WRITE-RAW
FILE-SYSTEM-USED                FS-COBOL-FILES-USED
FILE-DUPLICATES-IN-USE          FS-DUPLICATE-PROCESSING
FILE-SYSTEM-USED                FS-MYSQL-USED
FILE-SYSTEM-USED                FS-RDBMS-USED
FILE-SYSTEM-USED                FS-VALID-OPTIONS
LEVEL-1                         G-L
P-C-GROUPED                     GROUPED
INVOICER                        I-LEVEL-0
INVOICER                        I-LEVEL-1
INVOICER                        I-LEVEL-2
LEDGER-2ND-INDEX                INDEX-2
LEVEL-5                         IRS
IRS-INSTEAD                     IRS-BOTH-USED
LEVEL-5                         IRS-NO
IRS-INSTEAD                     IRS-USED
OP-SYSTEM                       LINUX
OP-SYSTEM                       MAC
TRANS-PRINT                     MANDATORY
M-V                             MINIMUM-VALIDATION
MAIN-RECORD-MOVE-FLAG           MRMF-MOVE-FD
MAIN-RECORD-MOVE-FLAG           MRMF-MOVE-WS
HOST                            MULTI-USER
OP-SYSTEM                       NO-OS
INVOICER                        NOT-INVOICING
ACS Cobol Xref v2.03.18          Dictionary File for PY020    13/04/2026  23:09:03:86                                  Page   80
Symbols of Module: PY020 (PY020)
--------------------------------
Variable Tested                Symbol (88-Conditions) [S]
--------------------------------------------------------------

OP-SYSTEM                       OS-SINGLE
OP-SYSTEM                       OS2
PURCHASE-LEDGER                 P-L-EXISTS
LEVEL-6                         PAYROLL
BATCH-ID                        PRESERVE-BATCH
P-C                             PROFIT-CENTRES
P-C-LEVEL                       REVENUE-ONLY
LEVEL-3                         S-L
SALES-LEDGER                    S-L-EXISTS
SL-COMP-HEAD-INV                SL-COMP-INV
SL-COMP-HEAD-LETS               SL-COMP-LETS
SL-COMP-HEAD-PICK               SL-COMP-PICK
SL-COMP-HEAD-STAT               SL-COMP-STAT
SL-VAT-PRINTED                  SL-VAT-PRINTS
LEVEL-4                         STOCK
SL-STOCK-AUDIT                  STOCK-AUDIT-ON
STK-AVERAGING                   STOCK-AVERAGING
STOCK-CONTROL                   STOCK-CONTROL-EXISTS
SW-TESTING                      TESTING-1
SW-TESTING-2                    TESTING-2
TRANS-PRINTED                   TRANS-DONE
OP-SYSTEM                       UNIX
OP-SYSTEM                       VALID-OS-TYPE
OP-SYSTEM                       WINDOWS
WS-WIDE-SCREEN-USED             WS-DISP-NAMES
WS-WIDE-SCREEN-USED             WS-VALID-ENTRY-MODE
ACS Cobol Xref v2.03.18          Dictionary File for PY020    13/04/2026  23:09:03:86                                  Page   81
Symbols of Module: PY020 (PY020)
--------------------------------
Functions                       Defn     Locations
-------------------------------+---------------------------------------------------------------

CURRENT-DATE                      1927I
TEST-DATE-YYYYMMDD                2272I                                                                                       x0
ACS Cobol Xref v2.03.18          Dictionary File for PY020    13/04/2026  23:09:03:86                                  Page   82
Symbols of Module: PY020 (PY020)
--------------------------------
Called Procedures               Type   Locations
-------------------------------+--------------------------------------------------------

ACCEPT_NUMERIC                  USER     2184   2240                                                                          x2
CBL_DELETE_FILE                 SYSTEM   2486                                                                                 x1
CBL_GC_SCR_DUMP                 USER     2480                                                                                 x1
CBL_GC_SCR_RESTORE              USER     2484                                                                                 x1
MAPS04                          USER     2603                                                                                 x1
MAPS09                          USER     2610                                                                                 x1
ACS Cobol Xref v2.03.18          Dictionary File for PY020    13/04/2026  23:09:03:86                                  Page   83
Symbols of Module: PY020 (PY020)
--------------------------------
Procedure                       Defn     Locations
-------------------------------+---------------------------------------------------------------

AA000-MAIN                        1922S
AA020-MAIN-PROCESSING             2053P
AA100-BAD-DATA-DISPLAY            2223P
AA125-TEST-PR1-STATUS             2227P
AA140-AN-EMP-NO                   2237P    2068                                                                               x1
AA999-EOJ                         2244P    2070   2221                                                                        x2
AN-TEST-STATUS                    2619P    2186   2242                                                                        x2
DATE-UK                           2374P    2414   2444                                                                        x2
DATE-USA                          2376P    2416   2446                                                                        x2
MAPS04-EXIT                       2605P
MAPS09-EXIT                       2612P
WS-                               2353P
WS-PAY-HEADER-RECORD              2032P    2039   2048   2252                                                                 x3
ZZ010-EXIT                        2274P
ZZ010-TEST-YMD                    2260S    2193                                                                               x1
ZZ020-DISPLAY-HEADS               2276S
ZZ020-EXIT                        2286P
ZZ040-EVAL-MSG-EXIT               2359P
ZZ040-EVALUATE-MESSAGE            2288S    1978   1989   2016   2171   2208   2229                                            x6
ZZ050-EXIT                        2394P
ZZ050-TEST-DATE                   2389P    2375   2380                                                                        x2
ZZ050-VALIDATE-DATE               2362S
ZZ060-CONVERT-DATE                2397S
ZZ060-EXIT                        2429P    2409   2415   2420                                                                 x3
ZZ070-CONVERT-DATE                2432S    2283                                                                               x1
ZZ070-EXIT                        2459P    2445   2450                                                                        x2
ZZ100-EXIT                        2470P
ZZ100-PRESET-WINDOW               2462S    2060   2073                                                                        x2
ZZ110-EXIT                        2488P
ZZ110-SET-WINDOW                  2472S    2466                                                                               x1
ZZ120-EXIT                        2531P
ZZ120-SHOW-TRANS-TYPES            2490S    2482                                                                               x1
ZZ130-EXIT                        2586P
ZZ130-SHOW-TRANS-TYPES            2533S    2468                                                                               x1
ACS Cobol Xref v2.03.18          Dictionary File for PY020    13/04/2026  23:09:03:86                                  Page   84
Symbols of Module: PY020 (PY020)
--------------------------------
Unreferenced Working Storage Symbols

ACAS-DAL-COMMON-DATA               513W
ACCEPT-REPLY                      1211W
ACCESS-TYPE                       1273W
ADDRESS-1                         1457K
ADDRESS-2                         1458K
ADDRESS-3                         1459K
ADDRESS-4                         1460K
AGE-TO-PAY                        1580K
AN-BG                              998W
AN-BG-IS-BLUE                     1000W
AN-BG-IS-CYAN                     1002W
AN-BG-IS-GREEN                    1001W
AN-BG-IS-MAGENTA                  1004W
AN-BG-IS-RED                      1003W
AN-BG-IS-WHITE                    1006W
AN-BG-IS-YELLOW                   1005W
AN-ERROR-E-COL-OUT-OF-SCREEN      1076W
AN-ERROR-NOT-EXTENDED-DISPLAY     1073W
AN-ERROR-OK                       1072W
AN-ERROR-S-COL-OUT-OF-SCREEN      1075W
AN-ERROR-S-ROW-OUT-OF-SCREEN      1074W
AN-FG                              989W
AN-FG-IS-BLACK                     990W
AN-FG-IS-BLUE                      991W
AN-FG-IS-CYAN                      993W
AN-FG-IS-MAGENTA                   995W
AN-FG-IS-RED                       994W
AN-FG-IS-WHITE                     997W
AN-FG-IS-YELLOW                    996W
AN-FG2                            1007W
AN-FG2-IS-BLACK                   1008W
AN-FG2-IS-BLUE                    1009W
AN-FG2-IS-GREEN                   1010W
AN-FG2-IS-MAGENTA                 1013W
AN-FG2-IS-RED                     1012W
AN-FG2-IS-WHITE                   1015W
AN-FG2-IS-YELLOW                  1014W
AN-MODE                            986W
AN-MODE-IS-NO-UPDATE               987W
AN-RETURN-CODE-VIA-BACK-TAB       1069W
AN-RETURN-CODE-VIA-ENTER          1017W
AN-RETURN-CODE-VIA-ESCAPE         1070W
AN-RETURN-CODE-VIA-PFKEY-01       1018W
AN-RETURN-CODE-VIA-PFKEY-02       1019W
AN-RETURN-CODE-VIA-PFKEY-03       1020W
AN-RETURN-CODE-VIA-PFKEY-04       1021W
AN-RETURN-CODE-VIA-PFKEY-05       1022W
AN-RETURN-CODE-VIA-PFKEY-06       1023W
AN-RETURN-CODE-VIA-PFKEY-07       1024W
AN-RETURN-CODE-VIA-PFKEY-08       1025W
AN-RETURN-CODE-VIA-PFKEY-09       1026W
ACS Cobol Xref v2.03.18          Dictionary File for PY020    13/04/2026  23:09:03:86                                  Page   85
Symbols of Module: PY020 (PY020)
--------------------------------
Unreferenced Working Storage Symbols

AN-RETURN-CODE-VIA-PFKEY-10       1027W
AN-RETURN-CODE-VIA-PFKEY-11       1028W
AN-RETURN-CODE-VIA-PFKEY-12       1029W
AN-RETURN-CODE-VIA-PFKEY-13       1030W
AN-RETURN-CODE-VIA-PFKEY-14       1031W
AN-RETURN-CODE-VIA-PFKEY-15       1032W
AN-RETURN-CODE-VIA-PFKEY-16       1033W
AN-RETURN-CODE-VIA-PFKEY-17       1034W
AN-RETURN-CODE-VIA-PFKEY-18       1035W
AN-RETURN-CODE-VIA-PFKEY-19       1036W
AN-RETURN-CODE-VIA-PFKEY-20       1037W
AN-RETURN-CODE-VIA-PFKEY-21       1038W
AN-RETURN-CODE-VIA-PFKEY-22       1039W
AN-RETURN-CODE-VIA-PFKEY-23       1040W
AN-RETURN-CODE-VIA-PFKEY-24       1041W
AN-RETURN-CODE-VIA-PFKEY-25       1042W
AN-RETURN-CODE-VIA-PFKEY-26       1043W
AN-RETURN-CODE-VIA-PFKEY-27       1044W
AN-RETURN-CODE-VIA-PFKEY-28       1045W
AN-RETURN-CODE-VIA-PFKEY-29       1046W
AN-RETURN-CODE-VIA-PFKEY-30       1047W
AN-RETURN-CODE-VIA-PFKEY-31       1048W
AN-RETURN-CODE-VIA-PFKEY-32       1049W
AN-RETURN-CODE-VIA-PFKEY-33       1050W
AN-RETURN-CODE-VIA-PFKEY-34       1051W
AN-RETURN-CODE-VIA-PFKEY-35       1052W
AN-RETURN-CODE-VIA-PFKEY-36       1053W
AN-RETURN-CODE-VIA-PFKEY-37       1054W
AN-RETURN-CODE-VIA-PFKEY-38       1055W
AN-RETURN-CODE-VIA-PFKEY-39       1056W
AN-RETURN-CODE-VIA-PFKEY-40       1057W
AN-RETURN-CODE-VIA-PFKEY-41       1058W
AN-RETURN-CODE-VIA-PFKEY-42       1059W
AN-RETURN-CODE-VIA-PFKEY-43       1060W
AN-RETURN-CODE-VIA-PFKEY-44       1061W
AN-RETURN-CODE-VIA-PFKEY-45       1062W
AN-RETURN-CODE-VIA-PFKEY-46       1063W
AN-RETURN-CODE-VIA-PFKEY-47       1064W
AN-RETURN-CODE-VIA-PFKEY-48       1065W
AN-RETURN-CODE-VIA-PG-DOWN        1067W
AN-RETURN-CODE-VIA-PG-UP          1066W
AN-RETURN-CODE-VIA-TAB            1068W
ARCH                              1545K
ARCHIVING                         1546K
AUTO-VAT                          1555K
B-L                               1471K
BATCH-ID                          1556K
BL-END-CYCLE-DATE                 1578K
BL-NEXT-BATCH                     1579K
BL-PAY-AC                         1575K
BL-PURCH-AC                       1577K
ACS Cobol Xref v2.03.18          Dictionary File for PY020    13/04/2026  23:09:03:86                                  Page   86
Symbols of Module: PY020 (PY020)
--------------------------------
Unreferenced Working Storage Symbols

BRANCHES                          1534K
CBL_DELETE_FILE                   2486C
CBL_GC_SCR_DUMP                   2480C
CBL_GC_SCR_RESTORE                2484C
CHARGE                            1621K
CHECK-DIGIT                       1323W
CLIENT                            1690K
COB-ALLOW-ALL-SCREEN-ACTIONS       825W
COB-ALLOW-LEFT-DOUBLE              817W
COB-ALLOW-LEFT-DOWN                815W
COB-ALLOW-LEFT-UP                  816W
COB-ALLOW-MIDDLE-DOUBLE            820W
COB-ALLOW-MIDDLE-DOWN              818W
COB-ALLOW-MIDDLE-UP                819W
COB-ALLOW-MOUSE-MOVE               824W
COB-ALLOW-RIGHT-DOUBLE             823W
COB-ALLOW-RIGHT-DOWN               821W
COB-ALLOW-RIGHT-UP                 822W
COB-AUTO-MOUSE-HANDLING            814W
COB-COLOR-BLUE                     805W
COB-COLOR-CYAN                     807W
COB-COLOR-MAGENTA                  809W
COB-COLOR-RED                      808W
COB-COLOR-WHITE                    811W
COB-COLOR-YELLOW                   810W
COB-SCR-ALT-LEFT-DBL-CLICK         948W
COB-SCR-ALT-LEFT-PRESSED           946W
COB-SCR-ALT-LEFT-RELEASED          947W
COB-SCR-ALT-MID-DBL-CLICK          951W
COB-SCR-ALT-MID-PRESSED            949W
COB-SCR-ALT-MID-RELEASED           950W
COB-SCR-ALT-MOVE                   945W
COB-SCR-ALT-RIGHT-DBL-CLICK        954W
COB-SCR-ALT-RIGHT-PRESSED          952W
COB-SCR-ALT-RIGHT-RELEASED         953W
COB-SCR-ALT-WHEEL-DOWN             968W
COB-SCR-ALT-WHEEL-UP               967W
COB-SCR-BACK-TAB                   904W
COB-SCR-BACKSPACE                  911W
COB-SCR-CTRL-LEFT-DBL-CLICK        938W
COB-SCR-CTRL-LEFT-PRESSED          936W
COB-SCR-CTRL-LEFT-RELEASED         937W
COB-SCR-CTRL-MID-DBL-CLICK         941W
COB-SCR-CTRL-MID-PRESSED           939W
COB-SCR-CTRL-MID-RELEASED          940W
COB-SCR-CTRL-MOVE                  935W
COB-SCR-CTRL-RIGHT-DBL-CLICK       944W
COB-SCR-CTRL-RIGHT-PRESSED         942W
COB-SCR-CTRL-RIGHT-RELEASED        943W
COB-SCR-CTRL-WHEEL-DOWN            964W
COB-SCR-CTRL-WHEEL-UP              963W
ACS Cobol Xref v2.03.18          Dictionary File for PY020    13/04/2026  23:09:03:86                                  Page   87
Symbols of Module: PY020 (PY020)
--------------------------------
Unreferenced Working Storage Symbols

COB-SCR-DELETE                     910W
COB-SCR-F10                        841W
COB-SCR-F11                        842W
COB-SCR-F12                        843W
COB-SCR-F13                        844W
COB-SCR-F14                        845W
COB-SCR-F15                        846W
COB-SCR-F16                        847W
COB-SCR-F17                        848W
COB-SCR-F18                        849W
COB-SCR-F19                        850W
COB-SCR-F2                         833W
COB-SCR-F20                        851W
COB-SCR-F21                        852W
COB-SCR-F22                        853W
COB-SCR-F23                        854W
COB-SCR-F24                        855W
COB-SCR-F25                        856W
COB-SCR-F26                        857W
COB-SCR-F27                        858W
COB-SCR-F28                        859W
COB-SCR-F29                        860W
COB-SCR-F3                         834W
COB-SCR-F30                        861W
COB-SCR-F31                        862W
COB-SCR-F32                        863W
COB-SCR-F33                        864W
COB-SCR-F34                        865W
COB-SCR-F35                        866W
COB-SCR-F36                        867W
COB-SCR-F37                        868W
COB-SCR-F38                        869W
COB-SCR-F39                        870W
COB-SCR-F4                         835W
COB-SCR-F40                        871W
COB-SCR-F41                        872W
COB-SCR-F42                        873W
COB-SCR-F43                        874W
COB-SCR-F44                        875W
COB-SCR-F45                        876W
COB-SCR-F46                        877W
COB-SCR-F47                        878W
COB-SCR-F48                        879W
COB-SCR-F49                        880W
COB-SCR-F5                         836W
COB-SCR-F50                        881W
COB-SCR-F51                        882W
COB-SCR-F52                        883W
COB-SCR-F53                        884W
COB-SCR-F54                        885W
COB-SCR-F55                        886W
ACS Cobol Xref v2.03.18          Dictionary File for PY020    13/04/2026  23:09:03:86                                  Page   88
Symbols of Module: PY020 (PY020)
--------------------------------
Unreferenced Working Storage Symbols

COB-SCR-F56                        887W
COB-SCR-F57                        888W
COB-SCR-F58                        889W
COB-SCR-F59                        890W
COB-SCR-F6                         837W
COB-SCR-F60                        891W
COB-SCR-F61                        892W
COB-SCR-F62                        893W
COB-SCR-F63                        894W
COB-SCR-F64                        895W
COB-SCR-F7                         838W
COB-SCR-F8                         839W
COB-SCR-F9                         840W
COB-SCR-FATAL                      975W
COB-SCR-INSERT                     909W
COB-SCR-KEY-DOWN                   900W
COB-SCR-KEY-END                    913W
COB-SCR-KEY-HOME                   912W
COB-SCR-KEY-LEFT                   905W
COB-SCR-KEY-RIGHT                  906W
COB-SCR-KEY-UP                     899W
COB-SCR-LEFT-DBL-CLICK             918W
COB-SCR-LEFT-PRESSED               916W
COB-SCR-LEFT-RELEASED              917W
COB-SCR-MAX-FIELD                  976W
COB-SCR-MID-DBL-CLICK              921W
COB-SCR-MID-PRESSED                919W
COB-SCR-MID-RELEASED               920W
COB-SCR-MOUSE-MOVE                 915W
COB-SCR-NO-FIELD                   972W
COB-SCR-OK                         829W
COB-SCR-PAGE-DOWN                  898W
COB-SCR-PAGE-UP                    897W
COB-SCR-PRINT                      902W
COB-SCR-RIGHT-DBL-CLICK            924W
COB-SCR-RIGHT-PRESSED              922W
COB-SCR-RIGHT-RELEASED             923W
COB-SCR-SHIFT-LEFT-DBL-CLICK       928W
COB-SCR-SHIFT-LEFT-PRESSED         926W
COB-SCR-SHIFT-LEFT-RELEASED        927W
COB-SCR-SHIFT-MID-DBL-CLICK        931W
COB-SCR-SHIFT-MID-PRESSED          929W
COB-SCR-SHIFT-MID-RELEASED         930W
COB-SCR-SHIFT-MOVE                 925W
COB-SCR-SHIFT-RIGHT-DBL-CLICK      934W
COB-SCR-SHIFT-RIGHT-PRESSED        932W
COB-SCR-SHIFT-RIGHT-RELEASED       933W
COB-SCR-SHIFT-WHEEL-DOWN           960W
COB-SCR-SHIFT-WHEEL-UP             959W
COB-SCR-TAB                        903W
COB-SCR-TIME-OUT                   973W
ACS Cobol Xref v2.03.18          Dictionary File for PY020    13/04/2026  23:09:03:86                                  Page   89
Symbols of Module: PY020 (PY020)
--------------------------------
Unreferenced Working Storage Symbols

COB-SCR-WHEEL-DOWN                 956W
COB-SCR-WHEEL-UP                   955W
COL2                              1200W
COLE                              1196W
COMPANY-EMAIL                     1527K
COMPARATIVES                      1540K
COMPARATIVES-ACTIVE               1542K
COMPS                             1539K
COMPS-ACTIVE                      1541K
COUNTRY                           1462K
CURRENT-QUARTER                   1494K
CUST-FLAG                         1601K
CUSTOMER-NOS                      1322W
DATA-CAPTURE-USED                 1514K
DATE-VALID-FORMATS                1513K
DB-HOST                           1226W
DB-PORT                           1228W
DB-SCHEMA                         1223W
DB-SOCKET                         1227W
DB-UNAME                          1224W
DB-UPASS                          1225W
DC-COBOL-STANDARD                 1515K
DC-GUI                            1516K
DC-WIDGET                         1517K
DISCOUNT                          1620K
DISPLAY-HEADS                     1828S
DOS                               1487K
EMP-ADDRESS-1                      444F
EMP-ADDRESS-2                      445F
EMP-ADDRESS-3                      446F
EMP-ADDRESS-4                      447F
EMP-AUTO-UNITS                     473F
EMP-BANK-ACCT-NO                   453F
EMP-BIRTH-DATE                     434F
EMP-CAL-DED-ALLOW                  457F
EMP-CAL-HEAD-OF-HOUSE              456F
EMP-CO-FUTA-EXEMPT                 468F
EMP-CO-SUI-EXEMPT                  469F
EMP-COMP-ACCUM                     482F
EMP-COMP-USED                      483F
EMP-CUR-APPLY-NO                   441F
EMP-DIST-ACCT                      485F
EMP-DIST-GRP                       484F
EMP-DIST-PCENT                     486F
EMP-ED-ACCT-NO                     493F
EMP-ED-AMT-PCENT                   492F
EMP-ED-CHK-CAT                     498F
EMP-ED-DESC                        494F
EMP-ED-EARN-DED                    495F
EMP-ED-EXCLUSION                   496F
EMP-ED-FACTOR                      490F
ACS Cobol Xref v2.03.18          Dictionary File for PY020    13/04/2026  23:09:03:86                                  Page   90
Symbols of Module: PY020 (PY020)
--------------------------------
Unreferenced Working Storage Symbols

EMP-ED-GROUP                       489F
EMP-ED-GRP                         487F
EMP-ED-LIMIT                       491F
EMP-ED-LIMIT-USED                  497F
EMP-ED-USED                        488F
EMP-EIC-USED                       462F
EMP-EMAIL                          452F
EMP-FICA-EXEMPT                    466F
EMP-FWT-ALLOW                      458F
EMP-FWT-EXEMPT                     463F
EMP-HS-TYPE                        429F
EMP-JOB-CODE                       432F
EMP-LWT-ALLOW                      460F
EMP-LWT-EXEMPT                     465F
EMP-MARITAL                        437F
EMP-MAX-PAY                        475F
EMP-MCARE-EXEMPT                   470F
EMP-NAME                           442F
EMP-NEXT-DEL                       439F
EMP-NORMAL-UNITS                   474F
EMP-PAY-FREQ                       438F
EMP-PAY-INTERVAL                   430F
EMP-PENSION-USED                   461F
EMP-PHONE-NO                       451F
EMP-POST-CODE                      448F
EMP-RATE                           472F
EMP-RATE4-EXCLUSION                454F
EMP-SDI-EXEMPT                     467F
EMP-SEX                            436F
EMP-SL-ACCUM                       480F
EMP-SL-RATE                        479F
EMP-SL-USED                        481F
EMP-SSN                            440F
EMP-START-DATE                     433F
EMP-STATE                          450F
EMP-SWT-ALLOW                      459F
EMP-SWT-EXEMPT                     464F
EMP-SYS-EXEMPT                     471F
EMP-TAXING-STATE                   431F
EMP-TERM-DATE                      435F
EMP-VAC-ACCUM                      477F
EMP-VAC-RATE                       476F
EMP-VAC-USED                       478F
EMP-ZIP                            449F
END-DATE                          1453K
ENTRY-LEVEL                       1584K
ERROR-CODE                         777W
ERROR-MESSAGES                     601W
EXTRA-CHARGE-AC                   1567K
EXTRA-DESC                        1618K
EXTRA-PRINT                       1622K
ACS Cobol Xref v2.03.18          Dictionary File for PY020    13/04/2026  23:09:03:86                                  Page   91
Symbols of Module: PY020 (PY020)
--------------------------------
Unreferenced Working Storage Symbols

EXTRA-RATE                        1628K
EXTRA-TYPE                        1619K
FA-FILE-DUPLICATES-IN-USE         1248W
FA-FILE-SYSTEM-USED               1239W
FA-FS-COBOL-FILES-USED            1240W
FA-FS-DUPLICATE-PROCESSING        1249W
FA-FS-RDBMS-USED                  1241W
FA-FS-VALID-OPTIONS               1247W
FA-RDBMS-FLAT-STATUSES            1238W
FILE-0                            1724K
FILE-10                           1743K
FILE-11                           1745K
FILE-12                           1747K
FILE-13                           1749K
FILE-14                           1751K
FILE-15                           1753K
FILE-16                           1755K
FILE-17                           1757K
FILE-18                           1759K
FILE-19                           1761K
FILE-2                            1727K
FILE-20                           1763K
FILE-21                           1765K
FILE-22                           1767K
FILE-23                           1769K
FILE-24                           1771K
FILE-26                           1774K
FILE-27                           1776K
FILE-28                           1778K
FILE-29                           1780K
FILE-3                            1729K
FILE-30                           1782K
FILE-31                           1784K
FILE-32                           1786K
FILE-33                           1788K
FILE-34                           1789K
FILE-35                           1790K
FILE-36                           1791K
FILE-37                           1792K
FILE-38                           1793K
FILE-39                           1796K
FILE-4                            1731K
FILE-40                           1797K
FILE-41                           1798K
FILE-42                           1799K
FILE-44                           1801K
FILE-46                           1803K
FILE-48                           1805K
FILE-49                           1807K
FILE-5                            1733K
FILE-50                           1808K
ACS Cobol Xref v2.03.18          Dictionary File for PY020    13/04/2026  23:09:03:86                                  Page   92
Symbols of Module: PY020 (PY020)
--------------------------------
Unreferenced Working Storage Symbols

FILE-51                           1809K
FILE-52                           1810K
FILE-53                           1811K
FILE-54                           1812K
FILE-55                           1813K
FILE-56                           1814K
FILE-57                           1816K
FILE-6                            1735K
FILE-7                            1737K
FILE-8                            1739K
FILE-9                            1741K
FILE-ACCESS                       1188W
FILE-DEFS-COUNT                   1820K
FILE-DEFS-OS-DELIMITER            1821K
FILE-DUPLICATES-IN-USE            1507K
FILE-FUNCTION                     1254W
FILE-KEY-NO                       1212W
FILE-SYSTEM-USED                  1496K
FILLER-DUMMY4                     1703K
FIRST-SL-BATCH                    1637K
FIRST-SL-INV                      1638K
FN-CLOSE                          1256W
FN-DELETE                         1262W
FN-DELETE-ALL                     1260W
FN-EQUAL-TO                       1278W
FN-EXTEND                         1277W
FN-GREATER-THAN                   1280W
FN-I-O                            1275W
FN-INPUT                          1274W
FN-LESS-THAN                      1279W
FN-NOT-GREATER-THAN               1282W
FN-NOT-LESS-THAN                  1281W
FN-OPEN                           1255W
FN-OUTPUT                         1276W
FN-RE-WRITE                       1261W
FN-READ-BY-BATCH                  1269W
FN-READ-BY-CUST                   1270W
FN-READ-BY-NAME                   1268W
FN-READ-INDEXED                   1258W
FN-READ-NEXT                      1257W
FN-READ-NEXT-HEADER               1271W
FN-READ-NEXT-RAW                  1266W
FN-START                          1263W
FN-WRITE                          1259W
FN-WRITE-RAW                      1265W
FS-ACTION                         1207W
FS-COBOL-FILES-USED               1497K
FS-DUPLICATE-PROCESSING           1508K
FS-MYSQL-USED                     1498K
FS-RDBMS-USED                     1500K
FS-REPLY                          1191W
ACS Cobol Xref v2.03.18          Dictionary File for PY020    13/04/2026  23:09:03:86                                  Page   93
Symbols of Module: PY020 (PY020)
--------------------------------
Unreferenced Working Storage Symbols

FS-VALID-OPTIONS                  1506K
FULL-INVOICING                    1604K
G-L                               1469K
GENERAL-LEDGER-BLOCK              1531K
GL-BL-PAY-AC                      1661K
GL-BL-PURCH-AC                    1663K
GL-P-CREDITORS                    1662K
GL-S-DEBTORS                      1665K
GL-SL-PAY-AC                      1664K
GL-SL-SALES-AC                    1666K
GROUPED                           1536K
HEADER-LEVEL                      1551K
HOST                              1482K
HRS-BATCH-NO                       391F
HRS-HEAD-KEY                       389F
HRS-PROOF-NO                       392F
HRS-PROOFED                        393F
HRS-RATE                           379F
I-LEVEL-0                         1614K
I-LEVEL-1                         1615K
I-LEVEL-2                         1616K
INDEX-2                           1559K
INVOICER                          1613K
IRS                               1477K
IRS-BOTH-USED                     1562K
IRS-DATA-BLOCK                    1702K
IRS-ENTRY-BLOCK                   1702K
IRS-INSTEAD                       1560K
IRS-NO                            1478K
IRS-USED                          1561K
LEDGER-2ND-INDEX                  1558K
LEDGER-SEC                        1563K
LEVEL                             1467K
LEVEL-1                           1468K
LEVEL-2                           1470K
LEVEL-3                           1472K
LEVEL-4                           1474K
LEVEL-5                           1476K
LEVEL-6                           1479K
LIN                               1195W
LIN2                              1199W
LINUX                             1492K
LOG-FILE-REC-WRITTEN               525W
LOGGING-DATA                      1210W
M-V                               1543K
MAC                               1489K
MAIN-RECORD-MOVE-FLAG             1232W
MANDATORY                         1548K
MAPS-SER                          1509K
MAPS-SER-NN                       1511K
MAPS-SER-XX                       1510K
ACS Cobol Xref v2.03.18          Dictionary File for PY020    13/04/2026  23:09:03:86                                  Page   94
Symbols of Module: PY020 (PY020)
--------------------------------
Unreferenced Working Storage Symbols

MENU-REPLY                         529W
MINIMUM-VALIDATION                1544K
MRMF-MOVE-FD                      1233W
MRMF-MOVE-WS                      1234W
MULTI-USER                        1483K
NEXT-BATCH                        1566K
NEXT-FOLIO                        1574K
NEXT-INVOICE                      1450K
NEXT-POST                         1691K
NO-OS                             1486K
NOT-INVOICING                     1617K
OI-3-FLAG                         1600K
OI-5-FLAG                         1602K
OP-SYSTEM                         1484K
OS-SINGLE                         1493K
OS2                               1490K
P-C                               1532K
P-C-GROUPED                       1535K
P-C-LEVEL                         1537K
P-CREDITORS                       1576K
P-FLAG-A                          1585K
P-FLAG-I                          1586K
P-FLAG-P                          1587K
P-L-EXISTS                        1582K
PAGE-LINES                        1449K
PARAM-RESTRICT                    1522K
PASS-VALUE                        1466K
PASS-WORD                         1481K
PATH-WORK                         1205W
PAYROLL                           1480K
PERIOD                            1448K
PF-RETENTION                      1636K
PHONE-NO                          1464K
PL-APPROP-AC                      1700K
PL-APPROP-AC6                     1698K
PL-AUTOGEN                        1590K
PL-DELIM                          1583K
PL-NEXT-REC                       1591K
PL-STOCK-LINK                     1588K
POST-CODE                         1461K
POST-TRANS-NAME                   1722K
POSTINGS                          1565K
PRE-TRANS-NAME                    1721K
PRESERVE-BATCH                    1557K
PRINT-SPOOL-NAME                  1463K
PRINT-SPOOL-NAME2                 1569K
PRINT-SPOOL-NAME3                 1589K
PROFIT-CENTRES                    1533K
PURCHASE-LEDGER                   1581K
PURCHASE-LEDGER-BLOCK             1573K
PURCHASE-RANGE                    1553K
ACS Cobol Xref v2.03.18          Dictionary File for PY020    13/04/2026  23:09:03:86                                  Page   95
Symbols of Module: PY020 (PY020)
--------------------------------
Unreferenced Working Storage Symbols

PY-EMPLOYEE-RECORD                 426F
PY-PR1-B-USED                      221F
PY-PR1-B2B-FIELD-ORDER             285F
PY-PR1-B2B-FIELDS                  284F
PY-PR1-B2B-FILE-TYPE               240F
PY-PR1-BLOCK                       178F
PY-PR1-CHECK-HISTORY-USED          217F
PY-PR1-CHECK-PRINTING-USED         216F
PY-PR1-CO-ADDRESS-1                182F
PY-PR1-CO-ADDRESS-2                183F
PY-PR1-CO-ADDRESS-3                184F
PY-PR1-CO-ADDRESS-4                185F
PY-PR1-CO-EMAIL                    190F
PY-PR1-CO-NAME                     180F
PY-PR1-CO-PHONE                    189F
PY-PR1-CO-POST-CODE                186F
PY-PR1-CO-STATE                    188F
PY-PR1-CO-ZIP                      187F
PY-PR1-COLOUR-1                    278F
PY-PR1-COLOUR-2                    279F
PY-PR1-COLOUR-RESET                280F
PY-PR1-COMPANY-DATA                179F
PY-PR1-CURRENCY-SIGN               227F
PY-PR1-DATE                        248F
PY-PR1-DATE-DY                     251F
PY-PR1-DATE-MO                     250F
PY-PR1-DATE-YR                     252F
PY-PR1-DEBUGGING                   229F
PY-PR1-DFLT-DIST-ACCT              199F
PY-PR1-DFLT-GROSS-ACCT             198F
PY-PR1-DFLT-HS-TYPE                239F
PY-PR1-DFLT-NORM-UNITS             211F
PY-PR1-DFLT-PAY-INTERVAL           225F
PY-PR1-DFLT-PAY-RATE               208F
PY-PR1-DFLT-SL-RATE                210F
PY-PR1-DFLT-VAC-RATE               209F
PY-PR1-DIST-USED                   226F
PY-PR1-FED-ID                      243F
PY-PR1-FONT-NORMAL                 276F
PY-PR1-FONT-RESET                  277F
PY-PR1-FONT-SMALL                  275F
PY-PR1-GL-USED                     223F
PY-PR1-HARD-DELETE                 230F
PY-PR1-HI-DED-CHK-CAT              265F
PY-PR1-HI-EARN-CHK-CAT             267F
PY-PR1-IRS-USED                    224F
PY-PR1-JC-USED                     222F
PY-PR1-LAST-DAY-PAY-PERIOD         213F
PY-PR1-LO-DED-CHK-CAT              264F
PY-PR1-LO-EARN-CHK-CAT             266F
PY-PR1-LOCAL-ID                    245F
ACS Cobol Xref v2.03.18          Dictionary File for PY020    13/04/2026  23:09:03:86                                  Page   96
Symbols of Module: PY020 (PY020)
--------------------------------
Unreferenced Working Storage Symbols

PY-PR1-M-USED                      219F
PY-PR1-MAX-CHK-CATS                260F
PY-PR1-MAX-DIST-ACCTS              200F
PY-PR1-MAX-ED-CATS                 262F
PY-PR1-MAX-EMP-EDS                 261F
PY-PR1-MAX-PAY-FACTOR              207F
PY-PR1-MAX-SWT-ENTRIES             263F
PY-PR1-MAX-SYS-EDS                 268F
PY-PR1-MIN-WAGE                    202F
PY-PR1-OFFSET-CASH-ACCT            197F
PY-PR1-OS-DELIMITER                228F
PY-PR1-PAGE-LINES-L                254F
PY-PR1-PAGE-LINES-P                253F
PY-PR1-PAGE-WIDTH-L                256F
PY-PR1-PAGE-WIDTH-P                255F
PY-PR1-PAY-METHOD                  191F
PY-PR1-PAYSLIP-MD                  192F
PY-PR1-PRINT-CONTROL               270F
PY-PR1-PRINT-CTL-FLAG              274F
PY-PR1-PRINT-SPOOL-NAME            271F
PY-PR1-PRINT-SPOOL-NAME2           272F
PY-PR1-PRINT-SPOOL-NAME3           273F
PY-PR1-QUOTE-CHAR                  282F
PY-PR1-RATE-NAME                   241F
PY-PR1-RATE2-FACTOR                205F
PY-PR1-RATE3-FACTOR                206F
PY-PR1-RATE4-EXCLUSION-TYPE        215F
PY-PR1-S-USED                      218F
PY-PR1-STATE-ID                    244F
PY-PR1-TAX-ID                      193F
PY-PR1-TRADE-NAME                  181F
PY-PR1-USER-PROG                   258F
PY-PR1-USER-PROG-DESC              259F
PY-PR1-USER-PROG-USED              257F
PY-PR1-VOID-CHECK-AMT              203F
PY-PR1-VOID-CHECKS-OVER-MAX        214F
PY-PR1-W-USED                      220F
PY-PR2-940-PRINTED                 312F
PY-PR2-941-PRINTED                 313F
PY-PR2-BLOCK                       292F
PY-PR2-CHECK-DATE                  303F
PY-PR2-JUST-CLOSED-YEAR            310F
PY-PR2-LAST-CHECK-NO               316F
PY-PR2-LAST-DAY-LAST-B             300F
PY-PR2-LAST-DAY-LAST-M             302F
PY-PR2-LAST-DAY-LAST-S             301F
PY-PR2-LAST-DAY-LAST-W             299F
PY-PR2-LAST-EMPLOYEE-NO            304F
PY-PR2-LAST-Q-ENDED                315F
PY-PR2-LAST-SM-APPLY-NO            296F
PY-PR2-LAST-WB-APPLY-NO            297F
ACS Cobol Xref v2.03.18          Dictionary File for PY020    13/04/2026  23:09:03:86                                  Page   97
Symbols of Module: PY020 (PY020)
--------------------------------
Unreferenced Working Storage Symbols

PY-PR2-LAST-YEAR-ENDED             295F
PY-PR2-NO-ACCTS                    309F
PY-PR2-NO-ACTIVE-EMPS              305F
PY-PR2-NO-EMPLOYEES                306F
PY-PR2-NO-OF-SM-APPLIES            307F
PY-PR2-NO-OF-WB-APPLIES            308F
PY-PR2-W2-PRINTED                  314F
PY-PR2-YEAR                        293F
PY-PR2-YEAR-NEXT                   294F
RDB-DATA                          1222W
RDBMS-DB-NAME                     1518K
RDBMS-FLAT-STATUSES               1495K
RDBMS-HOST                        1524K
RDBMS-PASSWD                      1520K
RDBMS-PORT                        1523K
RDBMS-SOCKET                      1525K
RDBMS-USER                        1519K
REVENUE-ONLY                      1538K
RUN-DATE                          1451K
S-DEBTORS                         1641K
S-END-CYCLE-DATE                  1643K
S-FLAG-A                          1605K
S-FLAG-I                          1606K
S-FLAG-OI-3                       1603K
S-FLAG-P                          1607K
S-L                               1473K
S-L-EXISTS                        1598K
S1                                1192W
SALES-LEDGER                      1597K
SALES-LEDGER-BLOCK                1596K
SALES-RANGE                       1552K
SCYCLE                            1447K
SL-AUTOGEN                        1655K
SL-BO-DEFAULT                     1658K
SL-BO-FLAG                        1657K
SL-CHARGES                        1609K
SL-COMP-HEAD-INV                  1646K
SL-COMP-HEAD-LETS                 1650K
SL-COMP-HEAD-PICK                 1644K
SL-COMP-HEAD-STAT                 1648K
SL-COMP-INV                       1647K
SL-COMP-LETS                      1651K
SL-COMP-PICK                      1645K
SL-COMP-STAT                      1649K
SL-CREDIT                         1632K
SL-DAY-BOOK                       1612K
SL-DAYS-1                         1629K
SL-DAYS-2                         1630K
SL-DAYS-3                         1631K
SL-DELIM                          1599K
SL-DISC                           1627K
ACS Cobol Xref v2.03.18          Dictionary File for PY020    13/04/2026  23:09:03:86                                  Page   98
Symbols of Module: PY020 (PY020)
--------------------------------
Unreferenced Working Storage Symbols

SL-DUNNING                        1608K
SL-INVOICE-LINES                  1654K
SL-LATE-PER                       1626K
SL-LIMIT                          1639K
SL-MAX                            1635K
SL-MIN                            1634K
SL-NEXT-REC                       1656K
SL-OWN-NOS                        1610K
SL-PAY-AC                         1640K
SL-SALES-AC                       1642K
SL-STATS-RUN                      1611K
SL-STOCK-AUDIT                    1624K
SL-STOCK-LINK                     1623K
SL-VAT-PRINTED                    1652K
SL-VAT-PRINTS                     1653K
SQL-ERR                           1215W
SQL-MSG                           1216W
SQL-STATE                         1217W
START-DATE                        1452K
STATS-DATE-PERIOD                 1526K
STK-ABREV-REF                     1672K
STK-ACTIVITY-REP-RUN              1685K
STK-AUDIT-NO                      1688K
STK-AUDIT-USED                    1676K
STK-AVERAGING                     1683K
STK-BO-ACTIVE                     1686K
STK-DEBUG                         1673K
STK-MANU-USED                     1674K
STK-MOV-AUDIT                     1677K
STK-OE-USED                       1675K
STK-PAGE-LINES                    1687K
STK-PERIOD-CUR                    1678K
STK-PERIOD-DAT                    1679K
STOCK                             1475K
STOCK-AUDIT-ON                    1625K
STOCK-AVERAGING                   1684K
STOCK-CONTROL                     1681K
STOCK-CONTROL-BLOCK               1671K
STOCK-CONTROL-EXISTS              1682K
SUSER                             1454K
SW-TESTING                         517W
SW-TESTING-2                       522W
SYSTEM-DATA-BLOCK                 1430K
SYSTEM-FILE-NAMES                 1819K
TESTING-1                          518W
TESTING-2                          523W
TRANS-DONE                        1550K
TRANS-PRINT                       1547K
TRANS-PRINTED                     1549K
U-CC                              1298W
U-DAYS                            1293W
ACS Cobol Xref v2.03.18          Dictionary File for PY020    13/04/2026  23:09:03:86                                  Page   99
Symbols of Module: PY020 (PY020)
--------------------------------
Unreferenced Working Storage Symbols

U-INTL                            1306W
U-INTL-CC                         1308W
U-INTL-DAYS                       1313W
U-INTL-MONTH                      1311W
U-INTL-YEAR                       1307W
U-INTL-YY                         1309W
U-MONTH                           1295W
U-UK                              1292W
U-USA                             1300W
U-USA-DAYS                        1303W
U-USA-MONTH                       1301W
U-YEAR                            1297W
U-YY                              1299W
UNIX                              1491K
UPDATES                           1564K
USER-CODE                         1456K
VALID-OS-TYPE                     1485K
VAT                               1554K
VAT-AC                            1568K
VAT-GROUP                         1696K
VAT-PSENT                         1697K
VAT-RATE                          1445K
VAT-RATE-1                        1440K
VAT-RATE-2                        1441K
VAT-RATE-3                        1442K
VAT-RATE-4                        1443K
VAT-RATE-5                        1444K
VAT-REG-NUMBER                    1521K
VAT1                              1693K
VAT2                              1694K
VAT3                              1695K
WE-ERROR                          1189W
WINDOWS                           1488K
WS-CALLED                         1368K
WS-CALLER                         1369K
WS-CD-ARGS                        1375K
WS-CONV-DATE                       580W
WS-COUNT-ROWS                     1221W
WS-DATA                            528W
WS-DATE-FORMATS                    578W
WS-DEL-LINK                       1370K
WS-DISP-NAMES                      551W
WS-DNAMES                          550W
WS-ED-DESC-TABLE                   700W
WS-EMP-CHK-DIG                     554W
WS-EMPLOYEE-NO                     553W
WS-FILE-KEY                       1218W
WS-HRS-EFFECTIVE-DATE             1114W
WS-HRS-EMP-NO                     1103W
WS-HRS-KEY                        1101W
WS-HRS-NO-RECS                    1137W
ACS Cobol Xref v2.03.18          Dictionary File for PY020    13/04/2026  23:09:03:86                                  Page  100
Symbols of Module: PY020 (PY020)
--------------------------------
Unreferenced Working Storage Symbols

WS-HRS-PROOF-NO                   1149W
WS-HRS-TRANS-CODE                 1108W
WS-HRS-UNITS                      1117W
WS-INTL                            594W
WS-LOG-FILE-NO                    1220W
WS-LOG-SYSTEM                     1213W
WS-LOG-WHERE                      1219W
WS-NO-PARAGRAPH                   1214W
WS-OK-LISTS                        773W
WS-PR1-DATING                      577W
WS-PROCESS-FUNC                   1373K
WS-SUB-FUNCTION                   1374K
WS-SYSTEM-RECORD-VERSION-PRIME    1432K
WS-SYSTEM-RECORD-VERSION-SECOND   1437K
WS-TEMP-FACTOR                     572W
WS-TEMP-LIMIT                      571W
WS-TEMP-NUMBERS                    568W
WS-TEMP-RATE                       569W
WS-TIME                           1326W
WS-UK                              582W
WS-USA                             588W
WS-WS-HRS-RATE                    1111W
WS-WS-HRS-TRAN                    1111W
WSA-DATE                          1327W
WSA-DD                            1330W
WSA-MM                            1329W
WSA-YY                            1328W
WSB-HH                            1332W
WSB-MM                            1333W
WSB-SS                            1334W
WSB-TIME                          1331W
WSD-HH                            1337W
WSD-MM                            1339W
WSD-SA                            1338W
WSD-SB                            1340W
WSD-SS                            1341W
WSD-TIME                          1336W
WSE-HH                            1351W
WSE-MM                            1352W
WSE-SS                            1353W
WSE-TIME                          1350W
ACS Cobol Xref v2.03.18          Dictionary File for PY020    13/04/2026  23:09:03:86                                  Page  101
Symbols of Module: PY020 (PY020)
--------------------------------
Unreferenced Procedures

AA000-MAIN                        1922S
AA020-MAIN-PROCESSING             2053P
AA100-BAD-DATA-DISPLAY            2223P
AA125-TEST-PR1-STATUS             2227P
MAPS04-EXIT                       2605P
MAPS09-EXIT                       2612P
WS-                               2353P
ZZ010-EXIT                        2274P
ZZ020-DISPLAY-HEADS               2276S
ZZ020-EXIT                        2286P
ZZ040-EVAL-MSG-EXIT               2359P
ZZ050-EXIT                        2394P
ZZ050-VALIDATE-DATE               2362S
ZZ060-CONVERT-DATE                2397S
ZZ100-EXIT                        2470P
ZZ110-EXIT                        2488P
ZZ120-EXIT                        2531P
ZZ130-EXIT                        2586P
