
ACS Cobol Xref v2.03.18          Dictionary File for PY030    09/04/2026  19:12:41:70                                  Page    1

     1         >>source free
     2  *>****************************************************************
     3  *>                  Hours Entry Proof Report                     *
     4  *>                                                               *
     5  *>            Uses RW (Report writer for prints)                 +
     6  *>                                                               *
     7  *>****************************************************************
     8  *>
     9   identification          division.
    10  *>================================
    11  *>
    12        program-id.       py030.
    13  *>**
    14  *>    Author.           Vincent B Coen FBCS, FIDM, FIDPM, 07/04/2026.
    15  *>**
    16  *>    Security.         Copyright (C) 2025 - 2026 & later, Vincent Bryan Coen.
    17  *>                      Distributed under the GNU General Public License.
    18  *>                      See the file COPYING for details.
    19  *>**
    20  *>    Remarks.          Employee History Reporting.
    21  *>                       This program uses RW (Report Writer) - I hope, as
    22  *>                         very rusty using it.
    23  *>
    24  *>                      Semi-sourced from Basic code from empprint.
    25  *>**
    26  *>    Version.          See Prog-Name In Ws.
    27  *>**
    28  *>    Called Modules.   SYSTEM.
    29  *>**
    30  *>    Functions Used:
    31  *>                      CURRENT-DATE.
    32  *>                      TRIM.
    33  *>    Files used :
    34  *>                      pypr1.   Params
    35  *>                      pyemp.   Employee Master.
    36  *>                      pyhrs.   Hours transactions.
    37  *>
    38  *>    Error messages used.   CHANGES NEEDED <<<<<<<<<<
    39  *> System wide:
    40  *>                      SY001 - 5, 8, 10 - 14.  ??
    41  *> Program specific:
    42  *>                      PY001 - 7. ??
    43  *>                      PY101 - 126. ??
    44  *>                      PY 801 - 809 ??
    45  *>                      PY 675 - 681 ??
    46  *>**
    47  *> Changes:
    48  *> 07/04/2026 vbc - 1.0.00 Created - Started coding.
    49  *>
    50  *>**
    51  *>*************************************************************************
    52  *>
    53  *> Copyright Notice.
    54  *> ****************
ACS Cobol Xref v2.03.18          Dictionary File for PY030    09/04/2026  19:12:41:70                                  Page    2

    55  *>
    56  *> This notice supersedes all prior copyright notices & was updated 2024-04-16.
    57  *>
    58  *> These files and programs are part of the Applewood Computers Accounting
    59  *> System and is Copyright (c) Vincent B Coen. 1976-2026 and later.
    60  *>
    61  *> This program is now free software; you can redistribute it and/or modify it
    62  *> under the terms listed here and of the GNU General Public License as
    63  *> published by the Free Software Foundation; version 3 and later as revised
    64  *> for PERSONAL USAGE ONLY and that includes for use within a business but
    65  *> EXCLUDES repackaging or for Resale, Rental or Hire in ANY way.
    66  *>
    67  *> Persons interested in repackaging, redevelopment for the purpose of resale or
    68  *> distribution in a rental or hire mode must get in touch with the copyright
    69  *> with your commercial plans and proposals to vbcoen@gmail.com.
    70  *>
    71  *> ACAS is distributed in the hope that it will be useful, but WITHOUT
    72  *> ANY WARRANTY; without even the implied warranty of MERCHANTABILITY or
    73  *> FITNESS FOR A PARTICULAR PURPOSE.  See the GNU General Public License
    74  *> for more details. If it breaks, you own both pieces but I will endeavour
    75  *> to fix it, providing you tell me about the problem.
    76  *>
    77  *> You should have received a copy of the GNU General Public License along
    78  *> with ACAS; see the file COPYING.  If not, write to the Free Software
    79  *> Foundation, 59 Temple Place, Suite 330, Boston, MA 02111-1307 USA.
    80  *>
    81  *>*************************************************************************
    82  *>
    83   environment             division.
    84  *>================================
    85  *>
    86  *>C  copy "envdiv.cob".
    87   configuration section.
    88   source-computer.      Linux.
    89   object-computer.      Linux.
    90  *> special-names.
    91  *>     console is crt.
    92   SPECIAL-NAMES.
    93         CRT STATUS is COB-CRT-STATUS.
    94   REPOSITORY.
    95         FUNCTION ALL INTRINSIC.
    96  *>
    97   input-output            section.
    98   file-control.
    99  *>C  copy "selpyparam1.cob".
   100  *>
   101  *> Payroll param-1 (USA)
   102  *>
   103       select  PY-Param1-File  assign        File-47
   104                               access        dynamic
   105                               organization  is relative
   106                               relative key  is RRN
   107                               status        PY-PR1-Status.
   108  *>C  copy "selpyemp.cob".
ACS Cobol Xref v2.03.18          Dictionary File for PY030    09/04/2026  19:12:41:70                                  Page    3

   109  *>
   110  *> Payroll Employee (USA)
   111  *>
   112       select  PY-Employee-File
   113                               assign               File-43
   114                               access               dynamic
   115                               organization         indexed
   116                               record key is        Emp-No
   117                               alternate record key Emp-Search-Name with duplicates
   118                               status               PY-Emp-Status.
   119  *>
   120  *>C  copy "selpyhrs.cob".
   121  *>
   122  *> Payroll Pay Hours (USA)
   123  *> Key in 2 parts, emp no and Trans-code
   124  *>
   125       select  PY-Pay-Transactions-File
   126                               assign        file-45
   127                               access        dynamic
   128                               organization  indexed
   129                               record key is Hrs-Key
   130                               status        PY-Hrs-Status.
   131  *>
   132  *>
   133  *>C  copy "selprint.cob".    *> 132
   134  *>
   135  *> removed org line seq as causing double line printing in OC CE
   136  *>
   137         select  print-file     assign        "prt-1"
   138                                organization line sequential.
   139  *>
   140   data                    division.
   141  *>================================
   142  *>
   143   file section.
   144  *>
   145  *>C  copy "fdpyparam1.cob".
   146  *>*******************************************
   147  *>                                          *
   148  *>  File Definition For Payroll Param  File *
   149  *>                                          *
   150  *>*******************************************
   151  *>   Record Size 1024 Bytes (13/10/25)
   152  *>   see wspyparam1.cob for later updates
   153  *>
   154   fd  PY-Param1-File.
   155  *>
   156  *>C  copy "wspyparam1.cob".
   157  *>*******************************************
   158  *>                                          *
   159  *>  Record Definition For Py param1 File    *
   160  *>     Uses RRN = 1                         *
   161  *>                                          *
   162  *>  If moved to ACAS system file will be    *
ACS Cobol Xref v2.03.18          Dictionary File for PY030    09/04/2026  19:12:41:70                                  Page    4

   163  *>    record 5 and if split for PR1 rec 6.  *
   164  *>     amd only the FH will need a change & *
   165  *>      possibly the DAL if all of Payroll  *
   166  *>      is to be supported in Mysql         *
   167  *> A decision to be made after testing.     *
   168  *>                                          *
   169  *>*******************************************
   170  *>
   171  *>  File size 767 bytes padded to 1024 by filler.
   172  *>
   173  *> 13/10/25 vbc - Created.
   174  *>  Consider adding to system file as rec #5 after basic testing
   175  *> 08/11/25 vbc - Rec  changed still 1024.
   176  *> 11/11/25 vbc - Moved PR2 fields embedded within PR1 area to PR2 rec size the same.
   177  *> 26/11/25 vbc - Added new field PY-PR2-Last-Employee-no - filler adjusted.
   178  *> 28/11/25 vbc - Added new field PY-PR1-Tax-ID  to ident employer with IRS set
   179  *>                as x(24) as format not known.
   180  *> 09/03/26 vbc - PR2 fields changed from x to bin-short unsigned.
   181  *> 27/03/26 vbc - Just-closed-year-ended chg unsign bin to x (Y/N)
   182  *>
   183   01  PY-Param1-Record.
   184       03  PY-PR1-Block.                         *> Size = 863
   185           05  PY-PR1-Company-Data.                 *> size 298
   186               07  PY-PR1-Co-Name       pic x(60). *> Applewood Computers  [ 60 ] ?
   187               07  PY-PR1-Trade-Name    pic x(32).
   188               07  PY-PR1-Co-Address-1  pic x(32). *> 17 Stag Green Avenue [ 30 ]
   189               07  PY-PR1-Co-Address-2  pic x(32). *> Hatfield             [ 30 ]
   190               07  PY-PR1-Co-Address-3  pic x(32). *> Hertfordshire        [ 30 ]
   191               07  PY-PR1-Co-Address-4  pic x(32). *> spaces
   192               07  PY-PR1-Co-Post-Code.
   193                   09  PY-PR1-Co-Zip    pic x(10).
   194                   09  PY-PR1-Co-State  pic xx.
   195               07  PY-PR1-Co-Phone      pic x(12). *> 01234-123456
   196               07  PY-PR1-Co-Email      pic x(30). *> vbcoen@gmail.com
   197               07  PY-PR1-Tax-ID        pic x(24). *> Used for Employer ID for IRS  NEW 27/11/25
   198  *>
   199  *> Only set if PY-PR1-IRS-Used or PY-PR1-GL-Used  = "Y" <<<<<<<<<<<<<<<<<<<<<<<<<<
   200  *>
   201           05  PY-PR1-Offset-Cash-Acct  binary-char unsigned.    *> def 1  another file rec 5 or 6 digits
   202           05  PY-PR1-Dflt-Gross-Acct   binary-char unsigned.    *>   DITTO
   203           05  PY-PR1-Dflt-Dist-Acct    binary-char unsigned.    *>  def 3
   204           05  PY-PR1-Max-Dist-Accts    binary-char unsigned.   *> rem 11/06/79 these aren't in pr1 file, Are now!
   205  *>
   206           05  PY-PR1-Min-Wage          pic 9(5)v99    comp-3.  *>  def 0
   207           05  PY-PR1-Void-Check-Amt    pic 9(5)v99    comp-3.
   208  *>
   209           05  PY-PR1-Rate2-Factor      pic 9(5)v99    comp-3.  *> def 1.5
   210           05  PY-PR1-Rate3-Factor      pic 9(5)v99    comp-3.  *> def 2.0
   211           05  PY-PR1-Max-Pay-Factor    pic 9(5)v99    comp-3.  *> def 3.0
   212           05  PY-PR1-Dflt-Pay-Rate     pic 9(5)v99    comp-3.  *> def 1.0
   213           05  PY-PR1-Dflt-Vac-Rate     pic 9(5)v99    comp-3.  *> def 0.42
   214           05  PY-PR1-Dflt-SL-Rate      pic 9(5)v99    comp-3.  *> def 0.21
   215           05  PY-PR1-Dflt-Norm-Units   pic 9(5)v99    comp-3.  *> def 1  Regular
   216  *>
ACS Cobol Xref v2.03.18          Dictionary File for PY030    09/04/2026  19:12:41:70                                  Page    5

   217           05  PY-PR1-Last-Day-Pay-Period  pic 9(8). *> temp entry ? from param entry *nix format
   218           05  PY-PR1-Void-Checks-Over-Max pic x.    *> def N      - Y or N
   219           05  PY-PR1-Rate4-Exclusion-Type pic 9.    *> def 1  (1..4)
   220           05  PY-PR1-Check-Printing-Used  pic x.    *> def Y (or N)
   221           05  PY-PR1-Check-History-Used   pic x.    *> def N      - or Y
   222           05  PY-PR1-S-Used               pic x.    *> def N      - or N Semi M
   223           05  PY-PR1-M-Used               pic x.    *> def Y      - Y  Month
   224           05  PY-PR1-W-Used               pic x.    *> Def N   "  - Y  Weekly
   225           05  PY-PR1-B-Used               pic x.    *> def N   "  - Y  Bi Month
   226           05  PY-PR1-JC-Used              pic x.    *> def N      - Y
   227           05  PY-PR1-GL-Used              pic x.    *> def N      - or Y
   228           05  PY-PR1-IRS-Used             pic x.    *> del Y      - or N
   229           05  PY-PR1-Dflt-Pay-Interval    pic x.    *> def S  could be SMBW - S=Salary,W=Weekly, M=Monthly & B=Bi-Monthly
   230           05  PY-PR1-Dist-Used            pic x.    *> def N  was binary-char unsigned.    *> def Y ????? what
   231           05  PY-PR1-Currency-Sign        pic x.    *> Def "$"
   232           05  PY-PR1-OS-Delimiter         pic x.    *>   / for *nix and \ for windows Used via ACAS param
   233           05  PY-PR1-Debugging            pic x.    *> Def N (or Y !
   234           05  PY-PR1-Hard-Delete          pic x.    *> Def N (or Y)
   235  *>
   236  *>  Where are these stored, if anywhere ?
   237  *>
   238  *> interval$(1)="SEMI-MONTHLY"
   239  *> interval$(2)="MONTHLY"
   240  *> interval$(3)="BIWEEKLY"
   241  *> interval$(4)="WEEKLY"
   242  *>
   243           05  PY-PR1-Dflt-HS-Type      pic x.     *> def S  Dflt-Pay-Type ??
   244           05  PY-PR1-Rate-Name         pic x(15)       occurs 4.   *> def  "REGULAR" "OVERTIME"
   245                                                                    *> def  "SPEC. OVERTIME" "COMMISSION"
   246           05  PY-PR1-Fed-ID            pic x(15). *> "FEDERAL ID"
   247           05  PY-PR1-State-ID          pic x(15). *> "STATE ID"
   248           05  PY-PR1-Local-ID          pic x(15). *> "LOCAL ID"
   249           05  PY-PR1-Date-Format       pic 9.     *> Def: 2=mm/dd/ccyy,  1=dd/mm/ccyy
   250  *>                                                  ( Value reversed from BASIC code to match ACAS.
   251           05  PY-PR1-Date.                        *> WHAT IS THIS FOR ? - will ASSUME today for the BUT NEEDED - SO FAR NO.
   252  *>                                                  moment defaulting to USA mode - ditto for other dates
   253               07  PY-PR1-Date-Mo       pic 99.    *> def 1
   254               07  PY-PR1-Date-Dy       pic 99.    *> def 2
   255               07  PY-PR1-Date-Yr       pic 9(4).  *> def 3 Added CC
   256           05  PY-PR1-Page-Lines-P      pic 99.    *> def 60  Portrait
   257           05  PY-PR1-Page-Lines-L      pic 99.    *> def 60  Landscape
   258           05  PY-PR1-Page-Width-P      pic 999.   *> def 132  -- Portrait paper = 80
   259           05  PY-PR1-Page-Width-L      pic 999.   *> def 132  -- landscape paper = 120
   260           05  PY-PR1-User-Prog-Used    pic x.     *>  N   ----  These three not used
   261           05  PY-PR1-User-Prog         pic x(8).  *> spaces
   262           05  PY-PR1-User-Prog-Desc    pic x(20). *> spaces
   263           05  PY-PR1-Max-Chk-Cats      binary-char.  *>     This block values to be determined
   264           05  PY-PR1-Max-Emp-Eds       binary-char.  *>  3  NEEDED <<   a number but not really neeeded as fields are exact #
   265           05  PY-PR1-Max-Ed-Cats       binary-char.  *>  55 NEEDS TO BE SET UP in param  SETUP NOT YET DONE - same for all these.
   266           05  PY-PR1-Max-Swt-Entries   binary-char.  *>            A / marks in use for any one line
   267           05  PY-PR1-Lo-Ded-Chk-Cat    binary-char.  *>
   268           05  PY-PR1-Hi-Ded-Chk-Cat    binary-char.  *>
   269           05  PY-PR1-Lo-Earn-Chk-Cat   binary-char.  *>
   270           05  PY-PR1-Hi-Earn-Chk-Cat   binary-char.  *>
ACS Cobol Xref v2.03.18          Dictionary File for PY030    09/04/2026  19:12:41:70                                  Page    6

   271           05  PY-PR1-Max-Sys-Eds       binary-char.  *> 5
   272  *>
   273           05  PY-PR1-Print-Control.
   274               07  PY-PR1-Print-Spool-Name  pic x(48). *> All 3 from ACAS system params
   275               07  PY-PR1-Print-Spool-Name2 pic x(48). *> but only 1st used (or is it)
   276               07  PY-PR1-Print-Spool-Name3 pic x(48). *>  consider creating a pdf file from prt-1
   277               07  PY-PR1-Prnt-Ctl-Flag     pic x.        *>  Font etc control needed/used (Def N)
   278               07  PY-PR1-Font-Small        pic x(32).
   279               07  PY-PR1-Font-Normal       pic x(32).
   280               07  PY-PR1-Font-Reset        pic x(32). *> + 97
   281               07  PY-PR1-Colour-1          pic x(32). *> + 129
   282               07  PY-PR1-Colour-2          pic x(32). *> + 161
   283               07  PY-PR1-Colour-Reset      pic x(32). *> + 193
   284  *>
   285       03  PY-PR2-Block.                        *> Size = 97  COULD BE REC 2 ? (+ filler = 640 or 768 etc) (RRN = 2). sizes wrong
   286           05  PY-PR2-Year              pic 9(4).  *> current year
   287           05  PY-PR2-Year-Next         pic 9(4).  *> Year + 1  --- New field
   288           05  PY-PR2-Last-Year-Ended   pic 9(4).  *> Used in pyperend only so far?????? { if no where else can kill it }
   289           05  PY-PR2-Last-SM-Apply-No  pic 9(4).  *> def 0
   290           05  PY-PR2-Last-WB-Apply-No  pic 9(4).  *> def 0
   291           05  PY-PR2-Hrs-Batch-No      pic 9(4).  *> def 0
   292           05  PY-PR2-Last-Day-Last-W   pic 9(8).  *> }
   293           05  PY-PR2-Last-Day-Last-B   pic 9(8).  *> }
   294           05  PY-PR2-Last-Day-Last-S   pic 9(8).  *> }  use todays to yyyymmdd
   295           05  PY-PR2-Last-Day-Last-M   pic 9(8).  *> }       error,  may be not ??????
   296           05  PY-PR2-Check-Date        pic 9(8).  *> }
   297           05  PY-PR2-Last-Employee-No  pic 9(8)   comp.    *>  ?? NEW for py010 data entry EXCLUDES check digit. allows for # = 64k
   298           05  PY-PR2-No-Active-Emps    binary-short unsigned.   *> def 0
   299           05  PY-PR2-No-Employees      binary-short unsigned.   *> def 0 - NEEDED ??
   300           05  PY-PR2-No-Of-SM-Applies  binary-short unsigned.   *> SIZE emough 65k ?  - 12/02/79 pr2.no.of.xx.applies% = number of sm, wb applies this quarter
   301           05  PY-PR2-No-Of-WB-Applies  binary-short unsigned.   *> SIZE emough 65k ?    DITTO
   302           05  PY-PR2-No-Accts          binary-char  unsigned.    *> def 4 = 4 accounts ? is it needed ??
   303           05  PY-PR2-Just-Closed-Year  pic x. *> pyperpend - wrong ? binary-short unsigned.
   304  *>                    - 12/02/79 pr2.just.closed.year% = no applies run since year end close THIS DOES NOT MATCH UP - FIND THIS!!!!!!
   305           05  PY-PR2-940-Printed       pic x.     *> N  (or Y)
   306           05  PY-PR2-941-Printed       pic x.     *> N  (or Y)
   307           05  PY-PR2-W2-Printed        pic x.     *> N  (or Y)
   308           05  PY-PR2-Last-Q-Ended      pic 9.     *> 4 ( vals 1, 2, 3 or 4 )
   309           05  PY-PR2-Last-Check-No     pic 9(15). *> 000000     - 12/02/79 pr2.last.check.no$    = last check number written by PYCHECKS
   310  *>
   311       03  filler                       pic x(64).
   312  *>
   313  *> IPYPR2 - payroll chainging parameter record description
   314  *>        12/02/79 pr2.no.of.xx.applies% number of sm, wb applies this quarter
   315  *>        12/02/79 pr2.just.closed.year% no applies run since year end close
   316  *>        12/02/79 pr2.last.check.no$    last check number written by PYCHECKS
   317  *>
   318
   319  *>
   320  *>C  copy "fdpyemp.cob".
   321  *>*******************************************
   322  *>                                          *
   323  *>  File Definition For PY Employee File    *
   324  *>                                          *
ACS Cobol Xref v2.03.18          Dictionary File for PY030    09/04/2026  19:12:41:70                                  Page    7

   325  *>*******************************************
   326  *>   Record Size 508 Bytes
   327  *>   see wspyemp.cob for later updates
   328  *>
   329   fd  PY-Employee-File.
   330  *>
   331  *>C  copy "wspyemp.cob".
   332  *>*******************************************
   333  *>                                          *
   334  *>  Record Definition For Employee          *
   335  *>           File                           *
   336  *>     Uses Emp-No as key                   *
   337  *>*******************************************
   338  *>  File size 508 bytes.
   339  *>
   340  *> THESE FIELDS DEFINITIONS MAY NEED CHANGING
   341  *>
   342  *> 29/10/25 vbc - Created.
   343  *> 10/11/25 vbc - Field changes.
   344  *> 20/11/25 vbc - Phone# 12 -> 13 reduced filler to 14 & removed dup phone field.
   345  *> 28/11/25 vbc - Zip code, SSN sizes chg.  Date fiormats are all ccyymmdd.
   346  *> 02/12/25 vbc - Fields with -Allow chgd from x to 99.size will be the same.
   347  *> 17/03/26 vbc - Mcare-Exempt added - File size change ?
   348  *>
   349   01  PY-Employee-Record.
   350       03  Emp-No                pic 9(7)   comp.
   351       03  Emp-Status            pic x.     *> A = Active, T = Terminated, L = On leave & Hidden D = Deleted
   352       03  Emp-HS-Type           pic x.     *> H = Hourly or S = Salaried
   353       03  Emp-Pay-Interval      pic x.     *> W, M, B ( Bi weekly), S (semi-monthly
   354       03  Emp-Taxing-State      pic xx.    *> USA state code
   355       03  Emp-Job-Code          pic xxx.   *> information only
   356       03  Emp-Start-Date        pic 9(8)   comp. *> date started ccyymmdd
   357       03  Emp-Birth-Date        pic 9(8)   comp. *> ccyymmdd
   358       03  Emp-Term-Date         pic 9(8)   comp. *> date left  ccyymmdd - (last date of pay ?)
   359       03  Emp-Sex               pic x.     *> M, F
   360       03  Emp-Marital           pic x.     *> S, M
   361       03  Emp-Pay-Freq          binary-char.     *> 52, 24 or same / 2 = 26 / 12 Subject to change when looking at basic code
   362       03  Emp-Next-Del          pic x.     *> No idea yet
   363       03  Emp-SSN               pic 9(9)   comp.  *> 000-00-0000 & one spare for growth Excludes "-"
   364       03  Emp-Cur-Apply-No      pic 99.    *>  9  or ??  2 bytes
   365       03  Emp-Name              pic x(32). *> last 1st & middle init -NO> 1st middle last (middle can be initial only
   366       03  Emp-Search-Name       pic x(32). *> Uses Emp-Name to create Last, Middle & First Name - INDEX 2
   367       03  Emp-Address-1         pic x(32).
   368       03  Emp-Address-2         pic x(32).
   369       03  Emp-Address-3         pic x(32).
   370       03  Emp-Address-4         pic x(32).
   371       03  Emp-Post-Code.                   *> UK = 8 Canada 7 incl space,
   372           05  Emp-Zip           pic x(10).  *> 5 & + 5
   373           05  Emp-State         pic xx.
   374       03  Emp-Phone-No          pic 9(11). *> 01234-123456 / (123)-456-7890 09/12/25 reduced from 13
   375       03  Emp-Email             pic x(30). *> vbcoen@btconnect.com  + 10
   376       03  Emp-Bank-Acct-No      pic x(24). *> Allows also for sortcode/acct # (6+8) & - between numbers )
   377       03  Emp-Rate4-Exclusion   pic 9.     *> 1 = all taxes, 2 = All taxes except FICA,
   378                                            *> 3 = All except FICA,SWT, LWT 4 = none
ACS Cobol Xref v2.03.18          Dictionary File for PY030    09/04/2026  19:12:41:71                                  Page    8

   379       03  Emp-Cal-Head-Of-House pic x.     *> Y or N for all these
   380       03  Emp-Cal-Ded-Allow     pic 99    comp.
   381       03  Emp-FWT-Allow         pic 99    comp.
   382       03  Emp-SWT-Allow         pic 99    comp.
   383       03  Emp-LWT-Allow         pic 99    comp.
   384       03  Emp-Pension-Used      pic x. *> Y or N
   385       03  Emp-Eic-Used          pic x. *> all Y or N
   386       03  Emp-FWT-Exempt        pic x. *>
   387       03  Emp-SWT-Exempt        pic x. *>
   388       03  Emp-LWT-Exempt        pic x. *>
   389       03  Emp-FICA-Exempt       pic x. *>
   390       03  Emp-SDI-Exempt        pic x. *>
   391       03  Emp-Co-FUTA-Exempt    pic x. *>
   392       03  Emp-Co-SUI-Exempt     pic x. *>
   393       03  Emp-Mcare-Exempt      pic x. *>
   394       03  Emp-Sys-Exempt        pic x    occurs 5.
   395       03  Emp-Rate              pic 9(5)v99   comp-3  occurs 4.
   396       03  Emp-Auto-Units        pic 999       comp-3.
   397       03  Emp-Normal-Units      pic 999       comp-3.
   398       03  Emp-Max-Pay           pic 9(6)v99   comp-3.
   399       03  Emp-Vac-Rate          pic 9(5)v99   comp-3.
   400       03  Emp-Vac-Accum         pic 9(5)v99   comp-3.
   401       03  Emp-Vac-Used          pic 9(5)v99   comp-3.
   402       03  Emp-SL-Rate           pic 9(5)v99   comp-3.
   403       03  Emp-SL-Accum          pic 9(5)v99   comp-3.
   404       03  Emp-SL-Used           pic 9(5)v99   comp-3.
   405       03  Emp-Comp-Accum        pic 9(5)v99   comp-3.
   406       03  Emp-Comp-Used         pic 9(5)v99   comp-3.
   407       03  Emp-Dist-Grp                   occurs 5.   *> Distribution account and %
   408           05  Emp-Dist-Acct     binary-char  unsigned.
   409           05  Emp-Dist-Pcent    pic 999v99      comp-3.
   410       03  Emp-ED-Grp                     occurs 3.  *> Should this be 5 or even 10 ?
   411           05  Emp-Ed-Used       pic x.   *> Y or N /
   412           05  Emp-Ed-Group.
   413               07  Emp-ED-Factor     pic 9(6)v99   comp-3.
   414               07  Emp-ED-Limit      pic 9(6)v99   comp-3.
   415               07  Emp-ED-Amt-Pcent  pic x.   *> A  or P /
   416               07  Emp-ED-Acct-No    binary-char  unsigned. *> /
   417               07  Emp-ED-Desc       pic x(15).  *> /
   418               07  Emp-ED-Earn-Ded   pic x.   *> D or E /
   419               07  Emp-ED-Exclusion  pic 9.   *> /
   420               07  Emp-ED-Limit-Used pic x.   *> Y or N
   421               07  Emp-ED-Chk-Cat    pic 99   comp.  *> /
   422       03  filler                pic x(11).
   423  *>
   424  *>
   425  *>C  copy "fdpyhrs.cob".
   426  *>*******************************************
   427  *>                                          *
   428  *>  File Definition For PY Pay Transaction  *
   429  *>              Hours  File                 *
   430  *>                                          *
   431  *>*******************************************
   432  *>   Record Size ?? Bytes
ACS Cobol Xref v2.03.18          Dictionary File for PY030    09/04/2026  19:12:41:71                                  Page    9

   433  *>   see wspyhrs.cob for later updates
   434  *>
   435   fd  PY-Pay-Transactions-File.
   436  *>
   437  *>C  copy "wspyhrs.cob".
   438  *>*******************************************
   439  *>                                          *
   440  *>  Record Definition For Pay Transactions  *
   441  *>           File                           *
   442  *>     Uses Hrs-Key of Emp-No/Hrs-Code as   *
   443  *>                        key               *
   444  *>*******************************************
   445  *>  File size 24 bytes each.
   446  *>
   447  *> 28/10/25 vbc - Created.
   448  *> 07.04.26 vbc - Chg rate to 99 and moved 2 below Emp-No
   449  *>                creating a new key. It is ASSUMED that there is NO
   450  *>                need for more than one entry for a given Trans Code.
   451  *>                OK, will need to have another field for hrs-Serial that
   452  *>                starts at zero AND same size for the header added.
   453  *>                Size increased from 20 to 24 (units).
   454  *>
   455   01  PY-Pay-Transactions-Record.
   456       03  Hrs-Key.
   457           05  Hrs-Emp-No      pic 9(7).
   458           05  Hrs-Trans-Code  pic 99.
   459           05  Hrs-Rate redefines Hrs-Trans-Code
   460                               pic 99.        *> Temporary in case used in error
   461       03  Hrs-Effective-Date  pic 9(8).      *> ccyymmdd
   462       03  Hrs-Units           pic s9(5)v99   comp-3.
   463   *>    03  Hrs-Deleted         pic x.       *> not really NEEDED ???
   464       03  filler              pic xx.        *> filled to 24 bytes
   465  *>
   466  *> 14 bytes + filler of 6 = 20 to match. the next rec may not be needed ?
   467  *>
   468   01  PY-Pay-Header-Record.
   469       03  Hrs-Head-Key        pic 9(9).      *> Always value zero.
   470       03  Hrs-No-Recs         binary-short unsigned.
   471       03  Hrs-Batch-No        binary-short unsigned.
   472       03  Hrs-Proof-No        binary-short unsigned.
   473       03  Hrs-Proofed         pic x.         *> Space or N and Y for proofed
   474       03  filler              pic x(8).      *> filled to 24 bytes
   475  *>
   476  *>
   477  *>
   478   fd  Print-File
   479       reports are Employee-Hours-Proof-Report.
   480  *>
   481   working-storage section.
   482  *>-----------------------
   483   77  prog-name               pic x(17) value "py030 (1.0.00)".  *> First release pre testing.
   484  *>
   485  *>  This will print 1 copy to CUPS print spool specified on line 3 override via setup at SOJ
   486  *>
ACS Cobol Xref v2.03.18          Dictionary File for PY030    09/04/2026  19:12:41:71                                  Page   10

   487  *>C  copy "print-spool-command.cob".     *> CHECK PRN file for content Landscape mode  -  IS IT ?
   488  *>
   489  *> 2023/02/18 vbc - Added PP-Name and Print-File-Name - Landscape
   490  *>
   491   01  Print-Report.
   492       03  filler          pic x(117)     value
   493       "lpr -r -o 'orientation-requested=4 page-left=21 page-top=24 " &   *> was 48 - 28/4/24 18mm from Top of page
   494       "page-right=10 sides=two-sided-long-edge cpi=12 lpi=8' -P ".
   495       03  PSN             pic x(48)      value "Smart_Tank_7300 ".  *> This is the Cups print spool, change it for yours
   496       03  PP-Name         pic x(24)      value "prt-1".      *> Don't change this line 18/02/23 was X(15)
   497  *>
   498   01  PP-Print-File-Name  pic x(24)      value "prt-1".
   499  *>
   500  *>C  copy "wsmaps03.cob".
   501         >>source free
   502  *>*********
   503  *> maps03 *
   504  *>*********
   505  *> 23/04/09 vbc - Support for UK, USA, Intl formats
   506   01  maps03-ws.
   507       03  u-date          pic x(10).
   508       03  u-UK redefines u-date.
   509           05  u-days      pic 99.
   510           05  filler      pic x.
   511           05  u-month     pic 99.
   512           05  filler      pic x.
   513           05  u-year.
   514               07  u-cc    pic 99.
   515               07  u-yy    pic 99.
   516       03  u-USA redefines u-date.
   517           05  u-usa-month pic 99.
   518           05  filler      pic x.
   519           05  u-usa-days  pic 99.
   520           05  filler      pic x.
   521           05  filler      pic x(4).
   522       03  u-Intl redefines u-date.
   523           05  u-intl-year.
   524               07  u-intl-cc pic 99.
   525               07  u-intl-yy pic 99.
   526           05  filler        pic x.
   527           05  u-intl-month  pic 99.
   528           05  filler        pic x.
   529           05  u-intl-days   pic 99.
   530       03  u-bin           binary-long.
   531  *>C  copy "wsfnctn.cob".
   532  *>**********************************
   533  *>                                 *
   534  *>  File Access Control Functions  *
   535  *>                                 *
   536  *>**********************************
   537  *> 28/05/16 vbc - Added RDB setup fields - socket, host, port to user, passwd, schema.
   538  *> 25/08/16 vbc - Amended size of RDBMS-Socket from 32 to 64 chars.
   539  *> 01/10/16 vbc - Changed WE-Error & Rrn to pic 999 / 9.  To see if it is the cause
   540  *>                of No data in SYSTOT-REC bug after running sys4LD.
ACS Cobol Xref v2.03.18          Dictionary File for PY030    09/04/2026  19:12:41:71                                  Page   11

   541  *> 29/10/16 vbc - FS-Action increased size from 20 to 22 for logest msg in sys002.
   542  *>  7/12/16 vbc - Increased Access-Type to 99 from 9 for extra adhoc functions
   543  *>                such as select x ORDER BY etc.
   544  *>                Not used yet.
   545  *> 22/12/16 vbc - Oops, previous chg should have been for File-Function.
   546  *>                next-read-raw changed to 13.
   547  *> 06/01/17 vbc - Increased size of rrn for GL. System to be recompiled.
   548  *> 18/04/17 vbc - Added function Read-Next-Header (34) for SL020, 50, 140.
   549  *> 21/04/18 vbc - Added ACAS-Path and Path-Work for scr save/dumps delete files).
   550  *> 20/05/23 vbc - Added notes for read header for sl820.
   551  *> 06/08/23 vbc - Activated  fn-not-greater-than (for Stock file).
   552  *>
   553   01  File-Access.
   554       03  We-Error        pic 999.
   555       03  Rrn             pic 9(5)   comp.     *> increased from 9 for GL.
   556       03  Fs-Reply        pic 99.
   557       03  s1              pic x.               *> this is USED for some programs 28.05.18.
   558       03  Curs            pic 9(4).
   559       03  filler redefines Curs.
   560           05  Lin         pic 99.
   561           05  Cole        pic 99.
   562       03  Curs2           pic 9(4).
   563       03  filler redefines Curs2.
   564           05  Lin2        pic 99.
   565           05  Col2        pic 99.
   566  *>
   567  *> Holds path to current working dir - used for screen dump & restores.
   568  *>
   569       03  ACAS-Path       pic x(525)     value spaces.
   570       03  Path-Work       pic x(525)     value spaces.
   571  *>
   572       03  FS-Action       pic x(22)  value spaces.
   573  *> current range 1 thru 3
   574  *>     1 = Stock-Key (or only key), 2 = Stock-Abrev-Key, 3 = Stock-Desc
   575       03  Logging-Data.
   576           05  Accept-Reply    pic x      value space.
   577           05  File-Key-No     pic 9.
   578           05  ws-Log-System   pic 9      value zero.       *> loaded by caller of FHlogger
   579           05  ws-No-Paragraph pic 999.
   580           05  SQL-Err         pic x(5).
   581           05  SQL-Msg         pic x(512) value spaces.
   582           05  SQL-State       pic x(5).
   583           05  WS-File-Key     pic x(64)  value spaces.     *> loaded by caller of FHlogging increased to 64-- 30/12/16
   584           05  WS-Log-Where    pic x(231) value spaces.
   585           05  WS-Log-File-No  pic 99     value zeroes.     *> loaded by caller of FHlogger
   586           05  WS-Count-Rows   pic 9(7)   value zeroes.     *> used in Delete-All in valueMT
   587       03  RDB-Data.
   588           05  DB-Schema   pic x(12)  value spaces.
   589           05  DB-UName    pic x(12)  value spaces.
   590           05  DB-UPass    pic x(12)  value spaces.
   591           05  DB-Host     pic x(32)  value spaces.
   592           05  DB-Socket   pic x(64)  value spaces.
   593           05  DB-Port     pic x(5)   value spaces.
   594  *>
ACS Cobol Xref v2.03.18          Dictionary File for PY030    09/04/2026  19:12:41:71                                  Page   12

   595  *>  Helps to tell MT to move file record from the FD or the WS record. NOT YET USED
   596  *>
   597       03  Main-Record-Move-Flag pic 9 value zero.
   598           88  MRMF-Move-FD           value 1.
   599           88  MRMF-Move-WS           value 2.
   600  *>
   601  *>   need to change next one if used in the DAL, e.g., move "66" ...
   602  *>
   603       03  FA-RDBMS-Flat-Statuses.                        *> Comes from System-Record via acas0nn
   604           07  FA-File-System-Used  pic 9.
   605               88  FA-FS-Cobol-Files-Used        value zero.
   606               88  FA-FS-RDBMS-Used              value 1.
   607  *>                 88  FA-FS-MySql-Used          value 1.  *> ditto
   608  *>                 88  FA-FS-Oracle-Used         value 2.  *> THESE NOT IN USE
   609  *>                 88  FA-FS-Postgres-Used       value 3.  *> ditto
   610  *>                 88  FA-FS-DB2-Used            value 4.  *> ditto
   611  *>                 88  FA-FS-MS-SQL-Used         value 5.  *> ditto
   612               88  FA-FS-Valid-Options           values 0 thru 1.    *> 5. (not in use unless 1-5)
   613           07  FA-File-Duplicates-In-Use pic 9.                      *> NO LONGER USED other than for a '6' = rdb.
   614               88  FA-FS-Duplicate-Processing    value 1.
   615  *>
   616  *> Block for File/table access via acas000 thru acas033 for IS files and rdbms
   617  *> Also see RDBMS-Flat-Statuses in System-Record
   618  *>
   619       03  File-Function   pic 99.
   620           88  fn-open            value 1.
   621           88  fn-close           value 2.
   622           88  fn-read-next       value 3.
   623           88  fn-read-indexed    value 4.
   624           88  fn-write           value 5.
   625           88  fn-Delete-All      value 6.       *> 10/10/16 - Delete all records.
   626           88  fn-re-write        value 7.
   627           88  fn-delete          value 8.
   628           88  fn-start           value 9.
   629  *>
   630           88  fn-Write-Raw       value 15.
   631           88  fn-Read-Next-Raw   value 13.       *> 14/11/16 - Special 4 LD.
   632  *>
   633           88  fn-Read-By-Name    value 31.       *> 15/01/17 for Salesled (SL160), could be used for GL ledger?
   634           88  fn-Read-By-Batch   value 32.       *> 08/02/17 for OTM3/5 (sl095/pl095)
   635           88  fn-Read-By-Cust    value 33.       *> 09/02/17 for OTM3 (sl110, 120, 190)
   636           88  fn-Read-Next-Header value 34.      *> 18/04/17 for Invoice (sl020, 50, 140, 820)
   637  *>
   638       03  Access-Type     pic 9.                *> For rdbms 2 should cover all !!!
   639           88  fn-input           value 1.
   640           88  fn-i-o             value 2.
   641           88  fn-output          value 3.
   642           88  fn-extend          value 4.       *> not valid for ISAM
   643           88  fn-equal-to        value 5.
   644           88  fn-less-than       value 6.
   645           88  fn-greater-than    value 7.
   646           88  fn-not-less-than   value 8.
   647           88  fn-not-greater-than value 9.
   648  *>
ACS Cobol Xref v2.03.18          Dictionary File for PY030    09/04/2026  19:12:41:71                                  Page   13

   649  *>
   650  *>C  copy "Test-Data-Flags.cob".           *> set sw-Testing to zero to stop logging.
   651  *>
   652  *>  This data is present in ALL ACAS modules.
   653  *>   When testing comlete you can set SW-Testing to zero
   654  *>    to stop the logging file being produced.
   655  *>
   656   01 ACAS-DAL-Common-data.     *> For DAL processing.
   657  *>
   658  *> log file reporting for testing otherwise zero
   659  *>
   660       03  SW-Testing               pic 9   value 1.    *>   zero.
   661           88  Testing-1                    value 1.
   662  *>
   663  *>  Testing only for displays ws-where etc  otherwise zero
   664  *>
   665       03  SW-Testing-2             pic 9   value zero.
   666           88  Testing-2                    value 1.
   667  *>
   668       03  Log-File-Rec-Written     pic 9(6) value zero.    *> in both acas0nn and a DAL.
   669  *>
   670  *>                                        ABOVE SHOULD BE OFF
   671  *> REMARK OUT ANY IN USE
   672  *>
   673   01  WS-Data.
   674       03  Menu-Reply          pic x.
   675       03  PY-PR1-Status       pic xx.
   676       03  PY-Emp-Status       pic xx.
   677       03  PY-Hrs-Status       pic xx.
   678  *>
   679       03  WS-Reply            pic x.
   680       03  WS-Menu-Option      pic 99       value zero.
   681  *>
   682       03  WS-Eval-Msg         pic x(25)    value spaces.
   683       03  WS-Env-Columns      pic 999      value zero.
   684       03  WS-Env-Lines        pic 999      value zero.
   685       03  WS-22-Lines         pic 99.
   686       03  WS-23-Lines         pic 99.
   687       03  WS-Lines            pic 99.
   688       03  WS-Page-Lines       binary-char unsigned value 56.   *> Narrow reports as system is for Landscape used.
   689       03  WS-Rec-Cnt          pic 99       value zero.
   690       03  WS-Page-Cnt         pic 999      value zero.
   691       03  WS-Line-Cnt         pic 999      value 90.   *> Force heads at start
   692  *>
   693       03  WS-Name-Suffix      pic x(10).   *> = "(SALARIED)" or "(HOURLY)" -> after emp rev name
   694       03  WS-Desc             pic x(35).
   695       03  WS-Name-and-Suffix  pic x(43).
   696       03  WS-Eff-Date         pic x(10).
   697  *>
   698   01  WS-Test-YMD             pic 9(8).
   699   01  WS-Test-Date.
   700       03  WS-Test-Month       pic 99.
   701       03  WS-Test-Days        pic 99.
   702       03  WS-Test-Year        pic 9(4).
ACS Cobol Xref v2.03.18          Dictionary File for PY030    09/04/2026  19:12:41:71                                  Page   14

   703   01  WS-Test-Date9 redefines WS-Test-Date
   704                               pic 9(8).
   705  *>
   706   01  WS-Temp-Date.
   707       03  WS-Temp-Year        pic 9(4).
   708       03  WS-Temp-Month       pic 99.
   709       03  WS-Temp-Days        pic 99.
   710   01  WS-Temp-Date9  redefines WS-Temp-Date
   711                               pic 9(8).  *> For direct moving 9(8) to Date.
   712  *>
   713  *> 01  WS-PR1-Dating           pic 9(8).
   714   01  WS-Date-Formats.
   715       03  WS-Swap             pic 99.
   716       03  WS-Conv-Date        pic x(10).
   717       03  WS-Date             pic x(10)   value "99/99/9999".
   718       03  WS-UK redefines WS-Date.   *> Other optional format
   719           05  WS-Days         pic 99.
   720           05  filler          pic x.
   721           05  WS-Month        pic 99.
   722           05  filler          pic x.
   723           05  WS-Year         pic 9(4).
   724       03  WS-USA redefines WS-Date.  *> Default format
   725           05  WS-USA-Month    pic 99.
   726           05  filler          pic x.
   727           05  WS-USA-Days     pic 99.
   728           05  filler          pic x.
   729           05  filler          pic 9(4).
   730       03  WS-Intl redefines WS-Date.   *> Not used.
   731           05  WS-Intl-Year    pic 9(4).
   732           05  filler          pic x.
   733           05  WS-Intl-Month   pic 99.
   734           05  filler          pic x.
   735           05  WS-Intl-Days    pic 99.
   736  *>
   737   01  hdtime                            value spaces.
   738       03  hd-hh               pic xx.
   739       03  hd-mm               pic xx.
   740       03  hd-ss               pic xx.
   741       03  hd-uu               pic xx.
   742  *>
   743   01  WS-ED-Description-Table.
   744       03  filler          pic x(17) value "00Rate 0".
   745       03  filler          pic x(17) value "01Regular Pay".
   746       03  filler          pic x(17) value "02Overtime Pay".
   747       03  filler          pic x(17) value "03Special OT Pay".
   748       03  filler          pic x(17) value "04Commission".
   749       03  filler          pic x(17) value "05Vacation Taken".
   750       03  filler          pic x(17) value "06Sick Lve Taken".
   751       03  filler          pic x(17) value "07Comp Time Taken".
   752       03  filler          pic x(17) value "08Comp Time Earnd".
   753       03  filler          pic x(17) value "09Bonus".
   754       03  filler          pic x(17) value "10Tips Collected".
   755       03  filler          pic x(17) value "11Advance".
   756       03  filler          pic x(17) value "12Sick Pay".
ACS Cobol Xref v2.03.18          Dictionary File for PY030    09/04/2026  19:12:41:71                                  Page   15

   757       03  filler          pic x(17) value "13Vacation Pay".
   758       03  filler          pic x(17) value "14Other Excld Pay".
   759       03  filler          pic x(17) value "15Expense Reimb".
   760       03  filler          pic x(17) value "16Eic".
   761       03  filler          pic x(17) value "17Other Pay".
   762       03  filler          pic x(17) value "18Tips Reported".
   763       03  filler          pic x(17) value "19".
   764       03  filler          pic x(17) value "20Fwt".
   765       03  filler          pic x(17) value "21Swt".
   766       03  filler          pic x(17) value "22Lwt".
   767       03  filler          pic x(17) value "23Fica".
   768       03  filler          pic x(17) value "24Sdi".
   769       03  filler          pic x(17) value "25".
   770       03  filler          pic x(17) value "26".
   771       03  filler          pic x(17) value "27Advance Repay".
   772       03  filler          pic x(17) value "28Fwt Add-on".
   773       03  filler          pic x(17) value "29Swt Add-on".
   774       03  filler          pic x(17) value "30Lwt Add-on".
   775       03  filler          pic x(17) value "31Fica Add-on".
   776       03  filler          pic x(17) value "32".
   777       03  filler          pic x(17) value "33Sys1".
   778       03  filler          pic x(17) value "34Sys2".
   779       03  filler          pic x(17) value "35Sys3".
   780       03  filler          pic x(17) value "36Sys4".
   781       03  filler          pic x(17) value "37Sys5".
   782       03  filler          pic x(17) value "38Emp1".
   783       03  filler          pic x(17) value "39Emp2".
   784       03  filler          pic x(17) value "40Emp3".
   785       03  filler          pic x(17) value "41".
   786       03  filler          pic x(17) value "42Company Fica".
   787       03  filler          pic x(17) value "43Company Futa".
   788       03  filler          pic x(17) value "44Company Sui".
   789       03  filler          pic x(17) value "45".
   790       03  filler          pic x(17) value "46Other Co Cost".
   791       03  filler          pic x(17) value "47".
   792       03  filler          pic x(17) value "48".
   793       03  filler          pic x(17) value "49".
   794       03  filler          pic x(17) value "50Other Ded".        *>    Need 4 more for other and MCare
   795       03  filler          pic x(17) value "51Mcare".
   796       03  filler          pic x(17) value "52".
   797       03  filler          pic x(17) value "53".
   798       03  filler          pic x(17) value "54".                 *>      00 - 54  = 55 entries
   799   01  filler           redefines WS-ED-Description-Table.
   800       03  WS-ED-Desc-Table           occurs 55.
   801           05  WS-ED-No      pic 99.
   802           05  WS-ED-Desc    pic x(15).
   803  *>
   804   01  Error-Messages.   *> ANY NEEDED ???
   805  *> System Wide
   806       03  SY001           pic x(46) value "SY001 Aborting run - Note error and hit Return".
   807  *>     03  SY002           pic x(31) value "SY002 Note error and hit Return".
   808  *>     03  SY003           pic x(51) value "SY003 Aborting function - Note error and hit Return".
   809   *>    03  SY004           pic x(20) value "SY004 Now Hit Return".
   810   *>    03  SY005           pic x(18) value "SY005 Invalid Date".
ACS Cobol Xref v2.03.18          Dictionary File for PY030    09/04/2026  19:12:41:71                                  Page   16

   811   *>    03  SY008           pic x(32) value "SY008 Note message & Hit Return ".
   812       03  SY010           pic x(46) value "SY010 Terminal program not set to length => 28".
   813       03  SY013           pic x(47) value "SY013 Terminal program not set to Columns => 80".
   814  *>     03  SY014           pic x(30) value "SY014 Press return to continue".
   815  *>
   816  *> Module General
   817  *>
   818       03  PY001           pic x(45) value "PY001 Payroll Parameter file does not exist -".
   819       03  PY002           pic x(32) value "PY002 Read PARAM record Error = ".
   820   *>    03  PY004           pic x(29) value "PY004 To quit, use ESCape key".
   821  *>
   822  *> Module specific    <<<< REMOVE UNUSED
   823  *>
   824       03  PY806           pic x(29) value "PY806 Employee File not Found".
   825       03  PY808           pic x(24) value "PY808 Hrs File not Found".
   826       03  PY810           pic x(31) value "PY810 Error rewrite Hrs File - ".
   827       03  PY811           pic x(38) value "PY811 Unexpected Error reading Emp - ".
   828  *>
   829   01  Error-Code          pic 999.
   830  *>
   831  *>C      copy "wspyhrs.cob"   replacing LEADING ==PY-Pay== by ==WS-Pay==
   832  *>C                                     LEADING ==Hrs==    by ==WS-Hrs==.
   833  *>*******************************************
   834  *>                                          *
   835  *>  Record Definition For Pay Transactions  *
   836  *>           File                           *
   837  *>     Uses Hrs-Key of Emp-No/Hrs-Code as   *
   838  *>                        key               *
   839  *>*******************************************
   840  *>  File size 24 bytes each.
   841  *>
   842  *> 28/10/25 vbc - Created.
   843  *> 07.04.26 vbc - Chg rate to 99 and moved 2 below Emp-No
   844  *>                creating a new key. It is ASSUMED that there is NO
   845  *>                need for more than one entry for a given Trans Code.
   846  *>                OK, will need to have another field for hrs-Serial that
   847  *>                starts at zero AND same size for the header added.
   848  *>                Size increased from 20 to 24 (units).
   849  *>
   850   01  PY-Pay-Transactions-Record.
   851   03
   852   WS-Hrs-Key.
   853   05
   854   WS-Hrs-Emp-No
   855
   856
   857   pic 9(7).
   858   05
   859   WS-Hrs-Trans-Code
   860   pic 99.
   861   05
   862   WS-WS-Hrs-Rate redefines WS-WS-Hrs-Tran
   863                               pic 99.        *> Temporary in case used in error
   864   03
ACS Cobol Xref v2.03.18          Dictionary File for PY030    09/04/2026  19:12:41:71                                  Page   17

   865   WS-Hrs-Effective-Date
   866   pic 9(8).
   867   03
   868   WS-Hrs-Units
   869
   870
   871
   872
   873    pic s9(5)v99
   874    comp-3.
   875   *>    03  Hrs-Deleted         pic x.       *> not really NEEDED ???
   876       03  filler              pic xx.        *> filled to 24 bytes
   877  *>
   878  *> 14 bytes + filler of 6 = 20 to match. the next rec may not be needed ?
   879  *>
   880   01  PY-Pay-Header-Record.
   881   03
   882   WS-Hrs-Head-Key
   883
   884
   885
   886   pic 9(9).
   887   03
   888   WS-Hrs-No-Recs
   889
   890
   891
   892    binary-short unsigned.
   893   03
   894   WS-Hrs-Batch-No
   895
   896
   897
   898   binary-short unsigned.
   899   03
   900   WS-Hrs-Proof-No
   901
   902
   903
   904   binary-short unsigned.
   905   03
   906   WS-Hrs-Proofed
   907
   908
   909
   910    pic x.
   911       03  filler              pic x(8).      *> filled to 24 bytes
   912  *>
   913  *>>W Msg29 Caution: One or more replacing sources not found
   914  *> *>
   915   01  COB-CRT-Status      pic 9(4)         value zero.
   916  *>C      copy "screenio.cpy".
   917        *>  Copyright (C) 2008-2012, 2015-2016, 2019, 2021
   918        *>  Free Software Foundation, Inc.
ACS Cobol Xref v2.03.18          Dictionary File for PY030    09/04/2026  19:12:41:71                                  Page   18

   919        *>  Written by Roger While, Simon Sobisch
   920        *>
   921        *>  This file is part of GnuCOBOL.
   922        *>
   923        *>  The GnuCOBOL compiler is free software: you can redistribute
   924        *>  it and/or modify it under the terms of the GNU General Public
   925        *>  License as published by the Free Software Foundation, either
   926        *>  version 3 of the License, or (at your option) any later
   927        *>  version.
   928        *>
   929        *>  GnuCOBOL is distributed in the hope that it will be useful,
   930        *>  but WITHOUT ANY WARRANTY; without even the implied warranty of
   931        *>  MERCHANTABILITY or FITNESS FOR A PARTICULAR PURPOSE.  See the
   932        *>  GNU General Public License for more details.
   933        *>
   934        *>  You should have received a copy of the GNU General Public
   935        *>  License along with GnuCOBOL.
   936        *>  If not, see <https://www.gnu.org/licenses/>.
   937
   938
   939        *>   Colors
   940         78  COB-COLOR-BLACK                  VALUE 0.
   941         78  COB-COLOR-BLUE                   VALUE 1.
   942         78  COB-COLOR-GREEN                  VALUE 2.
   943         78  COB-COLOR-CYAN                   VALUE 3.
   944         78  COB-COLOR-RED                    VALUE 4.
   945         78  COB-COLOR-MAGENTA                VALUE 5.
   946         78  COB-COLOR-YELLOW                 VALUE 6.
   947         78  COB-COLOR-WHITE                  VALUE 7.
   948
   949        *>   mouse mask, apply to COB-MOUSE-FLAGS
   950         78  COB-AUTO-MOUSE-HANDLING          VALUE 1.
   951         78  COB-ALLOW-LEFT-DOWN              VALUE 2.
   952         78  COB-ALLOW-LEFT-UP                VALUE 4.
   953         78  COB-ALLOW-LEFT-DOUBLE            VALUE 8.
   954         78  COB-ALLOW-MIDDLE-DOWN            VALUE 16.
   955         78  COB-ALLOW-MIDDLE-UP              VALUE 32.
   956         78  COB-ALLOW-MIDDLE-DOUBLE          VALUE 64.
   957         78  COB-ALLOW-RIGHT-DOWN             VALUE 128.
   958         78  COB-ALLOW-RIGHT-UP               VALUE 256.
   959         78  COB-ALLOW-RIGHT-DOUBLE           VALUE 512.
   960         78  COB-ALLOW-MOUSE-MOVE             VALUE 1024.
   961         78  COB-ALLOW-ALL-SCREEN-ACTIONS     VALUE 16384. *> reserved
   962
   963        *> Values that may be returned in CRT STATUS (or COB-CRT-STATUS)
   964        *> Normal return - Value 0000
   965         78  COB-SCR-OK                       VALUE  0.
   966
   967        *>  Function keys - Values 1xxx
   968         78  COB-SCR-F1                       VALUE  1001.
   969         78  COB-SCR-F2                       VALUE  1002.
   970         78  COB-SCR-F3                       VALUE  1003.
   971         78  COB-SCR-F4                       VALUE  1004.
   972         78  COB-SCR-F5                       VALUE  1005.
ACS Cobol Xref v2.03.18          Dictionary File for PY030    09/04/2026  19:12:41:71                                  Page   19

   973         78  COB-SCR-F6                       VALUE  1006.
   974         78  COB-SCR-F7                       VALUE  1007.
   975         78  COB-SCR-F8                       VALUE  1008.
   976         78  COB-SCR-F9                       VALUE  1009.
   977         78  COB-SCR-F10                      VALUE  1010.
   978         78  COB-SCR-F11                      VALUE  1011.
   979         78  COB-SCR-F12                      VALUE  1012.
   980         78  COB-SCR-F13                      VALUE  1013.
   981         78  COB-SCR-F14                      VALUE  1014.
   982         78  COB-SCR-F15                      VALUE  1015.
   983         78  COB-SCR-F16                      VALUE  1016.
   984         78  COB-SCR-F17                      VALUE  1017.
   985         78  COB-SCR-F18                      VALUE  1018.
   986         78  COB-SCR-F19                      VALUE  1019.
   987         78  COB-SCR-F20                      VALUE  1020.
   988         78  COB-SCR-F21                      VALUE  1021.
   989         78  COB-SCR-F22                      VALUE  1022.
   990         78  COB-SCR-F23                      VALUE  1023.
   991         78  COB-SCR-F24                      VALUE  1024.
   992         78  COB-SCR-F25                      VALUE  1025.
   993         78  COB-SCR-F26                      VALUE  1026.
   994         78  COB-SCR-F27                      VALUE  1027.
   995         78  COB-SCR-F28                      VALUE  1028.
   996         78  COB-SCR-F29                      VALUE  1029.
   997         78  COB-SCR-F30                      VALUE  1030.
   998         78  COB-SCR-F31                      VALUE  1031.
   999         78  COB-SCR-F32                      VALUE  1032.
  1000         78  COB-SCR-F33                      VALUE  1033.
  1001         78  COB-SCR-F34                      VALUE  1034.
  1002         78  COB-SCR-F35                      VALUE  1035.
  1003         78  COB-SCR-F36                      VALUE  1036.
  1004         78  COB-SCR-F37                      VALUE  1037.
  1005         78  COB-SCR-F38                      VALUE  1038.
  1006         78  COB-SCR-F39                      VALUE  1039.
  1007         78  COB-SCR-F40                      VALUE  1040.
  1008         78  COB-SCR-F41                      VALUE  1041.
  1009         78  COB-SCR-F42                      VALUE  1042.
  1010         78  COB-SCR-F43                      VALUE  1043.
  1011         78  COB-SCR-F44                      VALUE  1044.
  1012         78  COB-SCR-F45                      VALUE  1045.
  1013         78  COB-SCR-F46                      VALUE  1046.
  1014         78  COB-SCR-F47                      VALUE  1047.
  1015         78  COB-SCR-F48                      VALUE  1048.
  1016         78  COB-SCR-F49                      VALUE  1049.
  1017         78  COB-SCR-F50                      VALUE  1050.
  1018         78  COB-SCR-F51                      VALUE  1051.
  1019         78  COB-SCR-F52                      VALUE  1052.
  1020         78  COB-SCR-F53                      VALUE  1053.
  1021         78  COB-SCR-F54                      VALUE  1054.
  1022         78  COB-SCR-F55                      VALUE  1055.
  1023         78  COB-SCR-F56                      VALUE  1056.
  1024         78  COB-SCR-F57                      VALUE  1057.
  1025         78  COB-SCR-F58                      VALUE  1058.
  1026         78  COB-SCR-F59                      VALUE  1059.
ACS Cobol Xref v2.03.18          Dictionary File for PY030    09/04/2026  19:12:41:71                                  Page   20

  1027         78  COB-SCR-F60                      VALUE  1060.
  1028         78  COB-SCR-F61                      VALUE  1061.
  1029         78  COB-SCR-F62                      VALUE  1062.
  1030         78  COB-SCR-F63                      VALUE  1063.
  1031         78  COB-SCR-F64                      VALUE  1064.
  1032        *>  Exception keys - Values 2xxx
  1033         78  COB-SCR-PAGE-UP                  VALUE  2001.
  1034         78  COB-SCR-PAGE-DOWN                VALUE  2002.
  1035         78  COB-SCR-KEY-UP                   VALUE  2003.
  1036         78  COB-SCR-KEY-DOWN                 VALUE  2004.
  1037         78  COB-SCR-ESC                      VALUE  2005.
  1038         78  COB-SCR-PRINT                    VALUE  2006.
  1039         78  COB-SCR-TAB                      VALUE  2007.
  1040         78  COB-SCR-BACK-TAB                 VALUE  2008.
  1041         78  COB-SCR-KEY-LEFT                 VALUE  2009.
  1042         78  COB-SCR-KEY-RIGHT                VALUE  2010.
  1043        *>  The following exception keys are currently *only* returned
  1044        *>  on ACCEPT OMITTED
  1045         78  COB-SCR-INSERT                   VALUE  2011.
  1046         78  COB-SCR-DELETE                   VALUE  2012.
  1047         78  COB-SCR-BACKSPACE                VALUE  2013.
  1048         78  COB-SCR-KEY-HOME                 VALUE  2014.
  1049         78  COB-SCR-KEY-END                  VALUE  2015.
  1050        *>  Exception keys for mouse handling
  1051         78  COB-SCR-MOUSE-MOVE               VALUE  2040.
  1052         78  COB-SCR-LEFT-PRESSED             VALUE  2041.
  1053         78  COB-SCR-LEFT-RELEASED            VALUE  2042.
  1054         78  COB-SCR-LEFT-DBL-CLICK           VALUE  2043.
  1055         78  COB-SCR-MID-PRESSED              VALUE  2044.
  1056         78  COB-SCR-MID-RELEASED             VALUE  2045.
  1057         78  COB-SCR-MID-DBL-CLICK            VALUE  2046.
  1058         78  COB-SCR-RIGHT-PRESSED            VALUE  2047.
  1059         78  COB-SCR-RIGHT-RELEASED           VALUE  2048.
  1060         78  COB-SCR-RIGHT-DBL-CLICK          VALUE  2049.
  1061         78  COB-SCR-SHIFT-MOVE               VALUE  2050.
  1062         78  COB-SCR-SHIFT-LEFT-PRESSED       VALUE  2051.
  1063         78  COB-SCR-SHIFT-LEFT-RELEASED      VALUE  2052.
  1064         78  COB-SCR-SHIFT-LEFT-DBL-CLICK     VALUE  2053.
  1065         78  COB-SCR-SHIFT-MID-PRESSED        VALUE  2054.
  1066         78  COB-SCR-SHIFT-MID-RELEASED       VALUE  2055.
  1067         78  COB-SCR-SHIFT-MID-DBL-CLICK      VALUE  2056.
  1068         78  COB-SCR-SHIFT-RIGHT-PRESSED      VALUE  2057.
  1069         78  COB-SCR-SHIFT-RIGHT-RELEASED     VALUE  2058.
  1070         78  COB-SCR-SHIFT-RIGHT-DBL-CLICK    VALUE  2059.
  1071         78  COB-SCR-CTRL-MOVE                VALUE  2060.
  1072         78  COB-SCR-CTRL-LEFT-PRESSED        VALUE  2061.
  1073         78  COB-SCR-CTRL-LEFT-RELEASED       VALUE  2062.
  1074         78  COB-SCR-CTRL-LEFT-DBL-CLICK      VALUE  2063.
  1075         78  COB-SCR-CTRL-MID-PRESSED         VALUE  2064.
  1076         78  COB-SCR-CTRL-MID-RELEASED        VALUE  2065.
  1077         78  COB-SCR-CTRL-MID-DBL-CLICK       VALUE  2066.
  1078         78  COB-SCR-CTRL-RIGHT-PRESSED       VALUE  2067.
  1079         78  COB-SCR-CTRL-RIGHT-RELEASED      VALUE  2068.
  1080         78  COB-SCR-CTRL-RIGHT-DBL-CLICK     VALUE  2069.
ACS Cobol Xref v2.03.18          Dictionary File for PY030    09/04/2026  19:12:41:71                                  Page   21

  1081         78  COB-SCR-ALT-MOVE                 VALUE  2070.
  1082         78  COB-SCR-ALT-LEFT-PRESSED         VALUE  2071.
  1083         78  COB-SCR-ALT-LEFT-RELEASED        VALUE  2072.
  1084         78  COB-SCR-ALT-LEFT-DBL-CLICK       VALUE  2073.
  1085         78  COB-SCR-ALT-MID-PRESSED          VALUE  2074.
  1086         78  COB-SCR-ALT-MID-RELEASED         VALUE  2075.
  1087         78  COB-SCR-ALT-MID-DBL-CLICK        VALUE  2076.
  1088         78  COB-SCR-ALT-RIGHT-PRESSED        VALUE  2077.
  1089         78  COB-SCR-ALT-RIGHT-RELEASED       VALUE  2078.
  1090         78  COB-SCR-ALT-RIGHT-DBL-CLICK      VALUE  2079.
  1091         78  COB-SCR-WHEEL-UP                 VALUE  2080.
  1092         78  COB-SCR-WHEEL-DOWN               VALUE  2081.
  1093        *>78 COB-SCR-WHEEL-LEFT               VALUE  2082.  *reserved*
  1094        *>78 COB-SCR-WHEEL-RIGHT              VALUE  2083.  *reserved*
  1095         78  COB-SCR-SHIFT-WHEEL-UP           VALUE  2084.
  1096         78  COB-SCR-SHIFT-WHEEL-DOWN         VALUE  2085.
  1097        *>78 COB-SCR-SHIFT-WHEEL-LEFT         VALUE  2086.  *reserved*
  1098        *>78 COB-SCR-SHIFT-WHEEL-RIGHT        VALUE  2087.  *reserved*
  1099         78  COB-SCR-CTRL-WHEEL-UP            VALUE  2088.
  1100         78  COB-SCR-CTRL-WHEEL-DOWN          VALUE  2089.
  1101        *>78 COB-SCR-CTRL-WHEEL-LEFT          VALUE  2090.  *reserved*
  1102        *>78 COB-SCR-CTRL-WHEEL-RIGHT         VALUE  2091.  *reserved*
  1103         78  COB-SCR-ALT-WHEEL-UP             VALUE  2092.
  1104         78  COB-SCR-ALT-WHEEL-DOWN           VALUE  2093.
  1105        *>78 COB-SCR-ALT-WHEEL-LEFT           VALUE  2094.  *reserved*
  1106        *>78 COB-SCR-ALT-WHEEL-RIGHT          VALUE  2095.  *reserved*
  1107        *>  Input validation - Values 8xxx
  1108         78  COB-SCR-NO-FIELD                 VALUE  8000.
  1109         78  COB-SCR-TIME-OUT                 VALUE  8001.
  1110        *>  Other errors - Values 9xxx
  1111         78  COB-SCR-FATAL                    VALUE  9000.
  1112         78  COB-SCR-MAX-FIELD                VALUE  9001.
  1113  *>
  1114  *>C  copy "wstime.cob".
  1115   01  ws-time.
  1116       03  wsa-date.
  1117         05  wsa-yy        pic 99.
  1118         05  wsa-mm        pic 99.
  1119         05  wsa-dd        pic 99.
  1120       03  wsb-time.
  1121         05  wsb-hh        pic 99.
  1122         05  wsb-mm        pic 99.
  1123         05  wsb-ss        pic 99.
  1124         05  filler        pic xx.
  1125       03  wsd-time.
  1126         05  wsd-hh        pic 99.
  1127         05  wsd-sa        pic x  value ":".
  1128         05  wsd-mm        pic 99.
  1129         05  wsd-sb        pic x  value ":".
  1130         05  wsd-ss        pic 99.
  1131  *>
  1132   01  wse-date-block.
  1133       03  wse-date.
  1134           05  wse-year    pic 9(4).
ACS Cobol Xref v2.03.18          Dictionary File for PY030    09/04/2026  19:12:41:71                                  Page   22

  1135           05  wse-month   pic 99.
  1136           05  wse-days    pic 99.
  1137       03  WSE-Date-9 redefines wse-date
  1138                           pic 9(8).
  1139       03  wse-time.
  1140           05  wse-hh      pic 99.
  1141           05  wse-mm      pic 99.
  1142           05  wse-ss      pic 99.
  1143       03  filler          pic x(7).
  1144  *>
  1145
  1146  *>
  1147   linkage section.
  1148  *>***************
  1149  *>
  1150  *>C  copy "wscall.cob".
  1151  *> 14/03/18 vbc - 1.01   WS-CD-Args for passing extra info to called process
  1152  *>                        that will help in a cron call by time via menu
  1153  *>                        program. picked by position within WS-Args.
  1154  *> 14/11/25 vbc - 1.02 - Chg WS-Term-Code from 9 to 99.
  1155  *>
  1156   01  WS-Calling-Data.
  1157       03  WS-Called       pic x(8).
  1158       03  WS-Caller       pic x(8).
  1159       03  WS-Del-Link     pic x(8).
  1160       03  WS-Term-Code    pic 99.
  1161  *>                                 new 18/5/13
  1162       03  WS-Process-Func pic 9.
  1163       03  WS-Sub-Function pic 9.
  1164       03  WS-CD-Args      pic x(13).    *> Changed / Added 14/03/18
  1165  *>
  1166  *>C  copy "wssystem.cob"   replacing System-Record by WS-System-Record.
  1167  *>
  1168  *>*******************************************
  1169  *>                                          *
  1170  *>  Record Definition For The System File   *
  1171  *>                                          *
  1172  *>*******************************************
  1173  *>  File size 1024 with fillers
  1174  *>   Cleared down update details 01/02/09 to 12/06/13
  1175  *>
  1176  *> 22/09/15 vbc - Added Param-Restrict (Access) within a current filler.
  1177  *>                Set this will stop display of option Z in sub-system menus.
  1178  *>                Need to detect actual user though when setup or could just use
  1179  *>                chown for sys002 to admin user?
  1180  *> 25/06/16 vbc - Added RDBMS-Port & needs RDBMS-Host, RDBMS-Socket.
  1181  *>                Increased 'System-data' from 384 to 512 bytes & removed O/E
  1182  *>                  Block (128) as it is unused.
  1183  *> 26/06/16 vbc - Updated MySQL Load scripts ACASDB.sql in ACAS/mysql.
  1184  *>                  Prima is yet to be done !!!
  1185  *> 19/10/16 vbc - Changed PL-Approp-AC in IRS block from 9(5) to 9(6) for GL
  1186  *>                support & reduced filler by 1.
  1187  *>                With IRS data mapped into ACAS the IRS block can reduce to 32 bytes
  1188  *>                Just need to change all of the IRS programs to use ACAS fields but
ACS Cobol Xref v2.03.18          Dictionary File for PY030    09/04/2026  19:12:41:71                                  Page   23

  1189  *>                also NEED to change the date processing to use same in rest of ACAS
  1190  *>                and not binary days since 01/01/2000 and hold dates in dd/mm/yy form.
  1191  *>                Added 2 88s to Op-System for IRS.
  1192  *> 27/10/16 vbc - Changed level-5 to IRS instead of omitted O/E.
  1193  *> 15/01/18 vbc - Added Stats-Date-Period with a filler & vers = 14.
  1194  *> 02/02/18 vbc - Replaced file-statuses with filler x(32).
  1195  *> 10/02/18 vbc - For PL-Approp-AC6 move filler to beginning of field as irs
  1196  *>                does not need the leading digit (uses only 5).
  1197  *> 17/03/18 vbc - Added SL-Invoice-Lines within last filler so gone from 45 to 43.
  1198  *> 18/03/18 vbc - Added false for Level-5 & 6, e.g., zero.
  1199  *> 06/06/18 vbc - Added six new fields as bin-long to support for G-L and IRS used at same time.
  1200  *>                RDBMS needs to be updated. Done 06/06/16 -> Mariadb backups.
  1201  *>                sys002 needs to be updated if implemented.
  1202  *>                systemMT needs to be updated (in un/load moves).
  1203  *> 03/06/20 vbc - Changes to some RDBMS values.
  1204  *> 10/12/22 vbc - Remove File-Duplicates-In-Use - not used.
  1205  *> 14/04/23 vbc - SL-Autogen added (& PL-Autogen) both using FILLER space.
  1206  *> 15/05/23 vbc - SL-Next-Rec and PL-Next-Rec bin-short unsigned for next Autogen record key.
  1207  *> 26/06/23 vbc - Added Company-Email repacing filler.
  1208  *> 09/09/23 vbc - Pre support for OE but as comments for now as will not be used in ACAS - pointless.
  1209  *> 10/09/23 vbc - Removed condition Payroll-No as not used.
  1210  *> 13/03/24 vbc - In fillers added fields SL-BO-Flag and Stk-BO-Active,
  1211  *> 18/12/24 vbc - Clean up remd out texts & added Co. Phone No reducing filler.
  1212  *> 14/11/25 vbc - Support for Payroll in use that replaces OE usage as not needed.
  1213  *>
  1214   01
  1215   WS-System-Record.
  1216  *>******************
  1217  *>   System Data   *
  1218  *>******************
  1219       03  System-Data-Block.               *>  512 bytes (25/06/16)
  1220   05
  1221   WS-System-Record-Version-Prime
  1222
  1223
  1224   binary-char.
  1225   05
  1226   WS-System-Record-Version-Secondary
  1227   binary-char.
  1228           05  Vat-Rates                    comp.
  1229               07 Vat-Rate-1   pic 99v99.   *> Standard rate
  1230               07 Vat-Rate-2   pic 99v99.   *> Reduced rate
  1231               07 Vat-Rate-3   pic 99v99.   *> Minimal or exempt
  1232               07 Vat-Rate-4   pic 99v99.   *> 2b used for local sales tax   Not UK
  1233               07 Vat-Rate-5   pic 99v99.   *> 2b used for local sales tax   Not UK
  1234           05  Vat-Rate redefines Vat-Rates pic 99v99 comp occurs 5.
  1235           05  Cyclea          binary-char.  *> 99.
  1236           05  Scycle Redefines cyclea  binary-char.
  1237           05  Period          binary-char.  *> 99.
  1238           05  Page-Lines      binary-char  unsigned. *> 999. Portrait / default
  1239           05  Next-Invoice    binary-long. *> 9(8) comp.
  1240           05  Run-Date        binary-long. *> 9(8) comp.
  1241           05  Start-Date      binary-long. *> 9(8) comp.
  1242           05  End-Date        binary-long. *> 9(8) comp.
ACS Cobol Xref v2.03.18          Dictionary File for PY030    09/04/2026  19:12:41:71                                  Page   24

  1243           05  Suser.                       *> IRS
  1244               07  Usera       pic x(32).
  1245           05  User-Code       pic x(32).   *> encrypted username not used on OS versions so also b 4 client?
  1246           05  Address-1       pic x(24).
  1247           05  Address-2       pic x(24).
  1248           05  Address-3       pic x(24).
  1249           05  Address-4       pic x(24).
  1250           05  Post-Code       pic x(12).   *> or ZipCode size should cover all countries
  1251           05  Country         pic x(24).
  1252           05  Print-Spool-Name pic x(48).
  1253           05  Phone-No        pic x(12).  *> added 21/10/25 reducing filler.
  1254           05  FILLER          pic x(20).
  1255           05  Pass-Value      pic 9.
  1256           05  Level.
  1257               07  Level-1     pic 9.
  1258                   88  G-L                    value 1.    *> General (Nominal) ledger
  1259               07  Level-2     pic 9.
  1260                   88  B-L                    value 1.    *> Purchase (Payables) ledger
  1261               07  Level-3     pic 9.
  1262                   88  S-L                    value 1.    *> Sales (Receivables) ledger
  1263               07  Level-4     pic 9.
  1264                   88  Stock                  value 1.    *> Stock Control (Inventory)
  1265               07  Level-5     pic 9.
  1266                   88  IRS                    value 1.    *> IRS used (instead of General).
  1267                   88  IRS-No                 value zero. *> IRS NOT Used.
  1268               07  Level-6     pic 9.
  1269                   88  Payroll                value 1.    *> Payroll - USA
  1270           05  Pass-Word       pic x(4).
  1271           05  Host            pic 9.
  1272               88  Multi-User                 value 1.
  1273           05  Op-System       pic 9.
  1274               88  valid-os-type              values 1 2 3 4 5 6.
  1275               88  No-OS                      value zero.
  1276               88  Dos                        value 1.
  1277               88  Windows                    value 2.
  1278               88  Mac                        value 3.
  1279               88  Os2                        value 4.
  1280               88  Unix                       value 5.
  1281               88  Linux                      value 6.
  1282               88  OS-Single                  values 1 2 4.
  1283           05  Current-Quarter pic 9.
  1284           05  RDBMS-Flat-Statuses.
  1285               07  File-System-Used  pic 9.
  1286                   88  FS-Cobol-Files-Used    value zero.
  1287                   88  FS-MySql-Used          value 1.
  1288                                            *> THESE NOT IN USE at this time
  1289                   88  FS-RDBMS-Used          value 1.  *> Was generic
  1290  *>                 88  FS-Oracle-Used         value 3.  *> ditto   -  change values to order in which
  1291  *>                 88  FS-Postgres-Used       value 2.  *> ditto       they are implemented
  1292  *>                 88  FS-DB2-Used            value 4.  *> ditto        or made available
  1293  *>                 88  FS-MS-SQL-Used         value 5.  *> ditto
  1294  *>                 88  FS-ODBC-Used           value 6.  *> ditto
  1295                   88  FS-Valid-Options       values 0 thru 1.    *> 5. (not in use unless 1-5)
  1296               07  File-Duplicates-In-Use pic 9.           *> No longer in use
ACS Cobol Xref v2.03.18          Dictionary File for PY030    09/04/2026  19:12:41:71                                  Page   25

  1297                   88  FS-Duplicate-Processing value 1.    *>  Ditto
  1298           05  Maps-Ser.      *> Not needed in OpenSource version, = 9999 (No Maintenance Contract]
  1299               07  Maps-Ser-xx pic xx.        *> Allows for 36^2  customers = 60,466,176
  1300               07  Maps-Ser-nn binary-short.  *>     x  129600 - 2  - Very very large.
  1301           05  Date-Form       pic 9.
  1302               88  Date-Valid-Formats         values 1 2 3.
  1303           05  Data-Capture-Used pic 9.
  1304               88  DC-Cobol-Standard          value zero.
  1305               88  DC-GUI                     value 1.
  1306               88  DC-Widget                  value 2.
  1307           05  RDBMS-DB-Name   pic x(12)      value "ACASDB".     *> change in setup
  1308           05  RDBMS-User      pic x(12)      value "ACAS-User".  *> change in setup
  1309           05  RDBMS-Passwd    pic x(12)      value "PaSsWoRd".   *> change in setup
  1310           05  VAT-Reg-Number  pic x(11)      value spaces.
  1311           05  Param-Restrict  pic x.                             *> Only via ACAS?
  1312           05  RDBMS-Port      pic x(5)       value "3306".       *> change in setup
  1313           05  RDBMS-Host      pic x(32)      value spaces.       *> change in setup
  1314           05  RDBMS-Socket    pic x(64)      value spaces.       *> change in setup v3
  1315           05  Stats-Date-Period pic 9(4).                      *> added 15/01/18.
  1316           05  Company-Email   pic x(30).                         *> changed from filler 26/06/23
  1317  *>***************
  1318  *>   G/L Data   *
  1319  *>***************
  1320       03  General-Ledger-Block.               *> 80 bytes
  1321           05  P-C             pic x.
  1322               88  Profit-Centres             value "P".
  1323               88  Branches                   value "B".
  1324           05  P-C-Grouped     pic x.
  1325               88  Grouped                    value "Y".
  1326           05  P-C-Level       pic x.
  1327               88  Revenue-Only               value "R".
  1328           05  Comps           pic x.
  1329               88  Comparatives               value "Y".
  1330           05  Comps-Active    pic x.
  1331               88  Comparatives-Active        value "Y".
  1332           05  M-V             pic x.
  1333               88  Minimum-Validation         value "Y".
  1334           05  Arch            pic x.
  1335               88  Archiving                  value "Y".
  1336           05  Trans-Print     pic x.
  1337               88  Mandatory                  value "Y".
  1338           05  Trans-Printed   pic x.
  1339               88  Trans-Done                 value "Y".
  1340           05  Header-Level    pic 9.                      *> Not directly used in sys002 but anywhere ?
  1341           05  Sales-Range     pic 9.
  1342           05  Purchase-Range  pic 9.
  1343           05  Vat             pic x.
  1344               88  Auto-Vat                   value "Y".
  1345           05  Batch-Id        pic x.
  1346               88  Preserve-Batch             value "Y".
  1347           05  Ledger-2nd-Index pic x.                     *> But file uses SINGLE INDEX only & gl030 uses a table.
  1348               88  Index-2                    value "Y".
  1349           05  IRS-Instead     pic x.
  1350               88  IRS-Used                   value "Y".
ACS Cobol Xref v2.03.18          Dictionary File for PY030    09/04/2026  19:12:41:72                                  Page   26

  1351               88  IRS-Both-Used              value "B".   *> 26/11/16
  1352           05  Ledger-Sec      binary-short.  *> 9(4) comp
  1353           05  Updates         binary-short.  *> 9(4) comp
  1354           05  Postings        binary-short.  *> 9(4) comp
  1355           05  Next-Batch      binary-short.  *> 9(4) comp  should be unsigned used for all ledgers
  1356           05  Extra-Charge-Ac binary-long.   *> 9(8) comp        NOTHING IS USING THIS FIELD IN SALES or PURCHASE
  1357           05  Vat-Ac          binary-long.   *> 9(8) comp
  1358           05  Print-Spool-Name2 pic x(48).
  1359  *>******************
  1360  *>   P(B)/L Data   *
  1361  *>******************
  1362       03  Purchase-Ledger-Block.             *> 88 bytes
  1363           05  Next-Folio      binary-long.   *> 9(8) comp
  1364           05  BL-Pay-Ac       binary-long.   *> 9(8) comp
  1365           05  P-Creditors     binary-long.   *> 9(8) comp
  1366           05  BL-Purch-Ac     binary-long.   *> 9(8) comp
  1367           05  BL-End-Cycle-Date binary-long. *> 9(8) comp
  1368           05  BL-Next-Batch   binary-short.  *> 9(4) comp  should be unsigned - unused ?
  1369           05  Age-To-Pay      binary-char.   *> 9(4) comp should be unsigned
  1370           05  Purchase-Ledger pic x.
  1371               88  P-L-Exists                 value "Y".
  1372           05  PL-Delim        pic x.
  1373           05  Entry-Level     pic 9.
  1374           05  P-Flag-A        pic 9.
  1375           05  P-Flag-I        pic 9.
  1376           05  P-Flag-P        pic 9.
  1377           05  PL-Stock-Link   pic x.
  1378           05  Print-Spool-Name3 pic x(48).
  1379           05  PL-Autogen      pic x          value space.        *> added 14/04/23 NOT USED YET
  1380           05  PL-Next-Rec     binary-short unsigned.            *> 2 bytes 0 - 65k
  1381           05  FILLER          pic x(7).
  1382  *>***************
  1383  *>   S/L Data   *
  1384  *>***************
  1385       03  Sales-Ledger-Block.                *> 128 bytes
  1386           05  Sales-Ledger    pic x.
  1387               88  S-L-Exists                 value "Y".
  1388           05  SL-Delim        pic x.
  1389           05  Oi-3-Flag       pic x.         *> 'Y' used in sl060 why?
  1390           05  Cust-Flag       pic x.
  1391           05  Oi-5-Flag       pic x.
  1392           05  S-Flag-Oi-3     pic x.         *> 'Z' when otm3 created, used in sl060 why? NO LONGER USED
  1393           05  Full-Invoicing  pic 9.
  1394           05  S-Flag-A        pic 9.         *> '1' used in sl060 why?
  1395           05  S-Flag-I        pic 9.         *> '2' used in sl060 why?
  1396           05  S-Flag-P        pic 9.
  1397           05  SL-Dunning      pic 9.
  1398           05  SL-Charges      pic 9.
  1399           05  Sl-Own-Nos      pic x.
  1400           05  SL-Stats-Run    pic 9.
  1401           05  Sl-Day-Book     pic 9.
  1402           05  invoicer        pic 9.
  1403               88  I-Level-0                  value 0.  *> show totals only (no net & vat) not used?
  1404               88  I-Level-1                  value 1.  *> Show net, vat
ACS Cobol Xref v2.03.18          Dictionary File for PY030    09/04/2026  19:12:41:72                                  Page   27

  1405               88  I-Level-2                  value 2.  *> show Details + vat etc looks wrong in sl910 totals only (no net & vat)
  1406               88  Not-Invoicing              value 9.  *> show totals only (no net & vat) but not found yet nor level 3 (see sl900)
  1407           05  Extra-Desc      pic x(14).
  1408           05  Extra-Type      pic x.
  1409               88  Discount                   value "D".
  1410               88  Charge                     value "C".
  1411           05  Extra-Print     pic x.
  1412           05  SL-Stock-Link   pic x.
  1413           05  SL-Stock-Audit  pic x.
  1414               88  Stock-Audit-On             value "Y".   *> Invoicing will create an audit record (15/05/13)
  1415           05  SL-Late-Per     pic 99v99    comp.
  1416           05  SL-Disc         pic 99v99    comp.
  1417           05  Extra-Rate      pic 99v99    comp.
  1418           05  SL-Days-1       binary-char.    *> 999  comp.
  1419           05  SL-Days-2       binary-char.    *> 999  comp.
  1420           05  SL-Days-3       binary-char.    *> 999  comp.
  1421           05  SL-Credit       binary-char.    *> 999  comp.
  1422           05  FILLER          binary-short.   *> No longer used.
  1423           05  SL-Min          binary-short.   *> 9999  comp.
  1424           05  SL-Max          binary-short.   *> 9999  comp.
  1425           05  PF-Retention    binary-short.   *> 9999  comp.
  1426           05  First-Sl-Batch  binary-short.   *> 9999  comp.   *>unused ?
  1427           05  First-Sl-Inv    binary-long.    *> 9(8) comp.
  1428           05  SL-Limit        binary-long.    *> 9(8) comp.
  1429           05  SL-Pay-Ac       binary-long.    *> 9(8) comp.
  1430           05  S-Debtors       binary-long.    *> 9(8) comp.
  1431           05  SL-Sales-Ac     binary-long.    *> 9(8) comp.
  1432           05  S-End-Cycle-Date binary-long.   *> 9(8) comp.
  1433           05  SL-Comp-Head-Pick Pic x.
  1434               88  SL-Comp-Pick               value "Y".
  1435           05  SL-Comp-Head-Inv  pic x.
  1436               88  SL-Comp-Inv                value "Y".
  1437           05  SL-Comp-Head-Stat pic x.
  1438               88  SL-Comp-Stat               value "Y".
  1439           05  SL-Comp-Head-Lets pic x.
  1440               88  SL-Comp-Lets               value "Y".
  1441           05  SL-VAT-Printed  pic x.
  1442               88  SL-VAT-Prints              value "Y".
  1443           05  SL-Invoice-Lines pic 99.
  1444           05  SL-Autogen      pic x          value space.        *> added 14/04/23
  1445           05  SL-Next-Rec     binary-short unsigned.             *> 2 bytes 0 - 65k
  1446           05  SL-BO-Flag      pic x          value space.      *> support for Back Ordering - may be = Y for true.
  1447           05  SL-BO-Default   pic x.
  1448           05  FILLER          pic X(14).                       *> was x (16)
  1449  *> GL overflow
  1450           05  GL-BL-Pay-Ac    binary-long.    *> 9(8) comp    THESE 6 ADDED 06/06/18 to poss. support GL and IRS
  1451           05  GL-P-Creditors  binary-long.    *> 9(8) comp    RUNNING at same time.
  1452           05  GL-BL-Purch-Ac  binary-long.    *> 9(8) comp
  1453           05  GL-SL-Pay-Ac    binary-long.    *> 9(8) comp.
  1454           05  GL-S-Debtors    binary-long.    *> 9(8) comp.
  1455           05  GL-SL-Sales-Ac  binary-long.    *> 9(8) comp.
  1456  *>***************
  1457  *> Stock Data   *
  1458  *>***************
ACS Cobol Xref v2.03.18          Dictionary File for PY030    09/04/2026  19:12:41:72                                  Page   28

  1459  *>
  1460       03  Stock-Control-Block.                *> 88 bytes
  1461           05  Stk-Abrev-Ref   pic x(6).
  1462           05  Stk-Debug       pic 9.          *> T/F (1/0).
  1463           05  Stk-Manu-Used   pic 9.          *> T/F (Bomp/Wip)
  1464           05  Stk-OE-Used     pic 9.          *> T/F.
  1465           05  Stk-Audit-Used  pic 9.          *> T/F.
  1466           05  Stk-Mov-Audit   pic 9.          *> T/F.
  1467           05  Stk-Period-Cur  pic x.          *> M=Monthly, Q=Quarterly, Y=Yearly
  1468           05  Stk-Period-dat  pic x.          *>  --  ditto  --
  1469           05  FILLER          pic x.          *> was stk-date-form
  1470           05  Stock-Control   pic x.
  1471               88  Stock-Control-Exists   value "Y".
  1472           05  Stk-Averaging   pic 9.          *> T/F.
  1473               88  Stock-Averaging        value 1.
  1474           05  Stk-Activity-Rep-Run pic 9.     *> T/F.  =17 bytes 0=no, 1=add, 2=del, 3=both
  1475           05  Stk-BO-Active   pic x.          *> was filler 13/03/24
  1476           05  Stk-Page-Lines  binary-char unsigned.  *> 9999 comp. Taken from Print-Lines
  1477           05  Stk-Audit-No    binary-char unsigned.  *> 9999 comp.
  1478           05  FILLER          pic x(68).             *> 64    (just in case)
  1479           05  Client             pic x(24). 	*> 		24      *> Not needed as will use suser
  1480           05  Next-Post          pic 9(5).  	*> 		29                                                  N   5
  1481           05  Vat-Rates2.                                             *> these can be replaced by the other VAT blk
  1482               07  vat1           pic 99v99. 	*> 		33   *> Standard  changed from vat (11/06/13)
  1483               07  vat2           pic 99v99. 	*> 		37   *> reduced 1 [not yet used]
  1484               07  vat3           pic 99v99. 	*> 		41   *> reduced 2 [not yet used]
  1485           05  Vat-Group redefines Vat-Rates2.
  1486               07  Vat-Psent      pic 99v99    occurs 3.
  1487           05  FILLER redefines PL-Approp-AC6.
  1488               07  FILLER         pic 9.           *>                   loose leading char for IRS
  1489               07  PL-Approp-AC   pic 9(5).        *>                   For IRS
  1490           05  FILLER             pic x(59).       *>             128  Old fn-1 to 5 files
  1491       03  IRS-Data-Block redefines IRS-Entry-Block.
  1492           05  FILLER-Dummy4   pic x(128).
  1493  *>
  1494  *>>W Msg29 Caution: One or more replacing sources not found
  1495  *>C  copy "wsnames.cob".
  1496  *>
  1497  *> Sales, Purchase, Stock, General & now IRS for v3.3 with integrated IRS
  1498  *>    for use in xl150 and ??
  1499  *>
  1500  *>  Files used in Sales, Stock, Purchase, General & IRS
  1501  *> 17/11/16 vbc - Added IRS files + their renaming with irs prefix.
  1502  *> 04/12/16 vbc - Added irs055 sort file as file-38.
  1503  *> 09/05/23 vbc - Added PL & SL autogen (files04, 30 increased count to 38
  1504  *> 16/03/24 vbc - Added Sales Bo-Stk-Itm as file31  increased count to 39
  1505  *> 21/10/25 vbc - Added Payroll - USA/Canada - other files needed for elsewhere
  1506  *>                inc UK / Europe etc.
  1507  *>
  1508   01  File-Defs.
  1509       02  file-defs-a.
  1510           03  pre-trans-name   pic x(532)  value "pretrans.tmp". *> gl071
  1511           03  post-trans-name  pic x(532)  value "postrans.tmp". *> gl071
  1512  *>C  copy "file00.cob".    *> "system"
ACS Cobol Xref v2.03.18          Dictionary File for PY030    09/04/2026  19:12:41:72                                  Page   29

  1513       03  file-0         pic x(532)        value "system.dat".
  1514  *>                        No file 1
  1515  *>C  copy "file02.cob".    *> "archive".
  1516       03  file-2         pic x(532)        value "archive.dat".
  1517  *>C  copy "file03.cob".    *> "final".
  1518       03  file-3         pic x(532)        value "final.dat".
  1519  *>C  copy "file04.cob".    *> "SLautogen"
  1520       03  file-4         pic x(532)        value "slautogen.dat".
  1521  *>C  copy "file05.cob".    *> "ledger".
  1522       03  file-5         pic x(532)        value "ledger.dat".
  1523  *>C  copy "file06.cob".    *> "posting".
  1524       03  file-6         pic x(532)        value "posting.dat".
  1525  *>C  copy "file07.cob".    *> "batch".
  1526       03  file-7         pic x(532)        value "batch.dat".
  1527  *>C  copy "file08.cob".    *> "postings2irs.dat"
  1528       03  file-8         pic x(532)        value "postings2irs.dat".
  1529  *>C  copy "file09.cob".    *> "tmp-stock".
  1530       03  file-9         pic x(532)        value "tmp-stock.dat".
  1531  *>C  copy "file10.cob".    *> "staudit".
  1532       03  file-10        pic x(532)        value "staudit.dat".
  1533  *>C  copy "file11.cob".    *> "stockctl".
  1534       03  file-11        pic x(532)        value "stockctl.dat".
  1535  *>C  copy "file12.cob".    *> "salesled".
  1536       03  file-12        pic x(532)        value "salesled.dat".
  1537  *>C  copy "file13.cob".    *> "value.dat"
  1538       03  file-13        pic x(532)        value "value.dat".
  1539  *>C  copy "file14.cob".    *> "delivery.dat"
  1540       03  file-14        pic x(532)        value "delivery.dat".
  1541  *>C  copy "file15.cob".    *> "analysis.dat"
  1542       03  file-15        pic x(532)        value "analysis.dat".
  1543  *>C  copy "file16.cob".    *> "invoice ".
  1544       03  file-16        pic x(532)        value "invoice.dat".
  1545  *>C  copy "file17.cob".    *> "delinvno".
  1546       03  file-17        pic x(532)        value "delinvno.dat".
  1547  *>C  copy "file18.cob".    *> "openitm2".
  1548       03  file-18        pic x(532)        value "openitm2.dat".
  1549  *>C  copy "file19.cob".    *> "openitm3".
  1550       03  file-19        pic x(532)        value "openitm3.dat".
  1551  *>C  copy "file20.cob".    *> "oisort".
  1552       03  file-20        pic x(532)        value "oisort.wrk".
  1553  *>C  copy "file21.cob".    *> "work.tmp"
  1554       03  file-21        pic x(532)        value "work.tmp".
  1555  *>C  copy "file22.cob".    *> "purchled"
  1556       03  file-22        pic x(532)        value "purchled.dat".
  1557  *>C  copy "file23.cob".    *> "delfolio.dat"
  1558       03  file-23        pic x(532)        value "delfolio.dat".
  1559  *>C  copy "file24.cob".    *> dummy to build file-02
  1560       03  file-24        pic x(532)        value spaces.
  1561  *>                        No file 25
  1562  *>C  copy "file26.cob".    *> "pinvoice"
  1563       03  file-26        pic x(532)        value "pinvoice.dat".
  1564  *>C  copy "file27.cob".    *> "poisort"
  1565       03  file-27        pic x(532)        value "poisort.wrk".
  1566  *>C  copy "file28.cob".    *> "openitm4"
ACS Cobol Xref v2.03.18          Dictionary File for PY030    09/04/2026  19:12:41:72                                  Page   30

  1567       03  file-28        pic x(532)        value "openitm4.dat".
  1568  *>C  copy "file29.cob".    *> "openitm5"
  1569       03  file-29        pic x(532)        value "openitm5.dat".
  1570  *>C  copy "file30.cob".    *> "PLautogen.dat"
  1571       03  file-30        pic x(532)        value "plautogen.dat".
  1572  *>C  copy "file31.cob".    *> "boStkitm.dat" NEw 16/03/24
  1573       03  file-31        pic x(532)        value "bostkitm.dat".
  1574  *>C  copy "file32.cob".    *> "pay.dat"
  1575       03  file-32        pic x(532)        value "pay.dat".
  1576  *>C  copy "file33.cob".    *> "cheque.dat"
  1577       03  file-33        pic x(532)        value "cheque.dat".
  1578           03  file-34          pic x(532)  value "irsacnts.dat".        *> IRS ex file 1  These 4 added 19/10/16 for IRS integration
  1579           03  file-35          pic x(532)  value "irsdflt.dat".         *> IRS ex file 3  all name have 'irs' prefix.
  1580           03  file-36          pic x(532)  value "irspost.dat".         *> IRS ex file 4
  1581           03  file-37          pic x(532)  value "irsfinal.dat".        *> IRS ex file 5
  1582           03  file-38          pic x(532)  value "postsort.dat".        *> IRS ex irs055 sort file.
  1583
  1584  *> Code for Payroll  AND INCREASE occurs both times
  1585           03  file-39          pic x(532)  value "pyact.dat".               *> PY account
  1586           03  file-40          pic x(532)  value "pychk.dat".               *> PY check / bacs
  1587           03  file-41          pic x(532)  value "pycoh.dat".               *> PY company history
  1588           03  file-42          pic x(532)  value "pyded.dat".               *> PY deduction {/ earnings}
  1589           03  file-43          pic x(532)  value "pyemp.dat".               *> PY employee master
  1590           03  file-44          pic x(532)  value "pyhis.dat".               *> PY employee (pay) history
  1591           03  file-45          pic x(532)  value "pyhrs.dat".               *> PY pay trans
  1592           03  file-46          pic x(532)  value "pypay.dat".               *> PY pay detail jrn + header ???
  1593           03  file-47          pic x(532)  value "pypr1.dat".               *> PY param 1
  1594           03  file-48          pic x(532)  value "pypr2.dat".               *> PY param 2
  1595  *> TABLES Blk 1
  1596           03  file-49          pic x(532)  value "pycalm.dat".              *> PY  calx - x = s,m,h, x?
  1597           03  file-50          pic x(532)  value "pycals.dat".              *> PY
  1598           03  file-51          pic x(532)  value "pycalh.dat".              *> PY
  1599           03  file-52          pic x(532)  value "pycalx.dat".              *> PY  california special tables ???
  1600           03  file-53          pic x(532)  value "pylwt.dat".               *> PY  tax table ???
  1601           03  file-54          pic x(532)  value "pyswtaa.dat".             *> PY  swt aa = State abbrev. code Only one used
  1602           03  file-55          pic x(532)  value "pyglcoann.dat".           *> PY gl CoA transfer ??
  1603           03  file-56          pic x(532)  value "pyglgjbss.dat".           *> PY  ???
  1604  *> Not sure about these two up/down
  1605             03  file-57          pic x(532)  value "pycal.dat".             *> PY  ??? calm,s,h etc
  1606  *>
  1607       02  filler         redefines file-defs-a.
  1608           03  System-File-Names   pic x(532) occurs 58.            *> 39 chg for sales BO file plus py
  1609       02  File-Defs-Count         binary-short value 58.           *> MUST be the same as above occurs
  1610       02  File-Defs-os-Delimiter  pic x.                           *> if = \ or / then paths have been set.
  1611  *>
  1612  *>
  1613   01  To-Day              pic x(10).
  1614  *>
  1615   Report section.    *> All NEEDS CHANGING
  1616  *>**************
  1617  *>
  1618   RD  Employee-Hours-Proof-Report
  1619       control      Final
  1620       Page Limit   WS-Page-Lines
ACS Cobol Xref v2.03.18          Dictionary File for PY030    09/04/2026  19:12:41:72                                  Page   31

  1621       Heading      1
  1622       First Detail 5
  1623       Last  Detail WS-Page-Lines.
  1624  *>
  1625  *> Print layouts to 132 cols Landscape
  1626  *>
  1627   01  Hours-Proof-Heads Type is Page Heading.
  1628       03  line 1.
  1629           05  col  50  pic x(40)      source UserA.
  1630           05  col 110  pic x(10)      source WS-Date.  *> IS this correct format ?  Check report
  1631           05  col 122  pic x(8)       source WSD-Time.
  1632       03  line 2.
  1633           05  col  1   pic x(17)      source Prog-Name.
  1634           05  col 51   pic x(19)      value "ACAS Payroll System".
  1635           05  col 124  pic x(5)       value "Page ".
  1636           05  col 129  pic zz9        source Page-Counter.
  1637       03  Line 3.
  1638           05  col 53   pic x(53)      value "Transaction Hours Report".
  1639       03  line 5.
  1640           05  col 15   pic x(9)       value "Batch No:".
  1641           05  col 25   pic zz9        source WS-Hrs-Batch-No.
  1642       03  line 6.
  1643           05  col 15   pic x(10)      value "Proof No:".
  1644           05  col 25   pic zz9        source WS-Hrs-Proof-No.
  1645       03  line 8.
  1646           05  col  6                  value "Employee".
  1647           05  col 59                  value "Effective".
  1648           05  col 80                  value "Transaction".
  1649       03  line 9.
  1650           05  col  7                  value "Number".
  1651           05  col 19                  value "Employee Name".
  1652           05  col 62                  value "Date".
  1653           05  col 76                  value "Units".
  1654           05  col 84                  value "Code".
  1655           05  col 90                  value "Description".
  1656  *>
  1657   01  Hours-Proof-Detail type is detail.
  1658       03  line + 1.
  1659           05  col  7   pic 9(7)       source Hrs-Emp-No.
  1660           05  col 17   pic x(32)      source WS-Name-and-Suffix.
  1661           05  col 60   pic x(10)      source WS-Date.
  1662           05  col 71   pic zz,zz9.99  source Hrs-Units.
  1663           05  col 85   pic z9         source Hrs-Trans-Code.
  1664           05  col 90   pic x(35)      source WS-Desc.
  1665  *>
  1666   01  Hours-Proof-Foot Type Report Footing.
  1667       03  line + 2.
  1668           05  col 5      pic x(23)    value "Total Records printed: ".
  1669           05  col 29     pic zzz9     source WS-Rec-Cnt.
  1670  *>
  1671   01  type control Footing Final line plus 2.   *> ?? Needed ??
  1672
  1673       03  col 1           pic x(25)         value "Total - Account Records :".
  1674       03  col 26          pic zzz9          source WS-Rec-Cnt.
ACS Cobol Xref v2.03.18          Dictionary File for PY030    09/04/2026  19:12:41:72                                  Page   32

  1675  *>
  1676   procedure division using WS-Calling-Data  *> ACAS
  1677                            WS-System-Record *> ACAS
  1678                            To-Day           *> ACAS
  1679                            File-Defs.       *> ACAS
  1680  *>
  1681   aa000-Main                  section.
  1682  *>**********************************
  1683  *> Force Esc, PgUp, PgDown, PrtSC to be detected
  1684       set      ENVIRONMENT "COB_SCREEN_EXCEPTIONS" to "Y".
  1685       set      ENVIRONMENT "COB_SCREEN_ESC" to "Y".
  1686       move     CURRENT-DATE to WSE-Date-block.
  1687       move     WSE-HH  to  WSD-HH.
  1688       move     WSE-MM  to  WSD-MM.
  1689       move     WSE-SS  to  WSD-SS.  *> WSD-Time
  1690       move     Print-Spool-Name to PSN.  *> set ACAS prt spool for o/p
  1691  *>
  1692  *> Get current-date into locale format for display and printing
  1693  *>
  1694       perform  ZZ070-Convert-Date.
  1695       move     WS-Date to WS-Conv-Date.  *> Use for reporting etc.
  1696  *>
  1697  *> Terminal-Sizing.
  1698  *>
  1699       perform  forever
  1700                accept   WS-Env-Lines   from lines
  1701                if       WS-Env-Lines < 28
  1702                         display  SY010    at 0101 with erase eos
  1703                         accept   WS-Reply at 0133
  1704                         move     8 to WS-Term-Code
  1705                         exit perform cycle
  1706                end-if
  1707                accept   WS-Env-Columns from Columns
  1708                if       WS-Env-Columns < 80
  1709                         display  SY013    at 0101 with erase eos
  1710                         accept   WS-Reply at 0130
  1711                         move     8 to WS-Term-Code
  1712                         exit perform cycle
  1713                end-if
  1714       end-perform.
  1715  *>
  1716  *> Set up error message areas on screen - assumes terninal set for => 28 deep
  1717  *>  and must be 80 wide   BUT only needs depth of 24 or more.
  1718  *>
  1719       subtract 2 from WS-Env-Lines giving WS-22-Lines.
  1720       subtract 1 from WS-Env-Lines giving WS-23-Lines.
  1721       move     WS-Env-Lines to WS-Lines.
  1722       move     zero         to WS-Term-Code.
  1723  *>
  1724   aa010-Open-PY-Files.
  1725  *>
  1726  *> Check for files and Quit if any are missing or there is no data for Emp or History etc.
  1727  *>
  1728       open     input PY-Param1-File.
ACS Cobol Xref v2.03.18          Dictionary File for PY030    09/04/2026  19:12:41:72                                  Page   33

  1729       if       PY-PR1-Status not = "00"      *> Does not exist yet so lets create it & write rec
  1730                perform  ZZ040-Evaluate-Message
  1731                display  PY001         at line WS-23-Lines col 1 foreground-color 4 erase eos
  1732                display  PY-PR1-Status at line WS-23-Lines col 47
  1733                display  WS-Eval-Msg   at line WS-23-Lines col 50
  1734                display  SY001         at line WS-Lines    col 1 foreground-color 2
  1735                accept   WS-Reply      at line WS-Lines    col 48 AUTO
  1736                close    PY-Param1-File
  1737                move     1 to WS-Term-Code
  1738                goback   returning 1        *> == no param file
  1739       end-if.
  1740  *>
  1741  *> Get PY params data for line count etc
  1742  *>
  1743       move     1        to RRN.
  1744       read     PY-Param1-File key RRN
  1745       if       PY-PR1-Status not = "00"
  1746                perform  ZZ040-Evaluate-Message
  1747                display  PY002         at line WS-23-Lines col 1 with erase eos
  1748                display  PY-PR1-Status at line WS-23-Lines col 33
  1749                display  WS-Eval-Msg   at line WS-23-Lines col 36
  1750                display  SY001         at line WS-Lines    col 1
  1751                accept   WS-Reply      at line WS-Lines    col 48 AUTO
  1752                close    PY-Param1-File
  1753                move     1 to WS-Term-Code
  1754                goback   returning 1
  1755       end-if.
  1756  *>
  1757       close    PY-Param1-File.             *> Record still in WS area
  1758       move     zero  to  Return-Code.
  1759  *>
  1760       open     input    PY-Employee-File.
  1761       if       PY-Emp-Status not = "00"
  1762                display  PY806         at line WS-23-Lines col 1 with erase eos
  1763                display  SY001         at line WS-Lines    col 1
  1764                accept   WS-Reply      at line WS-Lines    col 48 AUTO
  1765                close    PY-Param1-File
  1766                         PY-Employee-File
  1767                move     16 to WS-Term-Code
  1768                goback   returning 2
  1769       end-if.
  1770       open     input    PY-Pay-Transactions-File.
  1771       if       PY-Hrs-Status not = "00"
  1772                if       PY-Hrs-Status not = "00"
  1773                         move     PY-Hrs-Status to PY-PR1-Status
  1774                         perform  ZZ040-Evaluate-Message
  1775                         display  PY808         at line WS-23-Lines col 1 with erase eos
  1776                         display  PY-PR1-Status at line WS-23-Lines col 26
  1777                         display  WS-Eval-Msg   at line WS-23-Lines col 29
  1778                         display  SY001         at line WS-Lines    col 1
  1779                         accept   WS-Reply      at line WS-Lines    col 48 AUTO
  1780                         close    PY-Param1-File
  1781                                  PY-Employee-File
  1782                                  PY-Pay-Transactions-File
ACS Cobol Xref v2.03.18          Dictionary File for PY030    09/04/2026  19:12:41:72                                  Page   34

  1783                         move     16 to WS-Term-Code
  1784                         goback   returning 3
  1785                end-if
  1786       end-if.
  1787       close        PY-Pay-Transactions-File.
  1788       open     i-o PY-Pay-Transactions-File.  *> needed to update header rec
  1789  *>
  1790       move     zeros to WS-Page-Cnt.
  1791       move     90    to WS-Line-Cnt.
  1792  *>
  1793       open     output Print-File.
  1794       perform  aa050-Report.
  1795       perform  aa000-Fin.
  1796  *>
  1797       if       Page-Counter > zero           *> Don't print a empty report
  1798                close Print-File
  1799                call     "SYSTEM" using Print-Report.  *> Landscape
  1800                goback.
  1801  *>
  1802   aa000-Fin.
  1803       move     "Y"  to WS-Hrs-Proofed.
  1804       add      1    to WS-Hrs-Proof-No.
  1805       move     zero to WS-Hrs-Head-Key.
  1806       rewrite  PY-Pay-Header-Record from WS-Pay-Header-Record.
  1807       if       PY-Hrs-Status not = "00"
  1808                display  PY810                at line WS-22-Lines col 1
  1809                                                 foreground-color 6 erase eos
  1810                display  PY-Hrs-Status        at line WS-22-Lines col 32
  1811                move     PY-Hrs-Status to PY-PR1-Status
  1812                perform  ZZ040-Evaluate-Message
  1813                display  WS-Eval-Msg          at line WS-22-Lines col 35
  1814                display  SY001                at line WS-Lines col 1
  1815                accept   WS-Reply             at line WS-Lines col 48.
  1816  *>
  1817       close    PY-Param1-File
  1818                PY-Employee-File
  1819                PY-Pay-Transactions-File.
  1820  *>
  1821   aa000-Exit.  Exit section.
  1822  *>
  1823   aa050-Report       section.
  1824  *>*************************
  1825  *>
  1826  *> At this point Emp is opened for input and Print-File for output.
  1827  *>  treat Hrs recs as primary
  1828  *>
  1829       move     zero to WS-Rec-Cnt.
  1830       subtract 1 from Page-Lines giving WS-Page-Lines.  *> Could be the same ??  <<<<
  1831  *>
  1832       initiate Employee-Hours-Proof-Report.
  1833       perform  forever
  1834                read     PY-Pay-Transactions-File next record
  1835                if       PY-Hrs-Status not = "00"    *> assuming EOF
  1836                         exit perform
ACS Cobol Xref v2.03.18          Dictionary File for PY030    09/04/2026  19:12:41:72                                  Page   35

  1837                end-if
  1838                add      1 to WS-Rec-Cnt
  1839                if       Hrs-Emp-No not = Emp-No
  1840                         move     Hrs-Emp-No to Emp-No
  1841                         read     PY-Employee-File key Emp-No
  1842                         if       PY-Emp-Status not = "00"   *> EOF
  1843                                  display  PY811 at line WS-23-Lines col 1 erase eos
  1844                                  display  PY-Emp-Status at line WS-23-Lines col 39
  1845                                  move     PY-Emp-Status to PY-PR1-Status
  1846                                  perform  ZZ040-Evaluate-Message
  1847                                  display  WS-Eval-Msg          at line WS-23-Lines col 42
  1848                                  display  SY001                at line WS-Lines col 1
  1849                                  accept   WS-Reply             at line WS-Lines col 48
  1850                                  exit perform
  1851                         end-if
  1852                end-if
  1853                if       Emp-HS-Type = "S"
  1854                         move     "(Salaried)" to WS-Name-Suffix
  1855                else
  1856                         move     "(Hourly)"   to WS-Name-Suffix
  1857                end-if
  1858                move     spaces  to WS-Desc
  1859                if       Hrs-Trans-Code = zero
  1860                         string  TRIM (WS-ED-Desc (1))
  1861                                 " and "
  1862                                 TRIM (WS-ED-Desc (2))   into WS-Desc
  1863                else
  1864                         move WS-ED-Desc (Hrs-Trans-Code) to WS-Desc
  1865                end-if
  1866                move     spaces to WS-Name-and-Suffix
  1867                string   TRIM (Emp-Search-Name)
  1868                         TRIM (WS-Name-Suffix)    into WS-Name-and-Suffix
  1869                end-string
  1870                move     Hrs-Effective-Date  to WS-Temp-Date9
  1871                perform  zz050-Convert-Date
  1872                generate Employee-Hours-Proof-Report
  1873       end-perform.
  1874       terminate
  1875                Employee-Hours-Proof-Report.
  1876  *>
  1877   aa050-Exit.  exit section.
  1878  *>
  1879   ZZ040-Evaluate-Message      Section.
  1880  *>**********************************
  1881  *>
  1882  *> For PY-PR1 parameter file anfd other using PR-PR1-Status.
  1883  *>
  1884  *>C      copy "FileStat-Msgs-2.cpy" replacing MSG    by WS-Eval-Msg
  1885  *>C                                         STATUS by PY-PR1-Status.
  1886  *> ***************************************************************
  1887  *> ** Author: Gary L. Cutler                                    **
  1888  *> **         CutlerGL@gmail.com                                **
  1889  *> ** Amendments Vincent B. Coen                                **
  1890  *> **         vbcoen@gmail.com                                  **
ACS Cobol Xref v2.03.18          Dictionary File for PY030    09/04/2026  19:12:41:72                                  Page   36

  1891  *> **                                                           **
  1892  *> ** This copybook defines an EVALUATE statement capable of    **
  1893  *> ** translating two-digit FILE-STATUS codes to a message.     **
  1894  *> **                                                           **
  1895  *> ** Use the REPLACING option to COPY to change the names of   **
  1896  *> ** the MSG and STATUS identifiers to                         **
  1897  *> ** the names your program needs.                             **
  1898  *> Such as replacing STATUS by fs-reply msg by exception-msg.   **
  1899  *>                                                              **
  1900  *> ** chg 09/08/23 vbc for missing statuses                     **
  1901  *> ** Chg 11/12/23 vbc for missing statuses                     **
  1902  *> ** Chg 10/04/25 vbc match all quotes & spacing/layout        **
  1903  *> ** chg to FREE format                                        **
  1904  *> ** Chg 24/08/25 vbc #91 description.                         **
  1905  *> ** Chg 15.11.25 vbc Replace all ' for "                      **
  1906  *> ***************************************************************
  1907  *>
  1908   EVALUATE PY-PR1-Status
  1909   WHEN "00" MOVE "Success                  " TO WS-Eval-Msg
  1910   WHEN "02" MOVE "Success Duplicate        " TO WS-Eval-Msg
  1911   WHEN "04" MOVE "Success Incomplete       " TO WS-Eval-Msg
  1912   WHEN "05" MOVE "Success Optional, Missing" TO WS-Eval-Msg
  1913   when "06" move "Multiple Records LS      " TO WS-Eval-Msg
  1914   WHEN "07" MOVE "Success No Unit          " TO WS-Eval-Msg
  1915   when "09" move "Success LS Bad Data      " TO WS-Eval-Msg
  1916   WHEN "10" MOVE "End Of File              " TO WS-Eval-Msg
  1917   WHEN "14" MOVE "Out Of Key Range         " TO WS-Eval-Msg
  1918   WHEN "21" MOVE "Key Invalid              " TO WS-Eval-Msg
  1919   WHEN "22" MOVE "Key Exists               " TO WS-Eval-Msg
  1920   WHEN "23" MOVE "Key Not Exists           " TO WS-Eval-Msg
  1921   WHEN "24" MOVE "Key Boundary violation   " TO WS-Eval-Msg
  1922   WHEN "30" MOVE "Permanent Error          " TO WS-Eval-Msg
  1923   WHEN "31" MOVE "Inconsistent Filename    " TO WS-Eval-Msg
  1924   WHEN "34" MOVE "Boundary Violation       " TO WS-Eval-Msg
  1925   WHEN "35" MOVE "File Not Found           " TO WS-Eval-Msg
  1926   WHEN "37" MOVE "Permission Denied        " TO WS-Eval-Msg
  1927   WHEN "38" MOVE "Closed With Lock         " TO WS-Eval-Msg
  1928   WHEN "39" MOVE "Conflict Attribute       " TO WS-Eval-Msg
  1929   WHEN "41" MOVE "Already Open             " TO WS-Eval-Msg
  1930   WHEN "42" MOVE "Not Open                 " TO WS-Eval-Msg
  1931   WHEN "43" MOVE "Read Not Done            " TO WS-Eval-Msg
  1932   WHEN "44" MOVE "Record Overflow          " TO WS-Eval-Msg
  1933   WHEN "46" MOVE "Read Error               " TO WS-Eval-Msg
  1934   WHEN "47" MOVE "Input Denied             " TO WS-Eval-Msg
  1935   WHEN "48" MOVE "Output Denied            " TO WS-Eval-Msg
  1936   WHEN "49" MOVE "I/O Denied               " TO WS-Eval-Msg
  1937   WHEN "51" MOVE "Record Locked            " TO WS-Eval-Msg
  1938   WHEN "52" MOVE "End-Of-Page              " TO WS-Eval-Msg
  1939   WHEN "57" MOVE "I/O Linage               " TO WS-Eval-Msg
  1940   WHEN "61" MOVE "File Sharing Failure     " TO WS-Eval-Msg
  1941   WHEN "71" MOVE "Bad Character LS         " TO WS-Eval-Msg
  1942   WHEN "91" MOVE "Feature Not Available    " TO WS-Eval-Msg
  1943            WHEN OTHER
  1944   MOVE "Unknown File PY-PR1-Status      " TO WS-
ACS Cobol Xref v2.03.18          Dictionary File for PY030    09/04/2026  19:12:41:72                                  Page   37

  1945  *>
  1946       END-EVALUATE.
  1947
  1948  *>>W Msg29 Caution: One or more replacing sources not found
  1949  *>
  1950       exit     section.
  1951  *>
  1952   zz050-Convert-Date          section.
  1953  *>**********************************
  1954  *>
  1955  *> Input:  WS-Temp-Date9.
  1956  *> Output: WS-Date as 99/99/9999
  1957  *>
  1958       move     "99/99/9999" to WS-Date.
  1959       if       PY-PR1-Date-Format = 2    *> USA mm/dd/ccyy
  1960                string   WS-Temp-Month "/" WS-Temp-Days "/" WS-Temp-Year
  1961                         into WS-Date
  1962       else
  1963                string   WS-Temp-Days "/" WS-Temp-Month "/" WS-Temp-Year
  1964                         into WS-Date.
  1965  *>
  1966       exit     section.
  1967  *>
  1968   zz070-Convert-Date          section.
  1969  *>**********************************
  1970  *>
  1971  *>  Converts date in WSE-Date to UK/USA/Intl date format using current-date
  1972  *>*************************************************************************
  1973  *> Input:   WSE-Date via CURRENT-DATE
  1974  *> output:  WS-Date as uk/US/Inlt date format
  1975  *>
  1976  *> first create in UK date
  1977       move     WSE-Year  to WS-Year.
  1978       move     WSE-Month to WS-Month.
  1979       move     WSE-Days  to WS-Days.
  1980
  1981  *>
  1982       if       Date-Form = zero
  1983                move 1 to Date-Form.
  1984  *>
  1985       if       Date-UK          *> nothing to do as in UK format
  1986                go to zz070-Exit.
  1987       if       Date-USA                *> Swap month and days
  1988                move WS-Days  to WS-Swap
  1989                move WS-Month to WS-Days
  1990                move WS-Swap  to WS-Month
  1991                go to zz070-Exit.
  1992  *>
  1993  *> So its International date format
  1994  *>
  1995       move     "ccyy/mm/dd" to WS-Date.  *> Swap to Intl
  1996       move     WSE-Year  to WS-Intl-Year.
  1997       move     WSE-Month to WS-Intl-Month.
  1998       move     WSE-Days  to WS-Intl-Days.
ACS Cobol Xref v2.03.18          Dictionary File for PY030    09/04/2026  19:12:41:72                                  Page   38

  1999  *>
  2000   zz070-Exit.
  2001       exit     section.
  2002  *>
  2003        *>>>Info: Total Copy Depth Used = 03;  Caution messages issued =   3
ACS Cobol Xref v2.03.18          Dictionary File for PY030    09/04/2026  19:12:41:72                                  Page   39
Symbols of Module: PY030 (PY030)
--------------------------------

Data Section (FILE)             Defn     Locations
-------------------------------+---------------------------------------------------------------

EMP-ADDRESS-1                      367F
EMP-ADDRESS-2                      368F
EMP-ADDRESS-3                      369F
EMP-ADDRESS-4                      370F
EMP-AUTO-UNITS                     396F
EMP-BANK-ACCT-NO                   376F
EMP-BIRTH-DATE                     357F
EMP-CAL-DED-ALLOW                  380F
EMP-CAL-HEAD-OF-HOUSE              379F
EMP-CO-FUTA-EXEMPT                 391F
EMP-CO-SUI-EXEMPT                  392F
EMP-COMP-ACCUM                     405F
EMP-COMP-USED                      406F
EMP-CUR-APPLY-NO                   364F
EMP-DIST-ACCT                      408F
EMP-DIST-GRP                       407F
EMP-DIST-PCENT                     409F
EMP-ED-ACCT-NO                     416F
EMP-ED-AMT-PCENT                   415F
EMP-ED-CHK-CAT                     421F
EMP-ED-DESC                        417F
EMP-ED-EARN-DED                    418F
EMP-ED-EXCLUSION                   419F
EMP-ED-FACTOR                      413F
EMP-ED-GROUP                       412F
EMP-ED-GRP                         410F
EMP-ED-LIMIT                       414F
EMP-ED-LIMIT-USED                  420F
EMP-ED-USED                        411F
EMP-EIC-USED                       385F
EMP-EMAIL                          375F
EMP-FICA-EXEMPT                    389F
EMP-FWT-ALLOW                      381F
EMP-FWT-EXEMPT                     386F
EMP-HS-TYPE                        352F    1853                                                                               x1
EMP-JOB-CODE                       355F
EMP-LWT-ALLOW                      383F
EMP-LWT-EXEMPT                     388F
EMP-MARITAL                        360F
EMP-MAX-PAY                        398F
EMP-MCARE-EXEMPT                   393F
EMP-NAME                           365F
EMP-NEXT-DEL                       362F
EMP-NO                             116F     350   1839   1840   1841                                                          x4
EMP-NORMAL-UNITS                   397F
EMP-PAY-FREQ                       361F
EMP-PAY-INTERVAL                   353F
EMP-PENSION-USED                   384F
EMP-PHONE-NO                       374F
ACS Cobol Xref v2.03.18          Dictionary File for PY030    09/04/2026  19:12:41:72                                  Page   40
Symbols of Module: PY030 (PY030)
--------------------------------

Data Section (FILE)             Defn     Locations
-------------------------------+---------------------------------------------------------------

EMP-POST-CODE                      371F
EMP-RATE                           395F
EMP-RATE4-EXCLUSION                377F
EMP-SDI-EXEMPT                     390F
EMP-SEARCH-NAME                    117F     366   1867                                                                        x2
EMP-SEX                            359F
EMP-SL-ACCUM                       403F
EMP-SL-RATE                        402F
EMP-SL-USED                        404F
EMP-SSN                            363F
EMP-START-DATE                     356F
EMP-STATE                          373F
EMP-STATUS                         351F
EMP-SWT-ALLOW                      382F
EMP-SWT-EXEMPT                     387F
EMP-SYS-EXEMPT                     394F
EMP-TAXING-STATE                   354F
EMP-TERM-DATE                      358F
EMP-VAC-ACCUM                      400F
EMP-VAC-RATE                       399F
EMP-VAC-USED                       401F
EMP-ZIP                            372F
EMPLOYEE-HOURS-PROOF-REPORT        479F    1618   1875   1832   1872                                                          x4
FILE-43                            113F    1589                                                                               x1
FILE-45                            126F    1591                                                                               x1
FILE-47                            103F    1593                                                                               x1
HRS-BATCH-NO                       471F
HRS-EFFECTIVE-DATE                 461F    1870                                                                               x1
HRS-EMP-NO                         457F    1659   1839   1840                                                                 x3
HRS-HEAD-KEY                       469F
HRS-KEY                            129F     456                                                                               x1
HRS-NO-RECS                        470F
HRS-PROOF-NO                       472F
HRS-PROOFED                        473F
HRS-RATE                           459F
HRS-TRANS-CODE                     458F     459   1663   1859   1864                                                          x4
HRS-UNITS                          462F    1662                                                                               x1
PRINT-FILE                         137F     478   1793   1798                                                                 x3
PY-EMP-STATUS                      118F     676   1761   1842   1844   1845                                                   x5
PY-EMPLOYEE-FILE                   112F     329   1760   1766   1781   1818   1841                                            x6
PY-EMPLOYEE-RECORD                 349F
PY-HRS-STATUS                      130F     677   1771   1772   1773   1807   1810   1811   1835                              x8
PY-PARAM1-FILE                     103F     154   1728   1736   1744   1752   1757   1765   1780   1817                       x9
PY-PARAM1-RECORD                   183F
PY-PAY-HEADER-RECORD               468F     880   1806                                                                        x2
PY-PAY-TRANSACTIONS-FILE           125F     435   1819   1770   1782   1787   1788   1834                                     x7
PY-PAY-TRANSACTIONS-RECORD         455F     850                                                                               x1
PY-PR1-B-USED                      225F
PY-PR1-BLOCK                       184F
ACS Cobol Xref v2.03.18          Dictionary File for PY030    09/04/2026  19:12:41:72                                  Page   41
Symbols of Module: PY030 (PY030)
--------------------------------

Data Section (FILE)             Defn     Locations
-------------------------------+---------------------------------------------------------------

PY-PR1-CHECK-HISTORY-USED          221F
PY-PR1-CHECK-PRINTING-USED         220F
PY-PR1-CO-ADDRESS-1                188F
PY-PR1-CO-ADDRESS-2                189F
PY-PR1-CO-ADDRESS-3                190F
PY-PR1-CO-ADDRESS-4                191F
PY-PR1-CO-EMAIL                    196F
PY-PR1-CO-NAME                     186F
PY-PR1-CO-PHONE                    195F
PY-PR1-CO-POST-CODE                192F
PY-PR1-CO-STATE                    194F
PY-PR1-CO-ZIP                      193F
PY-PR1-COLOUR-1                    281F
PY-PR1-COLOUR-2                    282F
PY-PR1-COLOUR-RESET                283F
PY-PR1-COMPANY-DATA                185F
PY-PR1-CURRENCY-SIGN               231F
PY-PR1-DATE                        251F
PY-PR1-DATE-DY                     254F
PY-PR1-DATE-FORMAT                 249F    1959                                                                               x1
PY-PR1-DATE-MO                     253F
PY-PR1-DATE-YR                     255F
PY-PR1-DEBUGGING                   233F
PY-PR1-DFLT-DIST-ACCT              203F
PY-PR1-DFLT-GROSS-ACCT             202F
PY-PR1-DFLT-HS-TYPE                243F
PY-PR1-DFLT-NORM-UNITS             215F
PY-PR1-DFLT-PAY-INTERVAL           229F
PY-PR1-DFLT-PAY-RATE               212F
PY-PR1-DFLT-SL-RATE                214F
PY-PR1-DFLT-VAC-RATE               213F
PY-PR1-DIST-USED                   230F
PY-PR1-FED-ID                      246F
PY-PR1-FONT-NORMAL                 279F
PY-PR1-FONT-RESET                  280F
PY-PR1-FONT-SMALL                  278F
PY-PR1-GL-USED                     227F
PY-PR1-HARD-DELETE                 234F
PY-PR1-HI-DED-CHK-CAT              268F
PY-PR1-HI-EARN-CHK-CAT             270F
PY-PR1-IRS-USED                    228F
PY-PR1-JC-USED                     226F
PY-PR1-LAST-DAY-PAY-PERIOD         217F
PY-PR1-LO-DED-CHK-CAT              267F
PY-PR1-LO-EARN-CHK-CAT             269F
PY-PR1-LOCAL-ID                    248F
PY-PR1-M-USED                      223F
PY-PR1-MAX-CHK-CATS                263F
PY-PR1-MAX-DIST-ACCTS              204F
ACS Cobol Xref v2.03.18          Dictionary File for PY030    09/04/2026  19:12:41:72                                  Page   42
Symbols of Module: PY030 (PY030)
--------------------------------

Data Section (FILE)             Defn     Locations
-------------------------------+---------------------------------------------------------------

PY-PR1-MAX-ED-CATS                 265F
PY-PR1-MAX-EMP-EDS                 264F
PY-PR1-MAX-PAY-FACTOR              211F
PY-PR1-MAX-SWT-ENTRIES             266F
PY-PR1-MAX-SYS-EDS                 271F
PY-PR1-MIN-WAGE                    206F
PY-PR1-OFFSET-CASH-ACCT            201F
PY-PR1-OS-DELIMITER                232F
PY-PR1-PAGE-LINES-L                257F
PY-PR1-PAGE-LINES-P                256F
PY-PR1-PAGE-WIDTH-L                259F
PY-PR1-PAGE-WIDTH-P                258F
PY-PR1-PRINT-CONTROL               273F
PY-PR1-PRINT-SPOOL-NAME            274F
PY-PR1-PRINT-SPOOL-NAME2           275F
PY-PR1-PRINT-SPOOL-NAME3           276F
PY-PR1-PRNT-CTL-FLAG               277F
PY-PR1-RATE-NAME                   244F
PY-PR1-RATE2-FACTOR                209F
PY-PR1-RATE3-FACTOR                210F
PY-PR1-RATE4-EXCLUSION-TYPE        219F
PY-PR1-S-USED                      222F
PY-PR1-STATE-ID                    247F
PY-PR1-STATUS                      107F     675   1729   1732   1745   1748   1773   1776   1811   1845   1908                x10
PY-PR1-TAX-ID                      197F
PY-PR1-TRADE-NAME                  187F
PY-PR1-USER-PROG                   261F
PY-PR1-USER-PROG-DESC              262F
PY-PR1-USER-PROG-USED              260F
PY-PR1-VOID-CHECK-AMT              207F
PY-PR1-VOID-CHECKS-OVER-MAX        218F
PY-PR1-W-USED                      224F
PY-PR2-940-PRINTED                 305F
PY-PR2-941-PRINTED                 306F
PY-PR2-BLOCK                       285F
PY-PR2-CHECK-DATE                  296F
PY-PR2-HRS-BATCH-NO                291F
PY-PR2-JUST-CLOSED-YEAR            303F
PY-PR2-LAST-CHECK-NO               309F
PY-PR2-LAST-DAY-LAST-B             293F
PY-PR2-LAST-DAY-LAST-M             295F
PY-PR2-LAST-DAY-LAST-S             294F
PY-PR2-LAST-DAY-LAST-W             292F
PY-PR2-LAST-EMPLOYEE-NO            297F
PY-PR2-LAST-Q-ENDED                308F
PY-PR2-LAST-SM-APPLY-NO            289F
PY-PR2-LAST-WB-APPLY-NO            290F
PY-PR2-LAST-YEAR-ENDED             288F
PY-PR2-NO-ACCTS                    302F
ACS Cobol Xref v2.03.18          Dictionary File for PY030    09/04/2026  19:12:41:72                                  Page   43
Symbols of Module: PY030 (PY030)
--------------------------------

Data Section (FILE)             Defn     Locations
-------------------------------+---------------------------------------------------------------

PY-PR2-NO-ACTIVE-EMPS              298F
PY-PR2-NO-EMPLOYEES                299F
PY-PR2-NO-OF-SM-APPLIES            300F
PY-PR2-NO-OF-WB-APPLIES            301F
PY-PR2-W2-PRINTED                  307F
PY-PR2-YEAR                        286F
PY-PR2-YEAR-NEXT                   287F
RRN                                106F     555   1743   1744                                                                 x3
ACS Cobol Xref v2.03.18          Dictionary File for PY030    09/04/2026  19:12:41:72                                  Page   44
Symbols of Module: PY030 (PY030)
--------------------------------

Data Section (WORKING-STORAGE)  Defn     Locations
-------------------------------+---------------------------------------------------------------

ACAS-DAL-COMMON-DATA               656W
ACAS-PATH                          569W
ACCEPT-REPLY                       576W
ACCESS-TYPE                        638W
COB-ALLOW-ALL-SCREEN-ACTIONS       961W
COB-ALLOW-LEFT-DOUBLE              953W
COB-ALLOW-LEFT-DOWN                951W
COB-ALLOW-LEFT-UP                  952W
COB-ALLOW-MIDDLE-DOUBLE            956W
COB-ALLOW-MIDDLE-DOWN              954W
COB-ALLOW-MIDDLE-UP                955W
COB-ALLOW-MOUSE-MOVE               960W
COB-ALLOW-RIGHT-DOUBLE             959W
COB-ALLOW-RIGHT-DOWN               957W
COB-ALLOW-RIGHT-UP                 958W
COB-AUTO-MOUSE-HANDLING            950W
COB-COLOR-BLACK                    940W
COB-COLOR-BLUE                     941W
COB-COLOR-CYAN                     943W
COB-COLOR-GREEN                    942W
COB-COLOR-MAGENTA                  945W
COB-COLOR-RED                      944W
COB-COLOR-WHITE                    947W
COB-COLOR-YELLOW                   946W
COB-SCR-ALT-LEFT-DBL-CLICK        1084W
COB-SCR-ALT-LEFT-PRESSED          1082W
COB-SCR-ALT-LEFT-RELEASED         1083W
COB-SCR-ALT-MID-DBL-CLICK         1087W
COB-SCR-ALT-MID-PRESSED           1085W
COB-SCR-ALT-MID-RELEASED          1086W
COB-SCR-ALT-MOVE                  1081W
COB-SCR-ALT-RIGHT-DBL-CLICK       1090W
COB-SCR-ALT-RIGHT-PRESSED         1088W
COB-SCR-ALT-RIGHT-RELEASED        1089W
COB-SCR-ALT-WHEEL-DOWN            1104W
COB-SCR-ALT-WHEEL-UP              1103W
COB-SCR-BACK-TAB                  1040W
COB-SCR-BACKSPACE                 1047W
COB-SCR-CTRL-LEFT-DBL-CLICK       1074W
COB-SCR-CTRL-LEFT-PRESSED         1072W
COB-SCR-CTRL-LEFT-RELEASED        1073W
COB-SCR-CTRL-MID-DBL-CLICK        1077W
COB-SCR-CTRL-MID-PRESSED          1075W
COB-SCR-CTRL-MID-RELEASED         1076W
COB-SCR-CTRL-MOVE                 1071W
COB-SCR-CTRL-RIGHT-DBL-CLICK      1080W
COB-SCR-CTRL-RIGHT-PRESSED        1078W
COB-SCR-CTRL-RIGHT-RELEASED       1079W
COB-SCR-CTRL-WHEEL-DOWN           1100W
ACS Cobol Xref v2.03.18          Dictionary File for PY030    09/04/2026  19:12:41:72                                  Page   45
Symbols of Module: PY030 (PY030)
--------------------------------

Data Section (WORKING-STORAGE)  Defn     Locations
-------------------------------+---------------------------------------------------------------

COB-SCR-CTRL-WHEEL-UP             1099W
COB-SCR-DELETE                    1046W
COB-SCR-ESC                       1037W
COB-SCR-F1                         968W
COB-SCR-F10                        977W
COB-SCR-F11                        978W
COB-SCR-F12                        979W
COB-SCR-F13                        980W
COB-SCR-F14                        981W
COB-SCR-F15                        982W
COB-SCR-F16                        983W
COB-SCR-F17                        984W
COB-SCR-F18                        985W
COB-SCR-F19                        986W
COB-SCR-F2                         969W
COB-SCR-F20                        987W
COB-SCR-F21                        988W
COB-SCR-F22                        989W
COB-SCR-F23                        990W
COB-SCR-F24                        991W
COB-SCR-F25                        992W
COB-SCR-F26                        993W
COB-SCR-F27                        994W
COB-SCR-F28                        995W
COB-SCR-F29                        996W
COB-SCR-F3                         970W
COB-SCR-F30                        997W
COB-SCR-F31                        998W
COB-SCR-F32                        999W
COB-SCR-F33                       1000W
COB-SCR-F34                       1001W
COB-SCR-F35                       1002W
COB-SCR-F36                       1003W
COB-SCR-F37                       1004W
COB-SCR-F38                       1005W
COB-SCR-F39                       1006W
COB-SCR-F4                         971W
COB-SCR-F40                       1007W
COB-SCR-F41                       1008W
COB-SCR-F42                       1009W
COB-SCR-F43                       1010W
COB-SCR-F44                       1011W
COB-SCR-F45                       1012W
COB-SCR-F46                       1013W
COB-SCR-F47                       1014W
COB-SCR-F48                       1015W
COB-SCR-F49                       1016W
COB-SCR-F5                         972W
COB-SCR-F50                       1017W
ACS Cobol Xref v2.03.18          Dictionary File for PY030    09/04/2026  19:12:41:72                                  Page   46
Symbols of Module: PY030 (PY030)
--------------------------------

Data Section (WORKING-STORAGE)  Defn     Locations
-------------------------------+---------------------------------------------------------------

COB-SCR-F51                       1018W
COB-SCR-F52                       1019W
COB-SCR-F53                       1020W
COB-SCR-F54                       1021W
COB-SCR-F55                       1022W
COB-SCR-F56                       1023W
COB-SCR-F57                       1024W
COB-SCR-F58                       1025W
COB-SCR-F59                       1026W
COB-SCR-F6                         973W
COB-SCR-F60                       1027W
COB-SCR-F61                       1028W
COB-SCR-F62                       1029W
COB-SCR-F63                       1030W
COB-SCR-F64                       1031W
COB-SCR-F7                         974W
COB-SCR-F8                         975W
COB-SCR-F9                         976W
COB-SCR-FATAL                     1111W
COB-SCR-INSERT                    1045W
COB-SCR-KEY-DOWN                  1036W
COB-SCR-KEY-END                   1049W
COB-SCR-KEY-HOME                  1048W
COB-SCR-KEY-LEFT                  1041W
COB-SCR-KEY-RIGHT                 1042W
COB-SCR-KEY-UP                    1035W
COB-SCR-LEFT-DBL-CLICK            1054W
COB-SCR-LEFT-PRESSED              1052W
COB-SCR-LEFT-RELEASED             1053W
COB-SCR-MAX-FIELD                 1112W
COB-SCR-MID-DBL-CLICK             1057W
COB-SCR-MID-PRESSED               1055W
COB-SCR-MID-RELEASED              1056W
COB-SCR-MOUSE-MOVE                1051W
COB-SCR-NO-FIELD                  1108W
COB-SCR-OK                         965W
COB-SCR-PAGE-DOWN                 1034W
COB-SCR-PAGE-UP                   1033W
COB-SCR-PRINT                     1038W
COB-SCR-RIGHT-DBL-CLICK           1060W
COB-SCR-RIGHT-PRESSED             1058W
COB-SCR-RIGHT-RELEASED            1059W
COB-SCR-SHIFT-LEFT-DBL-CLICK      1064W
COB-SCR-SHIFT-LEFT-PRESSED        1062W
COB-SCR-SHIFT-LEFT-RELEASED       1063W
COB-SCR-SHIFT-MID-DBL-CLICK       1067W
COB-SCR-SHIFT-MID-PRESSED         1065W
COB-SCR-SHIFT-MID-RELEASED        1066W
COB-SCR-SHIFT-MOVE                1061W
ACS Cobol Xref v2.03.18          Dictionary File for PY030    09/04/2026  19:12:41:72                                  Page   47
Symbols of Module: PY030 (PY030)
--------------------------------

Data Section (WORKING-STORAGE)  Defn     Locations
-------------------------------+---------------------------------------------------------------

COB-SCR-SHIFT-RIGHT-DBL-CLICK     1070W
COB-SCR-SHIFT-RIGHT-PRESSED       1068W
COB-SCR-SHIFT-RIGHT-RELEASED      1069W
COB-SCR-SHIFT-WHEEL-DOWN          1096W
COB-SCR-SHIFT-WHEEL-UP            1095W
COB-SCR-TAB                       1039W
COB-SCR-TIME-OUT                  1109W
COB-SCR-WHEEL-DOWN                1092W
COB-SCR-WHEEL-UP                  1091W
COL2                               565W
COLE                               561W
CURS                               558W     559                                                                               x1
CURS2                              562W     563                                                                               x1
DB-HOST                            591W
DB-PORT                            593W
DB-SCHEMA                          588W
DB-SOCKET                          592W
DB-UNAME                           589W
DB-UPASS                           590W
ERROR-CODE                         829W
ERROR-MESSAGES                     804W
FA-FILE-DUPLICATES-IN-USE          613W
FA-FILE-SYSTEM-USED                604W
FA-FS-COBOL-FILES-USED             605W
FA-FS-DUPLICATE-PROCESSING         614W
FA-FS-RDBMS-USED                   606W
FA-FS-VALID-OPTIONS                612W
FA-RDBMS-FLAT-STATUSES             603W
FILE-ACCESS                        553W
FILE-FUNCTION                      619W
FILE-KEY-NO                        577W
FN-CLOSE                           621W
FN-DELETE                          627W
FN-DELETE-ALL                      625W
FN-EQUAL-TO                        643W
FN-EXTEND                          642W
FN-GREATER-THAN                    645W
FN-I-O                             640W
FN-INPUT                           639W
FN-LESS-THAN                       644W
FN-NOT-GREATER-THAN                647W
FN-NOT-LESS-THAN                   646W
FN-OPEN                            620W
FN-OUTPUT                          641W
FN-RE-WRITE                        626W
FN-READ-BY-BATCH                   634W
FN-READ-BY-CUST                    635W
FN-READ-BY-NAME                    633W
FN-READ-INDEXED                    623W
ACS Cobol Xref v2.03.18          Dictionary File for PY030    09/04/2026  19:12:41:73                                  Page   48
Symbols of Module: PY030 (PY030)
--------------------------------

Data Section (WORKING-STORAGE)  Defn     Locations
-------------------------------+---------------------------------------------------------------

FN-READ-NEXT                       622W
FN-READ-NEXT-HEADER                636W
FN-READ-NEXT-RAW                   631W
FN-START                           628W
FN-WRITE                           624W
FN-WRITE-RAW                       630W
FS-ACTION                          572W
FS-REPLY                           556W
HD-HH                              738W
HD-MM                              739W
HD-SS                              740W
HD-UU                              741W
HDTIME                             737W
LIN                                560W
LIN2                               564W
LOG-FILE-REC-WRITTEN               668W
LOGGING-DATA                       575W
MAIN-RECORD-MOVE-FLAG              597W
MAPS03-WS                          506W
MENU-REPLY                         674W
MRMF-MOVE-FD                       598W
MRMF-MOVE-WS                       599W
PATH-WORK                          570W
PP-NAME                            496W
PP-PRINT-FILE-NAME                 498W
PRINT-REPORT                       491W    1799                                                                               x1
PROG-NAME                          483W    1633                                                                               x1
PSN                                495W    1690                                                                               x1
PY-EMP-STATUS                      676W    1761   1842   1844   1845                                                          x4
PY-HRS-STATUS                      677W    1771   1772   1773   1807   1810   1811   1835                                     x7
PY-PAY-HEADER-RECORD               880W    1806                                                                               x1
PY-PAY-TRANSACTIONS-RECORD         850W
PY-PR1-STATUS                      675W    1729   1732   1745   1748   1773   1776   1811   1845   1908                       x9
PY001                              818W    1731                                                                               x1
PY002                              819W    1747                                                                               x1
PY806                              824W    1762                                                                               x1
PY808                              825W    1775                                                                               x1
PY810                              826W    1808                                                                               x1
PY811                              827W    1843                                                                               x1
RDB-DATA                           587W
RRN                                555W    1743   1744                                                                        x2
S1                                 557W
SQL-ERR                            580W
SQL-MSG                            581W
SQL-STATE                          582W
SW-TESTING                         660W
SW-TESTING-2                       665W
SY001                              806W    1734   1750   1763   1778   1814   1848                                            x6
SY010                              812W    1702                                                                               x1
ACS Cobol Xref v2.03.18          Dictionary File for PY030    09/04/2026  19:12:41:73                                  Page   49
Symbols of Module: PY030 (PY030)
--------------------------------

Data Section (WORKING-STORAGE)  Defn     Locations
-------------------------------+---------------------------------------------------------------

SY013                              813W    1709                                                                               x1
TESTING-1                          661W
TESTING-2                          666W
U-BIN                              530W
U-CC                               514W
U-DATE                             507W     508    516    522                                                                 x3
U-DAYS                             509W
U-INTL                             522W
U-INTL-CC                          524W
U-INTL-DAYS                        529W
U-INTL-MONTH                       527W
U-INTL-YEAR                        523W
U-INTL-YY                          525W
U-MONTH                            511W
U-UK                               508W
U-USA                              516W
U-USA-DAYS                         519W
U-USA-MONTH                        517W
U-YEAR                             513W
U-YY                               515W
WE-ERROR                           554W
WS-22-LINES                        685W    1719   1808   1810   1813                                                          x4
WS-23-LINES                        686W    1720   1731   1732   1733   1747   1748   1749   1762   1775   1776   1777   1843
                                           1844   1847                                                                        x14
WS-CONV-DATE                       716W    1695                                                                               x1
WS-COUNT-ROWS                      586W
WS-DATA                            673W
WS-DATE                            717W     718    724    730   1630   1661   1695   1958   1961   1964   1995                x10
WS-DATE-FORMATS                    714W
WS-DAYS                            719W    1979   1988   1989                                                                 x3
WS-DESC                            694W    1664   1858   1862   1864                                                          x4
WS-ED-DESC                         802W    1860   1862   1864                                                                 x3
WS-ED-DESC-TABLE                   800W
WS-ED-DESCRIPTION-TABLE            743W     799                                                                               x1
WS-ED-NO                           801W
WS-EFF-DATE                        696W
WS-ENV-COLUMNS                     683W    1707   1708                                                                        x2
WS-ENV-LINES                       684W    1700   1701   1719   1720   1721                                                   x5
WS-EVAL-MSG                        682W    1733   1749   1777   1813   1847   1909   1910   1911   1912   1913   1914   1915
                                           1916   1917   1918   1919   1920   1921   1922   1923   1924   1925   1926   1927
                                           1928   1929   1930   1931   1932   1933   1934   1935   1936   1937   1938   1939
                                           1940   1941   1942                                                                 x39
WS-FILE-KEY                        583W
WS-HRS-BATCH-NO                    894W    1641                                                                               x1
WS-HRS-EFFECTIVE-DATE              865W
WS-HRS-EMP-NO                      854W
WS-HRS-HEAD-KEY                    882W    1805                                                                               x1
WS-HRS-KEY                         852W
WS-HRS-NO-RECS                     888W
ACS Cobol Xref v2.03.18          Dictionary File for PY030    09/04/2026  19:12:41:73                                  Page   50
Symbols of Module: PY030 (PY030)
--------------------------------

Data Section (WORKING-STORAGE)  Defn     Locations
-------------------------------+---------------------------------------------------------------

WS-HRS-PROOF-NO                    900W    1644   1804                                                                        x2
WS-HRS-PROOFED                     906W    1803                                                                               x1
WS-HRS-TRANS-CODE                  859W
WS-HRS-UNITS                       868W
WS-INTL                            730W
WS-INTL-DAYS                       735W    1998                                                                               x1
WS-INTL-MONTH                      733W    1997                                                                               x1
WS-INTL-YEAR                       731W    1996                                                                               x1
WS-LINE-CNT                        691W    1791                                                                               x1
WS-LINES                           687W    1721   1734   1735   1750   1751   1763   1764   1778   1779   1814   1815   1848
                                           1849                                                                               x13
WS-LOG-FILE-NO                     585W
WS-LOG-SYSTEM                      578W
WS-LOG-WHERE                       584W
WS-MENU-OPTION                     680W
WS-MONTH                           721W    1978   1989   1990                                                                 x3
WS-NAME-AND-SUFFIX                 695W    1660   1866   1868                                                                 x3
WS-NAME-SUFFIX                     693W    1854   1856   1868                                                                 x3
WS-NO-PARAGRAPH                    579W
WS-PAGE-CNT                        690W    1790                                                                               x1
WS-PAGE-LINES                      688W    1620   1623   1830                                                                 x3
WS-REC-CNT                         689W    1669   1674   1829   1838                                                          x4
WS-REPLY                           679W    1703   1710   1735   1751   1764   1779   1815   1849                              x8
WS-SWAP                            715W    1988   1990                                                                        x2
WS-TEMP-DATE                       706W     710                                                                               x1
WS-TEMP-DATE9                      710W    1870                                                                               x1
WS-TEMP-DAYS                       709W    1960   1963                                                                        x2
WS-TEMP-MONTH                      708W    1960   1963                                                                        x2
WS-TEMP-YEAR                       707W    1960   1963                                                                        x2
WS-TEST-DATE                       699W     703                                                                               x1
WS-TEST-DATE9                      703W
WS-TEST-DAYS                       701W
WS-TEST-MONTH                      700W
WS-TEST-YEAR                       702W
WS-TEST-YMD                        698W
WS-TIME                           1115W
WS-UK                              718W
WS-USA                             724W
WS-USA-DAYS                        727W
WS-USA-MONTH                       725W
WS-WS-HRS-RATE                     862W
WS-WS-HRS-TRAN                     862W
WS-YEAR                            723W    1977                                                                               x1
WSA-DATE                          1116W
WSA-DD                            1119W
WSA-MM                            1118W
WSA-YY                            1117W
WSB-HH                            1121W
WSB-MM                            1122W
ACS Cobol Xref v2.03.18          Dictionary File for PY030    09/04/2026  19:12:41:73                                  Page   51
Symbols of Module: PY030 (PY030)
--------------------------------

Data Section (WORKING-STORAGE)  Defn     Locations
-------------------------------+---------------------------------------------------------------

WSB-SS                            1123W
WSB-TIME                          1120W
WSD-HH                            1126W    1687                                                                               x1
WSD-MM                            1128W    1688                                                                               x1
WSD-SA                            1127W
WSD-SB                            1129W
WSD-SS                            1130W    1689                                                                               x1
WSD-TIME                          1125W    1631                                                                               x1
WSE-DATE                          1133W    1137                                                                               x1
WSE-DATE-9                        1137W
WSE-DATE-BLOCK                    1132W    1686                                                                               x1
WSE-DAYS                          1136W    1979   1998                                                                        x2
WSE-HH                            1140W    1687                                                                               x1
WSE-MM                            1141W    1688                                                                               x1
WSE-MONTH                         1135W    1978   1997                                                                        x2
WSE-SS                            1142W    1689                                                                               x1
WSE-TIME                          1139W
WSE-YEAR                          1134W    1977   1996                                                                        x2
ACS Cobol Xref v2.03.18          Dictionary File for PY030    09/04/2026  19:12:41:73                                  Page   52
Symbols of Module: PY030 (PY030)
--------------------------------

Data Section (LINKAGE)          Defn     Locations
-------------------------------+---------------------------------------------------------------

ADDRESS-1                         1246K
ADDRESS-2                         1247K
ADDRESS-3                         1248K
ADDRESS-4                         1249K
AGE-TO-PAY                        1369K
ARCH                              1334K
ARCHIVING                         1335K
AUTO-VAT                          1344K
B-L                               1260K
BATCH-ID                          1345K
BL-END-CYCLE-DATE                 1367K
BL-NEXT-BATCH                     1368K
BL-PAY-AC                         1364K
BL-PURCH-AC                       1366K
BRANCHES                          1323K
CHARGE                            1410K
CLIENT                            1479K
COMPANY-EMAIL                     1316K
COMPARATIVES                      1329K
COMPARATIVES-ACTIVE               1331K
COMPS                             1328K
COMPS-ACTIVE                      1330K
COUNTRY                           1251K
CURRENT-QUARTER                   1283K
CUST-FLAG                         1390K
CYCLEA                            1235K    1236                                                                               x1
DATA-CAPTURE-USED                 1303K
DATE-FORM                         1301K    1982   1983                                                                        x2
DATE-VALID-FORMATS                1302K
DC-COBOL-STANDARD                 1304K
DC-GUI                            1305K
DC-WIDGET                         1306K
DISCOUNT                          1409K
DOS                               1276K
END-DATE                          1242K
ENTRY-LEVEL                       1373K
EXTRA-CHARGE-AC                   1356K
EXTRA-DESC                        1407K
EXTRA-PRINT                       1411K
EXTRA-RATE                        1417K
EXTRA-TYPE                        1408K
FILE-0                            1513K
FILE-10                           1532K
FILE-11                           1534K
FILE-12                           1536K
FILE-13                           1538K
FILE-14                           1540K
FILE-15                           1542K
FILE-16                           1544K
ACS Cobol Xref v2.03.18          Dictionary File for PY030    09/04/2026  19:12:41:73                                  Page   53
Symbols of Module: PY030 (PY030)
--------------------------------

Data Section (LINKAGE)          Defn     Locations
-------------------------------+---------------------------------------------------------------

FILE-17                           1546K
FILE-18                           1548K
FILE-19                           1550K
FILE-2                            1516K
FILE-20                           1552K
FILE-21                           1554K
FILE-22                           1556K
FILE-23                           1558K
FILE-24                           1560K
FILE-26                           1563K
FILE-27                           1565K
FILE-28                           1567K
FILE-29                           1569K
FILE-3                            1518K
FILE-30                           1571K
FILE-31                           1573K
FILE-32                           1575K
FILE-33                           1577K
FILE-34                           1578K
FILE-35                           1579K
FILE-36                           1580K
FILE-37                           1581K
FILE-38                           1582K
FILE-39                           1585K
FILE-4                            1520K
FILE-40                           1586K
FILE-41                           1587K
FILE-42                           1588K
FILE-43                           1589K
FILE-44                           1590K
FILE-45                           1591K
FILE-46                           1592K
FILE-47                           1593K
FILE-48                           1594K
FILE-49                           1596K
FILE-5                            1522K
FILE-50                           1597K
FILE-51                           1598K
FILE-52                           1599K
FILE-53                           1600K
FILE-54                           1601K
FILE-55                           1602K
FILE-56                           1603K
FILE-57                           1605K
FILE-6                            1524K
FILE-7                            1526K
FILE-8                            1528K
FILE-9                            1530K
FILE-DEFS                         1508K    1679                                                                               x1
ACS Cobol Xref v2.03.18          Dictionary File for PY030    09/04/2026  19:12:41:73                                  Page   54
Symbols of Module: PY030 (PY030)
--------------------------------

Data Section (LINKAGE)          Defn     Locations
-------------------------------+---------------------------------------------------------------

FILE-DEFS-A                       1509K    1607                                                                               x1
FILE-DEFS-COUNT                   1609K
FILE-DEFS-OS-DELIMITER            1610K
FILE-DUPLICATES-IN-USE            1296K
FILE-SYSTEM-USED                  1285K
FILLER-DUMMY4                     1492K
FIRST-SL-BATCH                    1426K
FIRST-SL-INV                      1427K
FS-COBOL-FILES-USED               1286K
FS-DUPLICATE-PROCESSING           1297K
FS-MYSQL-USED                     1287K
FS-RDBMS-USED                     1289K
FS-VALID-OPTIONS                  1295K
FULL-INVOICING                    1393K
G-L                               1258K
GENERAL-LEDGER-BLOCK              1320K
GL-BL-PAY-AC                      1450K
GL-BL-PURCH-AC                    1452K
GL-P-CREDITORS                    1451K
GL-S-DEBTORS                      1454K
GL-SL-PAY-AC                      1453K
GL-SL-SALES-AC                    1455K
GROUPED                           1325K
HEADER-LEVEL                      1340K
HOST                              1271K
I-LEVEL-0                         1403K
I-LEVEL-1                         1404K
I-LEVEL-2                         1405K
INDEX-2                           1348K
INVOICER                          1402K
IRS                               1266K
IRS-BOTH-USED                     1351K
IRS-DATA-BLOCK                    1491K
IRS-ENTRY-BLOCK                   1491K
IRS-INSTEAD                       1349K
IRS-NO                            1267K
IRS-USED                          1350K
LEDGER-2ND-INDEX                  1347K
LEDGER-SEC                        1352K
LEVEL                             1256K
LEVEL-1                           1257K
LEVEL-2                           1259K
LEVEL-3                           1261K
LEVEL-4                           1263K
LEVEL-5                           1265K
LEVEL-6                           1268K
LINUX                             1281K
M-V                               1332K
MAC                               1278K
ACS Cobol Xref v2.03.18          Dictionary File for PY030    09/04/2026  19:12:41:73                                  Page   55
Symbols of Module: PY030 (PY030)
--------------------------------

Data Section (LINKAGE)          Defn     Locations
-------------------------------+---------------------------------------------------------------

MANDATORY                         1337K
MAPS-SER                          1298K
MAPS-SER-NN                       1300K
MAPS-SER-XX                       1299K
MINIMUM-VALIDATION                1333K
MULTI-USER                        1272K
NEXT-BATCH                        1355K
NEXT-FOLIO                        1363K
NEXT-INVOICE                      1239K
NEXT-POST                         1480K
NO-OS                             1275K
NOT-INVOICING                     1406K
OI-3-FLAG                         1389K
OI-5-FLAG                         1391K
OP-SYSTEM                         1273K
OS-SINGLE                         1282K
OS2                               1279K
P-C                               1321K
P-C-GROUPED                       1324K
P-C-LEVEL                         1326K
P-CREDITORS                       1365K
P-FLAG-A                          1374K
P-FLAG-I                          1375K
P-FLAG-P                          1376K
P-L-EXISTS                        1371K
PAGE-LINES                        1238K    1830                                                                               x1
PARAM-RESTRICT                    1311K
PASS-VALUE                        1255K
PASS-WORD                         1270K
PAYROLL                           1269K
PERIOD                            1237K
PF-RETENTION                      1425K
PHONE-NO                          1253K
PL-APPROP-AC                      1489K
PL-APPROP-AC6                     1487K
PL-AUTOGEN                        1379K
PL-DELIM                          1372K
PL-NEXT-REC                       1380K
PL-STOCK-LINK                     1377K
POST-CODE                         1250K
POST-TRANS-NAME                   1511K
POSTINGS                          1354K
PRE-TRANS-NAME                    1510K
PRESERVE-BATCH                    1346K
PRINT-SPOOL-NAME                  1252K    1690                                                                               x1
PRINT-SPOOL-NAME2                 1358K
PRINT-SPOOL-NAME3                 1378K
PROFIT-CENTRES                    1322K
PURCHASE-LEDGER                   1370K
ACS Cobol Xref v2.03.18          Dictionary File for PY030    09/04/2026  19:12:41:73                                  Page   56
Symbols of Module: PY030 (PY030)
--------------------------------

Data Section (LINKAGE)          Defn     Locations
-------------------------------+---------------------------------------------------------------

PURCHASE-LEDGER-BLOCK             1362K
PURCHASE-RANGE                    1342K
RDBMS-DB-NAME                     1307K
RDBMS-FLAT-STATUSES               1284K
RDBMS-HOST                        1313K
RDBMS-PASSWD                      1309K
RDBMS-PORT                        1312K
RDBMS-SOCKET                      1314K
RDBMS-USER                        1308K
REVENUE-ONLY                      1327K
RUN-DATE                          1240K
S-DEBTORS                         1430K
S-END-CYCLE-DATE                  1432K
S-FLAG-A                          1394K
S-FLAG-I                          1395K
S-FLAG-OI-3                       1392K
S-FLAG-P                          1396K
S-L                               1262K
S-L-EXISTS                        1387K
SALES-LEDGER                      1386K
SALES-LEDGER-BLOCK                1385K
SALES-RANGE                       1341K
SCYCLE                            1236K
SL-AUTOGEN                        1444K
SL-BO-DEFAULT                     1447K
SL-BO-FLAG                        1446K
SL-CHARGES                        1398K
SL-COMP-HEAD-INV                  1435K
SL-COMP-HEAD-LETS                 1439K
SL-COMP-HEAD-PICK                 1433K
SL-COMP-HEAD-STAT                 1437K
SL-COMP-INV                       1436K
SL-COMP-LETS                      1440K
SL-COMP-PICK                      1434K
SL-COMP-STAT                      1438K
SL-CREDIT                         1421K
SL-DAY-BOOK                       1401K
SL-DAYS-1                         1418K
SL-DAYS-2                         1419K
SL-DAYS-3                         1420K
SL-DELIM                          1388K
SL-DISC                           1416K
SL-DUNNING                        1397K
SL-INVOICE-LINES                  1443K
SL-LATE-PER                       1415K
SL-LIMIT                          1428K
SL-MAX                            1424K
SL-MIN                            1423K
SL-NEXT-REC                       1445K
ACS Cobol Xref v2.03.18          Dictionary File for PY030    09/04/2026  19:12:41:73                                  Page   57
Symbols of Module: PY030 (PY030)
--------------------------------

Data Section (LINKAGE)          Defn     Locations
-------------------------------+---------------------------------------------------------------

SL-OWN-NOS                        1399K
SL-PAY-AC                         1429K
SL-SALES-AC                       1431K
SL-STATS-RUN                      1400K
SL-STOCK-AUDIT                    1413K
SL-STOCK-LINK                     1412K
SL-VAT-PRINTED                    1441K
SL-VAT-PRINTS                     1442K
START-DATE                        1241K
STATS-DATE-PERIOD                 1315K
STK-ABREV-REF                     1461K
STK-ACTIVITY-REP-RUN              1474K
STK-AUDIT-NO                      1477K
STK-AUDIT-USED                    1465K
STK-AVERAGING                     1472K
STK-BO-ACTIVE                     1475K
STK-DEBUG                         1462K
STK-MANU-USED                     1463K
STK-MOV-AUDIT                     1466K
STK-OE-USED                       1464K
STK-PAGE-LINES                    1476K
STK-PERIOD-CUR                    1467K
STK-PERIOD-DAT                    1468K
STOCK                             1264K
STOCK-AUDIT-ON                    1414K
STOCK-AVERAGING                   1473K
STOCK-CONTROL                     1470K
STOCK-CONTROL-BLOCK               1460K
STOCK-CONTROL-EXISTS              1471K
SUSER                             1243K
SYSTEM-DATA-BLOCK                 1219K
SYSTEM-FILE-NAMES                 1608K
TO-DAY                            1613K    1678                                                                               x1
TRANS-DONE                        1339K
TRANS-PRINT                       1336K
TRANS-PRINTED                     1338K
UNIX                              1280K
UPDATES                           1353K
USER-CODE                         1245K
USERA                             1244K    1629                                                                               x1
VALID-OS-TYPE                     1274K
VAT                               1343K
VAT-AC                            1357K
VAT-GROUP                         1485K
VAT-PSENT                         1486K
VAT-RATE                          1234K
VAT-RATE-1                        1229K
VAT-RATE-2                        1230K
VAT-RATE-3                        1231K
ACS Cobol Xref v2.03.18          Dictionary File for PY030    09/04/2026  19:12:41:73                                  Page   58
Symbols of Module: PY030 (PY030)
--------------------------------

Data Section (LINKAGE)          Defn     Locations
-------------------------------+---------------------------------------------------------------

VAT-RATE-4                        1232K
VAT-RATE-5                        1233K
VAT-RATES                         1228K    1234                                                                               x1
VAT-RATES2                        1481K    1485                                                                               x1
VAT-REG-NUMBER                    1310K
VAT1                              1482K
VAT2                              1483K
VAT3                              1484K
WINDOWS                           1277K
WS-CALLED                         1157K
WS-CALLER                         1158K
WS-CALLING-DATA                   1156K    1676                                                                               x1
WS-CD-ARGS                        1164K
WS-DEL-LINK                       1159K
WS-PROCESS-FUNC                   1162K
WS-SUB-FUNCTION                   1163K
WS-SYSTEM-RECORD                  1215K    1677                                                                               x1
WS-SYSTEM-RECORD-VERSION-PRIME    1221K
WS-SYSTEM-RECORD-VERSION-SECOND   1226K
WS-TERM-CODE                      1160K    1704   1711   1722   1737   1753   1767   1783                                     x7
ACS Cobol Xref v2.03.18          Dictionary File for PY030    09/04/2026  19:12:41:73                                  Page   59
Symbols of Module: PY030 (PY030)
--------------------------------

Data Section (REPORT)           Defn     Locations
-------------------------------+---------------------------------------------------------------

EMPLOYEE-HOURS-PROOF-REPORT       1618R    1875   1832   1872                                                                 x3
HOURS-PROOF-DETAIL                1657R
HOURS-PROOF-FOOT                  1666R
HOURS-PROOF-HEADS                 1627R
HRS-EMP-NO                        1659R    1839   1840                                                                        x2
HRS-TRANS-CODE                    1663R    1859   1864                                                                        x2
HRS-UNITS                         1662R
PROG-NAME                         1633R
USERA                             1629R
WS-DATE                           1630R    1661   1695   1958   1961   1964   1995                                            x6
WS-DESC                           1664R    1858   1862   1864                                                                 x3
WS-HRS-BATCH-NO                   1641R
WS-HRS-PROOF-NO                   1644R    1804                                                                               x1
WS-NAME-AND-SUFFIX                1660R    1866   1868                                                                        x2
WS-PAGE-LINES                     1620R    1623   1830                                                                        x2
WS-REC-CNT                        1669R    1674   1829   1838                                                                 x3
WSD-TIME                          1631R                                                                                       x0
ACS Cobol Xref v2.03.18          Dictionary File for PY030    09/04/2026  19:12:41:73                                  Page   60
Symbols of Module: PY030 (PY030)
--------------------------------
Variable Tested [S]            Symbol (88-Conditions)
--------------------------------------------------------------

ACCESS-TYPE                     FN-INPUT
ACCESS-TYPE                     FN-I-O
ACCESS-TYPE                     FN-OUTPUT
ACCESS-TYPE                     FN-EXTEND
ACCESS-TYPE                     FN-EQUAL-TO
ACCESS-TYPE                     FN-LESS-THAN
ACCESS-TYPE                     FN-GREATER-THAN
ACCESS-TYPE                     FN-NOT-LESS-THAN
ACCESS-TYPE                     FN-NOT-GREATER-THAN
ARCH                            ARCHIVING
BATCH-ID                        PRESERVE-BATCH
COMPS                           COMPARATIVES
COMPS-ACTIVE                    COMPARATIVES-ACTIVE
DATA-CAPTURE-USED               DC-COBOL-STANDARD
DATA-CAPTURE-USED               DC-GUI
DATA-CAPTURE-USED               DC-WIDGET
DATE-FORM                       DATE-VALID-FORMATS
EXTRA-TYPE                      DISCOUNT
EXTRA-TYPE                      CHARGE
FA-FILE-DUPLICATES-IN-USE       FA-FS-DUPLICATE-PROCESSING
FA-FILE-SYSTEM-USED             FA-FS-COBOL-FILES-USED
FA-FILE-SYSTEM-USED             FA-FS-RDBMS-USED
FA-FILE-SYSTEM-USED             FA-FS-VALID-OPTIONS
FILE-DUPLICATES-IN-USE          FS-DUPLICATE-PROCESSING
FILE-FUNCTION                   FN-OPEN
FILE-FUNCTION                   FN-CLOSE
FILE-FUNCTION                   FN-READ-NEXT
FILE-FUNCTION                   FN-READ-INDEXED
FILE-FUNCTION                   FN-WRITE
FILE-FUNCTION                   FN-DELETE-ALL
FILE-FUNCTION                   FN-RE-WRITE
FILE-FUNCTION                   FN-DELETE
FILE-FUNCTION                   FN-START
FILE-FUNCTION                   FN-WRITE-RAW
FILE-FUNCTION                   FN-READ-NEXT-RAW
FILE-FUNCTION                   FN-READ-BY-NAME
FILE-FUNCTION                   FN-READ-BY-BATCH
FILE-FUNCTION                   FN-READ-BY-CUST
FILE-FUNCTION                   FN-READ-NEXT-HEADER
FILE-SYSTEM-USED                FS-COBOL-FILES-USED
FILE-SYSTEM-USED                FS-MYSQL-USED
FILE-SYSTEM-USED                FS-RDBMS-USED
FILE-SYSTEM-USED                FS-VALID-OPTIONS
HOST                            MULTI-USER
INVOICER                        I-LEVEL-0
INVOICER                        I-LEVEL-1
INVOICER                        I-LEVEL-2
INVOICER                        NOT-INVOICING
IRS-INSTEAD                     IRS-USED
IRS-INSTEAD                     IRS-BOTH-USED
ACS Cobol Xref v2.03.18          Dictionary File for PY030    09/04/2026  19:12:41:73                                  Page   61
Symbols of Module: PY030 (PY030)
--------------------------------
Variable Tested [S]            Symbol (88-Conditions)
--------------------------------------------------------------

LEDGER-2ND-INDEX                INDEX-2
LEVEL-1                         G-L
LEVEL-2                         B-L
LEVEL-3                         S-L
LEVEL-4                         STOCK
LEVEL-5                         IRS
LEVEL-5                         IRS-NO
LEVEL-6                         PAYROLL
M-V                             MINIMUM-VALIDATION
MAIN-RECORD-MOVE-FLAG           MRMF-MOVE-FD
MAIN-RECORD-MOVE-FLAG           MRMF-MOVE-WS
OP-SYSTEM                       VALID-OS-TYPE
OP-SYSTEM                       NO-OS
OP-SYSTEM                       DOS
OP-SYSTEM                       WINDOWS
OP-SYSTEM                       MAC
OP-SYSTEM                       OS2
OP-SYSTEM                       UNIX
OP-SYSTEM                       LINUX
OP-SYSTEM                       OS-SINGLE
P-C                             PROFIT-CENTRES
P-C                             BRANCHES
P-C-GROUPED                     GROUPED
P-C-LEVEL                       REVENUE-ONLY
PURCHASE-LEDGER                 P-L-EXISTS
SALES-LEDGER                    S-L-EXISTS
SL-COMP-HEAD-INV                SL-COMP-INV
SL-COMP-HEAD-LETS               SL-COMP-LETS
SL-COMP-HEAD-PICK               SL-COMP-PICK
SL-COMP-HEAD-STAT               SL-COMP-STAT
SL-STOCK-AUDIT                  STOCK-AUDIT-ON
SL-VAT-PRINTED                  SL-VAT-PRINTS
STK-AVERAGING                   STOCK-AVERAGING
STOCK-CONTROL                   STOCK-CONTROL-EXISTS
SW-TESTING                      TESTING-1
SW-TESTING-2                    TESTING-2
TRANS-PRINT                     MANDATORY
TRANS-PRINTED                   TRANS-DONE
VAT                             AUTO-VAT
ACS Cobol Xref v2.03.18          Dictionary File for PY030    09/04/2026  19:12:41:73                                  Page   62
Symbols of Module: PY030 (PY030)
--------------------------------
Variable Tested                Symbol (88-Conditions) [S]
--------------------------------------------------------------

ARCH                            ARCHIVING
VAT                             AUTO-VAT
LEVEL-2                         B-L
P-C                             BRANCHES
EXTRA-TYPE                      CHARGE
COMPS                           COMPARATIVES
COMPS-ACTIVE                    COMPARATIVES-ACTIVE
DATE-FORM                       DATE-VALID-FORMATS
DATA-CAPTURE-USED               DC-COBOL-STANDARD
DATA-CAPTURE-USED               DC-GUI
DATA-CAPTURE-USED               DC-WIDGET
EXTRA-TYPE                      DISCOUNT
OP-SYSTEM                       DOS
FA-FILE-SYSTEM-USED             FA-FS-COBOL-FILES-USED
FA-FILE-DUPLICATES-IN-USE       FA-FS-DUPLICATE-PROCESSING
FA-FILE-SYSTEM-USED             FA-FS-RDBMS-USED
FA-FILE-SYSTEM-USED             FA-FS-VALID-OPTIONS
FILE-FUNCTION                   FN-CLOSE
FILE-FUNCTION                   FN-DELETE
FILE-FUNCTION                   FN-DELETE-ALL
ACCESS-TYPE                     FN-EQUAL-TO
ACCESS-TYPE                     FN-EXTEND
ACCESS-TYPE                     FN-GREATER-THAN
ACCESS-TYPE                     FN-I-O
ACCESS-TYPE                     FN-INPUT
ACCESS-TYPE                     FN-LESS-THAN
ACCESS-TYPE                     FN-NOT-GREATER-THAN
ACCESS-TYPE                     FN-NOT-LESS-THAN
FILE-FUNCTION                   FN-OPEN
ACCESS-TYPE                     FN-OUTPUT
FILE-FUNCTION                   FN-RE-WRITE
FILE-FUNCTION                   FN-READ-BY-BATCH
FILE-FUNCTION                   FN-READ-BY-CUST
FILE-FUNCTION                   FN-READ-BY-NAME
FILE-FUNCTION                   FN-READ-INDEXED
FILE-FUNCTION                   FN-READ-NEXT
FILE-FUNCTION                   FN-READ-NEXT-HEADER
FILE-FUNCTION                   FN-READ-NEXT-RAW
FILE-FUNCTION                   FN-START
FILE-FUNCTION                   FN-WRITE
FILE-FUNCTION                   FN-WRITE-RAW
FILE-SYSTEM-USED                FS-COBOL-FILES-USED
FILE-DUPLICATES-IN-USE          FS-DUPLICATE-PROCESSING
FILE-SYSTEM-USED                FS-MYSQL-USED
FILE-SYSTEM-USED                FS-RDBMS-USED
FILE-SYSTEM-USED                FS-VALID-OPTIONS
LEVEL-1                         G-L
P-C-GROUPED                     GROUPED
INVOICER                        I-LEVEL-0
INVOICER                        I-LEVEL-1
ACS Cobol Xref v2.03.18          Dictionary File for PY030    09/04/2026  19:12:41:73                                  Page   63
Symbols of Module: PY030 (PY030)
--------------------------------
Variable Tested                Symbol (88-Conditions) [S]
--------------------------------------------------------------

INVOICER                        I-LEVEL-2
LEDGER-2ND-INDEX                INDEX-2
LEVEL-5                         IRS
IRS-INSTEAD                     IRS-BOTH-USED
LEVEL-5                         IRS-NO
IRS-INSTEAD                     IRS-USED
OP-SYSTEM                       LINUX
OP-SYSTEM                       MAC
TRANS-PRINT                     MANDATORY
M-V                             MINIMUM-VALIDATION
MAIN-RECORD-MOVE-FLAG           MRMF-MOVE-FD
MAIN-RECORD-MOVE-FLAG           MRMF-MOVE-WS
HOST                            MULTI-USER
OP-SYSTEM                       NO-OS
INVOICER                        NOT-INVOICING
OP-SYSTEM                       OS-SINGLE
OP-SYSTEM                       OS2
PURCHASE-LEDGER                 P-L-EXISTS
LEVEL-6                         PAYROLL
BATCH-ID                        PRESERVE-BATCH
P-C                             PROFIT-CENTRES
P-C-LEVEL                       REVENUE-ONLY
LEVEL-3                         S-L
SALES-LEDGER                    S-L-EXISTS
SL-COMP-HEAD-INV                SL-COMP-INV
SL-COMP-HEAD-LETS               SL-COMP-LETS
SL-COMP-HEAD-PICK               SL-COMP-PICK
SL-COMP-HEAD-STAT               SL-COMP-STAT
SL-VAT-PRINTED                  SL-VAT-PRINTS
LEVEL-4                         STOCK
SL-STOCK-AUDIT                  STOCK-AUDIT-ON
STK-AVERAGING                   STOCK-AVERAGING
STOCK-CONTROL                   STOCK-CONTROL-EXISTS
SW-TESTING                      TESTING-1
SW-TESTING-2                    TESTING-2
TRANS-PRINTED                   TRANS-DONE
OP-SYSTEM                       UNIX
OP-SYSTEM                       VALID-OS-TYPE
OP-SYSTEM                       WINDOWS
ACS Cobol Xref v2.03.18          Dictionary File for PY030    09/04/2026  19:12:41:73                                  Page   64
Symbols of Module: PY030 (PY030)
--------------------------------
Functions                       Defn     Locations
-------------------------------+---------------------------------------------------------------

CURRENT-DATE                      1686I
TRIM                              1860I    1862   1867   1868                                                                 x3
ACS Cobol Xref v2.03.18          Dictionary File for PY030    09/04/2026  19:12:41:73                                  Page   65
Symbols of Module: PY030 (PY030)
--------------------------------
Called Procedures               Type   Locations
-------------------------------+--------------------------------------------------------

SYSTEM                          SYSTEM   1799                                                                                 x1
ACS Cobol Xref v2.03.18          Dictionary File for PY030    09/04/2026  19:12:41:73                                  Page   66
Symbols of Module: PY030 (PY030)
--------------------------------
Procedure                       Defn     Locations
-------------------------------+---------------------------------------------------------------

AA000-EXIT                        1821P
AA000-FIN                         1802P    1795                                                                               x1
AA000-MAIN                        1681S
AA010-OPEN-PY-FILES               1724P
AA050-EXIT                        1877P
AA050-REPORT                      1823S    1794                                                                               x1
DATE-UK                           1985P
DATE-USA                          1987P
WS-                               1944P
WS-PAY-HEADER-RECORD              1806P
ZZ040-EVALUATE-MESSAGE            1879S    1730   1746   1774   1812   1846                                                   x5
ZZ050-CONVERT-DATE                1952S    1871                                                                               x1
ZZ070-CONVERT-DATE                1968S    1694                                                                               x1
ZZ070-EXIT                        2000P    1986   1991                                                                        x2
ACS Cobol Xref v2.03.18          Dictionary File for PY030    09/04/2026  19:12:41:73                                  Page   67
Symbols of Module: PY030 (PY030)
--------------------------------
Unreferenced Working Storage Symbols

ACAS-DAL-COMMON-DATA               656W
ACAS-PATH                          569W
ACCEPT-REPLY                       576W
ACCESS-TYPE                        638W
ADDRESS-1                         1246K
ADDRESS-2                         1247K
ADDRESS-3                         1248K
ADDRESS-4                         1249K
AGE-TO-PAY                        1369K
ARCH                              1334K
ARCHIVING                         1335K
AUTO-VAT                          1344K
B-L                               1260K
BATCH-ID                          1345K
BL-END-CYCLE-DATE                 1367K
BL-NEXT-BATCH                     1368K
BL-PAY-AC                         1364K
BL-PURCH-AC                       1366K
BRANCHES                          1323K
CHARGE                            1410K
CLIENT                            1479K
COB-ALLOW-ALL-SCREEN-ACTIONS       961W
COB-ALLOW-LEFT-DOUBLE              953W
COB-ALLOW-LEFT-DOWN                951W
COB-ALLOW-LEFT-UP                  952W
COB-ALLOW-MIDDLE-DOUBLE            956W
COB-ALLOW-MIDDLE-DOWN              954W
COB-ALLOW-MIDDLE-UP                955W
COB-ALLOW-MOUSE-MOVE               960W
COB-ALLOW-RIGHT-DOUBLE             959W
COB-ALLOW-RIGHT-DOWN               957W
COB-ALLOW-RIGHT-UP                 958W
COB-AUTO-MOUSE-HANDLING            950W
COB-COLOR-BLACK                    940W
COB-COLOR-BLUE                     941W
COB-COLOR-CYAN                     943W
COB-COLOR-GREEN                    942W
COB-COLOR-MAGENTA                  945W
COB-COLOR-RED                      944W
COB-COLOR-WHITE                    947W
COB-COLOR-YELLOW                   946W
COB-SCR-ALT-LEFT-DBL-CLICK        1084W
COB-SCR-ALT-LEFT-PRESSED          1082W
COB-SCR-ALT-LEFT-RELEASED         1083W
COB-SCR-ALT-MID-DBL-CLICK         1087W
COB-SCR-ALT-MID-PRESSED           1085W
COB-SCR-ALT-MID-RELEASED          1086W
COB-SCR-ALT-MOVE                  1081W
COB-SCR-ALT-RIGHT-DBL-CLICK       1090W
COB-SCR-ALT-RIGHT-PRESSED         1088W
COB-SCR-ALT-RIGHT-RELEASED        1089W
ACS Cobol Xref v2.03.18          Dictionary File for PY030    09/04/2026  19:12:41:73                                  Page   68
Symbols of Module: PY030 (PY030)
--------------------------------
Unreferenced Working Storage Symbols

COB-SCR-ALT-WHEEL-DOWN            1104W
COB-SCR-ALT-WHEEL-UP              1103W
COB-SCR-BACK-TAB                  1040W
COB-SCR-BACKSPACE                 1047W
COB-SCR-CTRL-LEFT-DBL-CLICK       1074W
COB-SCR-CTRL-LEFT-PRESSED         1072W
COB-SCR-CTRL-LEFT-RELEASED        1073W
COB-SCR-CTRL-MID-DBL-CLICK        1077W
COB-SCR-CTRL-MID-PRESSED          1075W
COB-SCR-CTRL-MID-RELEASED         1076W
COB-SCR-CTRL-MOVE                 1071W
COB-SCR-CTRL-RIGHT-DBL-CLICK      1080W
COB-SCR-CTRL-RIGHT-PRESSED        1078W
COB-SCR-CTRL-RIGHT-RELEASED       1079W
COB-SCR-CTRL-WHEEL-DOWN           1100W
COB-SCR-CTRL-WHEEL-UP             1099W
COB-SCR-DELETE                    1046W
COB-SCR-ESC                       1037W
COB-SCR-F1                         968W
COB-SCR-F10                        977W
COB-SCR-F11                        978W
COB-SCR-F12                        979W
COB-SCR-F13                        980W
COB-SCR-F14                        981W
COB-SCR-F15                        982W
COB-SCR-F16                        983W
COB-SCR-F17                        984W
COB-SCR-F18                        985W
COB-SCR-F19                        986W
COB-SCR-F2                         969W
COB-SCR-F20                        987W
COB-SCR-F21                        988W
COB-SCR-F22                        989W
COB-SCR-F23                        990W
COB-SCR-F24                        991W
COB-SCR-F25                        992W
COB-SCR-F26                        993W
COB-SCR-F27                        994W
COB-SCR-F28                        995W
COB-SCR-F29                        996W
COB-SCR-F3                         970W
COB-SCR-F30                        997W
COB-SCR-F31                        998W
COB-SCR-F32                        999W
COB-SCR-F33                       1000W
COB-SCR-F34                       1001W
COB-SCR-F35                       1002W
COB-SCR-F36                       1003W
COB-SCR-F37                       1004W
COB-SCR-F38                       1005W
COB-SCR-F39                       1006W
ACS Cobol Xref v2.03.18          Dictionary File for PY030    09/04/2026  19:12:41:73                                  Page   69
Symbols of Module: PY030 (PY030)
--------------------------------
Unreferenced Working Storage Symbols

COB-SCR-F4                         971W
COB-SCR-F40                       1007W
COB-SCR-F41                       1008W
COB-SCR-F42                       1009W
COB-SCR-F43                       1010W
COB-SCR-F44                       1011W
COB-SCR-F45                       1012W
COB-SCR-F46                       1013W
COB-SCR-F47                       1014W
COB-SCR-F48                       1015W
COB-SCR-F49                       1016W
COB-SCR-F5                         972W
COB-SCR-F50                       1017W
COB-SCR-F51                       1018W
COB-SCR-F52                       1019W
COB-SCR-F53                       1020W
COB-SCR-F54                       1021W
COB-SCR-F55                       1022W
COB-SCR-F56                       1023W
COB-SCR-F57                       1024W
COB-SCR-F58                       1025W
COB-SCR-F59                       1026W
COB-SCR-F6                         973W
COB-SCR-F60                       1027W
COB-SCR-F61                       1028W
COB-SCR-F62                       1029W
COB-SCR-F63                       1030W
COB-SCR-F64                       1031W
COB-SCR-F7                         974W
COB-SCR-F8                         975W
COB-SCR-F9                         976W
COB-SCR-FATAL                     1111W
COB-SCR-INSERT                    1045W
COB-SCR-KEY-DOWN                  1036W
COB-SCR-KEY-END                   1049W
COB-SCR-KEY-HOME                  1048W
COB-SCR-KEY-LEFT                  1041W
COB-SCR-KEY-RIGHT                 1042W
COB-SCR-KEY-UP                    1035W
COB-SCR-LEFT-DBL-CLICK            1054W
COB-SCR-LEFT-PRESSED              1052W
COB-SCR-LEFT-RELEASED             1053W
COB-SCR-MAX-FIELD                 1112W
COB-SCR-MID-DBL-CLICK             1057W
COB-SCR-MID-PRESSED               1055W
COB-SCR-MID-RELEASED              1056W
COB-SCR-MOUSE-MOVE                1051W
COB-SCR-NO-FIELD                  1108W
COB-SCR-OK                         965W
COB-SCR-PAGE-DOWN                 1034W
COB-SCR-PAGE-UP                   1033W
ACS Cobol Xref v2.03.18          Dictionary File for PY030    09/04/2026  19:12:41:73                                  Page   70
Symbols of Module: PY030 (PY030)
--------------------------------
Unreferenced Working Storage Symbols

COB-SCR-PRINT                     1038W
COB-SCR-RIGHT-DBL-CLICK           1060W
COB-SCR-RIGHT-PRESSED             1058W
COB-SCR-RIGHT-RELEASED            1059W
COB-SCR-SHIFT-LEFT-DBL-CLICK      1064W
COB-SCR-SHIFT-LEFT-PRESSED        1062W
COB-SCR-SHIFT-LEFT-RELEASED       1063W
COB-SCR-SHIFT-MID-DBL-CLICK       1067W
COB-SCR-SHIFT-MID-PRESSED         1065W
COB-SCR-SHIFT-MID-RELEASED        1066W
COB-SCR-SHIFT-MOVE                1061W
COB-SCR-SHIFT-RIGHT-DBL-CLICK     1070W
COB-SCR-SHIFT-RIGHT-PRESSED       1068W
COB-SCR-SHIFT-RIGHT-RELEASED      1069W
COB-SCR-SHIFT-WHEEL-DOWN          1096W
COB-SCR-SHIFT-WHEEL-UP            1095W
COB-SCR-TAB                       1039W
COB-SCR-TIME-OUT                  1109W
COB-SCR-WHEEL-DOWN                1092W
COB-SCR-WHEEL-UP                  1091W
COL2                               565W
COLE                               561W
COMPANY-EMAIL                     1316K
COMPARATIVES                      1329K
COMPARATIVES-ACTIVE               1331K
COMPS                             1328K
COMPS-ACTIVE                      1330K
COUNTRY                           1251K
CURRENT-QUARTER                   1283K
CUST-FLAG                         1390K
DATA-CAPTURE-USED                 1303K
DATE-VALID-FORMATS                1302K
DB-HOST                            591W
DB-PORT                            593W
DB-SCHEMA                          588W
DB-SOCKET                          592W
DB-UNAME                           589W
DB-UPASS                           590W
DC-COBOL-STANDARD                 1304K
DC-GUI                            1305K
DC-WIDGET                         1306K
DISCOUNT                          1409K
DOS                               1276K
EMP-ADDRESS-1                      367F
EMP-ADDRESS-2                      368F
EMP-ADDRESS-3                      369F
EMP-ADDRESS-4                      370F
EMP-AUTO-UNITS                     396F
EMP-BANK-ACCT-NO                   376F
EMP-BIRTH-DATE                     357F
EMP-CAL-DED-ALLOW                  380F
ACS Cobol Xref v2.03.18          Dictionary File for PY030    09/04/2026  19:12:41:73                                  Page   71
Symbols of Module: PY030 (PY030)
--------------------------------
Unreferenced Working Storage Symbols

EMP-CAL-HEAD-OF-HOUSE              379F
EMP-CO-FUTA-EXEMPT                 391F
EMP-CO-SUI-EXEMPT                  392F
EMP-COMP-ACCUM                     405F
EMP-COMP-USED                      406F
EMP-CUR-APPLY-NO                   364F
EMP-DIST-ACCT                      408F
EMP-DIST-GRP                       407F
EMP-DIST-PCENT                     409F
EMP-ED-ACCT-NO                     416F
EMP-ED-AMT-PCENT                   415F
EMP-ED-CHK-CAT                     421F
EMP-ED-DESC                        417F
EMP-ED-EARN-DED                    418F
EMP-ED-EXCLUSION                   419F
EMP-ED-FACTOR                      413F
EMP-ED-GROUP                       412F
EMP-ED-GRP                         410F
EMP-ED-LIMIT                       414F
EMP-ED-LIMIT-USED                  420F
EMP-ED-USED                        411F
EMP-EIC-USED                       385F
EMP-EMAIL                          375F
EMP-FICA-EXEMPT                    389F
EMP-FWT-ALLOW                      381F
EMP-FWT-EXEMPT                     386F
EMP-JOB-CODE                       355F
EMP-LWT-ALLOW                      383F
EMP-LWT-EXEMPT                     388F
EMP-MARITAL                        360F
EMP-MAX-PAY                        398F
EMP-MCARE-EXEMPT                   393F
EMP-NAME                           365F
EMP-NEXT-DEL                       362F
EMP-NORMAL-UNITS                   397F
EMP-PAY-FREQ                       361F
EMP-PAY-INTERVAL                   353F
EMP-PENSION-USED                   384F
EMP-PHONE-NO                       374F
EMP-POST-CODE                      371F
EMP-RATE                           395F
EMP-RATE4-EXCLUSION                377F
EMP-SDI-EXEMPT                     390F
EMP-SEX                            359F
EMP-SL-ACCUM                       403F
EMP-SL-RATE                        402F
EMP-SL-USED                        404F
EMP-SSN                            363F
EMP-START-DATE                     356F
EMP-STATE                          373F
EMP-STATUS                         351F
ACS Cobol Xref v2.03.18          Dictionary File for PY030    09/04/2026  19:12:41:73                                  Page   72
Symbols of Module: PY030 (PY030)
--------------------------------
Unreferenced Working Storage Symbols

EMP-SWT-ALLOW                      382F
EMP-SWT-EXEMPT                     387F
EMP-SYS-EXEMPT                     394F
EMP-TAXING-STATE                   354F
EMP-TERM-DATE                      358F
EMP-VAC-ACCUM                      400F
EMP-VAC-RATE                       399F
EMP-VAC-USED                       401F
EMP-ZIP                            372F
END-DATE                          1242K
ENTRY-LEVEL                       1373K
ERROR-CODE                         829W
ERROR-MESSAGES                     804W
EXTRA-CHARGE-AC                   1356K
EXTRA-DESC                        1407K
EXTRA-PRINT                       1411K
EXTRA-RATE                        1417K
EXTRA-TYPE                        1408K
FA-FILE-DUPLICATES-IN-USE          613W
FA-FILE-SYSTEM-USED                604W
FA-FS-COBOL-FILES-USED             605W
FA-FS-DUPLICATE-PROCESSING         614W
FA-FS-RDBMS-USED                   606W
FA-FS-VALID-OPTIONS                612W
FA-RDBMS-FLAT-STATUSES             603W
FILE-0                            1513K
FILE-10                           1532K
FILE-11                           1534K
FILE-12                           1536K
FILE-13                           1538K
FILE-14                           1540K
FILE-15                           1542K
FILE-16                           1544K
FILE-17                           1546K
FILE-18                           1548K
FILE-19                           1550K
FILE-2                            1516K
FILE-20                           1552K
FILE-21                           1554K
FILE-22                           1556K
FILE-23                           1558K
FILE-24                           1560K
FILE-26                           1563K
FILE-27                           1565K
FILE-28                           1567K
FILE-29                           1569K
FILE-3                            1518K
FILE-30                           1571K
FILE-31                           1573K
FILE-32                           1575K
FILE-33                           1577K
ACS Cobol Xref v2.03.18          Dictionary File for PY030    09/04/2026  19:12:41:73                                  Page   73
Symbols of Module: PY030 (PY030)
--------------------------------
Unreferenced Working Storage Symbols

FILE-34                           1578K
FILE-35                           1579K
FILE-36                           1580K
FILE-37                           1581K
FILE-38                           1582K
FILE-39                           1585K
FILE-4                            1520K
FILE-40                           1586K
FILE-41                           1587K
FILE-42                           1588K
FILE-44                           1590K
FILE-46                           1592K
FILE-48                           1594K
FILE-49                           1596K
FILE-5                            1522K
FILE-50                           1597K
FILE-51                           1598K
FILE-52                           1599K
FILE-53                           1600K
FILE-54                           1601K
FILE-55                           1602K
FILE-56                           1603K
FILE-57                           1605K
FILE-6                            1524K
FILE-7                            1526K
FILE-8                            1528K
FILE-9                            1530K
FILE-ACCESS                        553W
FILE-DEFS-COUNT                   1609K
FILE-DEFS-OS-DELIMITER            1610K
FILE-DUPLICATES-IN-USE            1296K
FILE-FUNCTION                      619W
FILE-KEY-NO                        577W
FILE-SYSTEM-USED                  1285K
FILLER-DUMMY4                     1492K
FIRST-SL-BATCH                    1426K
FIRST-SL-INV                      1427K
FN-CLOSE                           621W
FN-DELETE                          627W
FN-DELETE-ALL                      625W
FN-EQUAL-TO                        643W
FN-EXTEND                          642W
FN-GREATER-THAN                    645W
FN-I-O                             640W
FN-INPUT                           639W
FN-LESS-THAN                       644W
FN-NOT-GREATER-THAN                647W
FN-NOT-LESS-THAN                   646W
FN-OPEN                            620W
FN-OUTPUT                          641W
FN-RE-WRITE                        626W
ACS Cobol Xref v2.03.18          Dictionary File for PY030    09/04/2026  19:12:41:73                                  Page   74
Symbols of Module: PY030 (PY030)
--------------------------------
Unreferenced Working Storage Symbols

FN-READ-BY-BATCH                   634W
FN-READ-BY-CUST                    635W
FN-READ-BY-NAME                    633W
FN-READ-INDEXED                    623W
FN-READ-NEXT                       622W
FN-READ-NEXT-HEADER                636W
FN-READ-NEXT-RAW                   631W
FN-START                           628W
FN-WRITE                           624W
FN-WRITE-RAW                       630W
FS-ACTION                          572W
FS-COBOL-FILES-USED               1286K
FS-DUPLICATE-PROCESSING           1297K
FS-MYSQL-USED                     1287K
FS-RDBMS-USED                     1289K
FS-REPLY                           556W
FS-VALID-OPTIONS                  1295K
FULL-INVOICING                    1393K
G-L                               1258K
GENERAL-LEDGER-BLOCK              1320K
GL-BL-PAY-AC                      1450K
GL-BL-PURCH-AC                    1452K
GL-P-CREDITORS                    1451K
GL-S-DEBTORS                      1454K
GL-SL-PAY-AC                      1453K
GL-SL-SALES-AC                    1455K
GROUPED                           1325K
HD-HH                              738W
HD-MM                              739W
HD-SS                              740W
HD-UU                              741W
HDTIME                             737W
HEADER-LEVEL                      1340K
HOST                              1271K
HOURS-PROOF-DETAIL                1657R
HOURS-PROOF-FOOT                  1666R
HOURS-PROOF-HEADS                 1627R
HRS-BATCH-NO                       471F
HRS-HEAD-KEY                       469F
HRS-NO-RECS                        470F
HRS-PROOF-NO                       472F
HRS-PROOFED                        473F
HRS-RATE                           459F
I-LEVEL-0                         1403K
I-LEVEL-1                         1404K
I-LEVEL-2                         1405K
INDEX-2                           1348K
INVOICER                          1402K
IRS                               1266K
IRS-BOTH-USED                     1351K
IRS-DATA-BLOCK                    1491K
ACS Cobol Xref v2.03.18          Dictionary File for PY030    09/04/2026  19:12:41:73                                  Page   75
Symbols of Module: PY030 (PY030)
--------------------------------
Unreferenced Working Storage Symbols

IRS-ENTRY-BLOCK                   1491K
IRS-INSTEAD                       1349K
IRS-NO                            1267K
IRS-USED                          1350K
LEDGER-2ND-INDEX                  1347K
LEDGER-SEC                        1352K
LEVEL                             1256K
LEVEL-1                           1257K
LEVEL-2                           1259K
LEVEL-3                           1261K
LEVEL-4                           1263K
LEVEL-5                           1265K
LEVEL-6                           1268K
LIN                                560W
LIN2                               564W
LINUX                             1281K
LOG-FILE-REC-WRITTEN               668W
LOGGING-DATA                       575W
M-V                               1332K
MAC                               1278K
MAIN-RECORD-MOVE-FLAG              597W
MANDATORY                         1337K
MAPS-SER                          1298K
MAPS-SER-NN                       1300K
MAPS-SER-XX                       1299K
MAPS03-WS                          506W
MENU-REPLY                         674W
MINIMUM-VALIDATION                1333K
MRMF-MOVE-FD                       598W
MRMF-MOVE-WS                       599W
MULTI-USER                        1272K
NEXT-BATCH                        1355K
NEXT-FOLIO                        1363K
NEXT-INVOICE                      1239K
NEXT-POST                         1480K
NO-OS                             1275K
NOT-INVOICING                     1406K
OI-3-FLAG                         1389K
OI-5-FLAG                         1391K
OP-SYSTEM                         1273K
OS-SINGLE                         1282K
OS2                               1279K
P-C                               1321K
P-C-GROUPED                       1324K
P-C-LEVEL                         1326K
P-CREDITORS                       1365K
P-FLAG-A                          1374K
P-FLAG-I                          1375K
P-FLAG-P                          1376K
P-L-EXISTS                        1371K
PARAM-RESTRICT                    1311K
ACS Cobol Xref v2.03.18          Dictionary File for PY030    09/04/2026  19:12:41:73                                  Page   76
Symbols of Module: PY030 (PY030)
--------------------------------
Unreferenced Working Storage Symbols

PASS-VALUE                        1255K
PASS-WORD                         1270K
PATH-WORK                          570W
PAYROLL                           1269K
PERIOD                            1237K
PF-RETENTION                      1425K
PHONE-NO                          1253K
PL-APPROP-AC                      1489K
PL-APPROP-AC6                     1487K
PL-AUTOGEN                        1379K
PL-DELIM                          1372K
PL-NEXT-REC                       1380K
PL-STOCK-LINK                     1377K
POST-CODE                         1250K
POST-TRANS-NAME                   1511K
POSTINGS                          1354K
PP-NAME                            496W
PP-PRINT-FILE-NAME                 498W
PRE-TRANS-NAME                    1510K
PRESERVE-BATCH                    1346K
PRINT-SPOOL-NAME2                 1358K
PRINT-SPOOL-NAME3                 1378K
PROFIT-CENTRES                    1322K
PURCHASE-LEDGER                   1370K
PURCHASE-LEDGER-BLOCK             1362K
PURCHASE-RANGE                    1342K
PY-EMPLOYEE-RECORD                 349F
PY-PARAM1-RECORD                   183F
PY-PR1-B-USED                      225F
PY-PR1-BLOCK                       184F
PY-PR1-CHECK-HISTORY-USED          221F
PY-PR1-CHECK-PRINTING-USED         220F
PY-PR1-CO-ADDRESS-1                188F
PY-PR1-CO-ADDRESS-2                189F
PY-PR1-CO-ADDRESS-3                190F
PY-PR1-CO-ADDRESS-4                191F
PY-PR1-CO-EMAIL                    196F
PY-PR1-CO-NAME                     186F
PY-PR1-CO-PHONE                    195F
PY-PR1-CO-POST-CODE                192F
PY-PR1-CO-STATE                    194F
PY-PR1-CO-ZIP                      193F
PY-PR1-COLOUR-1                    281F
PY-PR1-COLOUR-2                    282F
PY-PR1-COLOUR-RESET                283F
PY-PR1-COMPANY-DATA                185F
PY-PR1-CURRENCY-SIGN               231F
PY-PR1-DATE                        251F
PY-PR1-DATE-DY                     254F
PY-PR1-DATE-MO                     253F
PY-PR1-DATE-YR                     255F
ACS Cobol Xref v2.03.18          Dictionary File for PY030    09/04/2026  19:12:41:73                                  Page   77
Symbols of Module: PY030 (PY030)
--------------------------------
Unreferenced Working Storage Symbols

PY-PR1-DEBUGGING                   233F
PY-PR1-DFLT-DIST-ACCT              203F
PY-PR1-DFLT-GROSS-ACCT             202F
PY-PR1-DFLT-HS-TYPE                243F
PY-PR1-DFLT-NORM-UNITS             215F
PY-PR1-DFLT-PAY-INTERVAL           229F
PY-PR1-DFLT-PAY-RATE               212F
PY-PR1-DFLT-SL-RATE                214F
PY-PR1-DFLT-VAC-RATE               213F
PY-PR1-DIST-USED                   230F
PY-PR1-FED-ID                      246F
PY-PR1-FONT-NORMAL                 279F
PY-PR1-FONT-RESET                  280F
PY-PR1-FONT-SMALL                  278F
PY-PR1-GL-USED                     227F
PY-PR1-HARD-DELETE                 234F
PY-PR1-HI-DED-CHK-CAT              268F
PY-PR1-HI-EARN-CHK-CAT             270F
PY-PR1-IRS-USED                    228F
PY-PR1-JC-USED                     226F
PY-PR1-LAST-DAY-PAY-PERIOD         217F
PY-PR1-LO-DED-CHK-CAT              267F
PY-PR1-LO-EARN-CHK-CAT             269F
PY-PR1-LOCAL-ID                    248F
PY-PR1-M-USED                      223F
PY-PR1-MAX-CHK-CATS                263F
PY-PR1-MAX-DIST-ACCTS              204F
PY-PR1-MAX-ED-CATS                 265F
PY-PR1-MAX-EMP-EDS                 264F
PY-PR1-MAX-PAY-FACTOR              211F
PY-PR1-MAX-SWT-ENTRIES             266F
PY-PR1-MAX-SYS-EDS                 271F
PY-PR1-MIN-WAGE                    206F
PY-PR1-OFFSET-CASH-ACCT            201F
PY-PR1-OS-DELIMITER                232F
PY-PR1-PAGE-LINES-L                257F
PY-PR1-PAGE-LINES-P                256F
PY-PR1-PAGE-WIDTH-L                259F
PY-PR1-PAGE-WIDTH-P                258F
PY-PR1-PRINT-CONTROL               273F
PY-PR1-PRINT-SPOOL-NAME            274F
PY-PR1-PRINT-SPOOL-NAME2           275F
PY-PR1-PRINT-SPOOL-NAME3           276F
PY-PR1-PRNT-CTL-FLAG               277F
PY-PR1-RATE-NAME                   244F
PY-PR1-RATE2-FACTOR                209F
PY-PR1-RATE3-FACTOR                210F
PY-PR1-RATE4-EXCLUSION-TYPE        219F
PY-PR1-S-USED                      222F
PY-PR1-STATE-ID                    247F
PY-PR1-TAX-ID                      197F
ACS Cobol Xref v2.03.18          Dictionary File for PY030    09/04/2026  19:12:41:73                                  Page   78
Symbols of Module: PY030 (PY030)
--------------------------------
Unreferenced Working Storage Symbols

PY-PR1-TRADE-NAME                  187F
PY-PR1-USER-PROG                   261F
PY-PR1-USER-PROG-DESC              262F
PY-PR1-USER-PROG-USED              260F
PY-PR1-VOID-CHECK-AMT              207F
PY-PR1-VOID-CHECKS-OVER-MAX        218F
PY-PR1-W-USED                      224F
PY-PR2-940-PRINTED                 305F
PY-PR2-941-PRINTED                 306F
PY-PR2-BLOCK                       285F
PY-PR2-CHECK-DATE                  296F
PY-PR2-HRS-BATCH-NO                291F
PY-PR2-JUST-CLOSED-YEAR            303F
PY-PR2-LAST-CHECK-NO               309F
PY-PR2-LAST-DAY-LAST-B             293F
PY-PR2-LAST-DAY-LAST-M             295F
PY-PR2-LAST-DAY-LAST-S             294F
PY-PR2-LAST-DAY-LAST-W             292F
PY-PR2-LAST-EMPLOYEE-NO            297F
PY-PR2-LAST-Q-ENDED                308F
PY-PR2-LAST-SM-APPLY-NO            289F
PY-PR2-LAST-WB-APPLY-NO            290F
PY-PR2-LAST-YEAR-ENDED             288F
PY-PR2-NO-ACCTS                    302F
PY-PR2-NO-ACTIVE-EMPS              298F
PY-PR2-NO-EMPLOYEES                299F
PY-PR2-NO-OF-SM-APPLIES            300F
PY-PR2-NO-OF-WB-APPLIES            301F
PY-PR2-W2-PRINTED                  307F
PY-PR2-YEAR                        286F
PY-PR2-YEAR-NEXT                   287F
RDB-DATA                           587W
RDBMS-DB-NAME                     1307K
RDBMS-FLAT-STATUSES               1284K
RDBMS-HOST                        1313K
RDBMS-PASSWD                      1309K
RDBMS-PORT                        1312K
RDBMS-SOCKET                      1314K
RDBMS-USER                        1308K
REVENUE-ONLY                      1327K
RUN-DATE                          1240K
S-DEBTORS                         1430K
S-END-CYCLE-DATE                  1432K
S-FLAG-A                          1394K
S-FLAG-I                          1395K
S-FLAG-OI-3                       1392K
S-FLAG-P                          1396K
S-L                               1262K
S-L-EXISTS                        1387K
S1                                 557W
SALES-LEDGER                      1386K
ACS Cobol Xref v2.03.18          Dictionary File for PY030    09/04/2026  19:12:41:73                                  Page   79
Symbols of Module: PY030 (PY030)
--------------------------------
Unreferenced Working Storage Symbols

SALES-LEDGER-BLOCK                1385K
SALES-RANGE                       1341K
SCYCLE                            1236K
SL-AUTOGEN                        1444K
SL-BO-DEFAULT                     1447K
SL-BO-FLAG                        1446K
SL-CHARGES                        1398K
SL-COMP-HEAD-INV                  1435K
SL-COMP-HEAD-LETS                 1439K
SL-COMP-HEAD-PICK                 1433K
SL-COMP-HEAD-STAT                 1437K
SL-COMP-INV                       1436K
SL-COMP-LETS                      1440K
SL-COMP-PICK                      1434K
SL-COMP-STAT                      1438K
SL-CREDIT                         1421K
SL-DAY-BOOK                       1401K
SL-DAYS-1                         1418K
SL-DAYS-2                         1419K
SL-DAYS-3                         1420K
SL-DELIM                          1388K
SL-DISC                           1416K
SL-DUNNING                        1397K
SL-INVOICE-LINES                  1443K
SL-LATE-PER                       1415K
SL-LIMIT                          1428K
SL-MAX                            1424K
SL-MIN                            1423K
SL-NEXT-REC                       1445K
SL-OWN-NOS                        1399K
SL-PAY-AC                         1429K
SL-SALES-AC                       1431K
SL-STATS-RUN                      1400K
SL-STOCK-AUDIT                    1413K
SL-STOCK-LINK                     1412K
SL-VAT-PRINTED                    1441K
SL-VAT-PRINTS                     1442K
SQL-ERR                            580W
SQL-MSG                            581W
SQL-STATE                          582W
START-DATE                        1241K
STATS-DATE-PERIOD                 1315K
STK-ABREV-REF                     1461K
STK-ACTIVITY-REP-RUN              1474K
STK-AUDIT-NO                      1477K
STK-AUDIT-USED                    1465K
STK-AVERAGING                     1472K
STK-BO-ACTIVE                     1475K
STK-DEBUG                         1462K
STK-MANU-USED                     1463K
STK-MOV-AUDIT                     1466K
ACS Cobol Xref v2.03.18          Dictionary File for PY030    09/04/2026  19:12:41:73                                  Page   80
Symbols of Module: PY030 (PY030)
--------------------------------
Unreferenced Working Storage Symbols

STK-OE-USED                       1464K
STK-PAGE-LINES                    1476K
STK-PERIOD-CUR                    1467K
STK-PERIOD-DAT                    1468K
STOCK                             1264K
STOCK-AUDIT-ON                    1414K
STOCK-AVERAGING                   1473K
STOCK-CONTROL                     1470K
STOCK-CONTROL-BLOCK               1460K
STOCK-CONTROL-EXISTS              1471K
SUSER                             1243K
SW-TESTING                         660W
SW-TESTING-2                       665W
SYSTEM                            1799C
SYSTEM-DATA-BLOCK                 1219K
SYSTEM-FILE-NAMES                 1608K
TESTING-1                          661W
TESTING-2                          666W
TRANS-DONE                        1339K
TRANS-PRINT                       1336K
TRANS-PRINTED                     1338K
U-BIN                              530W
U-CC                               514W
U-DAYS                             509W
U-INTL                             522W
U-INTL-CC                          524W
U-INTL-DAYS                        529W
U-INTL-MONTH                       527W
U-INTL-YEAR                        523W
U-INTL-YY                          525W
U-MONTH                            511W
U-UK                               508W
U-USA                              516W
U-USA-DAYS                         519W
U-USA-MONTH                        517W
U-YEAR                             513W
U-YY                               515W
UNIX                              1280K
UPDATES                           1353K
USER-CODE                         1245K
VALID-OS-TYPE                     1274K
VAT                               1343K
VAT-AC                            1357K
VAT-GROUP                         1485K
VAT-PSENT                         1486K
VAT-RATE                          1234K
VAT-RATE-1                        1229K
VAT-RATE-2                        1230K
VAT-RATE-3                        1231K
VAT-RATE-4                        1232K
VAT-RATE-5                        1233K
ACS Cobol Xref v2.03.18          Dictionary File for PY030    09/04/2026  19:12:41:73                                  Page   81
Symbols of Module: PY030 (PY030)
--------------------------------
Unreferenced Working Storage Symbols

VAT-REG-NUMBER                    1310K
VAT1                              1482K
VAT2                              1483K
VAT3                              1484K
WE-ERROR                           554W
WINDOWS                           1277K
WS-CALLED                         1157K
WS-CALLER                         1158K
WS-CD-ARGS                        1164K
WS-COUNT-ROWS                      586W
WS-DATA                            673W
WS-DATE-FORMATS                    714W
WS-DEL-LINK                       1159K
WS-ED-DESC-TABLE                   800W
WS-ED-NO                           801W
WS-EFF-DATE                        696W
WS-FILE-KEY                        583W
WS-HRS-EFFECTIVE-DATE              865W
WS-HRS-EMP-NO                      854W
WS-HRS-KEY                         852W
WS-HRS-NO-RECS                     888W
WS-HRS-TRANS-CODE                  859W
WS-HRS-UNITS                       868W
WS-INTL                            730W
WS-LOG-FILE-NO                     585W
WS-LOG-SYSTEM                      578W
WS-LOG-WHERE                       584W
WS-MENU-OPTION                     680W
WS-NO-PARAGRAPH                    579W
WS-PROCESS-FUNC                   1162K
WS-SUB-FUNCTION                   1163K
WS-SYSTEM-RECORD-VERSION-PRIME    1221K
WS-SYSTEM-RECORD-VERSION-SECOND   1226K
WS-TEST-DATE9                      703W
WS-TEST-DAYS                       701W
WS-TEST-MONTH                      700W
WS-TEST-YEAR                       702W
WS-TEST-YMD                        698W
WS-TIME                           1115W
WS-UK                              718W
WS-USA                             724W
WS-USA-DAYS                        727W
WS-USA-MONTH                       725W
WS-WS-HRS-RATE                     862W
WS-WS-HRS-TRAN                     862W
WSA-DATE                          1116W
WSA-DD                            1119W
WSA-MM                            1118W
WSA-YY                            1117W
WSB-HH                            1121W
WSB-MM                            1122W
ACS Cobol Xref v2.03.18          Dictionary File for PY030    09/04/2026  19:12:41:73                                  Page   82
Symbols of Module: PY030 (PY030)
--------------------------------
Unreferenced Working Storage Symbols

WSB-SS                            1123W
WSB-TIME                          1120W
WSD-SA                            1127W
WSD-SB                            1129W
WSE-DATE-9                        1137W
WSE-TIME                          1139W
ACS Cobol Xref v2.03.18          Dictionary File for PY030    09/04/2026  19:12:41:73                                  Page   83
Symbols of Module: PY030 (PY030)
--------------------------------
Unreferenced Procedures

AA000-EXIT                        1821P
AA000-MAIN                        1681S
AA010-OPEN-PY-FILES               1724P
AA050-EXIT                        1877P
DATE-UK                           1985P
DATE-USA                          1987P
WS-                               1944P
WS-PAY-HEADER-RECORD              1806P
