
ACS Cobol Xref v2.03.18          Dictionary File for PY900    24/03/2026  18:58:24:55                                  Page    1

     1         >>source free
     2  *>****************************************************************
     3  *>               New  Payroll for USA                            *
     4  *>         Parameter  Menu  &  Fixed  Data  Maintenance          *
     5  *>           Based on CBASIC Code -ish.                          *
     6  *> Some files defined here but not used can be REMOVED.          *<<
     7  *>****************************************************************
     8  *>
     9   identification          division.
    10  *>================================
    11  *>
    12        program-id.       py900.
    13  *>**
    14  *>    Author.           Vincent B Coen FBCS, FIDM, FIDPM, 19/10/2025.
    15  *>**
    16  *>    Security.         Copyright (C) 2025-2026 & later, Vincent Bryan Coen.
    17  *>                      Distributed under the GNU General Public License.
    18  *>                      See the file COPYING for details.
    19  *>**
    20  *>    Remarks.          Payroll Parameter Menus & Fixed Data.
    21  *>                      Some of this code may well be moved to other modules.
    22  *>**
    23  *>    Version.          See Prog-Name In Ws.
    24  *>**
    25  *>    Called Modules.
    26  *>                      (CBL_) ACCEPT_NUMERIC.c as static.
    27  *>                      ACAS000,
    28  *>                      ACAS008
    29  *>                      acasirsub1 ->  [ For IRS Nominal ledgers ]
    30  *>                        irsnominalMT  [ If using Mysql RDB etc ]
    31  *>
    32  *>                      acas005 ->     [ For GL nomial ledgers ]
    33  *>                        nominalMT     [ If using Mysql RDB etc ]
    34  *>                      CBL_DELETE_FILE
    35  *>                      ACASIRSUB1, 3 - 5.
    36  *>                      MAPS04
    37  *>                      SCR_DUMP
    38  *>                      SCR_RESTORE
    39  *>**
    40  *>    Functions Used:
    41  *>                      CURRENT-DATE.
    42  *>                      TEST-DATE-YYYYMMDD
    43  *>                      UPPER-CASE.
    44  *>    Files used :
    45  *>   Defined/Created
    46  *>      X     X         pypr1.   Params
    47  *>      X     X         pyded.   Deductions
    48  *>      X               pyhrs.   Pay Hours Transactions  - NOT HERE THOUGH.
    49  *>      X               pyemp.   Employee Master.
    50  *>      X               pyhis.   Employee History.
    51  *>      X               pyact.   Noninal Account. For IRS.
    52  *>      X               pypay.   Pay Details.
    53  *>      X               pychk.   Check / BACS.
    54  *>      X               pycoh.   Company History.
ACS Cobol Xref v2.03.18          Dictionary File for PY900    24/03/2026  18:58:24:55                                  Page    2

    55  *>      X      (NOT SS) pyswtss. State & Local withholding tables where ss = State Abbrev. One for each state, but ex Cal.
    56  *>      X               pycals.  s = S,M or H.  One for each category Single, Married, Head of household.
    57  *>      X               pylwt    Other deductions ????.
    58  *>                      pycalx.  Special California table.    NOT for Canada
    59  *>                      pytax.   Tax tables for UK and other countries that have income bands. - Only for UK
    60  *>                               Includes records for NI etc.
    61  *>
    62  *>    Error messages used.
    63  *> System wide:
    64  *>                      SY001 - 5, 8, 10 - 14.
    65  *> Program specific:
    66  *>                      PY001 - 10.
    67  *>                      PY101 - 124.
    68  *>                      IR911 - 916.
    69  *>**
    70  *> Changes:
    71  *> 20/09/2025 vbc - 1.0.00 Created - starting. Prior to testing.
    72  *>                         After testing version will be set to v3.3.
    73  *>                         WARNING: You MUST set the terminal program to be 80
    74  *>                         cols wide and MORE than 25 lines deep and this is to
    75  *>                         allow for the some of the extra lines beyond 24 to
    76  *>                         be used as areas for the warning or error messages
    77  *>                         to be displayed. 26 lines is the minimum.
    78  *>                         This procedure must be applied at all times when
    79  *>                         running Payroll.
    80  *>                         For almost all terminal programs, can be achieved
    81  *>                         by pulling the left and bottom edges of the terminal
    82  *>                         screen with the mouse and holding right button and
    83  *>                         pulling until the correct number is displayed, and
    84  *>                         doing so, one at a time or pulling bottom right
    85  *>                         corner.
    86  *>
    87  *> 30/10/2025 vbc -        Still working on file rec layouts (ws)+ selects (sel)
    88  *>                         & fd's (fd).
    89  *> 05/11/2025 vbc -        Adding more SS for data input or display and menus.
    90  *>                         Some of which may well go into another program.
    91  *> 23/11/2025 vbc -    .01 Added support for GL for account nos, Testing for
    92  *>                         reset numbers in IRS and GL when building default
    93  *>                         accounts as they may well not exist AND test for
    94  *>                         errors when writing accounts file which will cause an
    95  *>                         abort of this initial creating file functions on first
    96  *>                         using Payroll as a fatal condition.
    97  *>                         Renamed zz section / paragraphs that are normal
    98  *>                         functions into new names starting with ab000 etc
    99  *>                         as very messy.
   100  *>                         WARNING - Absolutely no testing done for GL as I have
   101  *>                         no idea about USA GL CoA's. Might try and reseach
   102  *>                         this at some point when coding completed.
   103  *>                         IN which case these comments will be removed -
   104  *>                         providing I remember.
   105  *> 27/11/2025 vbc -    .02 Screen size now checked for Minimum of 27 lines.
   106  *>                         All other programs wil do the same. Msg SY010 chgd.
   107  *> 28/11/2025 vbc -    .03 Added capture for Tax-ID.
   108  *> 30/11/2025 vbc -    .04 Added State code and test for Co.State for validity.
ACS Cobol Xref v2.03.18          Dictionary File for PY900    24/03/2026  18:58:24:55                                  Page    3

   109  *>                         chg some accept in 1st param SS for inline perform
   110  *>                         but there are a lot so stopped.
   111  *> 07/12/2025 vbc      .05 Changed and Added 2 + 2 fields in PY1- for Width-L,
   112  *>                         Width-P, Lines-P, Lines-L & changed prog to support
   113  *>                         them.
   114  *> 09/12/2025 vbc -        Increased minimum screen depth = 28.
   115  *> 19/01/2026 vbc -    .06 Param set up init set max-sys-ed = 5 & max-emp = 3
   116  *> 02/02/2026 vbc -    .07 Added PR1 Hard Delete (Y/N) to params entry yo support
   117  *>                         at end of year goign through Emp and His files and
   118  *>                         Delete any with Emp-status = "D" likewise with History
   119  *>                         record.  REMEMBER TO DO THIS at EOY processing.
   120  *> 07/03/2026 vbc -    .08 Replace most of the if ... go to retry-n with inline
   121  *>                         performs.
   122  *>
   123  *>   REMEMBER, REMEMBER to change code in PY910 & PY920 to match these changes
   124  *>                      if needed.
   125  *>
   126  *>*************************************************************************
   127  *> Copyright Notice.
   128  *> ****************
   129  *>
   130  *> These files and programs are part of the Applewood Computers Accounting
   131  *> System and is Copyright (c) Vincent B Coen. 1976-2026 and later.
   132  *>
   133  *> This program is now free software; you can redistribute it and/or modify it
   134  *> under the terms listed here and of the GNU General Public License as
   135  *> published by the Free Software Foundation; version 3 and later as revised
   136  *> for PERSONAL USAGE ONLY and that includes for use within a business but
   137  *> EXCLUDES repackaging or for Resale, Rental or Hire in ANY way.
   138  *>
   139  *> Persons interested in repackaging, redevelopment for the purpose of resale or
   140  *> distribution in a rental or hire mode must get in touch with the copyright
   141  *> with your commercial plans and proposals to vbcoen@gmail.com.
   142  *>
   143  *> ACAS is distributed in the hope that it will be useful, but WITHOUT
   144  *> ANY WARRANTY; without even the implied warranty of MERCHANTABILITY or
   145  *> FITNESS FOR A PARTICULAR PURPOSE.  See the GNU General Public License
   146  *> for more details. If it breaks, you own both pieces but I will endeavour
   147  *> to fix it, providing you tell me about the problem.
   148  *>
   149  *> You should have received a copy of the GNU General Public License along
   150  *> with ACAS; see the file COPYING.  If not, write to the Free Software
   151  *> Foundation, 59 Temple Place, Suite 330, Boston, MA 02111-1307 USA.
   152  *>
   153  *>*************************************************************************
   154  *>
   155   environment             division.
   156  *>================================
   157  *>
   158  *>C  copy "envdiv.cob".
   159   configuration section.
   160   source-computer.      Linux.
   161   object-computer.      Linux.
   162  *> special-names.
ACS Cobol Xref v2.03.18          Dictionary File for PY900    24/03/2026  18:58:24:55                                  Page    4

   163  *>     console is crt.
   164   SPECIAL-NAMES.
   165         CRT STATUS IS COB-CRT-STATUS.
   166   REPOSITORY.
   167         FUNCTION ALL INTRINSIC.
   168  *>
   169   input-output            section.
   170   file-control.
   171  *>
   172  *> Here and in file section are a lot of file defs which are NOT used for py900
   173  *> but present to check file record sizes when using cobc with -ftsymbols
   174  *> they will be removed  once PY is completed or even before :)
   175  *>
   176  *> If any more files are needed they will be set up here for the same reason.
   177  *>
   178  *>C  copy "selpyparam1.cob".
   179  *>
   180  *> Payroll param-1 (USA)
   181  *>
   182       select  PY-Param1-File  assign        File-47
   183                               access        dynamic
   184                               organization  is relative
   185                               relative key  is RRN
   186                               status        PY-PR1-Status.
   187  *>C  copy "selpyded.cob".
   188  *>
   189  *> Payroll Deductions (USA)
   190  *>
   191       select  PY-System-Deduction-File
   192                               assign        File-42
   193                               access        dynamic
   194                               organization  is relative
   195                               relative key  is RRN
   196                               status        PY-Ded-Status.
   197  *>
   198  *>C  copy "selpyhrs.cob".
   199  *>
   200  *> Payroll Pay Hours (USA)
   201  *>
   202       select  PY-Pay-Transactions-File
   203                               assign        file-45
   204                               access        dynamic
   205                               organization  indexed
   206                               record key is Hrs-Emp-No
   207                               status        PY-Hrs-Status.
   208  *>
   209  *>C  copy "selpyemp.cob".
   210  *>
   211  *> Payroll Employee (USA)
   212  *>
   213       select  PY-Employee-File
   214                               assign               File-43
   215                               access               dynamic
   216                               organization         indexed
ACS Cobol Xref v2.03.18          Dictionary File for PY900    24/03/2026  18:58:24:55                                  Page    5

   217                               record key is        Emp-No
   218                               alternate record key Emp-Search-Name with duplicates
   219                               status               PY-Emp-Status.
   220  *>
   221  *>C  copy "selpyhis.cob".
   222  *>
   223  *> Payroll History
   224  *>
   225       select  PY-History-File
   226                               assign        File-45
   227                               access        dynamic
   228                               organization  indexed
   229                               record key is His-Emp-No
   230                               status        PY-His-Emp-Status.
   231  *>
   232  *>C  copy "selpyact.cob".
   233  *>
   234  *> Payroll Accounts
   235  *>
   236       select  PY-Accounts-File
   237                               assign        File-39
   238                               access        dynamic
   239                               organization  indexed
   240                               record key is Act-No
   241                               status        PY-Act-Status.
   242  *>
   243  *>C  copy "selpypay.cob".
   244  *>
   245  *> Payroll Pay
   246  *>
   247       select  PY-Pay-File
   248                               assign        File-46
   249                               access        dynamic
   250                               organization  indexed
   251                               record key is Pay-Emp-No
   252                               status        PY-Pay-Status.
   253  *>
   254  *>C  copy "selpychk.cob".
   255  *>
   256  *> Payroll Check
   257  *>
   258       select  PY-Check-File
   259                               assign        File-40
   260                               access        dynamic
   261                               organization  indexed
   262                               record key is Chk-Emp-No
   263                               status        PY-Chk-Status.
   264  *>
   265  *>C  copy "selpycoh.cob".
   266  *>
   267  *> Payroll Company History
   268  *>
   269       select  PY-Comp-Hist-File
   270                               assign        File-41
ACS Cobol Xref v2.03.18          Dictionary File for PY900    24/03/2026  18:58:24:55                                  Page    6

   271                               access        dynamic
   272                               organization  relative
   273                               relative key  RRN    *> or Coh-Apply-No or ?
   274                               status        PY-Coh-Status.
   275  *>
   276  *>C  copy "selpycalx.cob".
   277  *>
   278  *> Payroll Tax Withholdings California
   279  *>
   280       select  PY-California-Tax-File
   281                               assign        File-52    *> pycalx
   282                               organization  sequential
   283                               status        PY-Calx-Status.
   284  *>
   285  *>
   286  *> Next 3 are all the same so can use only one stax - may be.
   287  *>
   288  *>C  copy "selpystax.cob".
   289  *>
   290  *> Payroll Tax Withholdings Stax
   291  *>
   292       select  PY-State-Tax-File
   293                               assign        File-54    *> pyswt {(ss)  = state code} not needed/used
   294                               organization  sequential
   295                               status        PY-Stax-Status.
   296  *>
   297  *>C  copy "selpyswt.cob".
   298  *>
   299  *> Payroll Tax Withholdings SWT
   300  *>
   301       select  PY-SWT-Tax-File
   302                               assign        File-54    *> pyswt
   303                               organization  sequential
   304                               status        PY-SWT-Status.
   305  *>
   306  *>C  copy "selpylwt.cob".
   307  *>
   308  *> Payroll Tax Withholdings LWT
   309  *>
   310       select  PY-LWT-Tax-File
   311                               assign        File-53    *> pylwt
   312                               organization  sequential
   313                               status        PY-LWT-Status.
   314  *>
   315  *>
   316   data                    division.
   317  *>================================
   318  *>
   319   file section.
   320  *>
   321  *>C  copy "fdpyparam1.cob".
   322  *>*******************************************
   323  *>                                          *
   324  *>  File Definition For Payroll Param  File *
ACS Cobol Xref v2.03.18          Dictionary File for PY900    24/03/2026  18:58:24:55                                  Page    7

   325  *>                                          *
   326  *>*******************************************
   327  *>   Record Size 1024 Bytes (13/10/25)
   328  *>   see wspyparam1.cob for later updates
   329  *>
   330   fd  PY-Param1-File.
   331  *>
   332  *>C  copy "wspyparam1.cob".
   333  *>*******************************************
   334  *>                                          *
   335  *>  Record Definition For Py param1 File    *
   336  *>     Uses RRN = 1                         *
   337  *>                                          *
   338  *>  If moved to ACAS system file will be    *
   339  *>    record 5 and if split for PR1 rec 6.  *
   340  *>     amd only the FH will need a change & *
   341  *>      possibly the DAL if all of Payroll  *
   342  *>      is to be supported in Mysql         *
   343  *> A decision to be made after testing.     *
   344  *>                                          *
   345  *>*******************************************
   346  *>
   347  *>  File size 624 bytes padded to 1024 by filler.
   348  *>     RESIZE NEEDED 1/12/25
   349  *>
   350  *> 13/10/25 vbc - Created.
   351  *>  Consider adding to system file as rec #5 after basic testing
   352  *> 08/11/25 vbc - Rec  changed still 1024.
   353  *> 11/11/25 vbc - Moved PR2 fields embedded within PR1 area to PR2 rec size the same.
   354  *> 26/11/25 vbc - Added new field PY-PR2-Last-Employee-no - filler adjusted.
   355  *> 28/11/25 vbc - Added new field PY-PR1-Tax-ID  to ident employer with IRS set
   356  *>                as x(24) as format not known.
   357  *> 09/03/26 vbc - PR2 fields changed from x to bin-short unsigned.
   358  *>   WILL NEED RESIZING..
   359  *>
   360   01  PY-Param1-Record.
   361       03  PY-PR1-Block.                         *> Size = 670
   362           05  PY-PR1-Company-Data.                 *> size 298
   363               07  PY-PR1-Co-Name       pic x(60). *> Applewood Computers  [ 60 ] ?
   364               07  PY-PR1-Trade-Name    pic x(32).
   365               07  PY-PR1-Co-Address-1  pic x(32). *> 17 Stag Green Avenue [ 30 ]
   366               07  PY-PR1-Co-Address-2  pic x(32). *> Hatfield             [ 30 ]
   367               07  PY-PR1-Co-Address-3  pic x(32). *> Hertfordshire        [ 30 ]
   368               07  PY-PR1-Co-Address-4  pic x(32). *> spaces
   369               07  PY-PR1-Co-Post-Code.
   370                   09  PY-PR1-Co-Zip    pic x(10).
   371                   09  PY-PR1-Co-State  pic xx.
   372               07  PY-PR1-Co-Phone      pic x(12). *> 01234-123456
   373               07  PY-PR1-Co-Email      pic x(30). *> vbcoen@gmail.com
   374               07  PY-PR1-Tax-ID        pic x(24). *> Used for Employer ID for IRS  NEW 27/11/25
   375  *>
   376  *> Only set if PY-PR1-IRS-Used or PY-PR1-GL-Used  = "Y" <<<<<<<<<<<<<<<<<<<<<<<<<<
   377  *>
   378           05  PY-PR1-Offset-Cash-Acct  binary-char unsigned.    *> def 1  another file rec 5 or 6 digits
ACS Cobol Xref v2.03.18          Dictionary File for PY900    24/03/2026  18:58:24:55                                  Page    8

   379           05  PY-PR1-Dflt-Gross-Acct   binary-char unsigned.    *>   DITTO
   380           05  PY-PR1-Dflt-Dist-Acct    binary-char unsigned.    *>  def 3
   381           05  PY-PR1-Max-Dist-Accts    binary-char unsigned.   *> rem 11/06/79 these aren't in pr1 file, Are now!
   382  *>
   383           05  PY-PR1-Min-Wage          pic 9(5)v99    comp-3.  *>  def 0
   384           05  PY-PR1-Void-Check-Amt    pic 9(5)v99    comp-3.
   385  *>
   386           05  PY-PR1-Rate2-Factor      pic 9(5)v99    comp-3.  *> def 1.5
   387           05  PY-PR1-Rate3-Factor      pic 9(5)v99    comp-3.  *> def 2.0
   388           05  PY-PR1-Max-Pay-Factor    pic 9(5)v99    comp-3.  *> def 3.0
   389           05  PY-PR1-Dflt-Pay-Rate     pic 9(5)v99    comp-3.  *> def 1.0
   390           05  PY-PR1-Dflt-Vac-Rate     pic 9(5)v99    comp-3.  *> def 0.42
   391           05  PY-PR1-Dflt-SL-Rate      pic 9(5)v99    comp-3.  *> def 0.21
   392           05  PY-PR1-Dflt-Norm-Units   pic 9(5)v99    comp-3.  *> def 1  Regular
   393  *>
   394           05  PY-PR1-Last-Day-Pay-Period  pic 9(8). *> temp entry ? from param entry *nix format
   395           05  PY-PR1-Void-Checks-Over-Max pic x.    *> def N      - Y or N
   396           05  PY-PR1-Rate4-Exclusion-Type pic 9.    *> def 1  (1..4)
   397           05  PY-PR1-Check-Printing-Used  pic x.    *> def Y (or N)
   398           05  PY-PR1-Check-History-Used   pic x.    *> def N      - or Y
   399           05  PY-PR1-S-Used               pic x.    *> def N      - or N Semi M
   400           05  PY-PR1-M-Used               pic x.    *> def Y      - Y  Month
   401           05  PY-PR1-W-Used               pic x.    *> Def N   "  - Y  Weekly
   402           05  PY-PR1-B-Used               pic x.    *> def N   "  - Y  Bi Month
   403           05  PY-PR1-JC-Used              pic x.    *> def N      - Y
   404           05  PY-PR1-GL-Used              pic x.    *> def N      - or Y
   405           05  PY-PR1-IRS-Used             pic x.    *> del Y      - or N
   406           05  PY-PR1-Dflt-Pay-Interval    pic x.    *> def S  could be SMBW - S=Salary,W=Weekly, M=Monthly & B=Bi-Monthly
   407           05  PY-PR1-Dist-Used            pic x.    *> def N  was binary-char unsigned.    *> def Y ????? what
   408           05  PY-PR1-Currency-Sign        pic x.    *> Def "$"
   409           05  PY-PR1-OS-Delimiter         pic x.    *>   / for *nix and \ for windows Used via ACAS param
   410           05  PY-PR1-Debugging            pic x.    *> Def N (or Y !
   411           05  PY-PR1-Hard-Delete          pic x.    *> Def N (or Y)
   412  *>
   413  *>  Where are these stored, if anywhere ?
   414  *>
   415  *> interval$(1)="SEMI-MONTHLY"
   416  *> interval$(2)="MONTHLY"
   417  *> interval$(3)="BIWEEKLY"
   418  *> interval$(4)="WEEKLY"
   419  *>
   420           05  PY-PR1-Dflt-HS-Type      pic x.     *> def S  Dflt-Pay-Type ??
   421           05  PY-PR1-Rate-Name         pic x(15)       occurs 4.   *> def  "REGULAR"
   422                                                                    *> def  "OVERTIME" "SPEC. OVERTIME" "COMMISSION"
   423           05  PY-PR1-Fed-ID            pic x(15). *> "FEDERAL ID"
   424           05  PY-PR1-State-ID          pic x(15). *> "STATE ID"
   425           05  PY-PR1-Local-ID          pic x(15). *> "LOCAL ID"
   426           05  PY-PR1-Date-Format       pic 9.     *> Def: 2=mm/dd/ccyy,  1=dd/mm/ccyy
   427  *>                                                  ( Value reversed from BASIC code to match ACAS.
   428           05  PY-PR1-Date.                        *> WHAT IS THIS FOR ? - will ASSUME today for the BUT NEEDED - SO FAR NO.
   429  *>                                                  moment defaulting to USA mode - ditto for other dates
   430               07  PY-PR1-Date-Mo       pic 99.    *> def 1
   431               07  PY-PR1-Date-Dy       pic 99.    *> def 2
   432               07  PY-PR1-Date-Yr       pic 9(4).  *> def 3 Added CC
ACS Cobol Xref v2.03.18          Dictionary File for PY900    24/03/2026  18:58:24:55                                  Page    9

   433           05  PY-PR1-Page-Lines-P      pic 99.    *> def 60  Portrait
   434           05  PY-PR1-Page-Lines-L      pic 99.    *> def 60  Landscape
   435           05  PY-PR1-Page-Width-P      pic 999.   *> def 132  -- Portrait paper = 80
   436           05  PY-PR1-Page-Width-L      pic 999.   *> def 132  -- landscape paper = 120
   437           05  PY-PR1-User-Prog-Used    pic x.     *>  N   ----  These three not used
   438           05  PY-PR1-User-Prog         pic x(8).  *> spaces
   439           05  PY-PR1-User-Prog-Desc    pic x(20). *> spaces
   440           05  PY-PR1-Max-Chk-Cats      binary-char.  *>     This block values to be determined
   441           05  PY-PR1-Max-Emp-Eds       binary-char.  *>  3  NEEDED <<   a number but not really neeeded as fields are exact #
   442           05  PY-PR1-Max-Ed-Cats       binary-char.  *>
   443           05  PY-PR1-Max-Swt-Entries   binary-char.  *>            A / marks in use for any one line
   444           05  PY-PR1-Lo-Ded-Chk-Cat    binary-char.  *>
   445           05  PY-PR1-Hi-Ded-Chk-Cat    binary-char.  *>
   446           05  PY-PR1-Lo-Earn-Chk-Cat   binary-char.  *>
   447           05  PY-PR1-Hi-Earn-Chk-Cat   binary-char.  *>
   448           05  PY-PR1-Max-Sys-Eds       binary-char.  *> 5
   449  *>
   450           05  PY-PR1-Print-Spool-Name  pic x(48). *> All 3 from ACAS system params
   451           05  PY-PR1-Print-Spool-Name2 pic x(48). *> but only 1st used (or is it)
   452           05  PY-PR1-Print-Spool-Name3 pic x(48). *>     consider creating a pdf file from prt-1
   453  *>
   454       03  PY-PR2-Block.                        *> Size = 94  COULD BE REC 2 ? (+ filler = 640 or 768 etc) (RRN = 2). sizes wrong
   455           05  PY-PR2-Year              pic 9(4).  *> current year
   456           05  PY-PR2-Year-Next         pic 9(4).  *> Year + 1  --- New field
   457           05  PY-PR2-Last-SM-Apply-No  pic 9(4).  *> def 0
   458           05  PY-PR2-Last-WB-Apply-No  pic 9(4).  *> def 0
   459           05  PY-PR2-Hrs-Batch-No      pic 9(4).  *> def 0
   460           05  PY-PR2-Last-Day-Last-W   pic 9(8).  *> }
   461           05  PY-PR2-Last-Day-Last-B   pic 9(8).  *> }
   462           05  PY-PR2-Last-Day-Last-S   pic 9(8).  *> }  use todays to yyyymmdd
   463           05  PY-PR2-Last-Day-Last-M   pic 9(8).  *> }       error,  may be not ??????
   464           05  PY-PR2-Check-Date        pic 9(8).  *> }
   465           05  PY-PR2-Last-Employee-No  pic 9(8)   comp.    *>  ?? NEW for py010 data entry EXCLUDES check digit. allows for # = 64k
   466           05  PY-PR2-No-Active-Emps    binary-short unsigned.   *> def 0 - NEEDED ??
   467           05  PY-PR2-No-Employees      binary-short unsigned.   *> def 0 - NEEDED ??
   468           05  PY-PR2-No-Of-SM-Applies  binary-short unsigned.   *> SIZE emough 65k ?  - 12/02/79 pr2.no.of.xx.applies% = number of sm, wb applies this quarter
   469           05  PY-PR2-No-Of-WB-Applies  binary-short unsigned.   *> SIZE emough 65k ?    DITTO
   470           05  PY-PR2-Just-Closed-Year  binary-short unsigned.   *>                    - 12/02/79 pr2.just.closed.year% = no applies run since year end close
   471           05  PY-PR2-No-Accts          binary-char  unsigned.    *> def 4 = 4 accounts ? is it needed ??
   472           05  PY-PR2-940-Printed       pic x.     *> N  (or Y)
   473           05  PY-PR2-941-Printed       pic x.     *> N  (or Y)
   474           05  PY-PR2-W2-Printed        pic x.     *> N  (or Y)
   475           05  PY-PR2-Last-Q-Ended      pic 9.     *> 4 ( vals 1, 2, 3 or 4 )
   476           05  PY-PR2-Last-Check-No     pic 9(15). *> 000000                - 12/02/79 pr2.last.check.no$    = last check number written by PYCHECKS
   477  *>
   478       03  filler                       pic x(260).  *> could just be 768.
   479  *>
   480  *>
   481  *>C  copy "fdpyded.cob".
   482  *>*******************************************
   483  *>                                          *
   484  *>  File Definition For PY Deductions File  *
   485  *>                                          *
   486  *>*******************************************
ACS Cobol Xref v2.03.18          Dictionary File for PY900    24/03/2026  18:58:24:56                                  Page   10

   487  *>   Record Size 438 Bytes
   488  *>   see wspyded.cob for later updates
   489  *>
   490   fd  PY-System-Deduction-File.
   491  *>
   492  *>C  copy "wspyded.cob".
   493  *>*******************************************
   494  *>                                          *
   495  *>  Record Definition For Py Deduction File *
   496  *>     Uses RRN = 1                         *
   497  *>*******************************************
   498  *>  File size 339 bytes ??   was 337
   499  *> 25/10/25 vbc - Created.
   500  *> 08/11/25 vbc - Rec size changed
   501  *> 12/11/25 vbc - and again - less.
   502  *> 15/11/25 vbc - again more + 9.
   503  *> 28/12/25 vbc - Consider increasing table to support a.n.other new ded rates.
   504  *> 16/01/26 vbc - Increased size by 2.
   505  *>
   506   01  PY-System-Deduction-Record.
   507       03  Ded-FWT-Used             pic x.    *> Y NEEDED ?
   508       03  Ded-SWT-Used             pic x.    *> Y needed ?
   509       03  Ded-LWT-Used             pic x.   *>  N
   510       03  Ded-FICA-Used            pic x.   *>  Y
   511       03  Ded-CO-FICA-Used         pic x.   *>
   512       03  Ded-SDI-Used             pic x.   *>
   513       03  Ded-CO-FUTA-Used         pic x.   *>
   514       03  Ded-CO-SUI-Used          pic x.   *>
   515       03  Ded-EIC-Used             pic x.   *>
   516  *>
   517       03  Ded-FWT-Allowance-Amt    pic S9(5)v99   comp-3.
   518  *>
   519       03  Ded-FWT-Acct-No          pic 99.
   520       03  Ded-SWT-Acct-No          pic 99.
   521       03  Ded-LWT-Acct-No          pic 99.
   522       03  Ded-FICA-Acct-No         pic 99.
   523       03  Ded-CO-FICA-Acct-No      pic 99.
   524       03  Ded-SDI-Acct-No          pic 99.
   525       03  Ded-CO-FUTA-Acct-No      pic 99.
   526       03  Ded-CO-SUI-Acct-No       pic 99.
   527       03  Ded-EIC-Acct-No          pic 99.
   528  *>19 ^
   529       03  Ded-FICA-Rate            pic 99v99    comp-3.
   530       03  Ded-FICA-Limit           pic 9(5)v99  comp-3.
   531       03  Ded-CO-FICA-Rate         pic 99v99    comp-3.
   532       03  Ded-CO-FICA-Limit        pic 9(5)v99  comp-3.
   533       03  Ded-SDI-Rate             pic 99v99    comp-3.
   534       03  Ded-SDI-Limit            pic 9(5)v99  comp-3.
   535       03  Ded-CO-FUTA-Rate         pic 99v99    comp-3.
   536       03  Ded-CO-FUTA-Limit        pic 9(5)v99  comp-3.
   537       03  Ded-CO-FUTA-Max-Credit   pic 9(5)v99  comp-3.
   538       03  Ded-CO-SUI-Rate          pic 99v99    comp-3.
   539       03  Ded-CO-SUI-Limit         pic 9(5)v99  comp-3.
   540       03  Ded-EIC-Rate             pic 99v99    comp-3.
ACS Cobol Xref v2.03.18          Dictionary File for PY900    24/03/2026  18:58:24:56                                  Page   11

   541       03  Ded-EIC-Limit            pic 9(5)v99  comp-3.
   542       03  Ded-EIC-Excess-Rate      pic 99v99    comp-3.
   543       03  Ded-EIC-Excess-Limit     pic 9(5)v99  comp-3.
   544  *>34 +  28  + 50 = 112
   545       03  Ded-FWT-Mar                  occurs 7.
   546           05  Ded-FWT-Mar-Cutoff   pic 9(5)v99  comp-3.
   547           05  Ded-FWT-Mar-Percent  pic 9(3)v99  comp-3.
   548  *>
   549       03  Ded-FWT-Sin                  occurs 7.
   550           05  Ded-FWT-Sin-Cutoff   pic 9(5)v99  comp-3.
   551           05  Ded-FWT-Sin-Percent  pic 9(3)v99  comp-3.
   552  *>
   553       03  Ded-Sys-Entries-Used     pic 99.  *> allow for this block to be > 10
   554       03  Ded-Sys-Data-Blocks          occurs 5.
   555           05  Ded-Sys-Amt-Percent  pic x.   *>  A
   556           05  Ded-Sys-Chk-Cat      pic 99.  *>  7 ( 2 - 7 if Earn-Ded = E. 9 - 16 if Earn-Ded = D
   557           05  Ded-Sys-Earn-Ded     pic x.   *>  E
   558           05  Ded-Sys-Exclusion    pic 9.   *>  1 ( 1 - 4)
   559           05  Ded-Sys-Limit-Used   pic x.   *>  Y
   560           05  Ded-Sys-Used         pic x.   *>  N
   561           05  Ded-Sys-Desc         pic x(15).
   562           05  Ded-Sys-Acct-No      binary-char  unsigned.
   563           05  Ded-Sys-Factor       pic 9(5)v99  comp-3.
   564           05  Ded-Sys-Limit        pic 9(5)v99  comp-3.
   565  *> Field count 112
   566  *>
   567  *>C  copy "fdpyhrs.cob".
   568  *>*******************************************
   569  *>                                          *
   570  *>  File Definition For PY Pay Transaction  *
   571  *>              Hours  File                 *
   572  *>                                          *
   573  *>*******************************************
   574  *>   Record Size ?? Bytes
   575  *>   see wspyhrs.cob for later updates
   576  *>
   577   fd  PY-Pay-Transactions-File.
   578  *>
   579  *>C  copy "wspyhrs.cob".
   580  *>*******************************************
   581  *>                                          *
   582  *>  Record Definition For Pay Transactions  *
   583  *>           File                           *
   584  *>     Uses Hrs-Emp-No as key               *
   585  *>*******************************************
   586  *>  File size 19 bytes padded to 20 by filler.
   587  *>
   588  *> 28/10/25 vbc - Created.
   589  *>
   590   01  PY-Pay-Transactions-Record.
   591       03  Hrs-Emp-No          pic 9(7).
   592       03  Hrs-Effective-Date  pic 9(8).    *> ccyymmdd
   593       03  Hrs-Rate            pic 9.
   594       03  Hrs-Units           pic s9(3)v99   comp-3.
ACS Cobol Xref v2.03.18          Dictionary File for PY900    24/03/2026  18:58:24:56                                  Page   12

   595   *>    03  Hrs-Deleted         pic x.    *> NEEDED ???
   596       03  filler              pic x.
   597  *>
   598  *> 14 bytes + filler of 6 = 20 to match. the next rec may not be needed ?
   599  *>
   600   01  PY-Pay-Header-Record.
   601       03  Hrs-Head-Key        pic 9(7).     *> Always value zero.
   602       03  Hrs-No-Recs         binary-short unsigned.
   603       03  Hrs-Batch-No        binary-short unsigned.
   604       03  Hrs-Proof-No        binary-short unsigned.
   605       03  Hrs-Proofed         pic x.
   606       03  filler              pic x(6).
   607  *>
   608  *>
   609  *>C  copy "fdpyemp.cob".
   610  *>*******************************************
   611  *>                                          *
   612  *>  File Definition For PY Employee File    *
   613  *>                                          *
   614  *>*******************************************
   615  *>   Record Size 508 Bytes
   616  *>   see wspyemp.cob for later updates
   617  *>
   618   fd  PY-Employee-File.
   619  *>
   620  *>C  copy "wspyemp.cob".
   621  *>*******************************************
   622  *>                                          *
   623  *>  Record Definition For Employee          *
   624  *>           File                           *
   625  *>     Uses Emp-No as key                   *
   626  *>*******************************************
   627  *>  File size 508 bytes.
   628  *>
   629  *> THESE FIELDS DEFINITIONS MAY NEED CHANGING
   630  *>
   631  *> 29/10/25 vbc - Created.
   632  *> 10/11/25 vbc - Field changes.
   633  *> 20/11/25 vbc - Phone# 12 -> 13 reduced filler to 14 & removed dup phone field.
   634  *> 28/11/25 vbc - Zip code, SSN sizes chg.  Date fiormats are all ccyymmdd.
   635  *> 02/12/25 vbc - Fields with -Allow chgd from x to 99.size will be the same.
   636  *> 17/03/26 vbc - Mcare-Exempt added - File size change ?
   637  *>
   638   01  PY-Employee-Record.
   639       03  Emp-No                pic 9(7)   comp.
   640       03  Emp-Status            pic x.     *> A = Active, T = Terminated, L = On leave & Hidden D = Deleted
   641       03  Emp-HS-Type           pic x.     *> H = Hourly or S = Salaried
   642       03  Emp-Pay-Interval      pic x.     *> W, M, B ( Bi weekly), S (semi-monthly
   643       03  Emp-Taxing-State      pic xx.    *> USA state code
   644       03  Emp-Job-Code          pic xxx.   *> information only
   645       03  Emp-Start-Date        pic 9(8)   comp. *> date started ccyymmdd
   646       03  Emp-Birth-Date        pic 9(8)   comp. *> ccyymmdd
   647       03  Emp-Term-Date         pic 9(8)   comp. *> date left  ccyymmdd - (last date of pay ?)
   648       03  Emp-Sex               pic x.     *> M, F
ACS Cobol Xref v2.03.18          Dictionary File for PY900    24/03/2026  18:58:24:56                                  Page   13

   649       03  Emp-Marital           pic x.     *> S, M
   650       03  Emp-Pay-Freq          binary-char.     *> 52, 24 or same / 2 = 26 / 12 Subject to change when looking at basic code
   651       03  Emp-Next-Del          pic x.     *> No idea yet
   652       03  Emp-SSN               pic 9(9)   comp.  *> 000-00-0000 & one spare for growth Excludes "-"
   653       03  Emp-Cur-Apply-No      pic 99.    *>  9  or ??  2 bytes
   654       03  Emp-Name              pic x(32). *> last 1st & middle init -NO> 1st middle last (middle can be initial only
   655       03  Emp-Search-Name       pic x(32). *> Uses Emp-Name to create Last, Middle & First Name - INDEX 2
   656       03  Emp-Address-1         pic x(32).
   657       03  Emp-Address-2         pic x(32).
   658       03  Emp-Address-3         pic x(32).
   659       03  Emp-Address-4         pic x(32).
   660       03  Emp-Post-Code.                   *> UK = 8 Canada 7 incl space,
   661           05  Emp-Zip           pic x(10).  *> 5 & + 5
   662           05  Emp-State         pic xx.
   663       03  Emp-Phone-No          pic 9(11). *> 01234-123456 / (123)-456-7890 09/12/25 reduced from 13
   664       03  Emp-Email             pic x(30). *> vbcoen@btconnect.com  + 10
   665       03  Emp-Bank-Acct-No      pic x(24). *> Allows also for sortcode/acct # (6+8) & - between numbers )
   666       03  Emp-Rate4-Exclusion   pic 9.     *> 1 = all taxes, 2 = All taxes except FICA,
   667                                            *> 3 = All except FICA,SWT, LWT 4 = none
   668       03  Emp-Cal-Head-Of-House pic x.     *> Y or N for all these
   669       03  Emp-Cal-Ded-Allow     pic 99    comp.
   670       03  Emp-FWT-Allow         pic 99    comp.
   671       03  Emp-SWT-Allow         pic 99    comp.
   672       03  Emp-LWT-Allow         pic 99    comp.
   673       03  Emp-Pension-Used      pic x. *> Y or N
   674       03  Emp-Eic-Used          pic x. *> all Y or N
   675       03  Emp-FWT-Exempt        pic x. *>
   676       03  Emp-SWT-Exempt        pic x. *>
   677       03  Emp-LWT-Exempt        pic x. *>
   678       03  Emp-FICA-Exempt       pic x. *>
   679       03  Emp-SDI-Exempt        pic x. *>
   680       03  Emp-Co-FUTA-Exempt    pic x. *>
   681       03  Emp-Co-SUI-Exempt     pic x. *>
   682       03  Emp-Mcare-Exempt      pic x. *>
   683       03  Emp-Sys-Exempt        pic x    occurs 5.
   684       03  Emp-Rate              pic 9(5)v99   comp-3  occurs 4.
   685       03  Emp-Auto-Units        pic 999       comp-3.
   686       03  Emp-Normal-Units      pic 999       comp-3.
   687       03  Emp-Max-Pay           pic 9(6)v99   comp-3.
   688       03  Emp-Vac-Rate          pic 9(5)v99   comp-3.
   689       03  Emp-Vac-Accum         pic 9(5)v99   comp-3.
   690       03  Emp-Vac-Used          pic 9(5)v99   comp-3.
   691       03  Emp-SL-Rate           pic 9(5)v99   comp-3.
   692       03  Emp-SL-Accum          pic 9(5)v99   comp-3.
   693       03  Emp-SL-Used           pic 9(5)v99   comp-3.
   694       03  Emp-Comp-Accum        pic 9(5)v99   comp-3.
   695       03  Emp-Comp-Used         pic 9(5)v99   comp-3.
   696       03  Emp-Dist-Grp                   occurs 5.   *> Distribution account and %
   697           05  Emp-Dist-Acct     binary-char  unsigned.
   698           05  Emp-Dist-Pcent    pic 999v99      comp-3.
   699       03  Emp-ED-Grp                     occurs 3.  *> Should this be 5 or even 10 ?
   700           05  Emp-Ed-Used       pic x.   *> Y or N /
   701           05  Emp-Ed-Group.
   702               07  Emp-ED-Factor     pic 9(6)v99   comp-3.
ACS Cobol Xref v2.03.18          Dictionary File for PY900    24/03/2026  18:58:24:56                                  Page   14

   703               07  Emp-ED-Limit      pic 9(6)v99   comp-3.
   704               07  Emp-ED-Amt-Pcent  pic x.   *> A  or P /
   705               07  Emp-ED-Acct-No    binary-char  unsigned. *> /
   706               07  Emp-ED-Desc       pic x(15).  *> /
   707               07  Emp-ED-Earn-Ded   pic x.   *> D or E /
   708               07  Emp-ED-Exclusion  pic 9.   *> /
   709               07  Emp-ED-Limit-Used pic x.   *> Y or N
   710               07  Emp-ED-Chk-Cat    pic 99   comp.  *> /
   711       03  filler                pic x(11).
   712  *>
   713  *>
   714  *>C  copy "fdpyhis.cob".
   715  *>*******************************************
   716  *>                                          *
   717  *>  File Definition For PY Employee History *
   718  *>                 File                     *
   719  *>                                          *
   720  *>*******************************************
   721  *>   Record Size 232 Bytes
   722  *>   see wspyhis.cob for later updates
   723  *>
   724   fd  PY-History-File.
   725  *>
   726  *>C  copy "wspyhis.cob".
   727  *>*******************************************
   728  *>                                          *
   729  *>  Record Definition For Employee          *
   730  *>       History  File                      *
   731  *>     Uses His-Emp-No as key               *
   732  *>*******************************************
   733  *>  File size 314 bytes.
   734  *>
   735  *> THESE FIELD DEFINITIONS MAY NEED CHANGING
   736  *>
   737  *> 29/10/25 vbc - Created.
   738  *> 09/12/25 vbc - Added xtras DEDs for QTD & YTD
   739  *> 17/03/26 vbc - MCare added for QTD & YTD.
   740  *>
   741   01  PY-History-Record.
   742       03  His-Emp-No                    pic 9(7)   comp.
   743       03  His-QTD                                  comp-3.
   744           05  His-QTD-Income-Taxable    pic 9(7)v99.
   745           05  His-QTD-Other-Taxable     pic 9(7)v99.
   746           05  His-QTD-Other-NonTaxable  pic 9(7)v99.
   747           05  His-QTD-Fica-Taxable      pic 9(7)v99.
   748           05  His-QTD-Tips              pic 9(7)v99.
   749           05  His-QTD-Net               pic 9(7)v99.
   750           05  His-QTD-EIC               pic 9(7)v99.
   751           05  His-QTD-FWT               pic 9(7)v99.
   752           05  His-QTD-SWT               pic 9(7)v99.
   753           05  His-QTD-LWT               pic 9(7)v99.
   754           05  His-QTD-FICA              pic 9(7)v99.
   755           05  His-QTD-SDI               pic 9(7)v99.
   756           05  His-QTD-MCare             pic 9(7)v99.
ACS Cobol Xref v2.03.18          Dictionary File for PY900    24/03/2026  18:58:24:56                                  Page   15

   757           05  His-QTD-Sys               pic 9(7)v99  occurs 5.
   758           05  His-QTD-Emp               pic 9(7)v99  occurs 3.
   759           05  His-QTD-Units             pic 9(7)v99  occurs 4.
   760           05  His-QTD-Other-Ded         pic 9(7)v99.
   761           05  His-QTD-Extras            pic 9(7)v99  occurs 5. *> extra state/fed deductions enough ?
   762       03  His-YTD                                  comp-3.
   763           05  His-YTD-Income-Taxable    pic 9(7)v99.
   764           05  His-YTD-Other-Taxable     pic 9(7)v99.
   765           05  His-YTD-Other-NonTaxable  pic 9(7)v99.
   766           05  His-YTD-Fica-Taxable      pic 9(7)v99.
   767           05  His-YTD-Tips              pic 9(7)v99.
   768           05  His-YTD-Net               pic 9(7)v99.
   769           05  His-YTD-EIC               pic 9(7)v99.
   770           05  His-YTD-FWT               pic 9(7)v99.
   771           05  His-YTD-SWT               pic 9(7)v99.
   772           05  His-YTD-LWT               pic 9(7)v99.
   773           05  His-YTD-FICA              pic 9(7)v99.
   774           05  His-YTD-SDI               pic 9(7)v99.
   775           05  His-YTD-MCare             pic 9(7)v99.
   776           05  His-YTD-Sys               pic 9(7)v99  occurs 5.
   777           05  His-YTD-Emp               pic 9(7)v99  occurs 3.
   778           05  His-YTD-Units             pic 9(7)v99  occurs 4.
   779           05  His-YTD-Other-Ded         pic 9(7)v99.
   780           05  His-YTD-Extras            pic 9(7)v99  occurs 5. *> extra state/fed deductions enough ?
   781       03  filler                        pic x(4).
   782  *>
   783  *>   IS this header rec needed (Last-To-Date ? )
   784  *>
   785   01  PY-History-Header.
   786       03  Hdr-His-No                    pic 9(7)   comp.     *> value zero.
   787       03  Hdr-His-Last-To-Date          pic 9(8)   comp.   *> ccyymmdd
   788       03  FILLER                        pic x(320).        *> Expansion ?
   789  *>
   790  *>
   791  *>C  copy "fdpyact.cob".
   792  *>*******************************************
   793  *>                                          *
   794  *>  File Definition For PY Account File     *
   795  *>              Via IRS                     *
   796  *>*******************************************
   797  *>   Record Size 32 Bytes
   798  *>   see wspyact.cob for later updates
   799  *>
   800   fd  PY-Accounts-File.
   801  *>
   802  *>C  copy "wspyact.cob".
   803  *>*******************************************
   804  *>                                          *
   805  *>  Record Definition For Accounts File     *
   806  *>     Uses Act-No as key                   *
   807  *>*******************************************
   808  *>  File size 32 bytes.
   809  *>
   810  *> 29/10/25 vbc - Created.
ACS Cobol Xref v2.03.18          Dictionary File for PY900    24/03/2026  18:58:24:56                                  Page   16

   811  *> 31/10/25 vbc - Renamed act-no to act-gl-no & added act-no.
   812  *>                This subject to using py account info instead
   813  *>                of direct to GL. Note IRS uses 5 and GL 6 digits.
   814  *> 05/11/25 vbc   Chg Act-No to pic 99.
   815  *> 12/11/25 vbc - Chg Gl-No to display from comp.
   816  *>
   817   01  PY-Accounts-Record.
   818       03  Act-No              pic 99.
   819       03  Act-GL-No           pic 9(6).
   820       03  Act-Desc            pic x(24).
   821  *>
   822  *>
   823  *>C  copy "fdpypay.cob".
   824  *>*******************************************
   825  *>                                          *
   826  *>  File Definition For PY Pay File         *
   827  *>                                          *
   828  *>*******************************************
   829  *>   Record Size 28 Bytes
   830  *>   see wspypay.cob for later updates
   831  *>
   832   fd  PY-Pay-File.
   833  *>
   834  *>C  copy "wspypay.cob".
   835  *>*******************************************
   836  *>                                          *
   837  *>  Record Definition For Pay File          *
   838  *>                                          *
   839  *>     Uses Pay-Emp-No as key               *
   840  *>*******************************************
   841  *>  File size 28 bytes.
   842  *>
   843  *> THESE FIELD DEFINITIONS MAY NEED CHANGING
   844  *>
   845  *> 29/10/25 vbc - Created.
   846  *>
   847   01  PY-Pay-Record.
   848       03  Pay-Emp-No          pic 9(7).
   849       03  Pay-Interval        pic 9.
   850       03  Pay-EFf-Date        pic 9(8)       comp. *> ccyymmdd
   851       03  Pay-Apply-No        pic 9(4)       comp.
   852       03  Pay-Reporting-Cat   pic xx.           *> is this right ?
   853       03  Pay-Extended        pic xx.
   854       03  Pay-Units           pic s9(6)v99   comp-3.
   855       03  Pay-Amt             pic s9(6)v99   comp-3.
   856  *>
   857   01  PY-Pay-Header.
   858       03  Pay-Hdr-No            pic 9(7).    *> value zero.
   859       03  Pay-Hdr-Interval      pic 9.
   860       03  Pay-Hdr-Last-Apply-No pic 9(4)    comp.
   861       03  Pay-Hdr-Journal-Pnt   pic 9(4)    comp.
   862       03  Pay-Hdr-Last-Day-of-Last-Per
   863                                 pic 9(8)    comp.  *> ccyymmdd
   864       03  FILLER                pic x(12).
ACS Cobol Xref v2.03.18          Dictionary File for PY900    24/03/2026  18:58:24:56                                  Page   17

   865
   866  *>
   867  *>C  copy "fdpychk.cob".
   868  *>*******************************************
   869  *>                                          *
   870  *>  File Definition For PY Check File       *
   871  *>                                          *
   872  *>*******************************************
   873  *>   Record Size 76 Bytes
   874  *>   see wspychk.cob for later updates
   875  *>
   876   fd  PY-Check-File.
   877  *>
   878  *>C  copy "wspychk.cob".
   879  *>*******************************************
   880  *>                                          *
   881  *>  Record Definition For Chk File          *
   882  *>                                          *
   883  *>     Uses Chk-Emp-No as key               *
   884  *>*******************************************
   885  *>  File size 76 bytes.
   886  *>
   887  *> THESE FIELD DEFINITIONS MAY NEED CHANGING
   888  *>
   889  *> 29/10/25 vbc - Created.
   890  *> 02/02/26 vbc - One more Amt occurance = 16.
   891  *>
   892   01  PY-Chk-Record.
   893       03  Chk-Emp-No        pic 9(7).
   894       03  Chk-Check-No      pic 9(6)     comp.
   895       03  Chk-Amt           pic 9(5)v99  comp-3  occurs 16.
   896  *>
   897   01  PY-Chk-Hdr-Record.
   898       03  Chk-Hdr-No               pic 9(7).   *> value zero
   899       03  Chk-hdr-Interval         pic x.
   900       03  Chk-hdr-Apply-No         pic 9(4)    comp.
   901       03  Chk-hdr-Slow-From-Date   pic 9(8)    comp.  *> ccyymmdd
   902       03  Chk-hdr-Fast-From-Date   pic 9(8)    comp.  *> ccyymmdd
   903       03  Chk-hdr-To-Date          pic 9(8)    comp.  *> ccyymmdd
   904       03  Chk-hdr-Register-Printed pic x.
   905       03  Chk-hdr-Checks-Printed   pic x.
   906  *> 24 ?
   907       03  FILLER                   pic x(52).
   908  *>
   909  *>C  copy "fdpycoh.cob".
   910  *>*******************************************
   911  *>                                          *
   912  *>  File Definition For PY Company History  *
   913  *>              File                        *
   914  *>*******************************************
   915  *>   Record Size 513 Bytes
   916  *>   see wspycoh.cob for later updates
   917  *>
   918   fd  PY-Comp-Hist-File.
ACS Cobol Xref v2.03.18          Dictionary File for PY900    24/03/2026  18:58:24:56                                  Page   18

   919  *>
   920  *>C  copy "wspycoh.cob".
   921  *>*******************************************
   922  *>                                          *
   923  *>  Record Definition For Company History   *
   924  *>              File                        *
   925  *>     Uses RRN         as  relative key    *
   926  *>   BUT could be Apply-No                  *
   927  *>*******************************************
   928  *>  File size 513 bytes.    ?? resize <<<<<<<<
   929  *>
   930  *> THESE FIELD DEFINITIONS MAY NEED CHANGING
   931  *>
   932  *> 30/10/25 vbc - Created.
   933  *> 04/12/25 vbc - Some fields chgd to 9 from x etc & get rid of tabs.
   934  *>
   935   01  PY-Comp-Hist-Record.
   936    *>   03  RRN                      pic 9.              *> Possibly needs to use Apply-No
   937       03  Coh-Interval                 pic x.
   938       03  Coh-Starting-Up              pic x.              *> on 1st starting set to Y, after 1st apply set to N but is this CORRECT ?
   939  *>                                                           Should the tests relate to specific Emp His / Emp records ?
   940  *>
   941       03  Coh-Last-Apply-No            pic 9(4) comp.           *> Possibly the KEY and not RRN then can be removed if multiple records??
   942       03  Coh-QTD                                  comp-3.
   943           05  Coh-QTD-Income-Taxable   pic 9(7)v99.
   944           05  Coh-QTD-Other-Taxable    pic 9(7)v99.
   945           05  Coh-QTD-Other-NonTaxable pic 9(7)v99.
   946           05  Coh-QTD-Fica-Taxable     pic 9(7)v99.
   947           05  Coh-QTD-Tips             pic 9(7)v99.
   948           05  Coh-QTD-Net              pic 9(7)v99.
   949           05  Coh-QTD-Eic-Credit       pic 9(7)v99.
   950           05  Coh-QTD-Fwt-Liab         pic 9(7)v99.
   951           05  Coh-QTD-Swt-Liab         pic 9(7)v99.
   952           05  Coh-QTD-Lwt-Liab         pic 9(7)v99.
   953           05  Coh-QTD-Fica-Liab        pic 9(7)v99.
   954           05  Coh-QTD-Sdi-Liab         pic 9(7)v99.
   955           05  Coh-QTD-Co-Futa-Liab     pic 9(7)v99.
   956           05  Coh-QTD-Co-Fica-Liab     pic 9(7)v99.
   957           05  Coh-QTD-Co-Sui-Liab      pic 9(7)v99.
   958           05  Coh-QTD-Sys              pic 9(7)v99   occurs 5.
   959           05  Coh-QTD-Emp              pic 9(7)v99   occurs 3.
   960           05  Coh-QTD-Other-Ded        pic 9(7)v99.
   961           05  Coh-QTD-Units            pic 9(7)v99   occurs 4.
   962           05  Coh-QTD-Comp-Time-Earned pic 9(7)v99.
   963           05  Coh-QTD-Comp-Time-Taken  pic 9(7)v99.
   964           05  Coh-QTD-Vac-Earned       pic 9(7)v99.
   965           05  Coh-QTD-Vac-Taken        pic 9(7)v99.
   966           05  Coh-QTD-Sl-Earned        pic 9(7)v99.
   967           05  Coh-QTD-Sl-Taken         pic 9(7)v99.
   968       03  Coh-QTD                                  comp-3.
   969           05  Coh-YTD-Income-Taxable   pic 9(7)v99.
   970           05  Coh-YTD-Other-Taxable    pic 9(7)v99.
   971           05  Coh-YTD-Other-NonTaxable pic 9(7)v99.
   972           05  Coh-YTD-Fica-Taxable     pic 9(7)v99.
ACS Cobol Xref v2.03.18          Dictionary File for PY900    24/03/2026  18:58:24:56                                  Page   19

   973           05  Coh-YTD-Tips             pic 9(7)v99.
   974           05  Coh-YTD-Net              pic 9(7)v99.
   975           05  Coh-YTD-Eic-Credit       pic 9(7)v99.
   976           05  Coh-YTD-Fwt-Liab         pic 9(7)v99.
   977           05  Coh-YTD-Swt-Liab         pic 9(7)v99.
   978           05  Coh-YTD-Lwt-Liab         pic 9(7)v99.
   979           05  Coh-YTD-Fica-Liab        pic 9(7)v99.
   980           05  Coh-YTD-Sdi-Liab         pic 9(7)v99.
   981           05  Coh-YTD-Co-Futa-Liab     pic 9(7)v99.
   982           05  Coh-YTD-Co-Fica-Liab     pic 9(7)v99.
   983           05  Coh-YTD-Co-Sui-Liab      pic 9(7)v99.
   984           05  Coh-YTD-Sys              pic 9(7)v99   occurs 5.
   985           05  Coh-YTD-Emp              pic 9(7)v99   occurs 3.
   986           05  Coh-YTD-Other-Ded        pic 9(7)v99.
   987           05  Coh-YTD-Units            pic 9(7)v99   occurs 4.
   988           05  Coh-YTD-Comp-Time-Earned pic 9(7)v99.
   989           05  Coh-YTD-Comp-Time-Taken  pic 9(7)v99.
   990           05  Coh-YTD-Vac-Earned       pic 9(7)v99.
   991           05  Coh-YTD-Vac-Taken        pic 9(7)v99.
   992           05  Coh-YTD-Sl-Earned        pic 9(7)v99.
   993           05  Coh-YTD-Sl-Taken         pic 9(7)v99.
   994       03  Coh-Date                     pic 9(8)     comp    occurs 12.   *>  ccyymmdd
   995       03  Coh-Tax                      pic 9(7)v99  comp-3  occurs 12.
   996       03  Coh-Q-Taxes.
   997           05  Coh-Q-Tax                pic 9(7)v99  comp-3  occurs 4.
   998           05  Coh-Q-Fica-Tax           pic 9(7)v99  comp-3  occurs 4.
   999           05  Coh-Q-Co-Futa-Liab       pic 9(7)v99  comp-3  occurs 4.
  1000       03  Coh-All-Q-Taxes redefines Coh-Q-Taxes.    *> Used in py930 for data I/P and ???
  1001           05  Coh-All-Q-Tax            pic 9(7)v99  comp-3  occurs 12.
  1002  *>
  1003  *>
  1004  *>C  copy "fdpycalx.cob".
  1005  *>*******************************************
  1006  *>                                          *
  1007  *>  File Definition For PY California File  *
  1008  *>                                          *
  1009  *>                                          *
  1010  *>*******************************************
  1011  *>   Record Size 116 Bytes
  1012  *>   see wspycalx.cob for later updates
  1013  *>
  1014   fd  PY-California-Tax-File.
  1015  *>
  1016  *>C  copy "wspycalx.cob".
  1017  *>*******************************************
  1018  *>                                          *
  1019  *>  Record-Definition For California File   *
  1020  *>                                          *
  1021  *>     Sequential file                      *
  1022  *>*******************************************
  1023  *>  File size 116 bytes.
  1024  *>
  1025  *> THESE FIELDs DEFINITIONS WILL NEED CHANGING
  1026  *>
ACS Cobol Xref v2.03.18          Dictionary File for PY900    24/03/2026  18:58:24:56                                  Page   20

  1027  *> 30/10/25 vbc - Created-
  1028  *>
  1029   01  PY-California-Tax-Record.
  1030       03  PY-Calx-Cal-Estimated-Ded-Amt  pic s9(5)v99   comp-3.
  1031       03  PY-Calx-Cal-Low-Income-Exempt  pic s9(5)v99   comp-3   occurs 4.
  1032       03  PY-Calx-Cal-Standard-Deduction pic s9(5)v99   comp-3   occurs 4.
  1033       03  PY-Calx-Cal-Tax-Credits                       comp-3   occurs 10.
  1034           05  PY-Calx-Cal-Tax-Credit     pic s9(5)v99            occurs 2.
  1035  *>
  1036  *>
  1037  *>
  1038  *> next 3 are all the same so can use only one stax
  1039  *>
  1040  *>C  copy "fdpystax.cob".
  1041  *>*******************************************
  1042  *>                                          *
  1043  *>  File Definition For PY State Tax File   *
  1044  *>                                          *
  1045  *>     Covers pyswt (ss), pylwt & pycal(s)  *
  1046  *>   ss=state code, s = m,s or H            *
  1047  *>  s = Single, M=Married, Head of house    *
  1048  *>                                          *
  1049  *>   file-54        file-49,50 or 51        *
  1050  *>                                          *
  1051  *>   Must decide how to deal with this, ie  *
  1052  *>   Only one state so ss not needed pycal  *
  1053  *>   cal (m,s,h  w neeed for weekly ?       *
  1054  *>  And pytax = for UK tax table maybe      *
  1055  *>                                          *
  1056  *>*******************************************
  1057  *>   Record Size 608 Bytes
  1058  *>   see wspystax.cob for later updates
  1059  *>
  1060   fd  PY-State-Tax-File.   *> Covers for all state tables assuming only one
  1061  *>                           is ever in use at any one time for one business.
  1062  *>
  1063  *>C  copy "wspystax.cob".
  1064  *>*******************************************
  1065  *>                                          *
  1066  *> 3 tables LWT, SWT, stax should be using  *
  1067  *>    just the one table as all are present *
  1068  *>                                          *
  1069  *>  Record-Definition For State Tax File    *
  1070  *>                                          *
  1071  *>  agency% is 1 if SWT                     *
  1072  *>         and 2 if LWT                     *
  1073  *>             3 if CAL Single              *
  1074  *>             4 if CAL Married             *
  1075  *>             5 if CAL Head                *
  1076  *>  num.entries refers to the number of     *
  1077  *>  entries in withholding table NEEDED ?   *
  1078  *>                                          *
  1079  *>     Sequential file                      *
  1080  *>*******************************************
ACS Cobol Xref v2.03.18          Dictionary File for PY900    24/03/2026  18:58:24:56                                  Page   21

  1081  *>  File size 608 bytes.
  1082  *>
  1083  *> THESE FIELDs DEFINITIONS WILL NEED CHANGING
  1084  *>
  1085  *> 30/10/2025 vbc - Created-
  1086  *>
  1087   01  PY-State-Tax-Record.
  1088       03  PY-Stax-Withhold-Deduction-Amount  pic 9(6)      comp.               *> (agency)
  1089       03  PY-Stax-Withhold-Num-Entries       pic 9(6)      comp.               *> %(agency) NEEDED ?
  1090       03  PY-Stax-Agency                                   comp-3  occurs 5.
  1091           05  PY-Stax-Withhold-Cutoff        pic s9(5)v99          occurs 15.  *> (,agency)
  1092           05  PY-Stax-Withhold-Percent       pic s9(5)v99          occurs 15.  *> (,agency)
  1093  *>
  1094  *>
  1095  *>C  copy "fdpyswt.cob".
  1096  *>*******************************************
  1097  *>                                          *
  1098  *>  File Definition For PY SWT File         *
  1099  *>                                          *
  1100  *>                                          *
  1101  *>*******************************************
  1102  *>   Record Size 608 Bytes
  1103  *>   see wspyswt.cob for later updates
  1104  *>
  1105   fd  PY-SWT-Tax-File.
  1106  *>
  1107  *>C  copy "wspyswt.cob".
  1108  *>*******************************************
  1109  *>                                          *
  1110  *> 3 tables LWT, SWT, stax should be using  *
  1111  *>    just the one table as all are present *
  1112  *>                                          *
  1113  *>  Record-Definition For SWT Tax File      *
  1114  *>                                          *
  1115  *>  agency% is 1 if SWT                     *
  1116  *>         and 2 if LWT                     *
  1117  *>             3 if CAL Single              *
  1118  *>             4 if CAL Married             *
  1119  *>             5 if CAL Head                *
  1120  *>  num.entries refers to the number of     *
  1121  *>  entries in withholding table  NEEDED ?  *
  1122  *>                                          *
  1123  *>     Sequential file                      *
  1124  *>*******************************************
  1125  *>  File size 608 bytes.
  1126  *>
  1127  *> THESE FIELDs DEFINITIONS WILL NEED CHANGING
  1128  *>
  1129  *> 30/10/25 vbc - Created.
  1130  *>
  1131   01  PY-SWT-Tax-Record.
  1132       03  PY-SWT-Withhold-Deduction-Amount   pic 9(6)      comp.               *> (agency)
  1133       03  PY-SWT-Withhold-Num-Entries        pic 9(6)      comp.               *> %(agency) NEEDED ?
  1134       03  PY-SWT-Agency                                    comp-3  occurs 5.
ACS Cobol Xref v2.03.18          Dictionary File for PY900    24/03/2026  18:58:24:56                                  Page   22

  1135           05  PY-SWT-Withhold-Cutoff         pic s9(5)v99          occurs 15.  *> (,agency)
  1136           05  PY-SWT-Withhold-Percent        pic s9(5)v99          occurs 15.  *> (,agency)
  1137  *>
  1138  *>
  1139  *>C  copy "fdpylwt.cob".
  1140  *>*******************************************
  1141  *>                                          *
  1142  *>  File Definition For PY LWT File         *
  1143  *>                                          *
  1144  *>                                          *
  1145  *>*******************************************
  1146  *>   Record Size 608 Bytes
  1147  *>   see wspylwt.cob for later updates
  1148  *>
  1149   fd  PY-LWT-Tax-File.
  1150  *>
  1151  *>C  copy "wspylwt.cob".
  1152  *>*******************************************
  1153  *>                                          *
  1154  *> 3 tables LWT, SWT, stax should be using  *
  1155  *>    just the one table as all are present *
  1156  *>                                          *
  1157  *>  Record-Definition For LWT Tax File      *
  1158  *>                                          *
  1159  *>  agency% is 1 if SWT                     *
  1160  *>         and 2 if LWT                     *
  1161  *>             3 if CAL Single              *
  1162  *>             4 if CAL Married             *
  1163  *>             5 if CAL Head                *
  1164  *>  num.entries refers to the number of     *
  1165  *>  entries in withholding table NEEDED ?   *
  1166  *>                                          *
  1167  *>     Sequential file                      *
  1168  *>*******************************************
  1169  *>  File size 608 bytes.
  1170  *>
  1171  *> THESE FIELDs DEFINITIONS WILL NEED CHANGING
  1172  *>
  1173  *> 30/10/25 vbc - Created.
  1174  *>
  1175   01  PY-LWT-Tax-Record.
  1176       03  PY-LWT-Withhold-Deduction-Amount   pic 9(6)      comp.               *> (agency)
  1177       03  PY-LWT-Withhold-Num-Entries        pic 9(6)      comp.               *> %(agency) IS THIS NEEDED ?
  1178       03  PY-LWT-Agency                                    comp-3  occurs 5.
  1179           05  PY-LWT-Withhold-Cutoff         pic s9(5)v99          occurs 15.  *> (,agency)
  1180           05  PY-LWT-Withhold-Percent        pic s9(5)v99          occurs 15.  *> (,agency)
  1181  *>
  1182  *>
  1183  *>
  1184   working-storage section.
  1185  *>-----------------------
  1186   77  prog-name               pic x(15) value "PY900 (1.0.08)".  *> First release pre testing.
  1187  *>
  1188  *>C  copy "wsmaps03.cob".
ACS Cobol Xref v2.03.18          Dictionary File for PY900    24/03/2026  18:58:24:56                                  Page   23

  1189         >>source free
  1190  *>*********
  1191  *> maps03 *
  1192  *>*********
  1193  *> 23/04/09 vbc - Support for UK, USA, Intl formats
  1194   01  maps03-ws.
  1195       03  u-date          pic x(10).
  1196       03  u-UK redefines u-date.
  1197           05  u-days      pic 99.
  1198           05  filler      pic x.
  1199           05  u-month     pic 99.
  1200           05  filler      pic x.
  1201           05  u-year.
  1202               07  u-cc    pic 99.
  1203               07  u-yy    pic 99.
  1204       03  u-USA redefines u-date.
  1205           05  u-usa-month pic 99.
  1206           05  filler      pic x.
  1207           05  u-usa-days  pic 99.
  1208           05  filler      pic x.
  1209           05  filler      pic x(4).
  1210       03  u-Intl redefines u-date.
  1211           05  u-intl-year.
  1212               07  u-intl-cc pic 99.
  1213               07  u-intl-yy pic 99.
  1214           05  filler        pic x.
  1215           05  u-intl-month  pic 99.
  1216           05  filler        pic x.
  1217           05  u-intl-days   pic 99.
  1218       03  u-bin           binary-long.
  1219  *>C  copy "wsfnctn.cob".
  1220  *>**********************************
  1221  *>                                 *
  1222  *>  File Access Control Functions  *
  1223  *>                                 *
  1224  *>**********************************
  1225  *> 28/05/16 vbc - Added RDB setup fields - socket, host, port to user, passwd, schema.
  1226  *> 25/08/16 vbc - Amended size of RDBMS-Socket from 32 to 64 chars.
  1227  *> 01/10/16 vbc - Changed WE-Error & Rrn to pic 999 / 9.  To see if it is the cause
  1228  *>                of No data in SYSTOT-REC bug after running sys4LD.
  1229  *> 29/10/16 vbc - FS-Action increased size from 20 to 22 for logest msg in sys002.
  1230  *>  7/12/16 vbc - Increased Access-Type to 99 from 9 for extra adhoc functions
  1231  *>                such as select x ORDER BY etc.
  1232  *>                Not used yet.
  1233  *> 22/12/16 vbc - Oops, previous chg should have been for File-Function.
  1234  *>                next-read-raw changed to 13.
  1235  *> 06/01/17 vbc - Increased size of rrn for GL. System to be recompiled.
  1236  *> 18/04/17 vbc - Added function Read-Next-Header (34) for SL020, 50, 140.
  1237  *> 21/04/18 vbc - Added ACAS-Path and Path-Work for scr save/dumps delete files).
  1238  *> 20/05/23 vbc - Added notes for read header for sl820.
  1239  *> 06/08/23 vbc - Activated  fn-not-greater-than (for Stock file).
  1240  *>
  1241   01  File-Access.
  1242       03  We-Error        pic 999.
ACS Cobol Xref v2.03.18          Dictionary File for PY900    24/03/2026  18:58:24:56                                  Page   24

  1243       03  Rrn             pic 9(5)   comp.     *> increased from 9 for GL.
  1244       03  Fs-Reply        pic 99.
  1245       03  s1              pic x.               *> this is USED for some programs 28.05.18.
  1246       03  Curs            pic 9(4).
  1247       03  filler redefines Curs.
  1248           05  Lin         pic 99.
  1249           05  Cole        pic 99.
  1250       03  Curs2           pic 9(4).
  1251       03  filler redefines Curs2.
  1252           05  Lin2        pic 99.
  1253           05  Col2        pic 99.
  1254  *>
  1255  *> Holds path to current working dir - used for screen dump & restores.
  1256  *>
  1257       03  ACAS-Path       pic x(525)     value spaces.
  1258       03  Path-Work       pic x(525)     value spaces.
  1259  *>
  1260       03  FS-Action       pic x(22)  value spaces.
  1261  *> current range 1 thru 3
  1262  *>     1 = Stock-Key (or only key), 2 = Stock-Abrev-Key, 3 = Stock-Desc
  1263       03  Logging-Data.
  1264           05  Accept-Reply    pic x      value space.
  1265           05  File-Key-No     pic 9.
  1266           05  ws-Log-System   pic 9      value zero.       *> loaded by caller of FHlogger
  1267           05  ws-No-Paragraph pic 999.
  1268           05  SQL-Err         pic x(5).
  1269           05  SQL-Msg         pic x(512) value spaces.
  1270           05  SQL-State       pic x(5).
  1271           05  WS-File-Key     pic x(64)  value spaces.     *> loaded by caller of FHlogging increased to 64-- 30/12/16
  1272           05  WS-Log-Where    pic x(231) value spaces.
  1273           05  WS-Log-File-No  pic 99     value zeroes.     *> loaded by caller of FHlogger
  1274           05  WS-Count-Rows   pic 9(7)   value zeroes.     *> used in Delete-All in valueMT
  1275       03  RDB-Data.
  1276           05  DB-Schema   pic x(12)  value spaces.
  1277           05  DB-UName    pic x(12)  value spaces.
  1278           05  DB-UPass    pic x(12)  value spaces.
  1279           05  DB-Host     pic x(32)  value spaces.
  1280           05  DB-Socket   pic x(64)  value spaces.
  1281           05  DB-Port     pic x(5)   value spaces.
  1282  *>
  1283  *>  Helps to tell MT to move file record from the FD or the WS record. NOT YET USED
  1284  *>
  1285       03  Main-Record-Move-Flag pic 9 value zero.
  1286           88  MRMF-Move-FD           value 1.
  1287           88  MRMF-Move-WS           value 2.
  1288  *>
  1289  *>   need to change next one if used in the DAL, e.g., move "66" ...
  1290  *>
  1291       03  FA-RDBMS-Flat-Statuses.                        *> Comes from System-Record via acas0nn
  1292           07  FA-File-System-Used  pic 9.
  1293               88  FA-FS-Cobol-Files-Used        value zero.
  1294               88  FA-FS-RDBMS-Used              value 1.
  1295  *>                 88  FA-FS-MySql-Used          value 1.  *> ditto
  1296  *>                 88  FA-FS-Oracle-Used         value 2.  *> THESE NOT IN USE
ACS Cobol Xref v2.03.18          Dictionary File for PY900    24/03/2026  18:58:24:56                                  Page   25

  1297  *>                 88  FA-FS-Postgres-Used       value 3.  *> ditto
  1298  *>                 88  FA-FS-DB2-Used            value 4.  *> ditto
  1299  *>                 88  FA-FS-MS-SQL-Used         value 5.  *> ditto
  1300               88  FA-FS-Valid-Options           values 0 thru 1.    *> 5. (not in use unless 1-5)
  1301           07  FA-File-Duplicates-In-Use pic 9.                      *> NO LONGER USED other than for a '6' = rdb.
  1302               88  FA-FS-Duplicate-Processing    value 1.
  1303  *>
  1304  *> Block for File/table access via acas000 thru acas033 for IS files and rdbms
  1305  *> Also see RDBMS-Flat-Statuses in System-Record
  1306  *>
  1307       03  File-Function   pic 99.
  1308           88  fn-open            value 1.
  1309           88  fn-close           value 2.
  1310           88  fn-read-next       value 3.
  1311           88  fn-read-indexed    value 4.
  1312           88  fn-write           value 5.
  1313           88  fn-Delete-All      value 6.       *> 10/10/16 - Delete all records.
  1314           88  fn-re-write        value 7.
  1315           88  fn-delete          value 8.
  1316           88  fn-start           value 9.
  1317  *>
  1318           88  fn-Write-Raw       value 15.
  1319           88  fn-Read-Next-Raw   value 13.       *> 14/11/16 - Special 4 LD.
  1320  *>
  1321           88  fn-Read-By-Name    value 31.       *> 15/01/17 for Salesled (SL160), could be used for GL ledger?
  1322           88  fn-Read-By-Batch   value 32.       *> 08/02/17 for OTM3/5 (sl095/pl095)
  1323           88  fn-Read-By-Cust    value 33.       *> 09/02/17 for OTM3 (sl110, 120, 190)
  1324           88  fn-Read-Next-Header value 34.      *> 18/04/17 for Invoice (sl020, 50, 140, 820)
  1325  *>
  1326       03  Access-Type     pic 9.                *> For rdbms 2 should cover all !!!
  1327           88  fn-input           value 1.
  1328           88  fn-i-o             value 2.
  1329           88  fn-output          value 3.
  1330           88  fn-extend          value 4.       *> not valid for ISAM
  1331           88  fn-equal-to        value 5.
  1332           88  fn-less-than       value 6.
  1333           88  fn-greater-than    value 7.
  1334           88  fn-not-less-than   value 8.
  1335           88  fn-not-greater-than value 9.
  1336  *>
  1337  *>
  1338  *>C  copy "Test-Data-Flags.cob".           *> set sw-Testing to zero to stop logging.
  1339  *>
  1340  *>  This data is present in ALL ACAS modules.
  1341  *>   When testing comlete you can set SW-Testing to zero
  1342  *>    to stop the logging file being produced.
  1343  *>
  1344   01 ACAS-DAL-Common-data.     *> For DAL processing.
  1345  *>
  1346  *> log file reporting for testing otherwise zero
  1347  *>
  1348       03  SW-Testing               pic 9   value 1.    *>   zero.
  1349           88  Testing-1                    value 1.
  1350  *>
ACS Cobol Xref v2.03.18          Dictionary File for PY900    24/03/2026  18:58:24:56                                  Page   26

  1351  *>  Testing only for displays ws-where etc  otherwise zero
  1352  *>
  1353       03  SW-Testing-2             pic 9   value zero.
  1354           88  Testing-2                    value 1.
  1355  *>
  1356       03  Log-File-Rec-Written     pic 9(6) value zero.    *> in both acas0nn and a DAL.
  1357  *>
  1358  *>
  1359  *> REMARK OUT ANY IN USE
  1360  *>
  1361   01  Dummies-4-Unused-ACAS-FH-Calls.   *> Call blk at ZZ910-ACAS-Calls
  1362       03  Default-Record         pic x.
  1363       03  Final-Record           pic x.
  1364       03  System-Record-4        pic x.
  1365   *>    03  WS-Ledger-Record       pic x.
  1366       03  WS-Posting-Record      pic x.
  1367       03  WS-Batch-Record        pic x.
  1368       03  WS-IRS-Posting-Record  pic x.
  1369       03  WS-Stock-Audit-Record  pic x.
  1370       03  WS-Stock-Record        pic x.
  1371       03  WS-Sales-Record        pic x.
  1372       03  WS-Value-Record        pic x.
  1373       03  WS-Delivery-Record     pic x.
  1374       03  WS-Analysis-Record     pic x.
  1375       03  WS-Del-Inv-Nos-Record  pic x.
  1376       03  WS-Purch-Record        pic x.
  1377       03  WS-Pay-Record          pic x.
  1378       03  WS-Invoice-Record      pic x.
  1379       03  WS-OTM3-Record         pic x.
  1380       03  WS-PInvoice-Record     pic x.
  1381       03  WS-OTM5-Record         pic x.
  1382  *>
  1383   01  Dummies-For-Unused-FH-Calls.      *> IRS call blk at ab000-ACAS-IRS-Calls via ZZ100
  1384       03  WS-IRS-Default-Record pic x.
  1385       03  Posting-Record        pic x.
  1386  *>
  1387   01  WS-Data.
  1388       03  Menu-Reply          pic x.
  1389       03  PY-PR1-Status       pic xx       value zero.
  1390       03  PY-Ded-Status       pic xx       value zero.
  1391       03  PY-Hrs-Status       pic xx       value zero.
  1392       03  PY-Emp-Status       pic xx       value zero.
  1393       03  PY-His-Emp-Status   pic xx       value zero.
  1394       03  PY-Act-Status       pic xx.
  1395       03  PY-Pay-Status       pic xx.
  1396       03  PY-Chk-Status       pic xx.
  1397       03  PY-Coh-Status       pic xx.
  1398       03  PY-Stax-Status      pic xx.
  1399       03  PY-Calx-Status      pic xx.
  1400       03  PY-SWT-Status       pic xx.
  1401       03  PY-LWT-Status       pic xx.
  1402  *>
  1403       03  WS-Reply            pic x.
  1404       03  WS-Eval-Msg         pic x(25)    value spaces.
ACS Cobol Xref v2.03.18          Dictionary File for PY900    24/03/2026  18:58:24:56                                  Page   27

  1405       03  WS-Err-Msg          pic x(40)    value spaces.  *> Make large enough for longest SY msg
  1406       03  WS-Env-Columns      pic 999      value zero.
  1407       03  WS-Env-Lines        pic 999      value zero.
  1408       03  WS-22-Lines         pic 99.
  1409       03  WS-23-Lines         pic 99.
  1410       03  WS-Lines            pic 99.
  1411       03  A                   pic 99       value zero.
  1412       03  B                   pic 99       value zero.
  1413       03  C                   pic 999      value zero.   *> For search of states
  1414  *>
  1415       03  WS-Heading          pic x(40)    value "Payroll". *> for zz020-Headings
  1416  *>
  1417       03  WS-Active-Currency  pic x.                  *> NOT YET USED
  1418  *> Taken from https://currencycalculate.com/list-of-currency-symbols
  1419  *>    There are many more that need UTF-8 etc.
  1420  *>
  1421           88  WS-Euro                      value "¤".
  1422           88  WS-Pound                     value "£".
  1423           88  WS-Dollar                    value "$".
  1424  *>
  1425  *> The following for GC and screen with *nix NOT tested with Windows
  1426  *>
  1427   01  wScreenName             pic x(256).
  1428   01  wInt                    binary-long.
  1429  *>
  1430   01  WS-Defaults.     *> From Cbasic dedant   Used in DED processing
  1431  *>                       : <<<<<<<<<<<< taken from ACT records
  1432  *>
  1433       03  WS-Dflt-Cash        binary-char unsigned   value 1.  *> via PY-PR1-Offset-Cash-Acct  CB is 011100 Cash
  1434       03  WS-Dflt-Liability   binary-char unsigned   value 2.  *> CB is 121100 Accrued Liability
  1435       03  WS-Dflt-Expense     binary-char unsigned   value 3.  *> CB is 411100 Salary Expense
  1436  *>                                                                 Content from PY-PR1-Dflt-Dist-Acct after set up.
  1437       03  WS-Dflt-Cost        binary-char unsigned   value 4.  *> CB is 131100 Accrued Payroll Costs Liability
  1438  *>
  1439  *>  Temp vars used with ACCEPT_NUMERIC C routine
  1440  *>
  1441   01  WS-Temp-Numbers.
  1442       03  WS-Temp-Rate        pic 99.99.
  1443   *>    03  WS-Temp-Percent     pic 99.99.  *>  NOT YET USED
  1444       03  WS-Temp-Limit       pic 99999.99.
  1445       03  WS-Temp-Factor      pic 99999.99.
  1446       03  WS-Temp-Act-No      pic 99.
  1447       03  WS-Temp-Used        pic x.
  1448  *>
  1449   01  WS-Test-Date            pic x(10).
  1450   01  WS-Test-YMD             pic 9(8).
  1451   01  WS-PR1-Dating           pic 9(8).
  1452   01  WS-Date-Formats.
  1453       03  WS-Swap             pic 99.
  1454       03  WS-Conv-Date        pic x(10).
  1455       03  WS-Date             pic x(10)   value "99/99/9999".
  1456       03  WS-UK redefines WS-Date.   *> Other optional format
  1457           05  WS-Days         pic 99.
  1458           05  filler          pic x.
ACS Cobol Xref v2.03.18          Dictionary File for PY900    24/03/2026  18:58:24:56                                  Page   28

  1459           05  WS-Month        pic 99.
  1460           05  filler          pic x.
  1461           05  WS-Year         pic 9(4).
  1462       03  WS-USA redefines WS-Date.  *> Default format
  1463           05  WS-USA-Month    pic 99.
  1464           05  filler          pic x.
  1465           05  WS-USA-Days     pic 99.
  1466           05  filler          pic x.
  1467           05  filler          pic 9(4).
  1468       03  WS-Intl redefines WS-Date.   *> Not used.
  1469           05  WS-Intl-Year    pic 9(4).
  1470           05  filler          pic x.
  1471           05  WS-Intl-Month   pic 99.
  1472           05  filler          pic x.
  1473           05  WS-Intl-Days    pic 99.
  1474  *>
  1475   01  WS-Account-Table             value spaces.
  1476       03  WS-Act-Exists       pic x   occurs 99.
  1477  *> Next one MUST be same size as the WS-Act-Exist occurs value.
  1478   01  WS-Account-Table-Size   pic 99  value 99.
  1479   01  WS-Account-Count        pic 99  value zero.  *> Entries in use
  1480  *>
  1481   01  WS-State-Codes-Table.  *> Un Sorted
  1482       03  WS-S                pic x(100) value "ALAKAZARCACOCTDEFLGA" &
  1483                                                "HIIDILINIAKSKYLAMEMD" &
  1484                                                "MAMIMNMSMOMTNENVNHNJ" &
  1485                                                "NMNYNCNDOHOKORPARISC" &
  1486                                                "SDTNTXUTVTVAWAWVWIWY".
  1487       03  WS-States redefines WS-S    occurs 50
  1488                                       Ascending key WS-Codes INDEXED BY QQ.
  1489           05  WS-Codes        pic xx.
  1490  *>
  1491   01  Error-Messages.
  1492  *> System Wide
  1493       03  SY001           pic x(46) value "SY001 Aborting run - Note error and hit Return".
  1494       03  SY002           pic x(31) value "SY002 Note error and hit Return".
  1495       03  SY003           pic x(51) value "SY003 Aborting function - Note error and hit Return".
  1496  *>     03  SY004           pic x(20) value "SY004 Now Hit Return".
  1497       03  SY005           pic x(18) value "SY005 Invalid Date".
  1498       03  SY008           pic x(32) value "SY008 Note message & Hit Return ".
  1499       03  SY010           pic x(46) value "SY010 Terminal program not set to length => 28".
  1500  *>     03  SY011           pic x(47) value "SY011 Error on systemMT processing, FS-Reply = ".
  1501       03  SY013           pic x(47) value "SY013 Terminal program not set to Columns => 80".
  1502       03  SY014           pic x(30) value "SY014 Press return to continue".
  1503  *>
  1504  *> Module General ?
  1505  *>
  1506       03  PY001           pic x(36) value "PY001 Re/Write PARAM record Error = ".
  1507       03  PY002           pic x(32) value "PY002 Read PARAM record Error = ".
  1508       03  PY003           pic x(39) value "PY003 See manual for NL accounts needed".
  1509       03  PY004           pic x(29) value "PY004 To quit, use ESCape key".
  1510       03  PY005           pic x(40) value "PY005 F1 for display of current accounts".
  1511       03  PY006           pic x(40) value "PY006 No records to show, return to quit".
  1512       03  PY007           pic x(45) value "PY007 No more records to show, return to quit".
ACS Cobol Xref v2.03.18          Dictionary File for PY900    24/03/2026  18:58:24:56                                  Page   29

  1513       03  PY008           pic x(31) value "PY008 Write DED record Error = ".
  1514       03  PY009           pic x(30) value "PY009 Read DED record Error = ".
  1515       03  PY010           pic x(33) value "PY008 Rewrite DED record Error = ".
  1516  *>
  1517  *> Module specific
  1518  *>
  1519  *>     03  PY101           pic x(31) value "PY101 Invalid option, try again".
  1520  *>     03  PY102           pic x(36) value "PY102 Bad Parameter Data - Try again".
  1521       03  PY103           pic x(29) value "PY103 Bad value for Debugging".
  1522       03  PY104           pic x(32) value "PY104 Bad value for Pay Interval".
  1523       03  PY105           pic x(31) value "PY105 Bad value for Date Format".
  1524       03  PY106           pic x(33) value "PY106 Bad value Qtr - Range 1 - 4".
  1525       03  PY107           pic x(37) value "PY107 Bad value Lines - Range 40 - 89".
  1526       03  PY108           pic x(38) value "PY108 Bad Exclusion code - Range 1 - 4".
  1527       03  PY109           pic x(38) value "PY109 Bad Pay Interval - not = S,M,B,W".
  1528       03  PY110           pic x(27) value "PY110 Pay Type not = H or S".
  1529       03  PY111           pic x(28) value "PY111 GL Iface not = Y,N,I,B".
  1530       03  PY112           pic x(33) value "PY112 Check printing not = Y or N".
  1531       03  PY113           pic x(28) value "PY113 Void checks not Y or N".
  1532  *>     03  PY114           pic x(35) value "PY114 IRS not set to use, in Params".
  1533       03  PY115           pic x(52) value "PY115 E/D Must be D or E : E = Earning D = Deduction". *> old PY358
  1534       03  PY116           pic x(36) value "PY116 IRS Nominal # not found, Retry".
  1535       03  PY117           pic x(28) value "PY117 Account does not exist".
  1536       03  PY118           pic x(38) value "PY118 Account re/write failed - Status".
  1537       03  PY119           pic x(20) value "PY119 Must be Y or N".
  1538  *>     03  PY120           pic x(44) value "PY120 Cannot open Accounts File, aborting : ".
  1539       03  PY121           pic x(79) value "PY121 A/P must be A or P : A = flat Amount. P = Percentage of Gross Taxable pay". *> old PY359
  1540       03  PY122           pic x(59) value "PY122 Chk Cat Must be 2-7 for Earnings, 9-16 for Deductions".  *> old PY360
  1541       03  PY123           pic x(55) value "PY123 FWT Cutoffs & Percents Must be in Ascending order".      *> old PY356
  1542       03  PY124           pic x(45) value "PY124 Account does not exist in Account Table".
  1543       03  PY125           pic x(33) value "PY125 Cannot find that State code".
  1544       03  PY126           pic x(28) value "PY126 Hard Delete not N or Y".
  1545  *>
  1546  *>  Support for IRS FH acasirsub1
  1547  *>
  1548       03  IR911          pic x(47) value "IR911 Error on systemMT processing, FS-Reply = ".
  1549       03  IR912          pic x(51) value "IR912 Error on irsnominalMT processing, FS-Reply = ".
  1550       03  IR913          pic x(48) value "IR913 Error on irsdfltMT processing, FS-Reply = ".
  1551       03  IR915          pic x(49) value "IR915 Error on irsfinalMT processing, FS-Reply = ".
  1552       03  IR916          pic x(50) value "IR916 Error on slpostingMT processing, FS-Reply = ".
  1553  *>
  1554   01  Error-Code          pic 999.
  1555  *>
  1556   01  COB-CRT-Status      pic 9(4)         value zero.
  1557  *>C      copy "screenio.cpy".
  1558        *>  Copyright (C) 2008-2012, 2015-2016, 2019, 2021
  1559        *>  Free Software Foundation, Inc.
  1560        *>  Written by Roger While, Simon Sobisch
  1561        *>
  1562        *>  This file is part of GnuCOBOL.
  1563        *>
  1564        *>  The GnuCOBOL compiler is free software: you can redistribute
  1565        *>  it and/or modify it under the terms of the GNU General Public
  1566        *>  License as published by the Free Software Foundation, either
ACS Cobol Xref v2.03.18          Dictionary File for PY900    24/03/2026  18:58:24:57                                  Page   30

  1567        *>  version 3 of the License, or (at your option) any later
  1568        *>  version.
  1569        *>
  1570        *>  GnuCOBOL is distributed in the hope that it will be useful,
  1571        *>  but WITHOUT ANY WARRANTY; without even the implied warranty of
  1572        *>  MERCHANTABILITY or FITNESS FOR A PARTICULAR PURPOSE.  See the
  1573        *>  GNU General Public License for more details.
  1574        *>
  1575        *>  You should have received a copy of the GNU General Public
  1576        *>  License along with GnuCOBOL.
  1577        *>  If not, see <https://www.gnu.org/licenses/>.
  1578
  1579
  1580        *>   Colors
  1581         78  COB-COLOR-BLACK                  VALUE 0.
  1582         78  COB-COLOR-BLUE                   VALUE 1.
  1583         78  COB-COLOR-GREEN                  VALUE 2.
  1584         78  COB-COLOR-CYAN                   VALUE 3.
  1585         78  COB-COLOR-RED                    VALUE 4.
  1586         78  COB-COLOR-MAGENTA                VALUE 5.
  1587         78  COB-COLOR-YELLOW                 VALUE 6.
  1588         78  COB-COLOR-WHITE                  VALUE 7.
  1589
  1590        *>   mouse mask, apply to COB-MOUSE-FLAGS
  1591         78  COB-AUTO-MOUSE-HANDLING          VALUE 1.
  1592         78  COB-ALLOW-LEFT-DOWN              VALUE 2.
  1593         78  COB-ALLOW-LEFT-UP                VALUE 4.
  1594         78  COB-ALLOW-LEFT-DOUBLE            VALUE 8.
  1595         78  COB-ALLOW-MIDDLE-DOWN            VALUE 16.
  1596         78  COB-ALLOW-MIDDLE-UP              VALUE 32.
  1597         78  COB-ALLOW-MIDDLE-DOUBLE          VALUE 64.
  1598         78  COB-ALLOW-RIGHT-DOWN             VALUE 128.
  1599         78  COB-ALLOW-RIGHT-UP               VALUE 256.
  1600         78  COB-ALLOW-RIGHT-DOUBLE           VALUE 512.
  1601         78  COB-ALLOW-MOUSE-MOVE             VALUE 1024.
  1602         78  COB-ALLOW-ALL-SCREEN-ACTIONS     VALUE 16384. *> reserved
  1603
  1604        *> Values that may be returned in CRT STATUS (or COB-CRT-STATUS)
  1605        *> Normal return - Value 0000
  1606         78  COB-SCR-OK                       VALUE  0.
  1607
  1608        *>  Function keys - Values 1xxx
  1609         78  COB-SCR-F1                       VALUE  1001.
  1610         78  COB-SCR-F2                       VALUE  1002.
  1611         78  COB-SCR-F3                       VALUE  1003.
  1612         78  COB-SCR-F4                       VALUE  1004.
  1613         78  COB-SCR-F5                       VALUE  1005.
  1614         78  COB-SCR-F6                       VALUE  1006.
  1615         78  COB-SCR-F7                       VALUE  1007.
  1616         78  COB-SCR-F8                       VALUE  1008.
  1617         78  COB-SCR-F9                       VALUE  1009.
  1618         78  COB-SCR-F10                      VALUE  1010.
  1619         78  COB-SCR-F11                      VALUE  1011.
  1620         78  COB-SCR-F12                      VALUE  1012.
ACS Cobol Xref v2.03.18          Dictionary File for PY900    24/03/2026  18:58:24:57                                  Page   31

  1621         78  COB-SCR-F13                      VALUE  1013.
  1622         78  COB-SCR-F14                      VALUE  1014.
  1623         78  COB-SCR-F15                      VALUE  1015.
  1624         78  COB-SCR-F16                      VALUE  1016.
  1625         78  COB-SCR-F17                      VALUE  1017.
  1626         78  COB-SCR-F18                      VALUE  1018.
  1627         78  COB-SCR-F19                      VALUE  1019.
  1628         78  COB-SCR-F20                      VALUE  1020.
  1629         78  COB-SCR-F21                      VALUE  1021.
  1630         78  COB-SCR-F22                      VALUE  1022.
  1631         78  COB-SCR-F23                      VALUE  1023.
  1632         78  COB-SCR-F24                      VALUE  1024.
  1633         78  COB-SCR-F25                      VALUE  1025.
  1634         78  COB-SCR-F26                      VALUE  1026.
  1635         78  COB-SCR-F27                      VALUE  1027.
  1636         78  COB-SCR-F28                      VALUE  1028.
  1637         78  COB-SCR-F29                      VALUE  1029.
  1638         78  COB-SCR-F30                      VALUE  1030.
  1639         78  COB-SCR-F31                      VALUE  1031.
  1640         78  COB-SCR-F32                      VALUE  1032.
  1641         78  COB-SCR-F33                      VALUE  1033.
  1642         78  COB-SCR-F34                      VALUE  1034.
  1643         78  COB-SCR-F35                      VALUE  1035.
  1644         78  COB-SCR-F36                      VALUE  1036.
  1645         78  COB-SCR-F37                      VALUE  1037.
  1646         78  COB-SCR-F38                      VALUE  1038.
  1647         78  COB-SCR-F39                      VALUE  1039.
  1648         78  COB-SCR-F40                      VALUE  1040.
  1649         78  COB-SCR-F41                      VALUE  1041.
  1650         78  COB-SCR-F42                      VALUE  1042.
  1651         78  COB-SCR-F43                      VALUE  1043.
  1652         78  COB-SCR-F44                      VALUE  1044.
  1653         78  COB-SCR-F45                      VALUE  1045.
  1654         78  COB-SCR-F46                      VALUE  1046.
  1655         78  COB-SCR-F47                      VALUE  1047.
  1656         78  COB-SCR-F48                      VALUE  1048.
  1657         78  COB-SCR-F49                      VALUE  1049.
  1658         78  COB-SCR-F50                      VALUE  1050.
  1659         78  COB-SCR-F51                      VALUE  1051.
  1660         78  COB-SCR-F52                      VALUE  1052.
  1661         78  COB-SCR-F53                      VALUE  1053.
  1662         78  COB-SCR-F54                      VALUE  1054.
  1663         78  COB-SCR-F55                      VALUE  1055.
  1664         78  COB-SCR-F56                      VALUE  1056.
  1665         78  COB-SCR-F57                      VALUE  1057.
  1666         78  COB-SCR-F58                      VALUE  1058.
  1667         78  COB-SCR-F59                      VALUE  1059.
  1668         78  COB-SCR-F60                      VALUE  1060.
  1669         78  COB-SCR-F61                      VALUE  1061.
  1670         78  COB-SCR-F62                      VALUE  1062.
  1671         78  COB-SCR-F63                      VALUE  1063.
  1672         78  COB-SCR-F64                      VALUE  1064.
  1673        *>  Exception keys - Values 2xxx
  1674         78  COB-SCR-PAGE-UP                  VALUE  2001.
ACS Cobol Xref v2.03.18          Dictionary File for PY900    24/03/2026  18:58:24:57                                  Page   32

  1675         78  COB-SCR-PAGE-DOWN                VALUE  2002.
  1676         78  COB-SCR-KEY-UP                   VALUE  2003.
  1677         78  COB-SCR-KEY-DOWN                 VALUE  2004.
  1678         78  COB-SCR-ESC                      VALUE  2005.
  1679         78  COB-SCR-PRINT                    VALUE  2006.
  1680         78  COB-SCR-TAB                      VALUE  2007.
  1681         78  COB-SCR-BACK-TAB                 VALUE  2008.
  1682         78  COB-SCR-KEY-LEFT                 VALUE  2009.
  1683         78  COB-SCR-KEY-RIGHT                VALUE  2010.
  1684        *>  The following exception keys are currently *only* returned
  1685        *>  on ACCEPT OMITTED
  1686         78  COB-SCR-INSERT                   VALUE  2011.
  1687         78  COB-SCR-DELETE                   VALUE  2012.
  1688         78  COB-SCR-BACKSPACE                VALUE  2013.
  1689         78  COB-SCR-KEY-HOME                 VALUE  2014.
  1690         78  COB-SCR-KEY-END                  VALUE  2015.
  1691        *>  Exception keys for mouse handling
  1692         78  COB-SCR-MOUSE-MOVE               VALUE  2040.
  1693         78  COB-SCR-LEFT-PRESSED             VALUE  2041.
  1694         78  COB-SCR-LEFT-RELEASED            VALUE  2042.
  1695         78  COB-SCR-LEFT-DBL-CLICK           VALUE  2043.
  1696         78  COB-SCR-MID-PRESSED              VALUE  2044.
  1697         78  COB-SCR-MID-RELEASED             VALUE  2045.
  1698         78  COB-SCR-MID-DBL-CLICK            VALUE  2046.
  1699         78  COB-SCR-RIGHT-PRESSED            VALUE  2047.
  1700         78  COB-SCR-RIGHT-RELEASED           VALUE  2048.
  1701         78  COB-SCR-RIGHT-DBL-CLICK          VALUE  2049.
  1702         78  COB-SCR-SHIFT-MOVE               VALUE  2050.
  1703         78  COB-SCR-SHIFT-LEFT-PRESSED       VALUE  2051.
  1704         78  COB-SCR-SHIFT-LEFT-RELEASED      VALUE  2052.
  1705         78  COB-SCR-SHIFT-LEFT-DBL-CLICK     VALUE  2053.
  1706         78  COB-SCR-SHIFT-MID-PRESSED        VALUE  2054.
  1707         78  COB-SCR-SHIFT-MID-RELEASED       VALUE  2055.
  1708         78  COB-SCR-SHIFT-MID-DBL-CLICK      VALUE  2056.
  1709         78  COB-SCR-SHIFT-RIGHT-PRESSED      VALUE  2057.
  1710         78  COB-SCR-SHIFT-RIGHT-RELEASED     VALUE  2058.
  1711         78  COB-SCR-SHIFT-RIGHT-DBL-CLICK    VALUE  2059.
  1712         78  COB-SCR-CTRL-MOVE                VALUE  2060.
  1713         78  COB-SCR-CTRL-LEFT-PRESSED        VALUE  2061.
  1714         78  COB-SCR-CTRL-LEFT-RELEASED       VALUE  2062.
  1715         78  COB-SCR-CTRL-LEFT-DBL-CLICK      VALUE  2063.
  1716         78  COB-SCR-CTRL-MID-PRESSED         VALUE  2064.
  1717         78  COB-SCR-CTRL-MID-RELEASED        VALUE  2065.
  1718         78  COB-SCR-CTRL-MID-DBL-CLICK       VALUE  2066.
  1719         78  COB-SCR-CTRL-RIGHT-PRESSED       VALUE  2067.
  1720         78  COB-SCR-CTRL-RIGHT-RELEASED      VALUE  2068.
  1721         78  COB-SCR-CTRL-RIGHT-DBL-CLICK     VALUE  2069.
  1722         78  COB-SCR-ALT-MOVE                 VALUE  2070.
  1723         78  COB-SCR-ALT-LEFT-PRESSED         VALUE  2071.
  1724         78  COB-SCR-ALT-LEFT-RELEASED        VALUE  2072.
  1725         78  COB-SCR-ALT-LEFT-DBL-CLICK       VALUE  2073.
  1726         78  COB-SCR-ALT-MID-PRESSED          VALUE  2074.
  1727         78  COB-SCR-ALT-MID-RELEASED         VALUE  2075.
  1728         78  COB-SCR-ALT-MID-DBL-CLICK        VALUE  2076.
ACS Cobol Xref v2.03.18          Dictionary File for PY900    24/03/2026  18:58:24:57                                  Page   33

  1729         78  COB-SCR-ALT-RIGHT-PRESSED        VALUE  2077.
  1730         78  COB-SCR-ALT-RIGHT-RELEASED       VALUE  2078.
  1731         78  COB-SCR-ALT-RIGHT-DBL-CLICK      VALUE  2079.
  1732         78  COB-SCR-WHEEL-UP                 VALUE  2080.
  1733         78  COB-SCR-WHEEL-DOWN               VALUE  2081.
  1734        *>78 COB-SCR-WHEEL-LEFT               VALUE  2082.  *reserved*
  1735        *>78 COB-SCR-WHEEL-RIGHT              VALUE  2083.  *reserved*
  1736         78  COB-SCR-SHIFT-WHEEL-UP           VALUE  2084.
  1737         78  COB-SCR-SHIFT-WHEEL-DOWN         VALUE  2085.
  1738        *>78 COB-SCR-SHIFT-WHEEL-LEFT         VALUE  2086.  *reserved*
  1739        *>78 COB-SCR-SHIFT-WHEEL-RIGHT        VALUE  2087.  *reserved*
  1740         78  COB-SCR-CTRL-WHEEL-UP            VALUE  2088.
  1741         78  COB-SCR-CTRL-WHEEL-DOWN          VALUE  2089.
  1742        *>78 COB-SCR-CTRL-WHEEL-LEFT          VALUE  2090.  *reserved*
  1743        *>78 COB-SCR-CTRL-WHEEL-RIGHT         VALUE  2091.  *reserved*
  1744         78  COB-SCR-ALT-WHEEL-UP             VALUE  2092.
  1745         78  COB-SCR-ALT-WHEEL-DOWN           VALUE  2093.
  1746        *>78 COB-SCR-ALT-WHEEL-LEFT           VALUE  2094.  *reserved*
  1747        *>78 COB-SCR-ALT-WHEEL-RIGHT          VALUE  2095.  *reserved*
  1748        *>  Input validation - Values 8xxx
  1749         78  COB-SCR-NO-FIELD                 VALUE  8000.
  1750         78  COB-SCR-TIME-OUT                 VALUE  8001.
  1751        *>  Other errors - Values 9xxx
  1752         78  COB-SCR-FATAL                    VALUE  9000.
  1753         78  COB-SCR-MAX-FIELD                VALUE  9001.
  1754  *>
  1755  *>C      copy "an-accept.ws".  *> Support WS for ACCEPT_NUMERIC routine
  1756         *>1>>LISTING OFF
  1757        *>
  1758        *> copy book - an-accept.ws compatible for FREE and VARIABLE formats
  1759        *>
  1760         01  AN-ACCEPT-NUMERIC USAGE BINARY-SHORT.
  1761             03  AN-LINE.
  1762             03  AN-COLUMN.
  1763             03  AN-MODE.
  1764                 88  AN-MODE-IS-NO-UPDATE          VALUE 0.
  1765                 88  AN-MODE-IS-UPDATE             VALUE 1.
  1766             03  AN-FG.
  1767                 88  AN-FG-IS-BLACK                VALUE 0.
  1768                 88  AN-FG-IS-BLUE                 VALUE 1.
  1769                 88  AN-FG-IS-GREEN                VALUE 2.
  1770                 88  AN-FG-IS-CYAN                 VALUE 3.
  1771                 88  AN-FG-IS-RED                  VALUE 4.
  1772                 88  AN-FG-IS-MAGENTA              VALUE 5.
  1773                 88  AN-FG-IS-YELLOW               VALUE 6.
  1774                 88  AN-FG-IS-WHITE                VALUE 7.
  1775             03  AN-BG.
  1776                 88  AN-BG-IS-BLACK                VALUE 0.
  1777                 88  AN-BG-IS-BLUE                 VALUE 1.
  1778                 88  AN-BG-IS-GREEN                VALUE 2.
  1779                 88  AN-BG-IS-CYAN                 VALUE 3.
  1780                 88  AN-BG-IS-RED                  VALUE 4.
  1781                 88  AN-BG-IS-MAGENTA              VALUE 5.
  1782                 88  AN-BG-IS-YELLOW               VALUE 6.
ACS Cobol Xref v2.03.18          Dictionary File for PY900    24/03/2026  18:58:24:57                                  Page   34

  1783                 88  AN-BG-IS-WHITE                VALUE 7.
  1784             03  AN-FG2.
  1785                 88  AN-FG2-IS-BLACK               VALUE 0.
  1786                 88  AN-FG2-IS-BLUE                VALUE 1.
  1787                 88  AN-FG2-IS-GREEN               VALUE 2.
  1788                 88  AN-FG2-IS-CYAN                VALUE 3.
  1789                 88  AN-FG2-IS-RED                 VALUE 4.
  1790                 88  AN-FG2-IS-MAGENTA             VALUE 5.
  1791                 88  AN-FG2-IS-YELLOW              VALUE 6.
  1792                 88  AN-FG2-IS-WHITE               VALUE 7.
  1793             03  AN-RETURN-CODE.
  1794                 88  AN-RETURN-CODE-VIA-ENTER      VALUE 0.
  1795                 88  AN-RETURN-CODE-VIA-PFKEY-01   VALUE 01. *> 1001
  1796                 88  AN-RETURN-CODE-VIA-PFKEY-02   VALUE 02.
  1797                 88  AN-RETURN-CODE-VIA-PFKEY-03   VALUE 03.
  1798                 88  AN-RETURN-CODE-VIA-PFKEY-04   VALUE 04.
  1799                 88  AN-RETURN-CODE-VIA-PFKEY-05   VALUE 05.
  1800                 88  AN-RETURN-CODE-VIA-PFKEY-06   VALUE 06.
  1801                 88  AN-RETURN-CODE-VIA-PFKEY-07   VALUE 07.
  1802                 88  AN-RETURN-CODE-VIA-PFKEY-08   VALUE 08.
  1803                 88  AN-RETURN-CODE-VIA-PFKEY-09   VALUE 09.
  1804                 88  AN-RETURN-CODE-VIA-PFKEY-10   VALUE 10.
  1805                 88  AN-RETURN-CODE-VIA-PFKEY-11   VALUE 11.
  1806                 88  AN-RETURN-CODE-VIA-PFKEY-12   VALUE 12.
  1807                 88  AN-RETURN-CODE-VIA-PFKEY-13   VALUE 13.
  1808                 88  AN-RETURN-CODE-VIA-PFKEY-14   VALUE 14.
  1809                 88  AN-RETURN-CODE-VIA-PFKEY-15   VALUE 15.
  1810                 88  AN-RETURN-CODE-VIA-PFKEY-16   VALUE 16.
  1811                 88  AN-RETURN-CODE-VIA-PFKEY-17   VALUE 17.
  1812                 88  AN-RETURN-CODE-VIA-PFKEY-18   VALUE 18.
  1813                 88  AN-RETURN-CODE-VIA-PFKEY-19   VALUE 19.
  1814                 88  AN-RETURN-CODE-VIA-PFKEY-20   VALUE 20.
  1815                 88  AN-RETURN-CODE-VIA-PFKEY-21   VALUE 21.
  1816                 88  AN-RETURN-CODE-VIA-PFKEY-22   VALUE 22.
  1817                 88  AN-RETURN-CODE-VIA-PFKEY-23   VALUE 23.
  1818                 88  AN-RETURN-CODE-VIA-PFKEY-24   VALUE 24.
  1819                 88  AN-RETURN-CODE-VIA-PFKEY-25   VALUE 25.
  1820                 88  AN-RETURN-CODE-VIA-PFKEY-26   VALUE 26.
  1821                 88  AN-RETURN-CODE-VIA-PFKEY-27   VALUE 27.
  1822                 88  AN-RETURN-CODE-VIA-PFKEY-28   VALUE 28.
  1823                 88  AN-RETURN-CODE-VIA-PFKEY-29   VALUE 29.
  1824                 88  AN-RETURN-CODE-VIA-PFKEY-30   VALUE 30.
  1825                 88  AN-RETURN-CODE-VIA-PFKEY-31   VALUE 31.
  1826                 88  AN-RETURN-CODE-VIA-PFKEY-32   VALUE 32.
  1827                 88  AN-RETURN-CODE-VIA-PFKEY-33   VALUE 33.
  1828                 88  AN-RETURN-CODE-VIA-PFKEY-34   VALUE 34.
  1829                 88  AN-RETURN-CODE-VIA-PFKEY-35   VALUE 35.
  1830                 88  AN-RETURN-CODE-VIA-PFKEY-36   VALUE 36.
  1831                 88  AN-RETURN-CODE-VIA-PFKEY-37   VALUE 37.
  1832                 88  AN-RETURN-CODE-VIA-PFKEY-38   VALUE 38.
  1833                 88  AN-RETURN-CODE-VIA-PFKEY-39   VALUE 39.
  1834                 88  AN-RETURN-CODE-VIA-PFKEY-40   VALUE 40.
  1835                 88  AN-RETURN-CODE-VIA-PFKEY-41   VALUE 41.
  1836                 88  AN-RETURN-CODE-VIA-PFKEY-42   VALUE 42.
ACS Cobol Xref v2.03.18          Dictionary File for PY900    24/03/2026  18:58:24:57                                  Page   35

  1837                 88  AN-RETURN-CODE-VIA-PFKEY-43   VALUE 43.
  1838                 88  AN-RETURN-CODE-VIA-PFKEY-44   VALUE 44.
  1839                 88  AN-RETURN-CODE-VIA-PFKEY-45   VALUE 45.
  1840                 88  AN-RETURN-CODE-VIA-PFKEY-46   VALUE 46.
  1841                 88  AN-RETURN-CODE-VIA-PFKEY-47   VALUE 47.
  1842                 88  AN-RETURN-CODE-VIA-PFKEY-48   VALUE 48. *> 1048
  1843                 88  AN-RETURN-CODE-VIA-PG-UP      VALUE 49. *> 2001
  1844                 88  AN-RETURN-CODE-VIA-PG-DOWN    VALUE 50. *> 2002
  1845                 88  AN-RETURN-CODE-VIA-TAB        VALUE 51. *> 2007
  1846                 88  AN-RETURN-CODE-VIA-BACK-TAB   VALUE 52. *> 2008
  1847                 88  AN-RETURN-CODE-VIA-ESCAPE     VALUE 99. *> 2005
  1848             03  AN-ERROR-CODE.
  1849                 88  AN-ERROR-OK                   VALUE 0.
  1850                 88  AN-ERROR-NOT-EXTENDED-DISPLAY VALUE 4.
  1851                 88  AN-ERROR-S-ROW-OUT-OF-SCREEN  VALUE 8.
  1852                 88  AN-ERROR-S-COL-OUT-OF-SCREEN  VALUE 12.
  1853                 88  AN-ERROR-E-COL-OUT-OF-SCREEN  VALUE 16.
  1854        *>
  1855         *>>>LISTING ON
  1856  *>
  1857  *>C  copy "wstime.cob".
  1858   01  ws-time.
  1859       03  wsa-date.
  1860         05  wsa-yy        pic 99.
  1861         05  wsa-mm        pic 99.
  1862         05  wsa-dd        pic 99.
  1863       03  wsb-time.
  1864         05  wsb-hh        pic 99.
  1865         05  wsb-mm        pic 99.
  1866         05  wsb-ss        pic 99.
  1867         05  filler        pic xx.
  1868       03  wsd-time.
  1869         05  wsd-hh        pic 99.
  1870         05  wsd-sa        pic x  value ":".
  1871         05  wsd-mm        pic 99.
  1872         05  wsd-sb        pic x  value ":".
  1873         05  wsd-ss        pic 99.
  1874  *>
  1875   01  wse-date-block.
  1876       03  wse-date.
  1877           05  wse-year    pic 9(4).
  1878           05  wse-month   pic 99.
  1879           05  wse-days    pic 99.
  1880       03  WSE-Date-9 redefines wse-date
  1881                           pic 9(8).
  1882       03  wse-time.
  1883           05  wse-hh      pic 99.
  1884           05  wse-mm      pic 99.
  1885           05  wse-ss      pic 99.
  1886       03  filler          pic x(7).
  1887  *>
  1888
  1889  *>  ACAS for IRS FH support CoA Ledgers
  1890  *>C  copy "irswsnl.cob" replacing NL-Record by WS-IRSNL-Record.
ACS Cobol Xref v2.03.18          Dictionary File for PY900    24/03/2026  18:58:24:57                                  Page   36

  1891  *>*******************************************
  1892  *>                                          *
  1893  *>  Working Storage for the Nominal Ledger  *
  1894  *>                                          *
  1895  *>*******************************************
  1896  *> Chgd 16/01/09 money to 99M
  1897  *>
  1898   01
  1899   WS-IRSNL-Record.
  1900       03  NL-Key.
  1901           05  NL-Owning      pic 9(5).
  1902           05  NL-Sub-Nominal pic 9(5).
  1903       03  NL-Type            pic x.
  1904           88  Owner                   value is "O".
  1905           88  Sub                     value is "S".
  1906       03  NL-Data.
  1907           05  NL-Name        pic x(24).
  1908           05  NL-DR          pic 9(8)v99   comp.
  1909           05  NL-CR          pic 9(8)v99   comp.
  1910           05  NL-DR-Last     pic 9(8)v99   comp  occurs  4.
  1911           05  NL-CR-Last     pic 9(8)v99   comp  occurs  4.
  1912           05  NL-AC          pic x.
  1913       03  filler  redefines  NL-Data.
  1914           05  NL-Pointer     pic 9(5).
  1915  *>
  1916  *>>W Msg29 Caution: One or more replacing sources not found
  1917  *> ACAS for  GL FH  support CoA Ledgers
  1918  *>C  copy "wsledger.cob".
  1919  *>*******************************************
  1920  *>                                          *
  1921  *>    WS definition for the General/Nominal *
  1922  *>             Ledger file                  *
  1923  *>                                          *
  1924  *>*******************************************
  1925  *> 27/01/09 vbc - file-id to select
  1926  *> 04/01/17 vbc - Taken from fdledger.
  1927  *> 07/01/17 vbc - Added new field ledger-key9.
  1928  *> 31/01/18 vbc - Resized to 126 bytes.
  1929  *>
  1930   01  WS-Ledger-Record.
  1931       03  WS-Ledger-Key.
  1932           05  WS-Ledger-Nos    pic 9(6).
  1933  *>*******************************************
  1934           05  filler  redefines  WS-Ledger-Nos.
  1935               07  Ledger-n  pic 9(4).
  1936               07  Ledger-s  pic 9(2).
  1937  *>*******************************************
  1938           05  Ledger-PC     pic 9(2).
  1939       03  WS-Ledger-Key9 redefines WS-Ledger-Key
  1940                             pic 9(8).
  1941       03  Ledger-Type       pic 9.
  1942       03  Ledger-Place      pic x.
  1943       03  Ledger-Level      pic 9.
  1944       03  filler            pic x(5).
ACS Cobol Xref v2.03.18          Dictionary File for PY900    24/03/2026  18:58:24:57                                  Page   37

  1945       03  Ledger-Name       pic x(24).
  1946       03  Ledger-Balance    pic s9(8)v99   comp-3.
  1947       03  Ledger-Last       pic s9(8)v99   comp-3.
  1948       03  Quarters.
  1949           05  Ledger-Q1     pic s9(8)v99   comp-3.
  1950           05  Ledger-Q2     pic s9(8)v99   comp-3.
  1951           05  Ledger-Q3     pic s9(8)v99   comp-3.
  1952           05  Ledger-Q4     pic s9(8)v99   comp-3.
  1953       03  filler redefines Quarters.
  1954           05  Ledger-Q      pic s9(8)v99   comp-3   occurs  4.
  1955       03  filler            pic x(50).
  1956  *>
  1957   linkage section.
  1958  *>***************
  1959  *>
  1960  *>C  copy "wscall.cob".
  1961  *> 14/03/18 vbc - 1.01   WS-CD-Args for passing extra info to called process
  1962  *>                        that will help in a cron call by time via menu
  1963  *>                        program. picked by position within WS-Args.
  1964  *> 14/11/25 vbc - 1.02 - Chg WS-Term-Code from 9 to 99.
  1965  *>
  1966   01  WS-Calling-Data.
  1967       03  WS-Called       pic x(8).
  1968       03  WS-Caller       pic x(8).
  1969       03  WS-Del-Link     pic x(8).
  1970       03  WS-Term-Code    pic 99.
  1971  *>                                 new 18/5/13
  1972       03  WS-Process-Func pic 9.
  1973       03  WS-Sub-Function pic 9.
  1974       03  WS-CD-Args      pic x(13).    *> Changed / Added 14/03/18
  1975  *>
  1976  *>C  copy "wssystem.cob"   replacing System-Record by WS-System-Record.
  1977  *>
  1978  *>*******************************************
  1979  *>                                          *
  1980  *>  Record Definition For The System File   *
  1981  *>                                          *
  1982  *>*******************************************
  1983  *>  File size 1024 with fillers
  1984  *>   Cleared down update details 01/02/09 to 12/06/13
  1985  *>
  1986  *> 22/09/15 vbc - Added Param-Restrict (Access) within a current filler.
  1987  *>                Set this will stop display of option Z in sub-system menus.
  1988  *>                Need to detect actual user though when setup or could just use
  1989  *>                chown for sys002 to admin user?
  1990  *> 25/06/16 vbc - Added RDBMS-Port & needs RDBMS-Host, RDBMS-Socket.
  1991  *>                Increased 'System-data' from 384 to 512 bytes & removed O/E
  1992  *>                  Block (128) as it is unused.
  1993  *> 26/06/16 vbc - Updated MySQL Load scripts ACASDB.sql in ACAS/mysql.
  1994  *>                  Prima is yet to be done !!!
  1995  *> 19/10/16 vbc - Changed PL-Approp-AC in IRS block from 9(5) to 9(6) for GL
  1996  *>                support & reduced filler by 1.
  1997  *>                With IRS data mapped into ACAS the IRS block can reduce to 32 bytes
  1998  *>                Just need to change all of the IRS programs to use ACAS fields but
ACS Cobol Xref v2.03.18          Dictionary File for PY900    24/03/2026  18:58:24:57                                  Page   38

  1999  *>                also NEED to change the date processing to use same in rest of ACAS
  2000  *>                and not binary days since 01/01/2000 and hold dates in dd/mm/yy form.
  2001  *>                Added 2 88s to Op-System for IRS.
  2002  *> 27/10/16 vbc - Changed level-5 to IRS instead of omitted O/E.
  2003  *> 15/01/18 vbc - Added Stats-Date-Period with a filler & vers = 14.
  2004  *> 02/02/18 vbc - Replaced file-statuses with filler x(32).
  2005  *> 10/02/18 vbc - For PL-Approp-AC6 move filler to beginning of field as irs
  2006  *>                does not need the leading digit (uses only 5).
  2007  *> 17/03/18 vbc - Added SL-Invoice-Lines within last filler so gone from 45 to 43.
  2008  *> 18/03/18 vbc - Added false for Level-5 & 6, e.g., zero.
  2009  *> 06/06/18 vbc - Added six new fields as bin-long to support for G-L and IRS used at same time.
  2010  *>                RDBMS needs to be updated. Done 06/06/16 -> Mariadb backups.
  2011  *>                sys002 needs to be updated if implemented.
  2012  *>                systemMT needs to be updated (in un/load moves).
  2013  *> 03/06/20 vbc - Changes to some RDBMS values.
  2014  *> 10/12/22 vbc - Remove File-Duplicates-In-Use - not used.
  2015  *> 14/04/23 vbc - SL-Autogen added (& PL-Autogen) both using FILLER space.
  2016  *> 15/05/23 vbc - SL-Next-Rec and PL-Next-Rec bin-short unsigned for next Autogen record key.
  2017  *> 26/06/23 vbc - Added Company-Email repacing filler.
  2018  *> 09/09/23 vbc - Pre support for OE but as comments for now as will not be used in ACAS - pointless.
  2019  *> 10/09/23 vbc - Removed condition Payroll-No as not used.
  2020  *> 13/03/24 vbc - In fillers added fields SL-BO-Flag and Stk-BO-Active,
  2021  *> 18/12/24 vbc - Clean up remd out texts & added Co. Phone No reducing filler.
  2022  *> 14/11/25 vbc - Support for Payroll in use that replaces OE usage as not needed.
  2023  *>
  2024   01
  2025   WS-System-Record.
  2026  *>******************
  2027  *>   System Data   *
  2028  *>******************
  2029       03  System-Data-Block.               *>  512 bytes (25/06/16)
  2030   05
  2031   WS-System-Record-Version-Prime
  2032
  2033
  2034   binary-char.
  2035   05
  2036   WS-System-Record-Version-Secondary
  2037   binary-char.
  2038           05  Vat-Rates                    comp.
  2039               07 Vat-Rate-1   pic 99v99.   *> Standard rate
  2040               07 Vat-Rate-2   pic 99v99.   *> Reduced rate
  2041               07 Vat-Rate-3   pic 99v99.   *> Minimal or exempt
  2042               07 Vat-Rate-4   pic 99v99.   *> 2b used for local sales tax   Not UK
  2043               07 Vat-Rate-5   pic 99v99.   *> 2b used for local sales tax   Not UK
  2044           05  Vat-Rate redefines Vat-Rates pic 99v99 comp occurs 5.
  2045           05  Cyclea          binary-char.  *> 99.
  2046           05  Scycle Redefines cyclea  binary-char.
  2047           05  Period          binary-char.  *> 99.
  2048           05  Page-Lines      binary-char  unsigned. *> 999. Portrait / default
  2049           05  Next-Invoice    binary-long. *> 9(8) comp.
  2050           05  Run-Date        binary-long. *> 9(8) comp.
  2051           05  Start-Date      binary-long. *> 9(8) comp.
  2052           05  End-Date        binary-long. *> 9(8) comp.
ACS Cobol Xref v2.03.18          Dictionary File for PY900    24/03/2026  18:58:24:57                                  Page   39

  2053           05  Suser.                       *> IRS
  2054               07  Usera       pic x(32).
  2055           05  User-Code       pic x(32).   *> encrypted username not used on OS versions so also b 4 client?
  2056           05  Address-1       pic x(24).
  2057           05  Address-2       pic x(24).
  2058           05  Address-3       pic x(24).
  2059           05  Address-4       pic x(24).
  2060           05  Post-Code       pic x(12).   *> or ZipCode size should cover all countries
  2061           05  Country         pic x(24).
  2062           05  Print-Spool-Name pic x(48).
  2063           05  Phone-No        pic x(12).  *> added 21/10/25 reducing filler.
  2064           05  FILLER          pic x(20).
  2065           05  Pass-Value      pic 9.
  2066           05  Level.
  2067               07  Level-1     pic 9.
  2068                   88  G-L                    value 1.    *> General (Nominal) ledger
  2069               07  Level-2     pic 9.
  2070                   88  B-L                    value 1.    *> Purchase (Payables) ledger
  2071               07  Level-3     pic 9.
  2072                   88  S-L                    value 1.    *> Sales (Receivables) ledger
  2073               07  Level-4     pic 9.
  2074                   88  Stock                  value 1.    *> Stock Control (Inventory)
  2075               07  Level-5     pic 9.
  2076                   88  IRS                    value 1.    *> IRS used (instead of General).
  2077                   88  IRS-No                 value zero. *> IRS NOT Used.
  2078               07  Level-6     pic 9.
  2079                   88  Payroll                value 1.    *> Payroll - USA
  2080           05  Pass-Word       pic x(4).
  2081           05  Host            pic 9.
  2082               88  Multi-User                 value 1.
  2083           05  Op-System       pic 9.
  2084               88  valid-os-type              values 1 2 3 4 5 6.
  2085               88  No-OS                      value zero.
  2086               88  Dos                        value 1.
  2087               88  Windows                    value 2.
  2088               88  Mac                        value 3.
  2089               88  Os2                        value 4.
  2090               88  Unix                       value 5.
  2091               88  Linux                      value 6.
  2092               88  OS-Single                  values 1 2 4.
  2093           05  Current-Quarter pic 9.
  2094           05  RDBMS-Flat-Statuses.
  2095               07  File-System-Used  pic 9.
  2096                   88  FS-Cobol-Files-Used    value zero.
  2097                   88  FS-MySql-Used          value 1.
  2098                                            *> THESE NOT IN USE at this time
  2099                   88  FS-RDBMS-Used          value 1.  *> Was generic
  2100  *>                 88  FS-Oracle-Used         value 3.  *> ditto   -  change values to order in which
  2101  *>                 88  FS-Postgres-Used       value 2.  *> ditto       they are implemented
  2102  *>                 88  FS-DB2-Used            value 4.  *> ditto        or made available
  2103  *>                 88  FS-MS-SQL-Used         value 5.  *> ditto
  2104  *>                 88  FS-ODBC-Used           value 6.  *> ditto
  2105                   88  FS-Valid-Options       values 0 thru 1.    *> 5. (not in use unless 1-5)
  2106               07  File-Duplicates-In-Use pic 9.           *> No longer in use
ACS Cobol Xref v2.03.18          Dictionary File for PY900    24/03/2026  18:58:24:57                                  Page   40

  2107                   88  FS-Duplicate-Processing value 1.    *>  Ditto
  2108           05  Maps-Ser.      *> Not needed in OpenSource version, = 9999 (No Maintenance Contract]
  2109               07  Maps-Ser-xx pic xx.        *> Allows for 36^2  customers = 60,466,176
  2110               07  Maps-Ser-nn binary-short.  *>     x  129600 - 2  - Very very large.
  2111           05  Date-Form       pic 9.
  2112               88  Date-Valid-Formats         values 1 2 3.
  2113           05  Data-Capture-Used pic 9.
  2114               88  DC-Cobol-Standard          value zero.
  2115               88  DC-GUI                     value 1.
  2116               88  DC-Widget                  value 2.
  2117           05  RDBMS-DB-Name   pic x(12)      value "ACASDB".     *> change in setup
  2118           05  RDBMS-User      pic x(12)      value "ACAS-User".  *> change in setup
  2119           05  RDBMS-Passwd    pic x(12)      value "PaSsWoRd".   *> change in setup
  2120           05  VAT-Reg-Number  pic x(11)      value spaces.
  2121           05  Param-Restrict  pic x.                             *> Only via ACAS?
  2122           05  RDBMS-Port      pic x(5)       value "3306".       *> change in setup
  2123           05  RDBMS-Host      pic x(32)      value spaces.       *> change in setup
  2124           05  RDBMS-Socket    pic x(64)      value spaces.       *> change in setup v3
  2125           05  Stats-Date-Period pic 9(4).                      *> added 15/01/18.
  2126           05  Company-Email   pic x(30).                         *> changed from filler 26/06/23
  2127  *>***************
  2128  *>   G/L Data   *
  2129  *>***************
  2130       03  General-Ledger-Block.               *> 80 bytes
  2131           05  P-C             pic x.
  2132               88  Profit-Centres             value "P".
  2133               88  Branches                   value "B".
  2134           05  P-C-Grouped     pic x.
  2135               88  Grouped                    value "Y".
  2136           05  P-C-Level       pic x.
  2137               88  Revenue-Only               value "R".
  2138           05  Comps           pic x.
  2139               88  Comparatives               value "Y".
  2140           05  Comps-Active    pic x.
  2141               88  Comparatives-Active        value "Y".
  2142           05  M-V             pic x.
  2143               88  Minimum-Validation         value "Y".
  2144           05  Arch            pic x.
  2145               88  Archiving                  value "Y".
  2146           05  Trans-Print     pic x.
  2147               88  Mandatory                  value "Y".
  2148           05  Trans-Printed   pic x.
  2149               88  Trans-Done                 value "Y".
  2150           05  Header-Level    pic 9.                      *> Not directly used in sys002 but anywhere ?
  2151           05  Sales-Range     pic 9.
  2152           05  Purchase-Range  pic 9.
  2153           05  Vat             pic x.
  2154               88  Auto-Vat                   value "Y".
  2155           05  Batch-Id        pic x.
  2156               88  Preserve-Batch             value "Y".
  2157           05  Ledger-2nd-Index pic x.                     *> But file uses SINGLE INDEX only & gl030 uses a table.
  2158               88  Index-2                    value "Y".
  2159           05  IRS-Instead     pic x.
  2160               88  IRS-Used                   value "Y".
ACS Cobol Xref v2.03.18          Dictionary File for PY900    24/03/2026  18:58:24:57                                  Page   41

  2161               88  IRS-Both-Used              value "B".   *> 26/11/16
  2162           05  Ledger-Sec      binary-short.  *> 9(4) comp
  2163           05  Updates         binary-short.  *> 9(4) comp
  2164           05  Postings        binary-short.  *> 9(4) comp
  2165           05  Next-Batch      binary-short.  *> 9(4) comp  should be unsigned used for all ledgers
  2166           05  Extra-Charge-Ac binary-long.   *> 9(8) comp        NOTHING IS USING THIS FIELD IN SALES or PURCHASE
  2167           05  Vat-Ac          binary-long.   *> 9(8) comp
  2168           05  Print-Spool-Name2 pic x(48).
  2169  *>******************
  2170  *>   P(B)/L Data   *
  2171  *>******************
  2172       03  Purchase-Ledger-Block.             *> 88 bytes
  2173           05  Next-Folio      binary-long.   *> 9(8) comp
  2174           05  BL-Pay-Ac       binary-long.   *> 9(8) comp
  2175           05  P-Creditors     binary-long.   *> 9(8) comp
  2176           05  BL-Purch-Ac     binary-long.   *> 9(8) comp
  2177           05  BL-End-Cycle-Date binary-long. *> 9(8) comp
  2178           05  BL-Next-Batch   binary-short.  *> 9(4) comp  should be unsigned - unused ?
  2179           05  Age-To-Pay      binary-char.   *> 9(4) comp should be unsigned
  2180           05  Purchase-Ledger pic x.
  2181               88  P-L-Exists                 value "Y".
  2182           05  PL-Delim        pic x.
  2183           05  Entry-Level     pic 9.
  2184           05  P-Flag-A        pic 9.
  2185           05  P-Flag-I        pic 9.
  2186           05  P-Flag-P        pic 9.
  2187           05  PL-Stock-Link   pic x.
  2188           05  Print-Spool-Name3 pic x(48).
  2189           05  PL-Autogen      pic x          value space.        *> added 14/04/23 NOT USED YET
  2190           05  PL-Next-Rec     binary-short unsigned.            *> 2 bytes 0 - 65k
  2191           05  FILLER          pic x(7).
  2192  *>***************
  2193  *>   S/L Data   *
  2194  *>***************
  2195       03  Sales-Ledger-Block.                *> 128 bytes
  2196           05  Sales-Ledger    pic x.
  2197               88  S-L-Exists                 value "Y".
  2198           05  SL-Delim        pic x.
  2199           05  Oi-3-Flag       pic x.         *> 'Y' used in sl060 why?
  2200           05  Cust-Flag       pic x.
  2201           05  Oi-5-Flag       pic x.
  2202           05  S-Flag-Oi-3     pic x.         *> 'Z' when otm3 created, used in sl060 why? NO LONGER USED
  2203           05  Full-Invoicing  pic 9.
  2204           05  S-Flag-A        pic 9.         *> '1' used in sl060 why?
  2205           05  S-Flag-I        pic 9.         *> '2' used in sl060 why?
  2206           05  S-Flag-P        pic 9.
  2207           05  SL-Dunning      pic 9.
  2208           05  SL-Charges      pic 9.
  2209           05  Sl-Own-Nos      pic x.
  2210           05  SL-Stats-Run    pic 9.
  2211           05  Sl-Day-Book     pic 9.
  2212           05  invoicer        pic 9.
  2213               88  I-Level-0                  value 0.  *> show totals only (no net & vat) not used?
  2214               88  I-Level-1                  value 1.  *> Show net, vat
ACS Cobol Xref v2.03.18          Dictionary File for PY900    24/03/2026  18:58:24:57                                  Page   42

  2215               88  I-Level-2                  value 2.  *> show Details + vat etc looks wrong in sl910 totals only (no net & vat)
  2216               88  Not-Invoicing              value 9.  *> show totals only (no net & vat) but not found yet nor level 3 (see sl900)
  2217           05  Extra-Desc      pic x(14).
  2218           05  Extra-Type      pic x.
  2219               88  Discount                   value "D".
  2220               88  Charge                     value "C".
  2221           05  Extra-Print     pic x.
  2222           05  SL-Stock-Link   pic x.
  2223           05  SL-Stock-Audit  pic x.
  2224               88  Stock-Audit-On             value "Y".   *> Invoicing will create an audit record (15/05/13)
  2225           05  SL-Late-Per     pic 99v99    comp.
  2226           05  SL-Disc         pic 99v99    comp.
  2227           05  Extra-Rate      pic 99v99    comp.
  2228           05  SL-Days-1       binary-char.    *> 999  comp.
  2229           05  SL-Days-2       binary-char.    *> 999  comp.
  2230           05  SL-Days-3       binary-char.    *> 999  comp.
  2231           05  SL-Credit       binary-char.    *> 999  comp.
  2232           05  FILLER          binary-short.   *> No longer used.
  2233           05  SL-Min          binary-short.   *> 9999  comp.
  2234           05  SL-Max          binary-short.   *> 9999  comp.
  2235           05  PF-Retention    binary-short.   *> 9999  comp.
  2236           05  First-Sl-Batch  binary-short.   *> 9999  comp.   *>unused ?
  2237           05  First-Sl-Inv    binary-long.    *> 9(8) comp.
  2238           05  SL-Limit        binary-long.    *> 9(8) comp.
  2239           05  SL-Pay-Ac       binary-long.    *> 9(8) comp.
  2240           05  S-Debtors       binary-long.    *> 9(8) comp.
  2241           05  SL-Sales-Ac     binary-long.    *> 9(8) comp.
  2242           05  S-End-Cycle-Date binary-long.   *> 9(8) comp.
  2243           05  SL-Comp-Head-Pick Pic x.
  2244               88  SL-Comp-Pick               value "Y".
  2245           05  SL-Comp-Head-Inv  pic x.
  2246               88  SL-Comp-Inv                value "Y".
  2247           05  SL-Comp-Head-Stat pic x.
  2248               88  SL-Comp-Stat               value "Y".
  2249           05  SL-Comp-Head-Lets pic x.
  2250               88  SL-Comp-Lets               value "Y".
  2251           05  SL-VAT-Printed  pic x.
  2252               88  SL-VAT-Prints              value "Y".
  2253           05  SL-Invoice-Lines pic 99.
  2254           05  SL-Autogen      pic x          value space.        *> added 14/04/23
  2255           05  SL-Next-Rec     binary-short unsigned.             *> 2 bytes 0 - 65k
  2256           05  SL-BO-Flag      pic x          value space.      *> support for Back Ordering - may be = Y for true.
  2257           05  SL-BO-Default   pic x.
  2258           05  FILLER          pic X(14).                       *> was x (16)
  2259  *> GL overflow
  2260           05  GL-BL-Pay-Ac    binary-long.    *> 9(8) comp    THESE 6 ADDED 06/06/18 to poss. support GL and IRS
  2261           05  GL-P-Creditors  binary-long.    *> 9(8) comp    RUNNING at same time.
  2262           05  GL-BL-Purch-Ac  binary-long.    *> 9(8) comp
  2263           05  GL-SL-Pay-Ac    binary-long.    *> 9(8) comp.
  2264           05  GL-S-Debtors    binary-long.    *> 9(8) comp.
  2265           05  GL-SL-Sales-Ac  binary-long.    *> 9(8) comp.
  2266  *>***************
  2267  *> Stock Data   *
  2268  *>***************
ACS Cobol Xref v2.03.18          Dictionary File for PY900    24/03/2026  18:58:24:57                                  Page   43

  2269  *>
  2270       03  Stock-Control-Block.                *> 88 bytes
  2271           05  Stk-Abrev-Ref   pic x(6).
  2272           05  Stk-Debug       pic 9.          *> T/F (1/0).
  2273           05  Stk-Manu-Used   pic 9.          *> T/F (Bomp/Wip)
  2274           05  Stk-OE-Used     pic 9.          *> T/F.
  2275           05  Stk-Audit-Used  pic 9.          *> T/F.
  2276           05  Stk-Mov-Audit   pic 9.          *> T/F.
  2277           05  Stk-Period-Cur  pic x.          *> M=Monthly, Q=Quarterly, Y=Yearly
  2278           05  Stk-Period-dat  pic x.          *>  --  ditto  --
  2279           05  FILLER          pic x.          *> was stk-date-form
  2280           05  Stock-Control   pic x.
  2281               88  Stock-Control-Exists   value "Y".
  2282           05  Stk-Averaging   pic 9.          *> T/F.
  2283               88  Stock-Averaging        value 1.
  2284           05  Stk-Activity-Rep-Run pic 9.     *> T/F.  =17 bytes 0=no, 1=add, 2=del, 3=both
  2285           05  Stk-BO-Active   pic x.          *> was filler 13/03/24
  2286           05  Stk-Page-Lines  binary-char unsigned.  *> 9999 comp. Taken from Print-Lines
  2287           05  Stk-Audit-No    binary-char unsigned.  *> 9999 comp.
  2288           05  FILLER          pic x(68).             *> 64    (just in case)
  2289           05  Client             pic x(24). 	*> 		24      *> Not needed as will use suser
  2290           05  Next-Post          pic 9(5).  	*> 		29                                                  N   5
  2291           05  Vat-Rates2.                                             *> these can be replaced by the other VAT blk
  2292               07  vat1           pic 99v99. 	*> 		33   *> Standard  changed from vat (11/06/13)
  2293               07  vat2           pic 99v99. 	*> 		37   *> reduced 1 [not yet used]
  2294               07  vat3           pic 99v99. 	*> 		41   *> reduced 2 [not yet used]
  2295           05  Vat-Group redefines Vat-Rates2.
  2296               07  Vat-Psent      pic 99v99    occurs 3.
  2297           05  FILLER redefines PL-Approp-AC6.
  2298               07  FILLER         pic 9.           *>                   loose leading char for IRS
  2299               07  PL-Approp-AC   pic 9(5).        *>                   For IRS
  2300           05  FILLER             pic x(59).       *>             128  Old fn-1 to 5 files
  2301       03  IRS-Data-Block redefines IRS-Entry-Block.
  2302           05  FILLER-Dummy4   pic x(128).
  2303  *>
  2304  *>>W Msg29 Caution: One or more replacing sources not found
  2305  *>C  copy "wsnames.cob".
  2306  *>
  2307  *> Sales, Purchase, Stock, General & now IRS for v3.3 with integrated IRS
  2308  *>    for use in xl150 and ??
  2309  *>
  2310  *>  Files used in Sales, Stock, Purchase, General & IRS
  2311  *> 17/11/16 vbc - Added IRS files + their renaming with irs prefix.
  2312  *> 04/12/16 vbc - Added irs055 sort file as file-38.
  2313  *> 09/05/23 vbc - Added PL & SL autogen (files04, 30 increased count to 38
  2314  *> 16/03/24 vbc - Added Sales Bo-Stk-Itm as file31  increased count to 39
  2315  *> 21/10/25 vbc - Added Payroll - USA/Canada - other files needed for elsewhere
  2316  *>                inc UK / Europe etc.
  2317  *>
  2318   01  File-Defs.
  2319       02  file-defs-a.
  2320           03  pre-trans-name   pic x(532)  value "pretrans.tmp". *> gl071
  2321           03  post-trans-name  pic x(532)  value "postrans.tmp". *> gl071
  2322  *>C  copy "file00.cob".    *> "system"
ACS Cobol Xref v2.03.18          Dictionary File for PY900    24/03/2026  18:58:24:57                                  Page   44

  2323       03  file-0         pic x(532)        value "system.dat".
  2324  *>                        No file 1
  2325  *>C  copy "file02.cob".    *> "archive".
  2326       03  file-2         pic x(532)        value "archive.dat".
  2327  *>C  copy "file03.cob".    *> "final".
  2328       03  file-3         pic x(532)        value "final.dat".
  2329  *>C  copy "file04.cob".    *> "SLautogen"
  2330       03  file-4         pic x(532)        value "slautogen.dat".
  2331  *>C  copy "file05.cob".    *> "ledger".
  2332       03  file-5         pic x(532)        value "ledger.dat".
  2333  *>C  copy "file06.cob".    *> "posting".
  2334       03  file-6         pic x(532)        value "posting.dat".
  2335  *>C  copy "file07.cob".    *> "batch".
  2336       03  file-7         pic x(532)        value "batch.dat".
  2337  *>C  copy "file08.cob".    *> "postings2irs.dat"
  2338       03  file-8         pic x(532)        value "postings2irs.dat".
  2339  *>C  copy "file09.cob".    *> "tmp-stock".
  2340       03  file-9         pic x(532)        value "tmp-stock.dat".
  2341  *>C  copy "file10.cob".    *> "staudit".
  2342       03  file-10        pic x(532)        value "staudit.dat".
  2343  *>C  copy "file11.cob".    *> "stockctl".
  2344       03  file-11        pic x(532)        value "stockctl.dat".
  2345  *>C  copy "file12.cob".    *> "salesled".
  2346       03  file-12        pic x(532)        value "salesled.dat".
  2347  *>C  copy "file13.cob".    *> "value.dat"
  2348       03  file-13        pic x(532)        value "value.dat".
  2349  *>C  copy "file14.cob".    *> "delivery.dat"
  2350       03  file-14        pic x(532)        value "delivery.dat".
  2351  *>C  copy "file15.cob".    *> "analysis.dat"
  2352       03  file-15        pic x(532)        value "analysis.dat".
  2353  *>C  copy "file16.cob".    *> "invoice ".
  2354       03  file-16        pic x(532)        value "invoice.dat".
  2355  *>C  copy "file17.cob".    *> "delinvno".
  2356       03  file-17        pic x(532)        value "delinvno.dat".
  2357  *>C  copy "file18.cob".    *> "openitm2".
  2358       03  file-18        pic x(532)        value "openitm2.dat".
  2359  *>C  copy "file19.cob".    *> "openitm3".
  2360       03  file-19        pic x(532)        value "openitm3.dat".
  2361  *>C  copy "file20.cob".    *> "oisort".
  2362       03  file-20        pic x(532)        value "oisort.wrk".
  2363  *>C  copy "file21.cob".    *> "work.tmp"
  2364       03  file-21        pic x(532)        value "work.tmp".
  2365  *>C  copy "file22.cob".    *> "purchled"
  2366       03  file-22        pic x(532)        value "purchled.dat".
  2367  *>C  copy "file23.cob".    *> "delfolio.dat"
  2368       03  file-23        pic x(532)        value "delfolio.dat".
  2369  *>C  copy "file24.cob".    *> dummy to build file-02
  2370       03  file-24        pic x(532)        value spaces.
  2371  *>                        No file 25
  2372  *>C  copy "file26.cob".    *> "pinvoice"
  2373       03  file-26        pic x(532)        value "pinvoice.dat".
  2374  *>C  copy "file27.cob".    *> "poisort"
  2375       03  file-27        pic x(532)        value "poisort.wrk".
  2376  *>C  copy "file28.cob".    *> "openitm4"
ACS Cobol Xref v2.03.18          Dictionary File for PY900    24/03/2026  18:58:24:57                                  Page   45

  2377       03  file-28        pic x(532)        value "openitm4.dat".
  2378  *>C  copy "file29.cob".    *> "openitm5"
  2379       03  file-29        pic x(532)        value "openitm5.dat".
  2380  *>C  copy "file30.cob".    *> "PLautogen.dat"
  2381       03  file-30        pic x(532)        value "plautogen.dat".
  2382  *>C  copy "file31.cob".    *> "boStkitm.dat" NEw 16/03/24
  2383       03  file-31        pic x(532)        value "bostkitm.dat".
  2384  *>C  copy "file32.cob".    *> "pay.dat"
  2385       03  file-32        pic x(532)        value "pay.dat".
  2386  *>C  copy "file33.cob".    *> "cheque.dat"
  2387       03  file-33        pic x(532)        value "cheque.dat".
  2388           03  file-34          pic x(532)  value "irsacnts.dat".        *> IRS ex file 1  These 4 added 19/10/16 for IRS integration
  2389           03  file-35          pic x(532)  value "irsdflt.dat".         *> IRS ex file 3  all name have 'irs' prefix.
  2390           03  file-36          pic x(532)  value "irspost.dat".         *> IRS ex file 4
  2391           03  file-37          pic x(532)  value "irsfinal.dat".        *> IRS ex file 5
  2392           03  file-38          pic x(532)  value "postsort.dat".        *> IRS ex irs055 sort file.
  2393
  2394  *> Code for Payroll  AND INCREASE occurs both times
  2395           03  file-39          pic x(532)  value "pyact.dat".               *> PY account
  2396           03  file-40          pic x(532)  value "pychk.dat".               *> PY check / bacs
  2397           03  file-41          pic x(532)  value "pycoh.dat".               *> PY company history
  2398           03  file-42          pic x(532)  value "pyded.dat".               *> PY deduction {/ earnings}
  2399           03  file-43          pic x(532)  value "pyemp.dat".               *> PY employee master
  2400           03  file-44          pic x(532)  value "pyhis.dat".               *> PY employee (pay) history
  2401           03  file-45          pic x(532)  value "pyhrs.dat".               *> PY pay trans
  2402           03  file-46          pic x(532)  value "pypay.dat".               *> PY pay detail jrn + header ???
  2403           03  file-47          pic x(532)  value "pypr1.dat".               *> PY param 1
  2404           03  file-48          pic x(532)  value "pypr2.dat".               *> PY param 2
  2405  *> TABLES Blk 1
  2406           03  file-49          pic x(532)  value "pycalm.dat".              *> PY  calx - x = s,m,h, x?
  2407           03  file-50          pic x(532)  value "pycals.dat".              *> PY
  2408           03  file-51          pic x(532)  value "pycalh.dat".              *> PY
  2409           03  file-52          pic x(532)  value "pycalx.dat".              *> PY  california special tables ???
  2410           03  file-53          pic x(532)  value "pylwt.dat".               *> PY  tax table ???
  2411           03  file-54          pic x(532)  value "pyswtaa.dat".             *> PY  swt aa = State abbrev. code Only one used
  2412           03  file-55          pic x(532)  value "pyglcoann.dat".           *> PY gl CoA transfer ??
  2413           03  file-56          pic x(532)  value "pyglgjbss.dat".           *> PY  ???
  2414  *> Not sure about these two up/down
  2415             03  file-57          pic x(532)  value "pycal.dat".             *> PY  ??? calm,s,h etc
  2416  *>
  2417       02  filler         redefines file-defs-a.
  2418           03  System-File-Names   pic x(532) occurs 58.            *> 39 chg for sales BO file plus py
  2419       02  File-Defs-Count         binary-short value 58.           *> MUST be the same as above occurs
  2420       02  File-Defs-os-Delimiter  pic x.                           *> if = \ or / then paths have been set.
  2421  *>
  2422  *>
  2423   01  To-Day              pic x(10).
  2424  *>
  2425   screen section.
  2426  *>
  2427   01  Display-Heads                background-color cob-color-black
  2428                                    foreground-color 3
  2429                                    erase eos.
  2430       03  from  Prog-Name  pic x(15)  line  1 col  1 foreground-color 2.
ACS Cobol Xref v2.03.18          Dictionary File for PY900    24/03/2026  18:58:24:58                                  Page   46

  2431       03  value "Payroll Parameter Set Up"    col 29.
  2432       03  from  U-Date     pic x(10)          col 71 foreground-color 2.
  2433       03  from  Usera      pic x(32)  line  3 col  1.
  2434  *>
  2435   *>    03  value "Copyright (c) 2025-" line 24 col  1 foreground-color 3.
  2436   *>    03  from  wse-year              line 24 col 20 foreground-color 3.
  2437   *>    03  value "Applewood Computers" line 24 col 25 foreground-color 3.
  2438   *>    03  from maps-ser-xx            line 24 col 74 foreground-color 3. *> mp or MP
  2439   *>    03  from curs2                  line 24 col 76 foreground-color 3. *> = 9999 - O/S version
  2440  *>
  2441   01  SS-Param-Menu-1    background-color cob-color-black
  2442                          foreground-color cob-color-green
  2443                          erase eos.
  2444       03  from  Prog-Name  pic x(15)  line  1 col  1 foreground-color 2.
  2445       03  value "Payroll Parameter Set Up"    col 29.
  2446       03  from  U-Date     pic x(10)          col 71 foreground-color 2.
  2447       03  from  Usera      pic x(32)  line  3 col  1.
  2448       03  value "1. Company ID and General Parameters"
  2449                                       line  5 col  21 erase eos.
  2450       03  value "2. Pay Intervals and Default Employee Payroll Data"
  2451                                       line  6 col  21.
  2452       03  value "3. Payroll System Configuration and GL Interface"
  2453                                       line  7 col  21.
  2454       03  value "N. Next - System Wide Deduction Menu. etc"
  2455                                       line  9 col  21.
  2456       03  value "X or Esc to quit menu option"
  2457                                       line 11 col  21.
  2458       03  value "Select Option  [ ]"
  2459                                       line 13 col 30.
  2460       03  using Menu-Reply    pic x           col 46 foreground-color 3.
  2461  *>
  2462  *>
  2463   01  SS-Param-Menu-2    background-color cob-color-black
  2464                          foreground-color cob-color-green
  2465                          erase eos.
  2466       03  from  Prog-Name  pic x(15)  line  1 col  1 foreground-color 2 erase eos.
  2467       03  value "Payroll Parameter Set Up"    col 29.
  2468       03  from  U-Date     pic x(10)          col 71 foreground-color 2.
  2469       03  from  Usera      pic x(32)  line  3 col  1.
  2470       03  value "            System Wide Deduction Menu"
  2471                                       line  5 col  1 erase eos.
  2472       03  value "1. Standard Deduction Rates"
  2473                                       line  7 col 21.
  2474       03  value "2. Federal Withholding Tax Table Entry"
  2475                                       line  8 col 21.
  2476       03  value "3. System Earning and Deduction Information"
  2477                                       line  9 col 21.
  2478       03  value "X or Esc to quit menu option"
  2479                                       line 10 col 21.
  2480       03  value "Select Option  [ ]"  line 13 col 21.
  2481       03  using Menu-Reply    pic x           col 37 foreground-color 3.
  2482  *>
  2483  *>   NEW MENUS Here
  2484  *>
ACS Cobol Xref v2.03.18          Dictionary File for PY900    24/03/2026  18:58:24:58                                  Page   47

  2485   *> 01  SS-Param-Menu-3    background-color cob-color-black   *> Assumes Heading already done
  2486   *>                        foreground-color cob-color-green.
  2487
  2488
  2489  *>
  2490  *> Param data entry screens  AN is used so these are displayed only
  2491  *>
  2492   01  SS-Param-1-Company-Details-1 background-color cob-color-black
  2493                                    foreground-color cob-color-green
  2494                                    erase eos.
  2495       03  from  Prog-Name  pic x(15)  line  1 col  1 foreground-color 2.
  2496       03  value "Payroll Parameter Set Up"    col 29.
  2497       03  from  U-Date     pic x(10)          col 71 foreground-color 2.
  2498       03  from  Usera      pic x(32)  line  3 col  1.
  2499       03  value "---------------------------------------------------------------------------"
  2500                                       line  5 col  1  erase eos.
  2501       03  value "Pay Interval Used(S,M,W,B)  If more than one, Select menu screen 2      [ ]"
  2502                                       line  6 col  1.
  2503       03  value "Date Form (2=MM/DD/CCYY, 1=DD/MM/CCYY)  [ ]"
  2504                                       line  7 col  1.
  2505       03  value "Last Quarter Ended    [ ]"   col 51.
  2506       03  value "Ending Day of Last Pay Period  [          ]       Current Year       [    ]"
  2507                                       line  8 col 1.
  2508       03  value "---------------------------------------------------------------------------"
  2509                                       line  9 col  1.
  2510       03  value "Company Trading Name [                                ]"
  2511                                       line 10 col  1.
  2512       03  value "Name (Full)  ["      line 11 col  1.
  2513       03  value "]"                           col 75.
  2514       03  value "Address 1 ["         line 12 col  1.
  2515       03  value "]"                           col 44.
  2516       03  value "Address 2 ["         line 13 col  1.
  2517       03  value "] State ["                   col 44.
  2518       03  value "]    Zip ["                  col 55.
  2519       03  value "]"                           col 75.
  2520       03  value "Address 3 ["         line 14 col  1.
  2521       03  value "] Phone           ["         col 44.
  2522       03  value "]"                           col 75.
  2523       03  value "Address 4 ["         line 15 col  1.
  2524       03  value "]"                           col 44.
  2525       03  value "Email     ["         line 16 col  1.
  2526       03  value "]"                           col 42.
  2527       03  value "Govt Id        Federal                State                Local"
  2528                                       line 17 col  1.
  2529       03  value "Numbers   ["         line 18 col  1.
  2530       03  value "]     ["                     col 27.
  2531       03  value "]    ["                      col 49.
  2532       03  value "]"                           col 70.
  2533       03  value "IRS ID    [                        ]"
  2534                                       line 19 col  1.
  2535       03  value "---------------------------------------------------------------------------"
  2536                                       line 20 col  1.
  2537       03  value "Lines Per PageP ["   line 21 col  1.  *> chg 07/12/25 (data 18)
  2538  *>     03  value "]    Debugging Aid ["      col 20.
ACS Cobol Xref v2.03.18          Dictionary File for PY900    24/03/2026  18:58:24:58                                  Page   48

  2539       03  value "]  Lines per PageL ["        col 20.  *> data cc40
  2540       03  value "]    Debugging Aid ["        col 42.  *> data cc62
  2541       03  value "] {N or Y} Hard Rec Delete ["
  2542                                               col 44.
  2543       03  value "] Y/N"                       col 75.
  2544       03  value "Cols per Page - L [" line 22 col  1.  *> data cc20
  2545       03  value "]  Cols Per Page - P ["      col 22.  *> data cc44
  2546       03  value "]"                           col 46.
  2547
  2548   *>    03  using PY-PR1-Dflt-Pay-Interval pic x line 05 col 74 foreground-color 3.
  2549   *>    03  using PY-PR1-Date-Format   pic 9     line 06 col 42 foreground-color 3.
  2550   *>    03  using PY-PR2-Last-Q-Ended  pic 9     line 07 col 74 foreground-color 3.
  2551   *>    03  using WS-Date              pic x(10) line 08 col 33 foreground-color 3.
  2552   *>    03  using PY-PR2-Year          pic 9(4)  line 08 col 71 foreground-color 3.
  2553   *>    03  using PY-PR1-Trade-Name pic x(32)    line 10 col 23 foreground-color 3.
  2554   *>    03  using PY-PR1-Co-Name pic x(60)       line 11 col 15 foreground-color 3.
  2555   *>    03  using PY-PR1-Co-Address-1 pic x(32)  line 12 col 12 foreground-color 3.
  2556   *>    03  using PY-PR1-Co-Address-2 pic x(32)  line 13 col 12 foreground-color 3.
  2557   *>    03  using PY-PR1-Co-State     pic xx     line 13 col 53 foreground-color 3.
  2558   *>    03  using PY-PR1-Co-Zip       pic x(10)  line 13 col 65 foreground-color 3.
  2559   *>    03  using PY-PR1-Co-Address-3 pic x(32)  line 14 col 12 foreground-color 3.
  2560   *>    03  using PY-PR1-Co-Phone     pic x(12)  line 14 col 63 foreground-color 3.
  2561   *>    03  using PY-PR1-Co-Address-4 pic x(32)  line 15 col 12 foreground-color 3.
  2562   *>    03  using PY-PR1-Co-Email pic x(30)      line 16 col 12 foreground-color 3.
  2563   *>    03  using PY-PR1-Fed-ID   pic x(15)      line 18 col 12 foreground-color 3.
  2564   *>    03  using PY-PR1-State-ID pic x(15)      line 18 col 34 foreground-color 3.
  2565   *>    03  using PY-PR1-Local-ID pic x(15)      line 18 col 55 foreground-color 3.
  2566   *>    03  using PY-PR1-Tax-ID   pic x(24)      line 19 col 12 foreground-color 3.
  2567   *>    03  using PY-PR1-Page-Lines-L pic 99     line 21 col 18 foreground-color 3.
  2568   *>    03  using PY-PR1-Page-Lines-P pic 99     line 21 col 40 foreground-color 3.
  2569   *>    03  using PY-PR1-Debugging  pic x        line 21 col 62 foreground-color 3.
  2570   *>    03  using PY-PR1-Hard-Delete             line 21 col 74.
  2571   *>    03  using PY-PR1-Page-Width-L pic 99     line 22 col 20 foreground-color 3.
  2572   *>    03  using PY-PR1-Page-Width-P pic 99     line 22 col 44 foreground-color 3.
  2573  *>
  2574  *> For param-2 use individual accepts etc.
  2575  *>
  2576   01  SS-Param-2-Pay-Interval-Details  background-color cob-color-black
  2577                                        foreground-color cob-color-green
  2578                                        erase eos.
  2579       03  from  Prog-Name  pic x(15)  line  1 col  1 foreground-color 2.
  2580       03  value "Parameter Entry 2 - Pay Periods" col 29.
  2581       03  from  U-Date     pic 99/99/9999         col 71 foreground-color 2.
  2582       03  from  Usera      pic x(32)  line  3 col  1.
  2583       03  value "    +-------------------------------------------------------------------+"
  2584                                       line  5 col  1 erase eos.
  2585       03  value "    |                        Pay  Interval  Usage                       |"
  2586                                       line  6 col  1.
  2587       03  value "    | Monthly      ["
  2588                                       line  7 col  1.
  2589   *>    03  using PY-PR1-M-Used  pic x          col 21 foreground-color 3.
  2590       03  value "] End of Last Monthly Pay Period      ["
  2591                                               col 22.
  2592   *>    03  using PY-PR2-Last-Day-Last-M
ACS Cobol Xref v2.03.18          Dictionary File for PY900    24/03/2026  18:58:24:58                                  Page   49

  2593   *>                             pic 99/99/9999 col 61 foreground-color 3. *>  but stored as ccyymmdd
  2594       03  value "] |"                         col 71.
  2595       03  value "    | Semi Monthly ["
  2596                                       line  8 col  1.
  2597   *>    03  using PY-PR1-S-Used  pic x  line  8 col 21 foreground-color 3.
  2598       03  value "] End of Last Semi-Monthly Pay Period ["
  2599                                               col 22.
  2600   *>    03  using PY-PR2-Last-Day-Last-S pic 99/99/9999 line 08 col 61 foreground-color 3. *>  but stored as ccyymmdd
  2601       03  value "] |"                         col 71.
  2602       03  value "    | Biweekly     ["
  2603                                       line  9 col  1.
  2604   *>    03  using PY-PR1-B-Used  pic x     line 09 col 21 foreground-color 3.
  2605       03  value "] End of Last Biweekly Pay Period     ["
  2606                                               col 22.
  2607   *>    03  using PY-PR2-Last-Day-Last-B pic 99/99/9999 line  9 col 61 foreground-color 3. *>  but stored as ccyymmdd
  2608       03  value "] |"                         col 71.
  2609       03  value "    | Weekly       ["
  2610                                       line 10 col  1.
  2611   *>    03  using PY-PR1-W-Used  pic x  line 10 col 21 foreground-color 3.
  2612       03  value "] End of Last Weekly Pay Period       ["
  2613                                               col 22.
  2614   *>    03  using PY-PR2-Last-Day-Last-W pic 99/99/9999 col 61 foreground-color 3.  *> but stored as ccyymmdd
  2615       03  value "] |"                   line 10 col 71.
  2616       03  value "    +-------------------------------------------------------------------+"
  2617                                       line 11 col  1.
  2618       03  value "                     Default Employee  Values"
  2619                                       line 12 col  1.
  2620       03  value "-- Rate Name  -----------  Default  ------  Description  ---------"
  2621                                       line 13 col  1.
  2622       03  value " Vacation           Rate    [        ] (Units Earned per Pay Period)"
  2623                                       line 14 col  1.
  2624   *>    03  using PY-PR1-Dflt-Vac-Rate pic 9(5).99 line 14 col 30 foreground-color 3.  *> Cyan
  2625       03  value " Sick Leave         Rate    [        ] (Units Earned per Pay Period)"
  2626                                       line 15 col  1.
  2627   *>    03  using PY-PR1-Dflt-SL-Rate  pic 9(5).99 line 15 col 30 foreground-color 3.
  2628       03  value "1 [               ] Rate    [        ] (Dollars per Unit)"
  2629                                       line 16 col  1.
  2630   *>    03  using PY-PR1-Rate-Name (1) pic x(15) line 16 col  4 foreground-color 3. *> Regular
  2631   *>    03  using PY-PR1-Dflt-Pay-Rate pic 9(5).99 line 16 col 30 foreground-color 3.
  2632       03  value "2 [               ] Factor  [        ] (Rate 1 * Factor = Default Rate 2)"
  2633                                       line 17 col  1.
  2634   *>    03  using PY-PR1-Rate-Name (2) pic x(15) line 17 col  4 foreground-color 3. *> Overtime
  2635   *>    03  using PY-PR1-Rate2-Factor  pic 9(5).99 line 17 col 30 foreground-color 3.
  2636       03  value "3 [               ] Factor  [        ] (Rate 1 * Factor = Default Rate 3)"
  2637                                       line 18 col  1.
  2638   *>    03  using PY-PR1-Rate-Name (3) pic x(15) line 18 col  4 foreground-color 3. *> Spec. Overtime
  2639   *>    03  using PY-PR1-Rate3-Factor  pic 9(5).99 line 18 col 30 foreground-color 3.
  2640       03  value "4 [               ] Exclusion Type [ ] (Rate 4 can be Exempted from Taxes)"
  2641                                       line 19 col  1.
  2642   *>    03  using PY-PR1-Rate-Name (4) pic x(15) line 19 col  4 foreground-color 3. *> Commission
  2643   *>    03  using PY-PR1-Rate4-Exclusion-Type pic 9 line 19 col 37 foreground-color 3.
  2644       03  value "--------------------------------------------------------------------------"
  2645                                       line 20 col  1.
  2646       03  value " Default Pay Interval (any used Interval) [ ]  Max Pay Factor [        ]"
ACS Cobol Xref v2.03.18          Dictionary File for PY900    24/03/2026  18:58:24:58                                  Page   50

  2647                                       line 21 col  1.
  2648   *>    03  using PY-PR1-Dflt-Pay-Interval pic x line 21 col 43 foreground-color 3.
  2649   *>    03  using PY-PR1-Max-Pay-Factor pic 9(5).99 line 21 col 64 foreground-color 3.
  2650       03  value " Default Pay Type (H=Hourly, S=Salaried)  [ ]  Normal Units   [        ]"
  2651                                       line 22 col 1.
  2652   *>    03  using PY-PR1-Dflt-HS-Type   pic x line 22 col 43 foreground-color 3.
  2653   *>    03  using PY-PR1-Dflt-Norm-Units pic 9(5).99 line 22 col 64 foreground-color 3.
  2654  *>
  2655  *> For param-3 use individual accepts etc.
  2656  *>
  2657   01  SS-Param-3-GL-Details   background-color cob-color-black
  2658                               foreground-color cob-color-green
  2659                               erase eos.
  2660       03  from  Prog-Name  pic x(15)      line  1 col  1 foreground-color 2.
  2661       03  value "Parameter Entry 2 - GL"          col 29.
  2662       03  from  U-Date     pic x(10)              col 71 foreground-color 2.
  2663       03  from  Usera      pic x(32)      line  3 col  1.
  2664       03  value "           General Ledger          |          Check Writing"              line  5 col  1   erase eos.
  2665       03  value " GL Interface Used (Y,N,I,B)   [ ] | Computer Check Print (Y or N) [ ]"   line  6 col  1.
  2666   *>    03  using PY-PR1-GL-Used              pic x                   line 6 col 33 foreground-color 3.
  2667   *>    03  using PY-PR1-Check-Printing-Used  pic x                   line 6 col 69 foreground-color 3.
  2668       03  value " Void Checks over Max (Y or N) [ ] | Maximum Amount     [99999.99]   |"   line  7 col  1.
  2669   *>    03  using PY-PR1-Void-Checks-Over-Max pic x                   line 7 col 33 foreground-color 3.
  2670   *>    03  using PY-PR1-Void-Check-Amt       pic 9(5).99             line 7 col 58 foreground-color 3.
  2671       03  value " --------------------------------------------------------------------+"   line  8 col  1.
  2672       03  value " |                       Payroll System Accounts                     |"   line  9 col  1.  *> Pg 41 - 43
  2673       03  value " | Offset Cash  Account  [  ]      |  Default Dist Account   [  ]    |"   line 10 col  1.  *> pg 97/8
  2674   *>    03  using PY-PR1-Offset-Cash-Acct  pic 99                     line 10 col 27 foreground-color 3.
  2675   *>    03  using PY-PR1-Dflt-Dist-Acct    pic 99                     line 10 col 63 foreground-color 3.
  2676   *> New one as can't find it being asked for.  PY-PR1-Dflt-Gross-Acct
  2677       03  value " |                                 |  Default Gross Account  [  ]    |"   line 11 col  1.
  2678   *>    03  using PY-PR1-Dflt-Gross-Acct   pic 99                     line 11 col 63 foreground-color 3.
  2679       03  value " +-------------------------------------------------------------------+"   line 12 col  1.
  2680       03  value " |  Note that IRS uses 5 and GL uses 6 digits} for nominal accounts  |"   line 13 col  1.
  2681       03  value " +-------------------------------------------------------------------+"   line 14 col  1.
  2682       03  value " | Distribute Employee Cost To  1-5 Gl Accounts (Y Or N)  [ ]        |"   line 15 col  1.
  2683   *>    03  using PY-PR1-Dist-Used         pic x                      line 15 col 60 foreground-color 3.
  2684       03  value " | (If N, One Account can be Entered per Employee)                   |"   line 16 col  1.
  2685       03  value " +-------------------------------------------------------------------+"   line 17 col  1.
  2686  *>
  2687  *> DONE 09/11/25
  2688  *>
  2689   01  SS-Param-4-Standard-Deduction-Rates background-color cob-color-black
  2690                                           foreground-color cob-color-green
  2691                                           erase eos.
  2692       03  from  Prog-Name  pic x(15)                         line  1 col  1 foreground-color 2.
  2693       03  value "Parameter Entry 2 - Rates"                          col 29.
  2694       03  from  U-Date     pic x(10)                                 col 71 foreground-color 2.
  2695       03  from  Usera      pic x(32)                         line  3 col  1.
  2696       03  value "         Standard Deduction Rates"          line  4 col 15   erase eos.
  2697       03  value "               Acct"                        line  6 col 15.
  2698       03  value "        Used    No      Rate     Limit"     line  7 col 15.
  2699       03  value "FWT:     [ ]   [  ]   "                     line  8 col 15.
  2700       03  value "SWT:     [ ]   [  ]   "                     line  9 col 15.
ACS Cobol Xref v2.03.18          Dictionary File for PY900    24/03/2026  18:58:24:58                                  Page   51

  2701       03  value "LWT:     [ ]   [  ]   "                     line 10 col 15.
  2702       03  value "FICA:    [ ]   [  ]    [     ] [        ]"  line 11 col 15.
  2703       03  value "Co FICA: [ ]   [  ]    [     ] [        ]"  line 12 col 15.
  2704       03  value "SDI:     [ ]   [  ]    [     ] [        ]"  line 13 col 15.
  2705       03  value "Co FUTA: [ ]   [  ]    [     ] [        ]"  line 14 col 15.
  2706       03  value "FUTA Max State Credit: [     ]"             line 15 col 15.
  2707       03  value "Co SUI:  [ ]   [  ]    [     ] [        ]"  line 16 col 15.
  2708       03  value "EIC:     [ ]   [  ]    [     ] [        ]"  line 17 col 15.
  2709       03  value "EIC Excess:            [     ] [        ]"  line 18 col 15.
  2710  *>
  2711  *> Done 09/11/25
  2712  *>
  2713   01  SS-Param-5-Federal-Withholding-Tax-Table-Entry
  2714                                         background-color cob-color-black
  2715                                         foreground-color cob-color-green
  2716                                         erase eos.
  2717       03  from  Prog-Name  pic x(15)                         line  1 col  1 foreground-color 2.
  2718       03  value "Parameter Entry 2 - Allowances"                     col 29.
  2719       03  from  U-Date     pic x(10)                                 col 71 foreground-color 2.
  2720       03  from  Usera      pic x(32)                         line  3 col  1.
  2721       03  value "           Allowance Amount:  [        ]"        line 06 col 12.
  2722       03  value "       M A R R I E D            S I N G L E"     line 08 col 12.
  2723       03  value "    Wages Over  Percent     Wages Over  Percent" line 09 col 12.
  2724       03  value "1.  [        ]  [     ]     [        ]  [     ]" line 10 col 12.
  2725       03  value "2.  [        ]  [     ]     [        ]  [     ]" line 11 col 12.
  2726       03  value "3.  [        ]  [     ]     [        ]  [     ]" line 12 col 12.
  2727       03  value "4.  [        ]  [     ]     [        ]  [     ]" line 13 col 12.
  2728       03  value "5.  [        ]  [     ]     [        ]  [     ]" line 14 col 12.
  2729       03  value "6.  [        ]  [     ]     [        ]  [     ]" line 15 col 12.
  2730       03  value "7.  [        ]  [     ]     [        ]  [     ]" line 16 col 12.
  2731       03  value "    (Use Annual tables from IRS Circular 'E' only!)"  line 18 col 12.
  2732  *>
  2733  *> Working on it 9/11/25
  2734  *>
  2735   01  SS-Param-6-System-Earning-and-Deduction-Information
  2736                                         background-color cob-color-black
  2737                                         foreground-color cob-color-green
  2738                                         erase eos.
  2739       03  from  Prog-Name  pic x(15)                                    line  1 col  1 foreground-color 2.
  2740       03  value "Parameter Entry 2 - E/D Rates"                                 col 29.
  2741       03  from  U-Date     pic x(10)                                            col 71 foreground-color 2.
  2742       03  from  Usera      pic x(32)                                    line  3 col  1.
  2743       03  value " Used  Earn/Ded Desc   E/D Acct. A/P  Factor   Limited  Limit      XLCD Cat"
  2744                                                                         line  5 col 1.
  2745       03  value " 1[ ][               ] [ ] [  ]  [ ] [        ]  [ ]   [        ]   [ ][  ]"
  2746                                                                         line  6 col 1.
  2747       03  value " 2[ ][               ] [ ] [  ]  [ ] [        ]  [ ]   [        ]   [ ][  ]"
  2748                                                                         line  7 col 1.
  2749       03  value " 3[ ][               ] [ ] [  ]  [ ] [        ]  [ ]   [        ]   [ ][  ]"
  2750                                                                         line  8 col 1.
  2751       03  value " 4[ ][               ] [ ] [  ]  [ ] [        ]  [ ]   [        ]   [ ][  ]"
  2752                                                                         line  9 col 1.
  2753       03  value " 5[ ][               ] [ ] [  ]  [ ] [        ]  [ ]   [        ]   [ ][  ]"
  2754                                                                         line 10 col 1.
ACS Cobol Xref v2.03.18          Dictionary File for PY900    24/03/2026  18:58:24:58                                  Page   52

  2755       03  value "Use Escape to finish data entry on field - Used"       line 22 col 5
  2756                                                      foreground-color 3.
  2757  *>
  2758  *> Done 08/11/25
  2759  *>
  2760   01  SS-Param-7-IRS-Nominal-Accounts   background-color cob-color-black
  2761                                         foreground-color cob-color-green
  2762                                         erase eos.
  2763       03  from  Prog-Name  pic x(15)                                    line  1 col  1 foreground-color 2.
  2764       03  value "Parameter Entry 2 - Accounts"                                  col 29.
  2765       03  from  U-Date     pic x(10)                                            col 71 foreground-color 2.
  2766       03  from  Usera      pic x(32)                                    line  3 col  1.
  2767       03  value "    Account Entry"                                     line  4 col 29 erase eol.
  2768       03  value "Record No      [  ] *"                                 Line  6 col  7.
  2769       03  using Act-No    pic 99                                        line  6 col 23 foreground-color 3.
  2770       03  value "Account Number:[      ] **"                            line  8 col  7.
  2771       03  using Act-GL-No pic 9(6)                                      line  8 col 23 foreground-color 3.
  2772       03  value "Account Name:  {                                 }"    line  9 col  7.
  2773       03  using Act-Desc  pic x(24)                                     line  9 col 23 foreground-color 2.
  2774       03  value "* Escape or zeros to quit Entry"                       line 11 col  1 foreground-color 6.
  2775       03  value "** Is taken from the IRS accounts and HAS to have been set up already"
  2776                                                                         line 13 col  1 foreground-color 6.
  2777  *>
  2778  *> Done 08/11/25
  2779  *>
  2780   01  SS-Param-7-IRS-Show-Nominal-Accounts   background-color cob-color-black
  2781                                              foreground-color cob-color-green
  2782                                              erase eos.
  2783       03  from  Prog-Name  pic x(15)                                    line  1 col  1 foreground-color 2.
  2784       03  value "Parameter Entry 2 - Accounts"                                  col 29.
  2785       03  from  U-Date     pic x(10)                                            col 71 foreground-color 2.
  2786       03  from  Usera      pic x(32)                                    line  3 col  1.
  2787       03  value "    Account Records"                                   line  4 col 29.
  2788       03  value "Entry #   Acct #   Description"                        line  6 col  1 foreground-color 3.
  2789       03  from  Act-No    pic 99                                        line  7 col  2 foreground-color 3.
  2790       03  from  Act-GL-No pic 9(6)                                      line  7 col 11 foreground-color 3.
  2791       03  from  Act-Desc  pic x(24)                                     line  7 col 20 foreground-color 2.
  2792  *>
  2793       03  Value "* Escape to quit Entry"                                line 22 col  1 foreground-color 6.
  2794  *>
  2795  *>
  2796  *> Stored here for inclusion in correct programs
  2797  *>
  2798
  2799
  2800
  2801  *>  -----------------                            -------------------
  2802  *>
  2803  *>  5  Vacation Taken      18  Tips Reported         except FICA
  2804  *>  6  Sick Leave Taken    27  Advance Repay.
  2805  *>  7  Comp Time Taken     28  FWT Add-On         3  Subject to all taxes
  2806  *>  8  Comp Time Earned    29  SWT Add-On            and percent deductions
  2807  *> 10  Tips Collected      31  FICA Add-On
  2808  *>**
ACS Cobol Xref v2.03.18          Dictionary File for PY900    24/03/2026  18:58:24:58                                  Page   53

  2809  *>Y O U R  C O M P A N Y  N A M E                                         00/00/ccyy
  2810  *>                                Payroll System
  2811  *>                            Pay Transaction Entry                   Batch: nnn
  2812  *>
  2813  *>
  2814  *>
  2815  *>      Record Number [       ]---------------------------------------+
  2816  *>        |                                                           |
  2817  *>        |  Employee No.  [       ] employee name                    |
  2818  *>        |  Trans code    [  ]      description                      |
  2819  *>        |  Units         [            ]                             |
  2820  *>        |  Date          [          ]                               |
  2821  *>        |                                                           |
  2822  *>        +-----------------------------------------------------------+
  2823  *>
  2824  *>                    Display Employee Names [ ]
  2825  *>**
  2826  *>Y O U R  C O M P A N Y  N A M E                                           00/00/ccyy
  2827  *>                                Payroll System
  2828  *>                               Print Pay Checks
  2829  *>
  2830  *>
  2831  *>         Type ""Y"" or Press  Return  to Print a Test Form
  2832  *>         Type ""N"" When the Forms are properly aligned [ ]
  2833  *>
  2834  *>         The Last Check Printed was Check Number   nnnnnn
  2835  *>
  2836  *>         The Starting Check Number Will Be    [      ]
  2837  *>
  2838  *>
  2839  *>          Press the Escape key to Stop
  2840  *>          Press the Return key to Continue   [ ]
  2841  *>
  2842  *>          The Check Amount Exceeds The Maximum Allowed.
  2843  *>          This Check Will Be Voided.
  2844  *>
  2845  *>                   All Checks Have Been Printed
  2846  *>**
  2847  *>YOUR COMPANY NAME                                                00/00/ccyy
  2848  *>                                Payroll System
  2849  *>
  2850  *>       1. All Employees                  8. All Hourly Employees
  2851  *>       4. All Semi-Monthly Employees    11. All On-leave Employees
  2852  *>       5. All Monthly Employees         12. All Terminated Employees
  2853  *>       6. All Week Based Employees      13. All Deleted Employees
  2854  *>       7. All Month Based Employees     14. A Range Of Employees
  2855  *>
  2856  *>                  Enter Your Selection Number: [  ]
  2857  *>
  2858  *>                  Range From [       ] To [       ]
  2859  *>
  2860  *>                  Full Information or Single Line (F Or S) [ ]
  2861  *>**
  2862  *>YOUR COMPANY NAME                                                 00/00/ccyy
ACS Cobol Xref v2.03.18          Dictionary File for PY900    24/03/2026  18:58:24:58                                  Page   54

  2863  *>                                Payroll System
  2864  *>                               Print 941 Report
  2865  *>      company name                                                date qtr ended
  2866  *>      trade name
  2867  *>      address                                                     I.D. number
  2868  *>      address
  2869  *>      city                    state       zipcode
  2870  *>      Print Name And Address  [ ]
  2871  *>Number of Employees
  2872  *>Total Wages and Tips
  2873  *>Total Income Tax Withheld
  2874  *>Adjustment of Withheld Income Tax from Previous Quarters    [             ]
  2875  *>Adjusted Total of Income Tax Withheld                                     ]
  2876  *>Taxable FICA Wages Paid                     Times 12.26% =
  2877  *>Taxable Tips Reported                       Times  6.13% =
  2878  *>Total FICA Taxes                                            [             ]
  2879  *>Adjustment of FICA Taxes                                    [             ]
  2880  *>Adjusted Total of FICA Taxes                                [             ]
  2881  *>Total Taxes                                                 [             ]
  2882  *>Earned Income Credit                                        [             ]
  2883  *>Net Taxes                                                   [             ]
  2884
  2885  *>**    941b
  2886  *>Deposit per End  00/00/ccyy      Liability      Date       Amount
  2887  *>Overpayment From Previous Quarter.......................  [999999.99]
  2888  *> Month     | Days 8 Through 15   nnnnnnn.nn   [          ][         ]
  2889  *> Of        | Days 16 Through 22  nnnnnnn.nn   [          ][         ]
  2890  *> Quarter   | Days 23 Through End nnnnnnn.nn   [          ][         ]
  2891  *>   First Month Total:            nnnnnnn.nn
  2892  *> Month     | Days 8 Through 15   nnnnnnn.nn   [          ][         ]
  2893  *> Of        | Days 16 Through 22  nnnnnnn.nn   [          ][         ]
  2894  *> Quarter   | Days 23 Through End nnnnnnn.nn   [          ][         ]
  2895  *>   Second Month Total:           nnnnnnn.nn
  2896  *> Month     | Days 8 Through 15   nnnnnnn.nn   [          ][         ]
  2897  *> Of        | Days 16 Through 22  nnnnnnn.nn   [          ]
  2898  *> Quarter   | Days 23 Through End nnnnnnn.nn   [          ][         ]
  2899  *>   Third Month Total:            nnnnnnn.nn
  2900  *>Total For Quarter:               nnnnnnn.nn               [         ]
  2901  *>Final Deposit For Quarter:....................[          ][         ]
  2902  *>Total Deposits For Quarter:...............................[         ]
  2903  *>Overpayment:....                  Undeposited Taxes Due:..[         ]
  2904  *>**
  2905  *>YOUR COMPANY NAME                                                       00/00/ccyy
  2906  *>                              Print W-2 Report
  2907  *>
  2908  *> ------------------------------------+---------------------------------------
  2909  *>                                     |  Number Of Lines Between Forms  [  ]
  2910  *>      Enter Selection [ ]            |
  2911  *>                                     |  Starting Print Column          [  ]
  2912  *> ------------------------------------|--------------------------------------
  2913  *> Starting Employee Number [       ]  |
  2914  *>        Employee Number   [       ]  |           Print Test Form [ ]
  2915  *> Ending Employee Number   [       ]  |
  2916  *> ------------------------------------+--------------------------------------
ACS Cobol Xref v2.03.18          Dictionary File for PY900    24/03/2026  18:58:24:58                                  Page   55

  2917  *>
  2918  *>**
  2919  *>**
  2920  *>    Payroll System               (General Ledger)
  2921  *>  -----------------------  Account  ----------------------
  2922  *>     Reference No.    Name                          Number
  2923  *>           1          Cash                          011100
  2924  *>           2          Accrued Liability             121100
  2925  *>           3          Salary Expense                411100
  2926  *>           4          Accrued Payroll Costs Liab.   131100
  2927  *>**
  2928  *>     Payroll field limitations from Basic (with some changes) so subject to possible more change :
  2929  *>     Co Name:              60 characters maximum [ reduce to 32 or 40 ? ]
  2930  *>     Trading Name:         32 characters maximum
  2931  *>     Address:              4 lines of 30 characters each
  2932  *>     City:                 18 characters maximum  NOT USED as uses address lines 3 or 4.
  2933  *>     State:                Official two-character state abbreviation
  2934  *>     Zip:                   5 digit number only
  2935  *>     Govt Id Nos.:         10 digit number maximum } One or other
  2936  *>     N.I, Nos.:            10 digit number maximum }    dito
  2937  *>     Employee No.          7 numeric digits last being check modulus 11 ??.
  2938  *>     Vacation Rate:        99999.99 maximum entry [9(5)v99].
  2939  *>     S.L. Rate:            99999.99 maximum entry
  2940  *>     Rate 1, 2, 3 & 4
  2941  *>      Descriptive Name:    15 characters each
  2942  *>     Rate1 Default:        99999.99 maximum entry
  2943  *>     Rate2 Factor:         99999.99 maximum entry
  2944  *>     Rate3 Factor:         99999.99 maximum entry
  2945  *>     Max Pay Factor:       99999.99 maximum entry
  2946  *>     Normal Units:         99999.99 maximum entry
  2947  *>     Check Writing max Amount
  2948  *>      (Before Voiding):    9,999,999.99 max  [9(7)v99]. as set in params.
  2949  *>     Expense Account:      1 to 2 digit Payroll System Account
  2950  *>                           (Act Record) Reference Number
  2951  *>     Offset Cash Account:  1 to 2 digit Payroll System Account
  2952  *>                           (Act Record) Reference Number
  2953  *>     Default Dist Account: 1 to 2 digit Payroll System Account
  2954  *>                           (Act Record) Reference Number
  2955  *>     Check No.             999999. -- does any bamk use more ?
  2956  *> These not used in Cobol version --- As yet.
  2957  *>     User defined program name:
  2958  *>                           Valid 8 character CP/M filename;
  2959  *>                           Alpha numeric only and
  2960  *>                           must not start with a number.
  2961  *>     User Defined Program Desc:
  2962  *>                           30 characters maximum
  2963  *>**
  2964  *>
  2965  *> Where "aa" is the two character state abbreviation.  There are four
  2966  *> tax table files for California:
  2967  *>
  2968  *>   Merge into one.
  2969  *>
  2970  *>**
ACS Cobol Xref v2.03.18          Dictionary File for PY900    24/03/2026  18:58:24:58                                  Page   56

  2971  *>
  2972  *>    TRANSACTION     TRANSACTION         CHECK
  2973  *>       CODE            TYPE            CATEGORY
  2974  *>
  2975  *>        (0)         Rate0 Pay             1
  2976  *>        (1)         Rate1 Pay             2
  2977  *>        (2)         Rate2 Pay             3
  2978  *>        (3)         Rate3 Pay             4
  2979  *>        (4)         Rate4 Pay             5
  2980  *>        (5)         Vacation Taken
  2981  *>        (6)         Sick Leave Taken
  2982  *>        (7)         Comp Time Taken
  2983  *>        (8)         Comp Time Earned
  2984  *>        (9)         Bonus                 6
  2985  *>       (10)         Tips Collected        7
  2986  *>       (11)         Advance               6
  2987  *>       (12)         Sick Pay              6
  2988  *>       (13)         Vacation Pay          6
  2989  *>       (14)         Other Excluded Pay    6
  2990  *>       (15)         Expense Reimbursement 6
  2991  *>       (17)         Other Pay             6
  2992  *>       (18)         Tips Reported        14
  2993  *>       (27)         Advance Repay        14
  2994  *>       (28)         FWT Add-On            9
  2995  *>       (29)         SWT Add-On           10
  2996  *>       (30)         LWT Add-On           11
  2997  *>       (31)         FICA Add-On          12
  2998  *>
  2999  *>  (Figure 26.1 Transaction Codes and Check Categories)
  3000  *>**
  3001  *>          The Optional Reports
  3002  *>
  3003  *>       1. Account Print
  3004  *>       2. Employee Master Report
  3005  *>       3. Employee History Report
  3006  *>       4. Vacation Report
  3007  *>**
  3008  *> PRESETS USED in PY900 - - -
  3009  *>
  3010  *>        Standard Deduction Rates
  3011  *>
  3012  *>           Acct
  3013  *>
  3014  *>   FWT:     [Y]   [  2]
  3015  *>   SWT:     [Y]   [  2]
  3016  *>   LWT:     [N]   [  2]
  3017  *>   FICA:    [Y]   [  2]    [   6.13]  [   22,900.00]
  3018  *>   CO FICA: [Y]   [  4]    [   6.13]  [   22,900.00]
  3019  *>   SDI:     [N]   [  2]    [   1.00]  [    6,000.00]
  3020  *>   CO FUTA: [Y]   [  4]    [   3.40]  [    6,000.00]
  3021  *>   FUTA Max State Credit:  [   2.70]
  3022  *>   CO SUI:  [Y]   [  4]    [   0.00]  [    6,000.00]
  3023  *>   EIC:     [N]   [  2]    [  10.00]  [    5,000.00]
  3024  *>   EIC Excess:             [  12.50]  [    6,000.00]
ACS Cobol Xref v2.03.18          Dictionary File for PY900    24/03/2026  18:58:24:58                                  Page   57

  3025  *>
  3026  *>    (Figure 10.1: Default Standard Deduction Rates)
  3027  *>                          created in py900
  3028  *>--
  3029  *>        FEDERAL WITHHOLDING TAX TABLE ENTRY
  3030  *>**
  3031  *> The Payroll System did supply the current Federal withholding tax table.
  3032  *> Income tax withholding is based on the percentage method
  3033  *> (see IRS circular E, Employer's Tax Guide), using the
  3034  *> ANNUAL payroll period table. WARNING it is NOT up to date.
  3035  *>
  3036  *> The System Deduction Entry program (py900) lets you
  3037  *> change this table when needed.  See Chapter 22 for details.
  3038  *>**
  3039  *>
  3040  *>
  3041  *>     CUTOFF    PERCENT       CUTOFF   PERCENT
  3042  *>
  3043  *>     (Figure 10.2: Default Federal Tax Table)  via py900
  3044  *>**
  3045  *>         SYSTEM EARNING AND DEDUCTION INFORMATION
  3046  *>
  3047  *>   USED?    DESC       E/D ACCT A/P  FACTOR   LIMITED  LIMIT   XLCD CAT
  3048  *>
  3049  *>
  3050  *>    (Figure 10.3: Default System Earning and Deduction Information) via py900
  3051  *>**
  3052  *>
  3053   procedure division using WS-Calling-Data  *> ACAS
  3054                            WS-System-Record *> ACAS
  3055                            To-Day           *> ACAS
  3056                            File-Defs.       *> ACAS
  3057  *>
  3058   aa000-Main                  section.
  3059  *>**********************************
  3060  *> Force Esc, PgUp, PgDown, PrtSC to be detected
  3061       set      ENVIRONMENT "COB_SCREEN_EXCEPTIONS" to "Y".
  3062       set      ENVIRONMENT "COB_SCREEN_ESC" to "Y".
  3063       move     current-Date to WSE-Date-block.
  3064  *>
  3065       perform  forever
  3066                accept   WS-Env-Lines   from lines
  3067                if       WS-Env-Lines < 28
  3068                         display  SY010    at 0101 with erase eos
  3069                         accept   WS-Reply at 0133
  3070                         move     8 to WS-Term-Code
  3071                         exit perform cycle
  3072                end-if
  3073                accept   WS-Env-Columns from Columns
  3074                if       WS-Env-Columns < 80
  3075                         display  SY013    at 0101 with erase eos
  3076                         accept   WS-Reply at 0130
  3077                         move     8 to WS-Term-Code
  3078                         exit perform cycle
ACS Cobol Xref v2.03.18          Dictionary File for PY900    24/03/2026  18:58:24:58                                  Page   58

  3079                end-if
  3080       end-perform.
  3081  *>
  3082  *> Set up error message areas on screen
  3083  *>
  3084       subtract 2 from WS-Env-Lines giving WS-22-Lines.
  3085       subtract 1 from WS-Env-Lines giving WS-23-Lines.
  3086       move     WS-Env-Lines to WS-Lines.
  3087  *>
  3088  *> Pre setup params for acept_numeric routine
  3089  *>
  3090       move     zeros to AN-Error-Code
  3091                         AN-Return-Code.
  3092       SET      AN-FG-IS-Green    to TRUE.
  3093       SET      AN-BG-IS-Black    to TRUE.
  3094       SET      AN-FG2-IS-Cyan    to TRUE.
  3095       SET      AN-Mode-IS-Update to TRUE.  *> could be AN-MODE-IS-NO-UPDATE to
  3096  *>                                            TRUE on first use.
  3097  *>
  3098  *>
  3099    *>   perform  zz070-Convert-Date. *> o/p as WS-Date - NEEDED ??
  3100  *> now check for PY param file & rec.
  3101  *>
  3102  *>  At this point it is ASSUMED that payroll has run and copied system file
  3103  *>  record 1 into System-Record area. IF it does not exist it is created by
  3104  *>  forcing sys002 to run, for the first time of running.
  3105  *>
  3106  *>  If param file opened as output then using AN Input mode,
  3107  *>   assuming all number are zero as initialised. NEED TO TEST THIS that AN
  3108  *>    is working correctly for zeros.
  3109  *>
  3110  *> Sort the US states codes in alphabetic order
  3111  *>  ready for search all on WS-Codes
  3112  *>
  3113       sort     WS-States on ascending key WS-Codes.
  3114
  3115       move     1 to RRN.
  3116       open     input PY-Param1-File.
  3117       if       PY-PR1-Status not = "00"      *> Does not exist yet so lets create it & write rec
  3118                close    PY-Param1-File
  3119                open     output PY-Param1-File
  3120                close    PY-Param1-File
  3121                open     i-o PY-Param1-File
  3122                set      AN-MODE-IS-NO-UPDATE to true
  3123                perform  ab000-PY-Param-Set-Up  *> at end file will be opened as i-o also act file set up via IRS
  3124                if       WS-Term-Code = 16
  3125                         close    PY-Param1-File
  3126                         goback
  3127       else
  3128                set      AN-MODE-IS-UPDATE to true
  3129                close    PY-Param1-File
  3130                open     i-o PY-Param1-File
  3131                move     1 to RRN
  3132                read     PY-Param1-File key RRN
ACS Cobol Xref v2.03.18          Dictionary File for PY900    24/03/2026  18:58:24:58                                  Page   59

  3133                if       PY-PR1-Status not = "00"
  3134                         perform  ZZ040-Evaluate-Message
  3135                         display  PY002         at line WS-23-Lines col 1 with erase eos
  3136                         display  PY-PR1-Status at line WS-23-Lines col 34
  3137                         display  WS-Eval-Msg   at line WS-23-Lines col 37
  3138                         display  SY001         at line WS-Lines    col 1
  3139                         accept   WS-Reply      at line WS-Lines    col 48 AUTO
  3140                         close    PY-Param1-File
  3141                         display  space at line WS-23-lines col 1 with erase eos
  3142                         display  SY001 at line WS-Lines col 1 foreground-color 4
  3143                         goback
  3144                end-if
  3145       end-if.
  3146       move     zero  to  Menu-Reply.
  3147  *>
  3148  *> REMEMBER TO REOPEN PARAM FILE AND CLOSE IT AFTER A REWRITE   <<<<<<<<-------
  3149  *> before all menus other than the first one
  3150  *>
  3151   aa010-Param-Menu-1.
  3152       move     maps-ser-nn to curs2.
  3153       display  space at 0101 with erase eos.
  3154       move     spaces to Menu-Reply.
  3155   *>    display  Display-Heads.
  3156       display  SS-Param-Menu-1.
  3157       accept   SS-Param-Menu-1 AUTO UPDATE.
  3158       move     UPPER-CASE (Menu-Reply) to Menu-Reply.
  3159  *>
  3160       if       Menu-Reply = "N"         *> NEXT menu
  3161                go to    aa020-Param-Menu-2-Starter.
  3162  *>
  3163       if       Menu-Reply = "X"         *> Quit
  3164          or    Cob-CRT-Status = Cob-Scr-Esc
  3165                move     1 to RRN
  3166                rewrite  PY-Param1-Record
  3167                perform  aa125-Test-PR1-Status
  3168                if       PY-PR1-Status not = "00"     *> E.g., 22, key exists
  3169                         write    PY-Param1-Record
  3170                         perform  aa125-Test-PR1-Status
  3171                end-if
  3172                close    PY-Param1-File
  3173                move     zero to WS-Term-Code
  3174                goback                        *> Quit program, we are done
  3175       end-if.
  3176   aa011-Retry-1.
  3177  *> Company ID & General params
  3178       if       Menu-Reply = 1
  3179                move     maps-ser-nn to curs2
  3180   *>             display  Display-Heads
  3181                display  space at 0101 with erase eos
  3182                move     "00/00/0000" to WS-Date
  3183                if       PY-PR1-Last-Day-Pay-Period (1:2) not = zeros
  3184                         move     PY-PR1-Last-Day-Pay-Period (1:2) to WS-Days
  3185                         move     PY-PR1-Last-Day-Pay-Period (3:2) to WS-Month
  3186                         move     PY-PR1-Last-Day-Pay-Period (5:4) to WS-Year
ACS Cobol Xref v2.03.18          Dictionary File for PY900    24/03/2026  18:58:24:58                                  Page   60

  3187                end-if
  3188                display  SS-Param-1-Company-Details-1
  3189     *>           accept   SS-Param-1-Company-Details-1 *> UPDATE
  3190  *>
  3191                perform  forever
  3192                         accept   PY-PR1-Dflt-Pay-Interval at 0674 foreground-color 3 UPDATE UPPER
  3193                         if       PY-PR1-Dflt-Pay-Interval not = "S" and not = "M"
  3194                             and                           not = "W" and not = "B"
  3195                                  move     PY104 to WS-Err-Msg
  3196                                  perform  aa100-Bad-Data-Display
  3197                                  exit perform cycle
  3198                         else
  3199                                  display  spaces at line WS-23-Lines col 1 erase eos
  3200                                  exit     perform
  3201                         end-if
  3202                end-perform
  3203                accept   PY-PR1-Date-Format       at 0742 foreground-color 3 UPDATE
  3204                accept   PY-PR2-Last-Q-Ended      at 0774 foreground-color 3 UPDATE
  3205                accept   WS-Date                  at 0833 foreground-color 3 UPDATE
  3206                accept   PY-PR2-Year              at 0871 foreground-color 3 UPDATE
  3207                accept   PY-PR1-Trade-Name        at 1023 foreground-color 3 UPDATE
  3208                accept   PY-PR1-Co-Name           at 1115 foreground-color 3 UPDATE
  3209                accept   PY-PR1-Co-Address-1      at 1212 foreground-color 3 UPDATE
  3210                accept   PY-PR1-Co-Address-2      at 1312 foreground-color 3 UPDATE
  3211                perform  forever
  3212                         accept   PY-PR1-Co-State at 1353 foreground-color 3 UPDATE
  3213                         MOVE     ZERO TO C
  3214                         SET      QQ   TO 1
  3215                         search   all  WS-States  *>  at end      move zero to C  ** NOT NEEDED ???
  3216                                  when  PY-PR1-Co-State = WS-Codes (QQ)
  3217                                        SET   C to QQ
  3218                         if       C = zero
  3219                                  display  PY125 at line WS-23-Lines col 1 foreground-color 4
  3220                                                                           erase eol
  3221                                  exit perform cycle
  3222                         else
  3223                                  display  space at line WS-23-Lines col 1 erase eol
  3224                                  exit perform
  3225                         end-if
  3226                end-perform
  3227                accept   PY-PR1-Co-Zip            at 1365 foreground-color 3 UPDATE
  3228                accept   PY-PR1-Co-Address-3      at 1412 foreground-color 3 UPDATE
  3229                accept   PY-PR1-Co-Phone          at 1463 foreground-color 3 UPDATE
  3230                accept   PY-PR1-Co-Address-4      at 1512 foreground-color 3 UPDATE
  3231                accept   PY-PR1-Co-Email          at 1612 foreground-color 3 UPDATE
  3232                accept   PY-PR1-Fed-ID            at 1812 foreground-color 3 UPDATE
  3233                accept   PY-PR1-State-ID          at 1834 foreground-color 3 UPDATE
  3234                accept   PY-PR1-Local-ID          at 1855 foreground-color 3 UPDATE
  3235                accept   PY-PR1-Tax-ID            at 1912 foreground-color 3 UPDATE
  3236                accept   PY-PR1-Page-Lines-P      at 2118 foreground-color 3 UPDATE  *> chgd 07/12/25
  3237                accept   PY-PR1-Page-Lines-L      at 2140 foreground-color 3 UPDATE  *> new 07/12/25
  3238  *>
  3239                perform  Forever
  3240                         accept   PY-PR1-Debugging at 2162 foreground-color 3 UPDATE UPPER
ACS Cobol Xref v2.03.18          Dictionary File for PY900    24/03/2026  18:58:24:58                                  Page   61

  3241                         if       PY-PR1-Debugging not = "N" and not = "Y"
  3242                                  move     PY103 to WS-Err-Msg
  3243                                  perform  aa100-Bad-Data-Display
  3244                                  exit perform cycle
  3245                         end-if
  3246                         exit     perform
  3247                end-perform
  3248                perform  Forever      *> new 02/02/26
  3249                         accept   PY-PR1-Hard-Delete at 2174 foreground-color 3 UPDATE UPPER
  3250                         if       PY-PR1-Hard-Delete not = "Y" and not = "N"
  3251                                  move     PY126 to WS-Err-Msg
  3252                                  perform  aa100-Bad-Data-Display
  3253                                  exit perform cycle
  3254                         end-if
  3255                         display  space at line WS-23-Lines col 1 erase eol
  3256                         exit     perform
  3257                end-perform
  3258  *>
  3259                accept   PY-PR1-Page-Width-L      at 2220 foreground-color 3 UPDATE  *> chgd 07/12/25
  3260                accept   PY-PR1-Page-Width-P      at 2244 foreground-color 3 UPDATE  *> chgd 07/12/25
  3261  *>
  3262                if       PY-PR1-Date-Format < 1 or > 2
  3263                         move     PY105 to WS-Err-Msg
  3264                         perform  aa100-Bad-Data-Display
  3265                         go to    aa011-Retry-1
  3266                end-if
  3267                if       PY-PR2-Last-Q-Ended < 1 or > 4
  3268                         move     PY106 to WS-Err-Msg
  3269                         perform  aa100-Bad-Data-Display
  3270                         go to    aa011-Retry-1
  3271                end-if
  3272                if       (PY-PR1-Page-Lines-L < 40 or > 90)
  3273                    or   (PY-PR1-Page-Lines-P < 40 or > 90)
  3274                         move     PY107 to WS-Err-Msg
  3275                         perform  aa100-Bad-Data-Display
  3276                         go to    aa011-Retry-1
  3277                end-if
  3278  *> can be dd/mm or dd/mm dont care - still works but 1st get rid of "/" etc
  3279                move     WS-Days  to PY-PR1-Last-Day-Pay-Period (1:2)
  3280                move     WS-Month to PY-PR1-Last-Day-Pay-Period (3:2)
  3281                move     WS-Year  to PY-PR1-Last-Day-Pay-Period (5:4)
  3282                perform  zz010-Test-YMD
  3283                if       A not = zero
  3284                         display  SY005 at line WS-23-Lines col 1 foreground-color 6 BEEP erase eos
  3285                         display  "Last Day Pay Period" at line WS-23-Lines col 20 foreground-color 6
  3286                         go  to aa011-Retry-1
  3287                end-if
  3288                move     1 to RRN
  3289                rewrite  PY-Param1-Record               *> previous exists
  3290                perform  aa125-Test-PR1-Status
  3291                go to    aa010-Param-Menu-1.
  3292  *>
  3293   aa012-Retry-2.
  3294  *> Pay intervals
ACS Cobol Xref v2.03.18          Dictionary File for PY900    24/03/2026  18:58:24:58                                  Page   62

  3295       if       Menu-Reply = 2
  3296                move     maps-ser-nn to curs2
  3297    *>            display  Display-Heads
  3298                display  space at 0101 with erase eos
  3299                display  SS-Param-2-Pay-Interval-Details
  3300                perform  forever
  3301                         accept   PY-PR1-M-Used at 0721 foreground-color 3 UPPER UPDATE
  3302                         move     "00/00/0000" to WS-Date          *> NEED TO TEST DATES
  3303                         move     WSE-Year to WS-Year
  3304                         move     12       to WS-Month
  3305                         move     31       to WS-Days
  3306                         if       PY-PR1-M-Used = "Y"
  3307                                  accept   WS-Date  at line 7 col 61  foreground-color 3 UPDATE
  3308                                  move     WS-Days  to PY-PR2-Last-Day-Last-M (1:2)
  3309                                  move     WS-Month to PY-PR2-Last-Day-Last-M (3:2)
  3310                                  move     WS-Year  to PY-PR2-Last-Day-Last-M (5:4)
  3311                                  perform  zz010-Test-YMD
  3312                                  if       A not = zero
  3313                                           display  SY005 at line WS-23-Lines col 1 foreground-color 6 BEEP erase eos
  3314                                           display  "Last Day Last M" at line WS-23-Lines col 20 foreground-color 6
  3315                                           exit perform cycle
  3316                                  end-if
  3317                                  display  space at line WS-23-Lines col 1 erase eos
  3318                                  exit  perform
  3319                         end-if
  3320                end-perform
  3321                accept   PY-PR1-S-Used at 0821 foreground-color 3 UPPER UPDATE
  3322                if       PY-PR1-S-Used = "Y"
  3323                         perform  forever
  3324                                  accept   WS-Date  at line 8 col 61  foreground-color 3 UPDATE
  3325                                  move     WS-Days  to PY-PR2-Last-Day-Last-S (1:2)
  3326                                  move     WS-Month to PY-PR2-Last-Day-Last-S (3:2)
  3327                                  move     WS-Year  to PY-PR2-Last-Day-Last-S (5:4)
  3328                                  perform  zz010-Test-YMD
  3329                                  if       A not = zero
  3330                                           display  SY005 at line WS-23-Lines col 1 foreground-color 6 BEEP erase eos
  3331                                           display  "Last Day Last S" at line WS-23-Lines col 20 foreground-color 6
  3332                                           exit perform cycle
  3333                                  end-if
  3334                                  display  space at line WS-23-Lines col 1 erase eos
  3335                                  exit perform
  3336                         end-perform
  3337                end-if
  3338                accept   PY-PR1-B-Used at 0921 foreground-color 3 UPPER UPDATE
  3339                if       PY-PR1-B-Used = "Y"
  3340                         perform  forever
  3341                                  accept   WS-Date  at line 9 col 61  foreground-color 3 UPDATE
  3342                                  move     WS-Days  to PY-PR2-Last-Day-Last-B (1:2)
  3343                                  move     WS-Month to PY-PR2-Last-Day-Last-B (3:2)
  3344                                  move     WS-Year  to PY-PR2-Last-Day-Last-B (5:4)
  3345                                  perform  zz010-Test-YMD
  3346                                  if       A not = zero
  3347                                           display  SY005 at line WS-23-Lines col 1 foreground-color 6 BEEP erase eos
  3348                                           display  "Last Day Last B" at line WS-23-Lines col 20 foreground-color 6
ACS Cobol Xref v2.03.18          Dictionary File for PY900    24/03/2026  18:58:24:58                                  Page   63

  3349                                           exit perform cycle
  3350                                  end-if
  3351                                  display  space at line WS-23-Lines col 1 erase eos
  3352                                  exit perform
  3353                         end-perform
  3354                end-if
  3355                accept   PY-PR1-W-Used at 1021 foreground-color 3 UPPER UPDATE
  3356                if       PY-PR1-W-Used = "Y"
  3357                         perform  forever
  3358                                  accept   WS-Date  at 1061 foreground-color 3 UPDATE
  3359                                  move     WS-Days  to PY-PR2-Last-Day-Last-W (1:2)
  3360                                  move     WS-Month to PY-PR2-Last-Day-Last-W (3:2)
  3361                                  move     WS-Year  to PY-PR2-Last-Day-Last-W (5:4)
  3362                                  perform  zz010-Test-YMD
  3363                                  if       A not = zero
  3364                                           display  SY005 at line WS-23-Lines col 1 foreground-color 6 BEEP erase eos
  3365                                           display  "Last Day Last W" at line WS-23-Lines col 20 foreground-color 6
  3366                                           exit perform cycle
  3367                                  end-if
  3368                                  display  space at line WS-23-Lines col 1 erase eos
  3369                                  exit perform
  3370                         end-perform
  3371                end-if
  3372  *>
  3373  *>    Should all be using Cyan (3) for input
  3374  *>
  3375                MOVE     14  TO AN-LINE
  3376                MOVE     30  TO AN-COLUMN
  3377                set      AN-MODE-IS-UPDATE TO TRUE
  3378                call     STATIC "ACCEPT_NUMERIC" using by REFERENCE PY-PR1-Dflt-Vac-Rate
  3379                                                       by REFERENCE AN-ACCEPT-NUMERIC
  3380                perform  AN-Test-Status  *> not bother for all others as not used
  3381  *>
  3382                MOVE     15  TO AN-LINE
  3383                MOVE     30  TO AN-COLUMN
  3384                call     STATIC "ACCEPT_NUMERIC" using by REFERENCE PY-PR1-Dflt-SL-Rate
  3385                                                       by REFERENCE AN-ACCEPT-NUMERIC
  3386  *>
  3387                accept   PY-PR1-Rate-Name (1) at 1604 foreground-color 3 UPDATE
  3388                MOVE     16  TO AN-LINE
  3389                MOVE     30  TO AN-COLUMN
  3390                call     STATIC "ACCEPT_NUMERIC" using by REFERENCE PY-PR1-Dflt-Pay-Rate
  3391                                                       by REFERENCE AN-ACCEPT-NUMERIC
  3392  *>
  3393                accept   PY-PR1-Rate-Name (2) at 1704 foreground-color 3 UPDATE
  3394                MOVE     17  TO AN-LINE
  3395                MOVE     30  TO AN-COLUMN
  3396                call     STATIC "ACCEPT_NUMERIC" using by REFERENCE PY-PR1-Rate2-Factor
  3397                                                       by REFERENCE AN-ACCEPT-NUMERIC
  3398  *>
  3399                accept   PY-PR1-Rate-Name (3) at 1804 foreground-color 3 UPDATE
  3400                MOVE     18  TO AN-LINE
  3401                MOVE     30  TO AN-COLUMN
  3402                call     STATIC "ACCEPT_NUMERIC" using by REFERENCE PY-PR1-Rate3-Factor
ACS Cobol Xref v2.03.18          Dictionary File for PY900    24/03/2026  18:58:24:59                                  Page   64

  3403                                                       by REFERENCE AN-ACCEPT-NUMERIC
  3404  *>
  3405                accept   PY-PR1-Rate-Name (4) at 1904 foreground-color 3 UPDATE
  3406                perform  forever
  3407                         accept   PY-PR1-Rate4-Exclusion-Type at 1937 foreground-color 3 UPDATE
  3408                         if       PY-PR1-Rate4-Exclusion-Type > 4
  3409                                  move     PY108 to WS-Err-Msg
  3410                                  perform  aa100-Bad-Data-Display
  3411                                  exit perform cycle
  3412                         end-if
  3413                         display  space at line WS-23-Lines col 1 erase eos
  3414                         exit  perform
  3415                end-perform
  3416  *>
  3417                perform  forever
  3418                         accept   PY-PR1-Dflt-Pay-Interval at 2144 foreground-color 3 UPDATE UPPER
  3419                         if       PY-PR1-Dflt-Pay-Interval not = "S" and not = "M"
  3420                                                       and not = "B" and not = "W"
  3421                                  move     PY109 to WS-Err-Msg
  3422                                  perform  aa100-Bad-Data-Display
  3423                                  exit perform cycle
  3424                         end-if
  3425                         display  space at line WS-23-Lines col 1 erase eos
  3426                         exit perform
  3427                end-perform
  3428  *>
  3429                MOVE     21  TO AN-LINE
  3430                MOVE     64  TO AN-COLUMN
  3431                call     STATIC "ACCEPT_NUMERIC" using by REFERENCE PY-PR1-Max-Pay-Factor
  3432                                                       by REFERENCE AN-ACCEPT-NUMERIC
  3433  *>
  3434                perform  forever
  3435                         accept   PY-PR1-Dflt-HS-Type at 2244 foreground-color 3 UPDATE UPPER
  3436                         if       PY-PR1-Dflt-HS-Type not = "H" and not = "S"
  3437                                  move     PY110 to WS-Err-Msg
  3438                                  perform  aa100-Bad-Data-Display
  3439                                  exit perform cycle
  3440                         end-if
  3441                         display  space at line WS-23-Lines col 1 erase eos
  3442                         exit perform
  3443                end-perform
  3444  *>
  3445                MOVE     22  TO AN-LINE
  3446                MOVE     64  TO AN-COLUMN
  3447                set      AN-MODE-IS-UPDATE TO TRUE
  3448                call     STATIC "ACCEPT_NUMERIC" using by REFERENCE PY-PR1-Dflt-Norm-Units
  3449                                                                by REFERENCE AN-ACCEPT-NUMERIC
  3450                move     1 to RRN
  3451                rewrite  PY-Param1-Record               *> Previously exists
  3452                perform  aa125-Test-PR1-Status
  3453                go to    aa010-Param-Menu-1.   *> go and Select another menu option
  3454  *>
  3455   aa014-Retry-3.
  3456  *>  Payroll System Config and GL Interface
ACS Cobol Xref v2.03.18          Dictionary File for PY900    24/03/2026  18:58:24:59                                  Page   65

  3457   *>    if       PY-PR1-IRS-Used = "I"
  3458   *>             perform  acasirsub1-Open-Input
  3459   *>     else
  3460   *>       if    PY-PR1-GL-Used = "Y"
  3461  *>
  3462       if       Menu-Reply = 3
  3463                move     maps-ser-nn to curs2
  3464   *>             display  Display-Heads
  3465                display  space at 0101 with erase eos
  3466                display  SS-Param-3-GL-Details
  3467                move     zero to Error-Code
  3468                perform  forever
  3469                         accept   PY-PR1-GL-Used at 0633 foreground-color 3 UPPER UPDATE
  3470                         if       PY-PR1-GL-Used not = "Y" and not = "N"
  3471                                             and not = "B" and not = "I"
  3472                                  move     PY111 to WS-Err-Msg
  3473                                  perform  aa100-Bad-Data-Display
  3474                                  exit perform cycle
  3475                         end-if
  3476                         display  space at line WS-23-Lines col 1 erase eos
  3477                         exit perform
  3478                end-perform
  3479                if       PY-PR1-GL-Used = "I" or = "B"
  3480                         move     "Y" to PY-PR1-IRS-Used
  3481                end-if
  3482                perform  forever
  3483                         accept   PY-PR1-Check-Printing-Used at 0669 foreground-color 3
  3484                                                                     UPPER UPDATE
  3485                         if       PY-PR1-Check-Printing-Used not = "Y" and not = "N"
  3486                                  move     PY112 to WS-Err-Msg
  3487                                  perform  aa100-Bad-Data-Display
  3488                                  exit perform cycle
  3489                         end-if
  3490                         display  space at line WS-23-Lines col 1 erase eos
  3491                         exit perform
  3492                end-perform
  3493                perform  forever
  3494                         accept   PY-PR1-Void-Checks-Over-Max at 0733 foreground-color 3 UPPER UPDATE
  3495                         if       PY-PR1-Void-Checks-Over-Max not = "Y" and not = "N"
  3496                                  move     PY113 to WS-Err-Msg
  3497                                  perform  aa100-Bad-Data-Display
  3498                                  exit perform cycle
  3499                         end-if
  3500                         display  space at line WS-23-Lines col 1 erase eos
  3501                         exit perform
  3502                end-perform
  3503                if       PY-PR1-Void-Checks-Over-Max = "Y"
  3504                         set      AN-MODE-IS-UPDATE TO TRUE
  3505                         if       PY-PR1-Void-Check-Amt = zeros
  3506                                  set      AN-MODE-IS-NO-UPDATE TO TRUE
  3507                         end-if
  3508                         MOVE     07  TO AN-LINE
  3509                         MOVE     58  TO AN-COLUMN
  3510                         call     STATIC "ACCEPT_NUMERIC" using by REFERENCE PY-PR1-Void-Check-Amt
ACS Cobol Xref v2.03.18          Dictionary File for PY900    24/03/2026  18:58:24:59                                  Page   66

  3511                                                                by REFERENCE AN-ACCEPT-NUMERIC
  3512                end-if
  3513  *>
  3514  *> We NEED IRS (but NO CODE FOR  GL) for PY to work correctly.
  3515  *>
  3516                if       PY-PR1-GL-Used = "I" or = "B"
  3517                         MOVE     10  TO AN-LINE
  3518                         MOVE     27  TO AN-COLUMN
  3519                         move     PY-PR1-Offset-Cash-Acct  to WS-Temp-Act-No
  3520                         call     STATIC "ACCEPT_NUMERIC" using by REFERENCE WS-Temp-Act-No
  3521                                                                by REFERENCE AN-ACCEPT-NUMERIC
  3522                         if       (WS-Temp-Act-No = 0 or
  3523                                                  > WS-Account-Count)
  3524                             or   WS-Act-Exists (WS-Temp-Act-No) not = "Y"
  3525                                  display  PY117 at 1701 erase eol foreground-color 6 BEEP
  3526                                  display  WS-Temp-Act-No at 1027 foreground-color 6
  3527                                  move     1 to Error-Code
  3528                         end-if
  3529                         move     WS-Temp-Act-No to PY-PR1-Offset-Cash-Acct
  3530  *>
  3531                         MOVE     10  TO AN-LINE
  3532                         MOVE     63  TO AN-COLUMN
  3533                         move     PY-PR1-Dflt-Dist-Acct  to WS-Temp-Act-No
  3534                         call     STATIC "ACCEPT_NUMERIC" using by REFERENCE WS-Temp-Act-No
  3535                                                                by REFERENCE AN-ACCEPT-NUMERIC
  3536                         if       (WS-Temp-Act-No = 0 or
  3537                                                  > WS-Account-Count)
  3538                             or   WS-Act-Exists (WS-Temp-Act-No) not = "Y"
  3539                                  display  PY117 at 1801 erase eol foreground-color 6 BEEP
  3540                                  display  WS-Temp-Act-No at 1063 foreground-color 6
  3541                                  move     1 to Error-Code
  3542                         end-if
  3543                         move     WS-Temp-Act-No to PY-PR1-Dflt-Dist-Acct
  3544  *>
  3545                         MOVE     11  TO AN-LINE
  3546                         MOVE     63  TO AN-COLUMN
  3547                         move     PY-PR1-Dflt-Gross-Acct  to WS-Temp-Act-No
  3548                         call     STATIC "ACCEPT_NUMERIC" using by REFERENCE WS-Temp-Act-No
  3549                                                                by REFERENCE AN-ACCEPT-NUMERIC
  3550                         if       (WS-Temp-Act-No = 0 or
  3551                                                  > WS-Account-Count)
  3552                             or   WS-Act-Exists (WS-Temp-Act-No) not = "Y"
  3553                                  display  PY117 at 1901 erase eol foreground-color 6 BEEP
  3554                                  display  WS-Temp-Act-No at 1163 foreground-color 6
  3555                                  move     1 to Error-Code
  3556                         end-if
  3557                         move     WS-Temp-Act-No to PY-PR1-Dflt-Gross-Acct
  3558                end-if
  3559  *>
  3560                if       PY-PR1-GL-Used = "I" or = "B"
  3561                         perform  forever
  3562                                  accept   PY-PR1-Dist-Used at 1560 foreground-color 3  UPPER UPDATE
  3563                                  if       PY-PR1-Dist-Used not = "Y" and not = "N"
  3564                                           move     PY119 to WS-Err-Msg
ACS Cobol Xref v2.03.18          Dictionary File for PY900    24/03/2026  18:58:24:59                                  Page   67

  3565                                           perform  aa100-Bad-Data-Display
  3566                                           exit perform cycle
  3567                                  end-if
  3568                                  display  space at line WS-23-Lines col 1 erase eos
  3569                                  exit perform
  3570                         end-perform
  3571                else
  3572                         move     "N" to PY-PR1-Dist-Used
  3573                end-if
  3574                if       Error-Code not = zero
  3575                         go to aa014-Retry-3
  3576                end-if
  3577                move     1 to RRN
  3578                rewrite  PY-Param1-Record               *> Previously exists
  3579                perform  aa125-Test-PR1-Status
  3580                go to    aa010-Param-Menu-1.
  3581  *>
  3582       go to    aa010-Param-Menu-1.
  3583  *>
  3584   aa020-Param-Menu-2-Starter.
  3585  *>
  3586  *> open up files etc.
  3587  *>
  3588       open     input    PY-System-Deduction-File.
  3589       if       PY-Ded-Status not = "00"
  3590                close    PY-System-Deduction-File
  3591                open     output PY-System-Deduction-File
  3592                close    PY-System-Deduction-File
  3593                open     i-o PY-System-Deduction-File
  3594                set      AN-MODE-IS-NO-UPDATE to true  *> TEST FOR INPUT MODE
  3595                perform  ab070-PY-DED-Setup            *> any defaults and rewrites
  3596       else
  3597                close    PY-System-Deduction-File
  3598                set      AN-MODE-IS-UPDATE to true
  3599                open     i-o PY-System-Deduction-File
  3600                move     1 to RRN
  3601                read     PY-System-Deduction-File
  3602                if       PY-Ded-Status not = "00"
  3603                         perform aa115-Eval-Ded-Read
  3604       end-if.                                         *>PY-Para file opened already
  3605  *>
  3606   aa020-Param-Menu-2.  *> Menu 2 is for Deduction-file
  3607  *>
  3608  *> At this point Accounts, Deduction files are open - see above Menu-2-Starter.
  3609  *>
  3610       move     maps-ser-nn to curs2.
  3611   *>    display  Display-Heads.
  3612       display  space at 0101 with erase eos.
  3613       move     spaces to Menu-Reply.
  3614       display  SS-Param-Menu-2.
  3615       accept   SS-Param-Menu-2  AUTO UPPER.
  3616       move     1 to RRN.
  3617       move     UPPER-CASE (Menu-Reply) to Menu-Reply.
  3618  *>
ACS Cobol Xref v2.03.18          Dictionary File for PY900    24/03/2026  18:58:24:59                                  Page   68

  3619       if       Menu-Reply = "X"         *> Quit
  3620          or    Cob-CRT-Status = Cob-Scr-Esc
  3621                move     1 to RRN
  3622                rewrite  PY-System-Deduction-Record
  3623                if       PY-Ded-Status not = "00"     *> E.g., 21 or 23, key not exists so create it
  3624                         write    PY-System-Deduction-Record
  3625                         if       PY-Ded-Status not = "00"   *> WE have a real problem :(
  3626                                  perform  aa110-Eval-Ded-Write
  3627                         end-if
  3628                end-if
  3629                move     1 to RRN
  3630                rewrite  PY-Param1-Record
  3631                close    PY-Param1-File
  3632                close    PY-System-Deduction-File
  3633                close    PY-Accounts-File
  3634                goback                        *> Quit program, we are done
  3635       end-if.
  3636       move     zero to Error-Code.
  3637  *> Standard Deduction Rates
  3638   aa022-Retry-1.
  3639       if       Menu-Reply = 1
  3640                move     maps-ser-nn to curs2
  3641   *>             display  Display-Heads
  3642                display  space at 0101 with erase eos
  3643                display  SS-Param-4-Standard-Deduction-Rates
  3644                set      AN-MODE-IS-UPDATE TO TRUE
  3645  *>
  3646                perform  forever
  3647                         accept   Ded-FWT-Used  at 0825 foreground-color 3 UPPER UPDATE
  3648                         if       Ded-FWT-Used not = "Y" and not = "N"
  3649                                  display  PY119 at line WS-23-Lines col 1 foreground-color 6 BEEP erase eos
  3650                                  display  "**"  at 0828 with foreground-color 6
  3651                                  exit perform cycle
  3652                         end-if
  3653                         exit     perform
  3654                end-perform
  3655                display  "  " at 0828  *> NEED TO TEST FOR GL = Y and for all act-no
  3656                if       PY-PR1-IRS-Used = "Y"
  3657                    or   PY-PR1-GL-Used = "Y"
  3658                         move     Ded-FWT-Acct-No to WS-Temp-Act-No
  3659                         move     8  to AN-Line
  3660                         perform  aa160-AN-Act-1
  3661                         move     WS-Temp-Act-No  to Ded-FWT-Acct-No
  3662                                                     Act-No
  3663                         if       WS-Temp-Act-No > WS-Account-Count
  3664                             or                  > WS-Account-Table-Size
  3665                                  display  PY124 at line WS-23-Lines col 1 erase eol foreground-color 6 BEEP
  3666                                  display  Ded-FWT-Acct-No at 0831 foreground-color 6
  3667                                  move     1 to Error-Code
  3668                         else
  3669                           if     WS-Act-Exists (Ded-FWT-Acct-No) not = "Y"
  3670                                  display  PY117 at line WS-23-Lines col 1 erase eol foreground-color 6 BEEP
  3671                                  display  Ded-FWT-Acct-No at 0831 foreground-color 6
  3672                                  move     1 to Error-Code
ACS Cobol Xref v2.03.18          Dictionary File for PY900    24/03/2026  18:58:24:59                                  Page   69

  3673                           end-if
  3674                         end-if
  3675                else
  3676                         move     zeros to Ded-FWT-Acct-No
  3677                end-if
  3678  *>
  3679                perform  forever
  3680                         accept   Ded-SWT-Used  at 0925 foreground-color 3 UPPER UPDATE
  3681                         if       Ded-SWT-Used not = "Y" and not = "N"
  3682                                  display  PY119 at line WS-23-Lines col 1 foreground-color 6 BEEP erase eos
  3683                                  display  "**"  at 0928 with foreground-color 6
  3684                                  exit perform cycle
  3685                         end-if
  3686                         exit     perform
  3687                end-perform
  3688                display  "  " at 0928
  3689                if       PY-PR1-IRS-Used = "Y"
  3690                    or   PY-PR1-GL-Used = "Y"
  3691                         move     Ded-SWT-Acct-No to WS-Temp-Act-No
  3692                         move     9  to AN-Line
  3693                         perform  aa160-AN-Act-1
  3694                         move     WS-Temp-Act-No  to Ded-SWT-Acct-No
  3695                         if       WS-Temp-Act-No > WS-Account-Count
  3696                             or                  > WS-Account-Table-Size
  3697                                  display  PY124 at line WS-23-Lines col 1 erase eol foreground-color 6 BEEP
  3698                                  display  Ded-SWT-Acct-No at 0931 foreground-color 6
  3699                                  move     1 to Error-Code
  3700                         else
  3701                           if     WS-Act-Exists (Ded-SWT-Acct-No) not = "Y"
  3702                                  display  PY117 at line WS-23-Lines col 1 erase eol foreground-color 6 BEEP
  3703                                  display  Ded-SWT-Acct-No at 0931 foreground-color 6
  3704                                  move     1 to Error-Code
  3705                           end-if
  3706                         end-if
  3707                else
  3708                         move     zeros to Ded-SWT-Acct-No
  3709                end-if
  3710  *>
  3711                perform  forever
  3712                         accept   Ded-LWT-Used  at 1025 foreground-color 3 UPPER UPDATE
  3713                         if       Ded-LWT-Used not = "Y" and not = "N"
  3714                                  display  PY119 at line WS-23-Lines col 1 foreground-color 6 BEEP erase eos
  3715                                  display  "**"  at 1028 with foreground-color 6
  3716                                  exit perform cycle
  3717                         end-if
  3718                         exit     perform
  3719                end-perform
  3720                display  "  " at 1028
  3721                if       PY-PR1-IRS-Used = "Y"
  3722                    or   PY-PR1-GL-Used = "Y"
  3723                         move     Ded-LWT-Acct-No to WS-Temp-Act-No
  3724                         move     10 to AN-Line
  3725                         perform  aa160-AN-Act-1
  3726                         move     WS-Temp-Act-No  to Ded-LWT-Acct-No
ACS Cobol Xref v2.03.18          Dictionary File for PY900    24/03/2026  18:58:24:59                                  Page   70

  3727                         if       WS-Temp-Act-No > WS-Account-Count
  3728                             or                  > WS-Account-Table-Size
  3729                                  display  PY124 at line WS-23-Lines col 1 erase eol foreground-color 6 BEEP
  3730                                  display  Ded-LWT-Acct-No at 1031 foreground-color 6
  3731                                  move     1 to Error-Code
  3732                         else
  3733                           if     WS-Act-Exists (Ded-LWT-Acct-No) not = "Y"
  3734                                  display  PY117 at line WS-23-Lines col 1 erase eol foreground-color 6 BEEP
  3735                                  display  Ded-LWT-Acct-No at 1031 foreground-color 6
  3736                                  move     1 to Error-Code
  3737                           end-if
  3738                         end-if
  3739                else
  3740                         move    zeros to Ded-LWT-Acct-No
  3741                end-if
  3742  *>
  3743                perform  forever
  3744                         accept   Ded-FICA-Used  at 1125 foreground-color 3 UPPER UPDATE
  3745                         if       Ded-FICA-Used not = "Y" and not = "N"
  3746                                  display  PY119 at line WS-23-Lines col 1 foreground-color 6 BEEP erase eos
  3747                                  display  "**"  at 1128 with foreground-color 6
  3748                                  exit perform cycle
  3749                         end-if
  3750                         exit  perform
  3751                end-perform
  3752                display  "  " at 1128
  3753                move     11 to AN-Line
  3754                if       PY-PR1-IRS-Used = "Y"
  3755                    or   PY-PR1-GL-Used = "Y"
  3756                         move     Ded-FICA-Acct-No to WS-Temp-Act-No
  3757                         perform  aa160-AN-Act-1
  3758                         move     WS-Temp-Act-No  to Ded-FICA-Acct-No
  3759                         if       WS-Temp-Act-No > WS-Account-Count
  3760                             or                  > WS-Account-Table-Size
  3761                                  display  PY124 at line WS-23-Lines col 1 erase eol foreground-color 6 BEEP
  3762                                  display  Ded-FICA-Acct-No at 1131 foreground-color 6
  3763                                  move     1 to Error-Code
  3764                         else
  3765                           if     WS-Act-Exists (Ded-FICA-Acct-No) not = "Y"
  3766                                  display  PY117 at line WS-23-Lines col 1 erase eol foreground-color 6 BEEP
  3767                                  display  Ded-FICA-Acct-No at 1131 foreground-color 6
  3768                                  move     1 to Error-Code
  3769                           end-if
  3770                         end-if
  3771                else
  3772                         move     zeros to Ded-FICA-Acct-No
  3773                end-if
  3774  *>
  3775                move     Ded-FICA-Rate  to WS-Temp-Rate
  3776                perform  aa170-AN-Percent-1
  3777                move     WS-Temp-Rate  to Ded-FICA-Rate
  3778                move     Ded-FICA-Limit to WS-Temp-Limit
  3779                perform  aa180-AN-Limit-1
  3780                move     WS-Temp-Limit  to Ded-FICA-Limit
ACS Cobol Xref v2.03.18          Dictionary File for PY900    24/03/2026  18:58:24:59                                  Page   71

  3781  *>
  3782                perform  forever
  3783                         accept   Ded-CO-FICA-Used  at 1225 foreground-color 3 UPPER UPDATE
  3784                         if       Ded-CO-FICA-Used not = "Y" and not = "N"
  3785                                  display  PY119 at line WS-23-Lines col 1 foreground-color 6 BEEP erase eos
  3786                                  display  "**"  at 1228 with foreground-color 6
  3787                                  exit  perform cycle
  3788                         end-if
  3789                         exit  perform
  3790                end-perform
  3791                display  "  " at 1228
  3792                move     12 to AN-Line
  3793                if       PY-PR1-IRS-Used = "Y"
  3794                    or   PY-PR1-GL-Used = "Y"
  3795                         move     Ded-CO-FICA-Acct-No to WS-Temp-Act-No
  3796                         perform  aa160-AN-Act-1
  3797                         move     WS-Temp-Act-No  to Ded-CO-FICA-Acct-No
  3798                         if       WS-Temp-Act-No > WS-Account-Count
  3799                             or                  > WS-Account-Table-Size
  3800                                  display  PY124 at line WS-23-Lines col 1 erase eol foreground-color 6 BEEP
  3801                                  display  Ded-CO-FICA-Acct-No at 1231 foreground-color 6
  3802                                  move     1 to Error-Code
  3803                         else
  3804                           if     WS-Act-Exists (Ded-CO-FICA-Acct-No) not = "Y"
  3805                                  display  PY117 at line WS-23-Lines col 1 erase eol foreground-color 6 BEEP
  3806                                  display  Ded-CO-FICA-Acct-No at 1231 foreground-color 6
  3807                                  move     1 to Error-Code
  3808                           end-if
  3809                         end-if
  3810                else
  3811                         move     zeros to Ded-CO-FICA-Acct-No
  3812                end-if
  3813  *>
  3814                move     Ded-CO-FICA-Rate  to WS-Temp-Rate
  3815                perform  aa170-AN-Percent-1
  3816                move     WS-Temp-Rate  to Ded-CO-FICA-Rate
  3817                move     Ded-CO-FICA-Limit to WS-Temp-Limit
  3818                perform  aa180-AN-Limit-1
  3819                move     WS-Temp-Limit  to Ded-CO-FICA-Limit
  3820  *>
  3821                perform  forever
  3822                         accept   Ded-SDI-Used  at 1325 foreground-color 3 UPPER UPDATE
  3823                         if       Ded-SDI-Used not = "Y" and not = "N"
  3824                                  display  PY119 at line WS-23-Lines col 1 foreground-color 6 BEEP erase eos
  3825                                  display  "**"  at 1328 with foreground-color 6
  3826                                  exit perform cycle
  3827                         end-if
  3828                         exit  perform
  3829                end-perform
  3830                display  "  " at 1328
  3831                move     13 to AN-Line
  3832                if       PY-PR1-IRS-Used = "Y"
  3833                    or   PY-PR1-GL-Used = "Y"
  3834                         move     Ded-SDI-Acct-No to WS-Temp-Act-No
ACS Cobol Xref v2.03.18          Dictionary File for PY900    24/03/2026  18:58:24:59                                  Page   72

  3835                         perform  aa160-AN-Act-1
  3836                         move     WS-Temp-Act-No  to Ded-SDI-Acct-No
  3837                         if       WS-Temp-Act-No > WS-Account-Count
  3838                             or                  > WS-Account-Table-Size
  3839                                  display  PY124 at line WS-23-Lines col 1 erase eol foreground-color 6 BEEP
  3840                                  display  Ded-SDI-Acct-No at 1331 foreground-color 6
  3841                                  move     1 to Error-Code
  3842                         else
  3843                           if     WS-Act-Exists (Ded-SDI-Acct-No) not = "Y"
  3844                                  display  PY117 at line WS-23-Lines col 1 erase eol foreground-color 6 BEEP
  3845                                  display  Ded-SDI-Acct-No at 1331 foreground-color 6
  3846                                  move     1 to Error-Code
  3847                           end-if
  3848                         end-if
  3849                else
  3850                         move     zeros to Ded-SDI-Acct-No
  3851                end-if
  3852  *>
  3853                move     Ded-SDI-Rate  to WS-Temp-Rate
  3854                perform  aa170-AN-Percent-1
  3855                move     WS-Temp-Rate  to Ded-SDI-Rate
  3856                move     Ded-SDI-Limit to WS-Temp-Limit
  3857                perform  aa180-AN-Limit-1
  3858                move     WS-Temp-Limit  to Ded-SDI-Limit
  3859  *>
  3860                perform  forever
  3861                         accept   Ded-CO-FUTA-Used  at 1425 foreground-color 3 UPPER UPDATE
  3862                         if       Ded-CO-FUTA-Used not = "Y" and not = "N"
  3863                                  display  PY119 at line WS-23-Lines col 1 foreground-color 6 BEEP erase eos
  3864                                  display  "**"  at 1428 with foreground-color 6
  3865                                  exit perform cycle
  3866                         end-if
  3867                         exit  perform
  3868                end-perform
  3869                display  "  " at 1428
  3870                move     14 to AN-Line
  3871                if       PY-PR1-IRS-Used = "Y"
  3872                    or   PY-PR1-GL-Used = "Y"
  3873                         move     Ded-CO-FUTA-Acct-No to WS-Temp-Act-No
  3874                         perform  aa160-AN-Act-1
  3875                         move     WS-Temp-Act-No  to Ded-CO-FUTA-Acct-No
  3876                         if       WS-Temp-Act-No > WS-Account-Count
  3877                             or                  > WS-Account-Table-Size
  3878                                  display  PY124 at line WS-23-Lines col 1 erase eol foreground-color 6 BEEP
  3879                                  display  Ded-CO-FUTA-Acct-No at 1431 foreground-color 6
  3880                                  move     1 to Error-Code
  3881                         else
  3882                           if     WS-Act-Exists (Ded-CO-FUTA-Acct-No) not = "Y"
  3883                                  display  PY117 at line WS-23-Lines col 1 erase eol foreground-color 6 BEEP
  3884                                  display  Ded-CO-FUTA-Acct-No at 1431 foreground-color 6
  3885                                  move     1 to Error-Code
  3886                           end-if
  3887                         end-if
  3888                else
ACS Cobol Xref v2.03.18          Dictionary File for PY900    24/03/2026  18:58:24:59                                  Page   73

  3889                         move     zeros to Ded-CO-FUTA-Acct-No
  3890                end-if
  3891  *>
  3892                move     Ded-CO-FUTA-Rate  to WS-Temp-Rate
  3893                perform  aa170-AN-Percent-1
  3894                move     WS-Temp-Rate  to Ded-CO-FUTA-Rate
  3895                move     Ded-CO-FUTA-Limit to WS-Temp-Limit
  3896                perform  aa180-AN-Limit-1
  3897                move     WS-Temp-Limit  to Ded-CO-FUTA-Limit
  3898  *>
  3899                move     15 to AN-Line
  3900                move     Ded-CO-FUTA-Max-Credit  to WS-Temp-Rate
  3901                perform  aa170-AN-Percent-1
  3902                move     WS-Temp-Rate  to Ded-CO-FUTA-Max-Credit
  3903  *>
  3904                perform  forever
  3905                         accept   Ded-CO-SUI-Used  at 1625 foreground-color 3 UPPER UPDATE
  3906                         if       Ded-CO-SUI-Used not = "Y" and not = "N"
  3907                                  display  PY119 at line WS-23-Lines col 1 foreground-color 6 BEEP erase eos
  3908                                  display  "**"  at 1628 with foreground-color 6
  3909                                  exit  perform cycle
  3910                         end-if
  3911                         exit  perform
  3912                end-perform
  3913                display  "  " at 1628
  3914                move     16 to AN-Line
  3915                if       PY-PR1-IRS-Used = "Y"
  3916                    or   PY-PR1-GL-Used = "Y"
  3917                         move     Ded-CO-SUI-Acct-No to WS-Temp-Act-No
  3918                         perform  aa160-AN-Act-1
  3919                         move     WS-Temp-Act-No  to Ded-CO-SUI-Acct-No
  3920                         if       WS-Temp-Act-No > WS-Account-Count
  3921                             or                  > WS-Account-Table-Size
  3922                                  display  PY124 at line WS-23-Lines col 1 erase eol foreground-color 6 BEEP
  3923                                  display  Ded-CO-SUI-Acct-No at 1631 foreground-color 6
  3924                                  move     1 to Error-Code
  3925                         else
  3926                           if     WS-Act-Exists (Ded-CO-SUI-Acct-No) not = "Y"
  3927                                  display  PY117 at line WS-23-Lines col 1 erase eol foreground-color 6 BEEP
  3928                                  display  Ded-CO-SUI-Acct-No at 1631 foreground-color 6
  3929                                  move     1 to Error-Code
  3930                           end-if
  3931                         end-if
  3932                else
  3933                         move     zeros to Ded-CO-SUI-Acct-No
  3934                end-if
  3935  *>
  3936                move     Ded-CO-SUI-Rate  to WS-Temp-Rate
  3937                perform  aa170-AN-Percent-1
  3938                move     WS-Temp-Rate  to Ded-CO-SUI-Rate
  3939                move     Ded-CO-SUI-Limit to WS-Temp-Limit
  3940                perform  aa180-AN-Limit-1
  3941                move     WS-Temp-Limit  to Ded-CO-SUI-Limit
  3942  *>
ACS Cobol Xref v2.03.18          Dictionary File for PY900    24/03/2026  18:58:24:59                                  Page   74

  3943                perform  forever
  3944                         accept   Ded-EIC-Used  at 1725 foreground-color 3 UPPER UPDATE
  3945                         if       Ded-EIC-Used not = "Y" and not = "N"
  3946                                  display  PY119 at line WS-23-Lines col 1 foreground-color 6 BEEP erase eos
  3947                                  display  "**"  at 1728 with foreground-color 6
  3948                                  exit perform cycle
  3949                         end-if
  3950                         display  space  line WS-23-Lines col 1 erase eol
  3951                         exit  perform
  3952                end-perform
  3953                display  "  " at 1728
  3954                move     17 to AN-Line
  3955                if       PY-PR1-IRS-Used = "Y"
  3956                    or   PY-PR1-GL-Used = "Y"
  3957                         move     Ded-EIC-Acct-No to WS-Temp-Act-No
  3958                         perform  aa160-AN-Act-1
  3959                         move     WS-Temp-Act-No  to Ded-EIC-Acct-No
  3960                         if       WS-Temp-Act-No > WS-Account-Count
  3961                             or                  > WS-Account-Table-Size
  3962                                  display  PY124 at line WS-23-Lines col 1 erase eol foreground-color 6 BEEP
  3963                                  display  Ded-CO-SUI-Acct-No at 1731 foreground-color 6
  3964                                  move     1 to Error-Code
  3965                         else
  3966                           if     WS-Act-Exists (Ded-EIC-Acct-No) not = "Y"
  3967                                  display  PY117 at line WS-23-Lines col 1 erase eol foreground-color 6 BEEP
  3968                                  display  Ded-EIC-Acct-No at 1731 foreground-color 6
  3969                                  move     1 to Error-Code
  3970                           end-if
  3971                         end-if
  3972                else
  3973                         move     zeros to Ded-EIC-Acct-No
  3974                end-if
  3975  *>
  3976                move     Ded-EIC-Rate  to WS-Temp-Rate
  3977                perform  aa170-AN-Percent-1
  3978                move     WS-Temp-Rate  to Ded-EIC-Rate
  3979                move     Ded-EIC-Limit to WS-Temp-Limit
  3980                perform  aa180-AN-Limit-1
  3981                move     WS-Temp-Limit  to Ded-EIC-Limit
  3982  *>
  3983                move     18 to AN-Line
  3984                move     Ded-EIC-Excess-Rate  to WS-Temp-Rate
  3985                perform  aa170-AN-Percent-1
  3986                move     WS-Temp-Rate  to Ded-EIC-Excess-Rate
  3987                move     Ded-EIC-Excess-Limit to WS-Temp-Limit
  3988                perform  aa180-AN-Limit-1
  3989                move     WS-Temp-Limit  to Ded-EIC-Excess-Limit
  3990  *>
  3991                move     1 to RRN
  3992                rewrite  PY-System-Deduction-Record
  3993                if       PY-Ded-Status not = "00"
  3994                         perform  aa120-Eval-Ded-Rewrite
  3995                         display  SY001 at line WS-23-Lines col 1 foreground-color 6 BEEP erase eos
  3996                         accept   WS-Reply at line WS-23-Lines col 48 AUTO
ACS Cobol Xref v2.03.18          Dictionary File for PY900    24/03/2026  18:58:24:59                                  Page   75

  3997                         close    PY-System-Deduction-File
  3998                         close    PY-Accounts-File
  3999                         close    PY-Param1-File
  4000                         move     16 to WS-Term-Code
  4001                         goback
  4002                end-if
  4003                if       Error-Code not = zero
  4004                         go to aa022-Retry-1
  4005                end-if
  4006                go to aa020-Param-Menu-2
  4007       end-if.
  4008  *>
  4009  *> Federal withholding  tax table entry - ie Ded-FWT-Mar (7) & Ded-FWT-Sin  (7)
  4010   aa024-Retry-2.
  4011       if       Menu-Reply = 2
  4012                move     maps-ser-nn to curs2
  4013    *>            display  Display-Heads
  4014                display  space at 0101 with erase eos
  4015                display  SS-Param-5-Federal-Withholding-Tax-Table-Entry
  4016  *>
  4017                set      AN-MODE-IS-UPDATE TO TRUE
  4018                move     6  to AN-Line
  4019                move     Ded-FWT-Allowance-Amt to WS-Temp-Limit
  4020                perform  aa190-AN-Limit-1
  4021                move     WS-Temp-Limit to Ded-FWT-Allowance-Amt
  4022  *>
  4023                move     9 to A
  4024                move     zero to B
  4025                perform  7 times
  4026                         add      1  to A
  4027                         add      1  to B
  4028                         move     A   to AN-Line
  4029  *>
  4030                         move     Ded-FWT-Mar-Cutoff (B) to WS-Temp-Limit
  4031                         perform  aa200-AN-Limit-1     *> Col 17
  4032                         move     WS-Temp-Limit to Ded-FWT-Mar-Cutoff (B)
  4033  *>
  4034                         move     Ded-FWT-Mar-Percent (B)  to WS-Temp-Rate
  4035                         perform  aa210-AN-Percent-1   *> col 29
  4036                         move     WS-Temp-Rate  to Ded-FWT-Mar-Percent (B)
  4037  *>
  4038                         move     Ded-FWT-Sin-Cutoff (B) to WS-Temp-Limit
  4039                         perform  aa220-AN-Limit-1     *> col 41
  4040                         move     WS-Temp-Limit to Ded-FWT-Sin-Cutoff (B)
  4041  *>
  4042                         move     Ded-FWT-Sin-Percent (B)  to WS-Temp-Rate
  4043                         perform  aa230-AN-Percent-1   *> col 53
  4044                         move     WS-Temp-Rate  to Ded-FWT-Sin-Percent (B)
  4045                end-perform
  4046  *>
  4047  *> Now check that they are in ascending order else rerun data capture
  4048  *>
  4049                move     zero to Error-Code
  4050                perform  varying A from 2 by 1 until A > 7
ACS Cobol Xref v2.03.18          Dictionary File for PY900    24/03/2026  18:58:24:59                                  Page   76

  4051                         if       Ded-FWT-Mar-Cutoff  (A) <= Ded-FWT-Mar-Cutoff  (A - 1)
  4052                             or   Ded-FWT-Mar-Percent (A) <= Ded-FWT-Mar-Percent (A - 1)
  4053                             or   Ded-FWT-Sin-Cutoff  (A) <= Ded-FWT-Sin-Cutoff  (A - 1)
  4054                             or   Ded-FWT-Sin-Percent (A) <= Ded-FWT-Sin-Percent (A - 1)
  4055                                  display  PY123 at line WS-23-Lines col 1 erase eol foreground-color 6 BEEP
  4056                                  move     1 to Error-Code
  4057                end-perform
  4058                if       Error-Code not = zero
  4059                         go to aa024-Retry-2
  4060                end-if
  4061  *>
  4062  *> OK its good.
  4063  *>
  4064                move     1 to RRN
  4065                rewrite  PY-System-Deduction-Record
  4066                if       PY-Ded-Status not = "00"
  4067                         perform  aa120-Eval-Ded-Rewrite
  4068                         display  SY001 at line WS-23-Lines col 1 foreground-color 6 BEEP erase eos
  4069                         accept   WS-Reply at line WS-23-Lines col 48 AUTO
  4070                         close    PY-Accounts-File
  4071                         close    PY-System-Deduction-File
  4072                         move     16 to WS-Term-Code
  4073                         goback
  4074                end-if
  4075                go to aa020-Param-Menu-2
  4076       end-if.
  4077  *>
  4078  *> System Earnings & Ded. Info - ie Ded-Sys-Data-Blocks (10)
  4079   aa026-Retry-3.
  4080  *>
  4081  *> WE NEED an escape if to skip input AND add count of entries used with new DED field.
  4082  *>
  4083
  4084       if       Menu-Reply = 3
  4085                move     maps-ser-nn to curs2
  4086    *>            display  Display-Heads
  4087                display  space at 0101 with erase eos
  4088                display  SS-Param-6-System-Earning-and-Deduction-Information
  4089                move     5   to A  *> line #
  4090                move     zero to B *> data occurs pos
  4091                move     zero to Error-Code
  4092                set      AN-MODE-IS-UPDATE TO TRUE
  4093                perform  5 times
  4094                         add      1 to A
  4095                         add      1 to B
  4096                         move     A to AN-Line
  4097                         accept   Ded-Sys-Used (B) at line A col 3 foreground-color 3 UPPER UPDATE
  4098                         if       Cob-CRT-Status = Cob-Scr-Esc
  4099                                  exit perform
  4100                         end-if
  4101  *>
  4102                         if       Ded-Sys-Used (B) not = "Y"
  4103                                               and not = "N"
  4104                                  display  Ded-Sys-Used (B) at line A col 3 foreground-color 6 BEEP blink
ACS Cobol Xref v2.03.18          Dictionary File for PY900    24/03/2026  18:58:24:59                                  Page   77

  4105                                  display  PY119 at line A + 7 col 1 foreground-color 6
  4106                                  move     1 to Error-Code
  4107                         end-if
  4108                         if       Ded-Sys-Used (B) = "N"
  4109                                  initialise Ded-Sys-Data-Blocks (B)
  4110                                  move     "N" to Ded-Sys-Used (B)
  4111                                  exit perform cycle
  4112                         end-if
  4113                         accept   Ded-Sys-Desc (B) at line A col 6 foreground-color 3 UPDATE
  4114                         accept   Ded-Sys-Earn-Ded (B) at line A col 24 foreground-color 3 UPPER UPDATE
  4115                         if       Ded-Sys-Earn-Ded (B) not = "D"
  4116                                                   and not = "E"
  4117                                  display  Ded-Sys-Earn-Ded (B) at line A col 24 foreground-color 6 BEEP blink
  4118                                  display  PY115   at line A + 8 col 1 foreground-color 6
  4119                                  move     1 to Error-Code
  4120                         end-if
  4121  *>
  4122                         if       PY-PR1-IRS-Used = "Y"
  4123                             or   PY-PR1-GL-Used = "Y"
  4124                                  move     Ded-Sys-Acct-No (B) to WS-Temp-Act-No
  4125                                  move     28 to AN-COLUMN
  4126                                  call     STATIC "ACCEPT_NUMERIC" using by REFERENCE WS-Temp-Act-No
  4127                                                                         by REFERENCE AN-ACCEPT-NUMERIC
  4128                                  move     WS-Temp-Act-No  to Ded-Sys-Acct-No (B)
  4129                                  if       WS-Temp-Act-No > WS-Account-Count
  4130                                     or                  > WS-Account-Table-Size
  4131                                           display  PY124 at line A + 9 col 1 erase eol foreground-color 6 BEEP
  4132                                           display  Ded-CO-SUI-Acct-No at 1631 foreground-color 6
  4133                                           move     1 to Error-Code
  4134                                  else
  4135                                   if      WS-Act-Exists (WS-Temp-Act-No) not = "Y"
  4136                                           display  WS-Temp-Act-No at line A col 28 foreground-color 6 BEEP blink
  4137                                           display  PY117 at line A + 10 col 1 foreground-color 6
  4138                                           move     1 to Error-Code
  4139                                   end-if
  4140                                  end-if
  4141                         else
  4142                                  move     zeros to Ded-Sys-Acct-No (B)
  4143                         end-if
  4144  *>
  4145                         accept   Ded-Sys-Amt-Percent (B) at line A col 34 foreground-color 3 UPPER UPDATE
  4146                         if       Ded-Sys-Amt-Percent (B) not = "A"
  4147                                                      and not = "P"
  4148                                  move     1 to Error-Code
  4149                                  display  Ded-Sys-Amt-Percent (B) at line A col 34 foreground-color 6 BEEP blink
  4150                                  display  PY121   at line A + 11 col 1 foreground-color 6
  4151                         end-if
  4152                         move     Ded-Sys-Factor (B) to WS-Temp-Factor
  4153                         move     38 to AN-COLUMN
  4154                         call     STATIC "ACCEPT_NUMERIC" using by REFERENCE WS-Temp-Factor
  4155                                                                by REFERENCE AN-ACCEPT-NUMERIC
  4156                         move     WS-Temp-Factor to Ded-Sys-Factor (B)
  4157  *>
  4158                         accept   Ded-Sys-Limit-Used (B) at line A col 50 foreground-color 3 UPPER UPDATE
ACS Cobol Xref v2.03.18          Dictionary File for PY900    24/03/2026  18:58:24:59                                  Page   78

  4159                         if       Ded-Sys-Limit-Used (B) not = "Y"
  4160                                                     and not = "N"
  4161                                  display  PY119 at line A + 12 col 1 foreground-color 6
  4162                                  display  Ded-Sys-Limit-Used (B) at line A col 51 foreground-color 6 BEEP blink
  4163                                  move     1 to Error-Code
  4164                         end-if
  4165  *>
  4166                         move     Ded-Sys-Limit (B) to WS-Temp-Factor
  4167                         move     56 to AN-COLUMN
  4168                         call     STATIC "ACCEPT_NUMERIC" using by REFERENCE WS-Temp-Factor
  4169                                                                by REFERENCE AN-ACCEPT-NUMERIC
  4170                         move     WS-Temp-Factor to Ded-Sys-Limit (B)
  4171                         accept   Ded-Sys-Exclusion (B) at line A col 69 foreground-color 3 UPDATE
  4172                         if       Ded-Sys-Exclusion (B) < 1 or > 4
  4173                                  display  PY108 at line A + 13 col 1 foreground-color 6
  4174                                  display  Ded-Sys-Exclusion (B) at line A col 69 foreground-color 6 BEEP blink
  4175                                  move     1 to Error-Code
  4176                         end-if
  4177                         move     Ded-Sys-Chk-Cat (B) to WS-Temp-Act-No
  4178                         move     72 to AN-COLUMN
  4179                         call     STATIC "ACCEPT_NUMERIC" using by REFERENCE WS-Temp-Act-No
  4180                                                                by REFERENCE AN-ACCEPT-NUMERIC
  4181                         move     WS-Temp-Act-No to Ded-Sys-Chk-Cat (B)
  4182  *>
  4183                         if       Ded-Sys-Earn-Ded (B) = "D"
  4184                            and   (Ded-Sys-Chk-Cat (B) < 9 or > 16)
  4185                                  display  PY122 at line A + 14 col 1 foreground-color 6
  4186                                  display  Ded-Sys-Earn-Ded (B) at line A col 24 foreground-color 6 BEEP blink
  4187                                  display  Ded-Sys-Chk-Cat (B)  at line A col 72 foreground-color 6 BEEP blink
  4188                                  move     1 to Error-Code
  4189                         end-if   *> Yes they could be put together but if needs changing, leave them as is
  4190                         if       Ded-Sys-Earn-Ded (B) = "E"
  4191                            and   (Ded-Sys-Chk-Cat (B) < 2 or > 7)
  4192                                  display  PY122 at line A + 15 col 1 foreground-color 6
  4193                                  display  Ded-Sys-Earn-Ded (B) at line A col 24 foreground-color 6 BEEP blink
  4194                                  display  Ded-Sys-Chk-Cat (B)  at line A col 72 foreground-color 6 BEEP blink
  4195                                  move     1 to Error-Code
  4196                         end-if
  4197                         if       Error-Code not = zero
  4198                                  set      AN-MODE-IS-UPDATE to true
  4199                                  go to     aa026-Retry-3
  4200                         end-if
  4201  *>
  4202                end-perform
  4203  *>
  4204  *> Do we NEED to sort block removing unused entries etc.   <<<<<<<<<<
  4205  *>
  4206                move     B to Ded-Sys-Entries-Used
  4207                move     1 to RRN
  4208                rewrite  PY-System-Deduction-Record
  4209                if       PY-Ded-Status not = "00"
  4210                         perform  aa120-Eval-Ded-Rewrite
  4211                         display  SY001 at line WS-23-Lines col 1 foreground-color 6 BEEP erase eos
  4212                         accept   WS-Reply at line WS-23-Lines col 48 AUTO
ACS Cobol Xref v2.03.18          Dictionary File for PY900    24/03/2026  18:58:24:60                                  Page   79

  4213                         close    PY-Accounts-File
  4214                         close    PY-System-Deduction-File
  4215                         move     16 to WS-Term-Code
  4216                         goback
  4217                end-if
  4218                go to aa020-Param-Menu-2
  4219       end-if.
  4220       go to    aa020-Param-Menu-2.
  4221  *>
  4222   aa100-Bad-Data-Display.
  4223       display  WS-Err-Msg at line WS-23-Lines col 1 erase eos.
  4224       display  SY002      at line WS-Lines    col 1.
  4225  *>
  4226   aa110-Eval-Ded-Write.
  4227       perform  ZZ040-Evaluate-Message.
  4228       display  PY008         at line WS-23-Lines col 1 with erase eos.  *> WRITE DED
  4229       display  PY-Ded-Status at line WS-23-Lines col 34.
  4230       display  WS-Eval-Msg   at line WS-23-Lines col 37.
  4231       display  SY002         at line WS-Lines    col 1.
  4232       accept   WS-Reply      at line WS-Lines    col 33 AUTO.
  4233  *>
  4234   aa115-Eval-Ded-Read.
  4235       perform  ZZ040-Evaluate-Message.
  4236       display  PY009         at line WS-23-Lines col 1 with erase eos.  *> READ DED
  4237       display  PY-Ded-Status at line WS-23-Lines col 34.
  4238       display  WS-Eval-Msg   at line WS-23-Lines col 37.
  4239       display  SY002         at line WS-Lines    col 1.
  4240       accept   WS-Reply      at line WS-Lines    col 33 AUTO.
  4241  *>
  4242   aa120-Eval-Ded-Rewrite.
  4243       perform  ZZ040-Evaluate-Message.
  4244       display  PY010         at line WS-23-Lines col 1 with erase eos.  *> WRITE DED
  4245       display  PY-Ded-Status at line WS-23-Lines col 34.
  4246       display  WS-Eval-Msg   at line WS-23-Lines col 37.
  4247       display  SY002         at line WS-Lines    col 1.
  4248       accept   WS-Reply      at line WS-Lines    col 33 AUTO.
  4249  *>
  4250   aa125-Test-PR1-Status.
  4251       if       PY-PR1-Status not = "00"   *> WE have a real problem :(
  4252                perform  ZZ040-Evaluate-Message
  4253                display  PY001         at line WS-23-Lines col 1 with erase eos
  4254                display  PY-PR1-Status at line WS-23-Lines col 37
  4255                display  WS-Eval-Msg   at line WS-23-Lines col 40
  4256                display  SY002         at line WS-Lines    col 1
  4257                accept   WS-Reply      at line WS-Lines    col 33 AUTO
  4258       end-if.
  4259  *>
  4260   aa130-Act-File-Error.
  4261       display  PY118 at line WS-23-Lines col 1 erase eos
  4262                              foreground-color 6 BEEP.
  4263       display  PY-Act-Status at line WS-23-Lines col 40.
  4264       move     PY-Act-Status to PY-PR1-Status.
  4265       perform  ZZ040-Evaluate-Message.
  4266       display  WS-Eval-Msg   at line WS-23-lines col 42.
ACS Cobol Xref v2.03.18          Dictionary File for PY900    24/03/2026  18:58:24:60                                  Page   80

  4267       display  SY003 at line WS-lines col 01 with foreground-color cob-color-red
  4268                                                   erase eol BEEP.
  4269       accept   WS-Reply at line WS-lines col 52 AUTO.
  4270  *>
  4271   aa160-AN-Act-1.  *> DED Rates
  4272   *>    MOVE   ??  10  TO AN-LINE.
  4273       MOVE     31  TO AN-COLUMN.
  4274       call     STATIC "ACCEPT_NUMERIC" using by REFERENCE WS-Temp-Act-No
  4275                                              by REFERENCE AN-ACCEPT-NUMERIC.
  4276  *>
  4277   aa170-AN-Percent-1.  *> DED Rates
  4278   *>    MOVE    ?? 10  TO AN-LINE.
  4279       MOVE     39  TO AN-COLUMN.
  4280       call     STATIC "ACCEPT_NUMERIC" using by REFERENCE WS-Temp-Rate
  4281                                              by REFERENCE AN-ACCEPT-NUMERIC.
  4282  *>
  4283   aa180-AN-Limit-1.   *> DED Rates
  4284   *>    MOVE     10  TO AN-LINE.
  4285       MOVE     47  TO AN-COLUMN.
  4286       call     STATIC "ACCEPT_NUMERIC" using by REFERENCE WS-Temp-Limit
  4287                                              by REFERENCE AN-ACCEPT-NUMERIC.
  4288  *>
  4289   aa190-AN-Limit-1.   *> FWT allow
  4290       MOVE     44  TO AN-COLUMN.
  4291       call     STATIC "ACCEPT_NUMERIC" using by REFERENCE WS-Temp-Limit
  4292                                              by REFERENCE AN-ACCEPT-NUMERIC.
  4293  *>
  4294   aa200-AN-Limit-1.   *> FWT Amount - Mar
  4295       MOVE     17  TO AN-COLUMN.
  4296       call     STATIC "ACCEPT_NUMERIC" using by REFERENCE WS-Temp-Limit
  4297                                              by REFERENCE AN-ACCEPT-NUMERIC.
  4298  *>
  4299   aa210-AN-Percent-1.  *> FWT Rate - Mar
  4300       MOVE     29  TO AN-COLUMN.
  4301       call     STATIC "ACCEPT_NUMERIC" using by REFERENCE WS-Temp-Rate
  4302                                              by REFERENCE AN-ACCEPT-NUMERIC.
  4303  *>
  4304   aa220-AN-Limit-1.   *> FWT Amt - Sin
  4305       MOVE     41  TO AN-COLUMN.
  4306       call     STATIC "ACCEPT_NUMERIC" using by REFERENCE WS-Temp-Limit
  4307                                              by REFERENCE AN-ACCEPT-NUMERIC.
  4308  *>
  4309   aa230-AN-Percent-1.  *> FWT Rate - Sin
  4310       MOVE     53  TO AN-COLUMN.
  4311       call     STATIC "ACCEPT_NUMERIC" using by REFERENCE WS-Temp-Rate
  4312                                              by REFERENCE AN-ACCEPT-NUMERIC.
  4313  *>
  4314   Menu-Ex.
  4315       exit     program.
  4316  *>
  4317  *>
  4318   ab000-PY-Param-Set-Up       section.
  4319  *>**********************************
  4320  *>
ACS Cobol Xref v2.03.18          Dictionary File for PY900    24/03/2026  18:58:24:60                                  Page   81

  4321  *> At this point we have the ACAS system param rec (1) via linkage
  4322  *>   and the PY param file does NOT exist.
  4323  *>
  4324       initialise
  4325                PY-Param1-Record with filler.
  4326       if       Suser (1:4) not = spaces    *> make sure ACAS param is set up.
  4327                perform ab010-Py-Param-Proc
  4328                perform ab020-Py-Nominal-Accounts.  *> Test for act file exists etc
  4329  *>
  4330   ab000-Exit.  exit section.
  4331  *>
  4332   ab010-Py-Param-Proc         section.
  4333  *>**********************************
  4334  *>
  4335  *> Param file opened as output on first use, else i-o
  4336  *>
  4337  *> Start with name / address But sys address is shorter than PY.
  4338  *>   and is not compressed or with delimiters, unlike SL or PL
  4339  *>     customer or supplier addresses.
  4340  *>
  4341  *>  THIS IS SET TO USE IRS and not GL ledgers.
  4342  *>
  4343       move     "N"           to PY-PR1-Debugging.
  4344       move     Suser         to PY-PR1-Co-Name
  4345                                 PY-PR1-Trade-Name.   *> 32 chars only - Can be overwritten
  4346       move     Address-1     to PY-PR1-Co-Address-1.
  4347       move     Address-2     to PY-PR1-Co-Address-2.
  4348       if       Address-3 (1:4) not = spaces
  4349                move     Address-3 to PY-PR1-Co-Address-3.
  4350       if       Address-4 (1:4) not = spaces
  4351                move     Address-4 to PY-PR1-Co-Address-4.
  4352       if       Post-Code (1:4) not = spaces
  4353                move     Post-Code to PY-PR1-Co-Post-Code.  *> It contains State & ZIP
  4354       if       Phone-No (1:4) not = spaces
  4355                move     Phone-No  to PY-PR1-Co-Phone.
  4356       if       Company-Email (1:4) not = spaces
  4357                move     Company-Email to PY-PR1-Co-Email.
  4358       move     File-Defs-os-Delimiter
  4359                              to PY-PR1-OS-Delimiter.
  4360  *> Default as this is for the USA and may be Canada
  4361       move     "$"           to PY-PR1-Currency-Sign.
  4362       move     Page-Lines    to PY-PR1-Page-Lines-P.   *> Check these four !
  4363       move     48            to PY-PR1-Page-Lines-L.
  4364       move     80            to PY-PR1-Page-Width-P.
  4365       move     132           to PY-PR1-Page-Width-L.    *> So far for Emp print
  4366       move     1.5           to PY-PR1-Rate2-Factor.
  4367       move     2.0           to PY-PR1-Rate3-Factor.
  4368       move     3.0           to PY-PR1-Max-Pay-Factor.
  4369       move     1.0           to PY-PR1-Dflt-Pay-Rate
  4370                                 PY-PR1-Dflt-Norm-Units.
  4371       move     0.42          to PY-PR1-Dflt-Vac-Rate.
  4372       move     0.21          to PY-PR1-Dflt-SL-Rate.
  4373       move     1             to PY-PR1-Offset-Cash-Acct
  4374                                 PY-PR1-Rate4-Exclusion-Type.
ACS Cobol Xref v2.03.18          Dictionary File for PY900    24/03/2026  18:58:24:60                                  Page   82

  4375       move     3             to PY-PR1-Dflt-Dist-Acct.
  4376       move     4             to PY-PR2-Last-Q-Ended.
  4377       move     3             to PY-PR1-Max-Emp-Eds.
  4378       move     5             to PY-PR1-Max-Sys-Eds
  4379                                 PY-PR1-Max-Dist-Accts.
  4380       move     "N"           to PY-PR1-S-Used
  4381                                 PY-PR1-B-Used
  4382                                 PY-PR1-W-Used
  4383                                 PY-PR1-Check-History-Used
  4384                                 PY-PR1-Check-Printing-Used  *> chg from Y
  4385                                 PY-PR1-Void-Checks-Over-Max
  4386                                 PY-PR1-JC-Used
  4387                                 PY-PR1-GL-Used
  4388                                 PY-PR1-Dist-Used    *> chg from Y
  4389                                 PY-PR2-940-Printed
  4390                                 PY-PR2-941-Printed
  4391                                 PY-PR2-W2-Printed.
  4392       move     "Y"           to PY-PR1-M-Used
  4393                                 PY-PR1-IRS-Used
  4394                                 PY-PR2-Just-Closed-Year.
  4395   *>    if       IRS-Both-Used
  4396   *>             move     "Y"  to PY-PR1-GL-Used.
  4397  *>
  4398       move     "S"           to PY-PR1-Dflt-Pay-Interval
  4399                                 PY-PR1-Dflt-HS-Type.
  4400       move     "FEDERAL ID"  to PY-PR1-Fed-ID.
  4401       move     "STATE ID"    to PY-PR1-State-ID.
  4402       move     "LOCAL ID"    to PY-PR1-Local-ID.
  4403       if       Date-Form > 0 and < 3  *> i.e., 1 or 2 (System Rec field) (3 = Intl *nix format)
  4404                move     Date-Form  to PY-PR1-Date-Format.  *> This field may well be redundant
  4405       move     3             to PY-PR1-Date-Yr.        *> Same for both UK abd USA
  4406       if       Date-Form =  2 *> USA
  4407                move     1    to PY-PR1-Date-Mo   *> DITTO
  4408                move     2    to PY-PR1-Date-Dy
  4409       else
  4410                move     2    to PY-PR1-Date-Mo
  4411                move     1    to PY-PR1-Date-Dy.
  4412       move     WSE-Year      to PY-PR2-Last-Day-Last-W (1:4).   *> ccyymmdd
  4413       move     WSE-Month     to PY-PR2-Last-Day-Last-W (5:2).
  4414       move     WSE-Days      to PY-PR2-Last-Day-Last-W (7:2).
  4415  *>
  4416       move     PY-PR2-Last-Day-Last-W  to                       *> stored as ccyymmdd
  4417                                 PY-PR2-Last-Day-Last-B   *> for all 4.
  4418                                 PY-PR2-Last-Day-Last-S
  4419                                 PY-PR2-Last-Day-Last-M.
  4420  *>
  4421  *> Width subject to change depending on report sizes used, etc.
  4422  *>
  4423       move     120               to PY-PR1-Page-Width-L.
  4424       move     80                to PY-PR1-Page-Width-P.
  4425  *>
  4426       move     "Regular"         to PY-PR1-Rate-Name (1).
  4427       move     "Overtime"        to PY-PR1-Rate-Name (2).
  4428       move     "Spec. Overtime"  to PY-PR1-Rate-Name (3).
ACS Cobol Xref v2.03.18          Dictionary File for PY900    24/03/2026  18:58:24:60                                  Page   83

  4429       move     "Commission"      to PY-PR1-Rate-Name (4).
  4430  *>
  4431       move     Print-Spool-Name  to PY-PR1-Print-Spool-Name.  *> from System Rec fields
  4432       move     Print-Spool-Name2 to PY-PR1-Print-Spool-Name2. *> ditto
  4433       move     Print-Spool-Name3 to PY-PR1-Print-Spool-Name3. *> ditto
  4434       move     WSE-Year          to PY-PR2-Year.
  4435       add      WSE-Year 1    giving PY-PR2-Year-Next.
  4436  *>
  4437       move     1 to RRN.
  4438       write    PY-Param1-Record.
  4439       if       PY-PR1-Status not = "00" *> shouldn't be as only just creating it
  4440                rewrite  PY-Param1-Record
  4441                perform  aa125-Test-PR1-Status
  4442                display  space at line WS-23-lines col 1 with erase eos
  4443                display  SY001 at line WS-Lines col 1 foreground-color 4
  4444                close    PY-Param1-File
  4445                move     16 to WS-Term-Code
  4446                goback.
  4447  *>
  4448       close    PY-Param1-File.      *> In case opened for output
  4449       open     i-o PY-Param1-File.
  4450  *>
  4451  *>  Now to  get data blocks via SS.
  4452  *>
  4453   ab010-Exit.  exit section.
  4454  *>
  4455   ab020-Py-Nominal-Accounts   section.
  4456  *>**********************************
  4457  *>
  4458  *>  Set up delete file for screen save/restore if used via F1 key.
  4459  *>
  4460       move     spaces to Path-Work.
  4461       string   ACAS-Path       delimited by space
  4462                "irs-temp.scr"  delimited by size
  4463                                   into Path-Work.
  4464  *>
  4465  *>  Set up or Amend PY Account file where nominal accts taken
  4466  *>   from (1)  IRS or for GL.
  4467  *>
  4468       if       PY-PR1-IRS-Used = "Y"      *> Primary & only option at this time
  4469                perform  ab030-Using-IRS
  4470       else
  4471        if      PY-PR1-GL-Used = "Y"
  4472            or  IRS-Both-Used           *> from ACAS system rec
  4473                perform  ab050-Using-GL.
  4474   *>             display  PY114   at line WS-Lines col 1 with erase eol foreground-color 4
  4475   *>             display  SY002        at line WS-Lines col 1
  4476   *>             accept   Accept-Reply at line WS-Lines col 33.
  4477  *>
  4478       if       Return-Code = 16
  4479             or WS-Term-Code = 16
  4480                goback.
  4481       go to    ab020-Exit.
  4482  *>
ACS Cobol Xref v2.03.18          Dictionary File for PY900    24/03/2026  18:58:24:60                                  Page   84

  4483  *> example calls  performs etc to remind me   <<<<<<<<<<<<<<
  4484  *> remove when tested
  4485  *>
  4486       perform  acasirsub1-Open.
  4487
  4488       perform  acasirsub1-Read-Indexed.
  4489
  4490       perform  acasirsub1-Close.
  4491
  4492   ab020-Exit.  exit section.
  4493  *>
  4494   ab030-Using-IRS             section.
  4495  *>**********************************
  4496  *>
  4497  *> REMEMBER to save in WS-Dflt Cash (1), Liability (2),
  4498  *>                     WS-Dflt-Cost (4) & WS-Dflt-Expense ( PY-PR1-Dflt-Dist-Acct )
  4499  *>
  4500       move     zero to Return-Code.
  4501       perform  acasirsub1-Open-Input.
  4502       if       WE-Error not = zero
  4503                display  IR912    at line WS-23-lines col 01 with foreground-color cob-color-red erase eol
  4504                display  "21" at line WS-23-lines col 52
  4505                move     21 to PY-PR1-Status
  4506                perform  ZZ040-Evaluate-Message
  4507                display  WS-Eval-Msg at line WS-23-lines col 55
  4508                display  SY003    at line WS-lines col 01 with foreground-color cob-color-red erase eol
  4509                accept   WS-Reply at line WS-lines col 52 AUTO
  4510                perform  acasirsub1-Close
  4511                move     16 to Return-Code
  4512                go       to ab030-Exit.                    *> Cannot continue.
  4513  *>
  4514  *>  NL nominal # preset only via IRS but numbers used are suspect.
  4515  *>   we test that these numers exist & if not, abort this function
  4516  *>  do the same if errors exist when writing record
  4517  *>  and if error happened clear the act file.
  4518  *>
  4519  *>  THEREFORE if file is zero size this routined failed regardless of what one of
  4520  *>  the four caused it.   BUT should not be happening :(
  4521  *>
  4522       move     spaces to WS-Account-Table.         *> Init Table
  4523       open     input    PY-Accounts-File.
  4524       if       PY-Act-Status not = "00"
  4525                close    PY-Accounts-File
  4526                open     output PY-Accounts-File   *> set up the default accounts
  4527                move     1 to ACT-No
  4528                move     "Cash" to ACT-Desc
  4529                move     00274  to ACT-GL-No
  4530                perform  ab035-Find-IRS-Nominal-Acct
  4531                if       we-error not = zero
  4532                         move     zeros to ACT-GL-No
  4533                else
  4534                         move     "Y" to WS-Act-Exists (ACT-No)
  4535                end-if
  4536                write    PY-Accounts-Record
ACS Cobol Xref v2.03.18          Dictionary File for PY900    24/03/2026  18:58:24:60                                  Page   85

  4537                if       PY-Act-Status not = "00"
  4538                         perform  aa130-Act-File-Error
  4539                         move     space to WS-Act-Exists (ACT-No)
  4540                         close    PY-Accounts-File
  4541                         open     output PY-Accounts-File
  4542                         go to    ab030-Continued
  4543                end-if
  4544                move     2 to ACT-No
  4545                move     "Accrued Liability" to ACT-Desc
  4546                move     00180 to ACT-GL-No
  4547                perform  ab035-Find-IRS-Nominal-Acct
  4548                if       we-error not = zero
  4549                         move     zeros to ACT-GL-No
  4550                else
  4551                         move     "Y" to WS-Act-Exists (ACT-No)
  4552                end-if
  4553                write    PY-Accounts-Record
  4554                if       PY-Act-Status not = "00"
  4555                         perform  aa130-Act-File-Error
  4556                         move     space to WS-Act-Exists (ACT-No)
  4557                         close    PY-Accounts-File
  4558                         open     output PY-Accounts-File
  4559                         go to    ab030-Continued
  4560                end-if
  4561                move     3 to ACT-No
  4562                move     "Salary Expense" to ACT-Desc
  4563                move     00315 to ACT-GL-No
  4564                perform  ab035-Find-IRS-Nominal-Acct
  4565                if       we-error not = zero
  4566                         move     zeros to ACT-GL-No
  4567                else
  4568                         move     "Y" to WS-Act-Exists (ACT-No)
  4569                end-if
  4570                write    PY-Accounts-Record
  4571                if       PY-Act-Status not = "00"
  4572                         perform  aa130-Act-File-Error
  4573                         move     space to WS-Act-Exists (ACT-No)
  4574                         close    PY-Accounts-File
  4575                         open     output PY-Accounts-File
  4576                         go to    ab030-Continued
  4577                end-if
  4578                move     4 to ACT-No
  4579                move     "Accrued Payroll Cost Lia" to ACT-Desc *> Liability
  4580                move     00298 to ACT-GL-No
  4581                perform  ab035-Find-IRS-Nominal-Acct
  4582                if       we-error not = zero
  4583                         move     zeros to ACT-GL-No
  4584                else
  4585                         move     "Y" to WS-Act-Exists (ACT-No)
  4586                end-if
  4587                write    PY-Accounts-Record
  4588                if       PY-Act-Status not = "00"
  4589                         perform  aa130-Act-File-Error
  4590                         move     space to WS-Act-Exists (ACT-No)
ACS Cobol Xref v2.03.18          Dictionary File for PY900    24/03/2026  18:58:24:60                                  Page   86

  4591                         close    PY-Accounts-File
  4592                         open     output PY-Accounts-File
  4593                         go to    ab030-Continued
  4594                end-if
  4595                move     4 to WS-Account-Count
  4596  *>
  4597  *> THIS does NOT mean that the nominals actually exist but that the four
  4598  *>  ACT accounts are on file
  4599  *>
  4600       end-if.
  4601  *>
  4602   ab030-Continued.
  4603  *>
  4604       close    PY-Accounts-File.
  4605       open     i-o PY-Accounts-File.
  4606       move     maps-ser-nn to curs2.
  4607       display  Display-Heads.
  4608       display  SS-Param-7-IRS-Nominal-Accounts.
  4609       display  PY003 at 1610 foreground-color 3. *> Warn about using manual
  4610       display  PY004 at 2010 foreground-color 2. *> 2 quit use Escape.
  4611       display  PY005 at 2210 foreground-color 2. *> 2 display current ACT entries.
  4612       move     1 to File-Key-No.                 *> 1 = Primary
  4613  *>
  4614   ab030-Get-Nominal.
  4615       move     zeros to Act-No
  4616                         Act-GL-No.
  4617       move     spaces  to Act-Desc.
  4618       perform  Forever
  4619                accept   Act-No    at 0623 foreground-color 3 UPDATE
  4620                if       Cob-CRT-Status = Cob-Scr-Esc
  4621                         exit perform
  4622                end-if
  4623  *>
  4624  *> Save screen, show the defaults then restore the prev. screen.
  4625  *>
  4626                if       Cob-CRT-Status = Cob-Scr-F1
  4627                         move     z"irs-temp.scr"  to wScreenName
  4628                         call     "scr_dump"    using wScreenName
  4629                                                 returning wInt
  4630                         perform  ab040-Show-Accts
  4631                         call     "scr_restore" using wScreenName
  4632                                                 returning wInt
  4633                         call     "CBL_DELETE_FILE" using Path-Work
  4634                         move     zeros to Act-No
  4635                         exit perform cycle
  4636                end-if
  4637  *>
  4638  *> as the 4 have been created not checking for i-o errors
  4639  *>
  4640                read     PY-Accounts-File key Act-No
  4641                accept   Act-GL-No at 0823 foreground-color 3 UPDATE
  4642                if       Cob-CRT-Status = Cob-Scr-Esc
  4643                         exit perform
  4644                end-if
ACS Cobol Xref v2.03.18          Dictionary File for PY900    24/03/2026  18:58:24:60                                  Page   87

  4645  *>
  4646                perform  ab035-Find-IRS-Nominal-Acct
  4647                if       we-error = zero
  4648                         move     NL-Name to Act-Desc
  4649                else
  4650                         display  PY116 at line WS-23-Lines col 1 foreground-color 6 BEEP erase eos
  4651                         exit perform cycle
  4652                end-if
  4653                display  space at  line WS-23-Lines col 1 erase eol
  4654                display  Act-Desc  at 0923
  4655  *>
  4656                evaluate Act-No
  4657                         when 1 move Act-GL-No to WS-Dflt-Cash
  4658                         when 2 move Act-GL-No to WS-Dflt-Liability
  4659                         when 3 move Act-GL-No to WS-Dflt-Expense  *> ????
  4660                         when 4 move Act-GL-No to WS-Dflt-Cost
  4661                         when other    *> default ?
  4662                                move PY-PR1-Dflt-Dist-Acct to  WS-Dflt-Expense
  4663                end-evaluate
  4664  *>
  4665                rewrite  PY-Accounts-Record
  4666                if       PY-Act-Status not = "00"
  4667                         perform  aa130-Act-File-Error
  4668                         exit perform
  4669                end-if
  4670                move     "Y" to WS-Act-Exists (Act-No)
  4671                exit perform cycle
  4672       end-perform.
  4673       close    PY-Accounts-File.
  4674       perform  acasirsub1-Close.
  4675  *>
  4676   ab030-Exit.  exit section.
  4677  *>
  4678   ab035-Find-IRS-Nominal-Acct section.
  4679  *>**********************************
  4680  *>
  4681       move     Act-GL-No to NL-Owning.
  4682       move     zero      to NL-Sub-Nominal.
  4683       perform  acasirsub1-Read-Indexed.
  4684  *>
  4685   ab035-Exit.  exit section.
  4686  *>
  4687   ab040-Show-Accts            section.
  4688  *>**********************************
  4689  *>
  4690       move     maps-ser-nn to curs2.
  4691       display  Display-Heads.
  4692       display  SS-Param-7-IRS-Show-Nominal-Accounts.
  4693       start    PY-Accounts-File First.
  4694       if       PY-Act-Status not = "00"
  4695                display  PY006 at line WS-23-Lines col 1 erase eos
  4696                accept   WS-Reply at line WS-23-Lines col 42 AUTO
  4697                go to ab040-Exit.
  4698       move     6 to A.
ACS Cobol Xref v2.03.18          Dictionary File for PY900    24/03/2026  18:58:24:60                                  Page   88

  4699       perform  forever
  4700                add      1 to A
  4701                if       A > WS-22-Lines
  4702                         display  SY014 at line WS-23-Lines col 1 erase eol
  4703                         accept   WS-Reply at line WS-23-Lines col 32 AUTO
  4704                         display  Display-Heads
  4705                         display  SS-Param-7-IRS-Show-Nominal-Accounts
  4706                         move     7 to A
  4707                end-if
  4708                read     PY-Accounts-File next record at end
  4709                         display PY007    at line WS-23-Lines col 1
  4710                         accept  WS-Reply at line WS-23-Lines col 47 AUTO
  4711                         close   PY-Accounts-File
  4712                         open    i-o PY-Accounts-File
  4713                         exit perform
  4714                end-read
  4715                display  Act-No    at line A col 2
  4716                display  Act-GL-No at line A col 11
  4717                display  Act-Desc  at line A col 20
  4718                exit perform cycle
  4719       end-perform.
  4720  *>
  4721   ab040-Exit.  exit section.
  4722
  4723   ab050-Using-GL              section.
  4724  *>**********************************
  4725  *>
  4726  *> REMEMBER to save in WS-Dflt Cash (1), Liability (2),
  4727  *>                     WS-Dflt-Cost (4) & WS-Dflt-Expense ( PY-PR1-Dflt-Dist-Acct )
  4728  *>
  4729       move     zero to Return-Code.
  4730       perform  GL-Nominal-Open-Input.
  4731       if       FS-Reply not = zero
  4732                display  IR912    at line WS-23-lines col 01 with foreground-color cob-color-red erase eol
  4733                display  "21" at line WS-23-lines col 52
  4734                move     21 to PY-PR1-Status
  4735                perform  ZZ040-Evaluate-Message
  4736                display  WS-Eval-Msg at line WS-23-lines col 55
  4737                display  SY003    at line WS-lines col 01 with foreground-color cob-color-red erase eol
  4738                accept   WS-Reply at line WS-lines col 52 AUTO
  4739                perform  GL-Nominal-Close
  4740                move     16 to Return-Code
  4741                go       to ab030-Exit.                    *> Cannot continue.
  4742  *>
  4743  *>  NL nominal # preset only via IRS but numbers used are suspect.
  4744  *>   we test that these numers exist & if not, abort this function
  4745  *>  do the same if errors exist when writing record
  4746  *>  and if error happened clear the act file.
  4747  *>
  4748  *>  THEREFORE if file is zero size this routined failed regardless of what one of
  4749  *>  the four caused it.   BUT should not be happening :(
  4750  *>
  4751       move     spaces to WS-Account-Table.         *> Init Table
  4752       open     input    PY-Accounts-File.
ACS Cobol Xref v2.03.18          Dictionary File for PY900    24/03/2026  18:58:24:60                                  Page   89

  4753       if       PY-Act-Status not = "00"
  4754                close    PY-Accounts-File
  4755                open     output PY-Accounts-File   *> set up the default accounts
  4756                move     1 to ACT-No
  4757                move     "Cash" to ACT-Desc
  4758                move     00274  to ACT-GL-No
  4759                perform  ab060-Find-GL-Nominal-Acct
  4760                if       FS-Reply not = zero
  4761                         move     zeros to ACT-GL-No
  4762                else
  4763                         move     "Y" to WS-Act-Exists (ACT-No)
  4764                end-if
  4765                write    PY-Accounts-Record
  4766                if       PY-Act-Status not = "00"
  4767                         perform  aa130-Act-File-Error
  4768                         move     space to WS-Act-Exists (ACT-No)
  4769                         close    PY-Accounts-File
  4770                         open     output PY-Accounts-File
  4771                         go to    ab050-Continued
  4772                end-if
  4773                move     2 to ACT-No
  4774                move     "Accrued Liability" to ACT-Desc
  4775                move     00180 to ACT-GL-No
  4776                perform  ab060-Find-GL-Nominal-Acct
  4777                if       FS-Reply not = zero
  4778                         move     zeros to ACT-GL-No
  4779                else
  4780                         move     "Y" to WS-Act-Exists (ACT-No)
  4781                end-if
  4782                write    PY-Accounts-Record
  4783                if       PY-Act-Status not = "00"
  4784                         perform  aa130-Act-File-Error
  4785                         move     space to WS-Act-Exists (ACT-No)
  4786                         close    PY-Accounts-File
  4787                         open     output PY-Accounts-File
  4788                         go to    ab050-Continued
  4789                end-if
  4790                move     3 to ACT-No
  4791                move     "Salary Expense" to ACT-Desc
  4792                move     00315 to ACT-GL-No
  4793                perform  ab060-Find-GL-Nominal-Acct
  4794                if       FS-Reply not = zero
  4795                         move     zeros to ACT-GL-No
  4796                else
  4797                         move     "Y" to WS-Act-Exists (ACT-No)
  4798                end-if
  4799                write    PY-Accounts-Record
  4800                if       PY-Act-Status not = "00"
  4801                         perform  aa130-Act-File-Error
  4802                         move     space to WS-Act-Exists (ACT-No)
  4803                         close    PY-Accounts-File
  4804                         open     output PY-Accounts-File
  4805                         go to    ab050-Continued
  4806                end-if
ACS Cobol Xref v2.03.18          Dictionary File for PY900    24/03/2026  18:58:24:60                                  Page   90

  4807                move     4 to ACT-No
  4808                move     "Accrued Payroll Cost Lia" to ACT-Desc *> Liability
  4809                move     00298 to ACT-GL-No
  4810                perform  ab060-Find-GL-Nominal-Acct
  4811                if       FS-Reply not = zero
  4812                         move     zeros to ACT-GL-No
  4813                else
  4814                         move     "Y" to WS-Act-Exists (ACT-No)
  4815                end-if
  4816                write    PY-Accounts-Record
  4817                if       PY-Act-Status not = "00"
  4818                         perform  aa130-Act-File-Error
  4819                         move     space to WS-Act-Exists (ACT-No)
  4820                         close    PY-Accounts-File
  4821                         open     output PY-Accounts-File
  4822                         go to    ab050-Continued
  4823                end-if
  4824                move     4 to WS-Account-Count
  4825  *>
  4826  *> THIS does NOT mean that the nominals actually exist but that the four
  4827  *>  ACT accounts are on file but could have zero in ACT-GL-No
  4828  *>
  4829       end-if.
  4830  *>
  4831   ab050-Continued.
  4832       close    PY-Accounts-File.
  4833       open     i-o PY-Accounts-File.
  4834       move     maps-ser-nn to curs2.
  4835       display  Display-Heads.
  4836       display  SS-Param-7-IRS-Nominal-Accounts.
  4837       display  PY003 at 1610 foreground-color 3. *> Warn about using manual
  4838       display  PY004 at 2010 foreground-color 2. *> 2 quit use Escape.
  4839       display  PY005 at 2210 foreground-color 2. *> 2 display current ACT entries.
  4840       move     1 to File-Key-No.                 *> 1 = Primary
  4841  *>
  4842   ab050-Get-Nominal.
  4843       move     zeros to Act-No
  4844                         Act-GL-No.
  4845       move     spaces  to Act-Desc.
  4846       perform  Forever
  4847                accept   Act-No    at 0623 foreground-color 3 UPDATE
  4848                if       Cob-CRT-Status = Cob-Scr-Esc
  4849                         exit perform
  4850                end-if
  4851  *>
  4852  *> Save screen, show the defaults then restore the prev. screen.
  4853  *>
  4854                if       Cob-CRT-Status = Cob-Scr-F1
  4855                         move     z"irs-temp.scr"  to wScreenName
  4856                         call     "scr_dump"    using wScreenName
  4857                                                 returning wInt
  4858                         perform  ab040-Show-Accts
  4859                         call     "scr_restore" using wScreenName
  4860                                                 returning wInt
ACS Cobol Xref v2.03.18          Dictionary File for PY900    24/03/2026  18:58:24:60                                  Page   91

  4861                         call     "CBL_DELETE_FILE" using Path-Work
  4862                         move     zeros to Act-No
  4863                         exit perform cycle
  4864                end-if
  4865  *>
  4866  *> as the 4 have been created not checking for i-o errors
  4867  *>
  4868                read     PY-Accounts-File key Act-No
  4869                accept   Act-GL-No at 0823 foreground-color 3 UPDATE
  4870                if       Cob-CRT-Status = Cob-Scr-Esc
  4871                         exit perform
  4872                end-if
  4873  *>
  4874                perform  ab060-Find-GL-Nominal-Acct
  4875                if       FS-Reply = zero
  4876                         move     Ledger-Name to Act-Desc
  4877                else
  4878                         display  PY116 at line WS-23-Lines col 1 foreground-color 6 BEEP erase eos
  4879                         exit perform cycle
  4880                end-if
  4881                display  space at  line WS-23-Lines col 1 erase eol
  4882                display  Act-Desc  at 0923
  4883  *>
  4884                evaluate Act-No
  4885                         when 1 move Act-GL-No to WS-Dflt-Cash
  4886                         when 2 move Act-GL-No to WS-Dflt-Liability
  4887                         when 3 move Act-GL-No to WS-Dflt-Expense  *> ????
  4888                         when 4 move Act-GL-No to WS-Dflt-Cost
  4889                         when other    *> default ?
  4890                                move PY-PR1-Dflt-Dist-Acct to  WS-Dflt-Expense
  4891                end-evaluate
  4892  *>
  4893                rewrite  PY-Accounts-Record
  4894                if       PY-Act-Status not = "00"
  4895                         perform  aa130-Act-File-Error
  4896                         exit perform
  4897                end-if
  4898                move     "Y" to WS-Act-Exists (Act-No)
  4899                exit perform cycle
  4900       end-perform.
  4901       close    PY-Accounts-File.
  4902       perform  GL-Nominal-Close.
  4903  *>
  4904   ab050-Exit.  exit section.
  4905  *>
  4906   ab060-Find-GL-Nominal-Acct  section.
  4907  *>**********************************
  4908  *> result in FS-Reply
  4909  *>
  4910       move     Act-GL-No to WS-Ledger-Nos.
  4911       move     zero      to Ledger-pc.
  4912       perform  GL-Nominal-Read-Indexed.
  4913  *>
  4914   ab060-Exit.  exit section.
ACS Cobol Xref v2.03.18          Dictionary File for PY900    24/03/2026  18:58:24:60                                  Page   92

  4915  *>
  4916   ab070-PY-DED-Setup          section.
  4917  *>**********************************
  4918  *>
  4919  *> Use content from dedent.bas as src for init setups.
  4920  *>  Now preset values from dedent
  4921  *>
  4922       initialise
  4923                PY-System-Deduction-Record with FILLER.
  4924  *>
  4925       move     "Y" to Ded-SWT-Used
  4926                       Ded-FWT-Used
  4927                       Ded-FICA-Used
  4928                       Ded-CO-FICA-Used
  4929                       Ded-CO-FUTA-Used
  4930                       Ded-CO-SUI-Used.
  4931       move     "N" to Ded-LWT-Used
  4932                       Ded-SDI-Used
  4933                       Ded-EIC-Used.
  4934  *>
  4935  *> Assuming WS presets now set up via ACT set up
  4936  *> #2 default cbasic - check it but ONLY if
  4937  *>  PY-PR1-IRS-Used or PY-PR1-GL-Used = "Y"
  4938  *>
  4939       if       PY-PR1-IRS-Used = "Y"
  4940            or  PY-PR1-GL-Used = "Y"
  4941                move     WS-Dflt-Liability to Ded-FWT-Acct-No
  4942                                              Ded-SWT-Acct-No
  4943                                              Ded-LWT-Acct-No
  4944                                              Ded-FICA-Acct-No
  4945                                              Ded-SDI-Acct-No
  4946                                              Ded-EIC-Acct-No
  4947  *> #4 default cbasic - check it
  4948                move     WS-Dflt-Cost      to Ded-CO-FICA-Acct-No
  4949                                              Ded-CO-FUTA-Acct-No
  4950                                              Ded-CO-SUI-Acct-No.
  4951  *>
  4952       perform  varying A from 1 by 1 until A > 5
  4953                if       A > 5
  4954                         exit perform
  4955                end-if
  4956                move     "N"             to Ded-Sys-Used (A)
  4957                move     "E"             to Ded-Sys-Earn-Ded (A)
  4958                move     "A"             to Ded-Sys-Amt-Percent (A)
  4959                move     7               to Ded-Sys-Chk-Cat (A)
  4960                move     1               to Ded-Sys-Exclusion (A)
  4961                move     "Y"             to Ded-Sys-Limit-Used (A)
  4962                if       PY-PR1-IRS-Used = "Y"
  4963                     or  PY-PR1-GL-Used = "Y"
  4964                         move     WS-Dflt-Expense to Ded-Sys-Acct-No (A)
  4965                end-if
  4966       end-perform.
  4967  *>
  4968  *> Other presets for allowances from dedend.bas but Out Of Date
ACS Cobol Xref v2.03.18          Dictionary File for PY900    24/03/2026  18:58:24:60                                  Page   93

  4969  *>  but changable in menu options
  4970  *>
  4971       move     1000    to Ded-FWT-Allowance-Amt.
  4972       move     2400    to Ded-FWT-Mar-Cutoff (1).
  4973       move     6600    to Ded-FWT-Mar-Cutoff (2).
  4974       move     10900   to Ded-FWT-Mar-Cutoff (3).
  4975       move     15000   to Ded-FWT-Mar-Cutoff (4).
  4976       move     19200   to Ded-FWT-Mar-Cutoff (5).
  4977       move     23600   to Ded-FWT-Mar-Cutoff (6).
  4978       move     28900   to Ded-FWT-Mar-Cutoff (7).
  4979       move     15      to Ded-FWT-Mar-Percent (1).
  4980       move     18      to Ded-FWT-Mar-Percent (2).
  4981       move     21      to Ded-FWT-Mar-Percent (3).
  4982       move     24      to Ded-FWT-Mar-Percent (4).
  4983       move     28      to Ded-FWT-Mar-Percent (5).
  4984       move     32      to Ded-FWT-Mar-Percent (6).
  4985       move     37      to Ded-FWT-Mar-Percent (7).
  4986  *>
  4987       move     1420    to Ded-FWT-Sin-Cutoff (1).
  4988       move     3300    to Ded-FWT-Sin-Cutoff (2).
  4989       move     6800    to Ded-FWT-Sin-Cutoff (3).
  4990       move     10200   to Ded-FWT-Sin-Cutoff (4).
  4991       move     14200   to Ded-FWT-Sin-Cutoff (5).
  4992       move     17200   to Ded-FWT-Sin-Cutoff (6).
  4993       move     22500   to Ded-FWT-Sin-Cutoff (7).
  4994       move     15      to Ded-FWT-Sin-Percent (1).
  4995       move     18      to Ded-FWT-Sin-Percent (2).
  4996       move     21      to Ded-FWT-Sin-Percent (3).
  4997       move     24      to Ded-FWT-Sin-Percent (4).
  4998       move     26      to Ded-FWT-Sin-Percent (5).
  4999       move     30      to Ded-FWT-Sin-Percent (6).
  5000       move     39      to Ded-FWT-Sin-Percent (7).
  5001  *>
  5002       move     6.13    to Ded-FICA-Rate.
  5003       move     6.13    to Ded-CO-FICA-Rate.
  5004       move     1       to Ded-SDI-Rate.
  5005       move     3.4     to Ded-CO-FUTA-Rate.
  5006       move     2.7     to Ded-CO-FUTA-Max-Credit.
  5007       move     zero    to Ded-CO-SUI-Rate.
  5008       move     10      to Ded-EIC-Rate.
  5009       move     12.5    to Ded-EIC-Excess-Rate.
  5010       move     25900   to Ded-FICA-Limit.
  5011       move     25900   to Ded-CO-FICA-Limit.
  5012       move     6000    to Ded-SDI-Limit.
  5013       move     6000    to Ded-CO-FUTA-Limit
  5014       move     6000    to Ded-CO-SUI-Limit.
  5015       move     5000    to Ded-EIC-Limit.
  5016       move     6000    to Ded-EIC-Excess-Limit.
  5017  *>
  5018       move     1 to RRN.
  5019       write    PY-System-Deduction-Record. *> Not created yet
  5020       if       PY-Ded-Status not = "00"
  5021                perform  aa110-Eval-Ded-Write
  5022                display  SY001 at line WS-23-Lines col 1 foreground-color 6 BEEP
ACS Cobol Xref v2.03.18          Dictionary File for PY900    24/03/2026  18:58:24:60                                  Page   94

  5023                                                         erase eos
  5024                accept   WS-Reply at line WS-23-Lines col 48 AUTO
  5025                close    PY-System-Deduction-File
  5026                move     16 to WS-Term-Code
  5027                goback   returning 16.
  5028  *>
  5029   ab070-Exit.   exit section.
  5030  *>
  5031  *>
  5032   zz010-Test-YMD              section.
  5033  *>**********************************
  5034  *>
  5035       move     WS-Year  to WS-Test-YMD (1:4).
  5036       if       PY-PR1-Date-Format = 2   *> test for USA - mmddyyyy - -> yyyymmdd
  5037                move     WS-Days  to WS-Test-YMD (5:2)
  5038                move     WS-Month to WS-Test-YMD (7:2)
  5039       else
  5040                move     WS-Days  to WS-Test-YMD (7:2)  *> test for UK - ddmmyyyy -> yyyymmdd
  5041                move     WS-Month to WS-Test-YMD (5:2).
  5042  *>
  5043       move     zero  to A.
  5044       move     TEST-DATE-YYYYMMDD(WS-Test-YMD) to A.
  5045
  5046   zz010-Exit.  exit section.
  5047  *>
  5048  *> zz020-Display-Heads         section.
  5049  *>**********************************
  5050  *>
  5051  *>     display  " " at 0101 with erase eos.
  5052  *>     display  Prog-Name              at 0101 with foreground-color 2.
  5053  *>     display  WS-Heading             at 0131 with foreground-color 2.
  5054  *>     move     To-Day to WS-Date.
  5055  *>     perform  zz070-Convert-Date.
  5056  *>     display  WS-Date                at 0171 with foreground-color 2.
  5057  *>
  5058  *> zz020-Exit.  exit section.
  5059  *>
  5060   ZZ040-Evaluate-Message      Section.
  5061  *>**********************************
  5062  *>
  5063  *> For PY-PR1 parameter file anfd other using PR-PR1-Status.
  5064  *>
  5065  *>C      copy "FileStat-Msgs-2.cpy" replacing MSG    by WS-Eval-Msg
  5066  *>C                                         STATUS by PY-PR1-Status.
  5067  *> ***************************************************************
  5068  *> ** Author: Gary L. Cutler                                    **
  5069  *> **         CutlerGL@gmail.com                                **
  5070  *> ** Amendments Vincent B. Coen                                **
  5071  *> **         vbcoen@gmail.com                                  **
  5072  *> **                                                           **
  5073  *> ** This copybook defines an EVALUATE statement capable of    **
  5074  *> ** translating two-digit FILE-STATUS codes to a message.     **
  5075  *> **                                                           **
  5076  *> ** Use the REPLACING option to COPY to change the names of   **
ACS Cobol Xref v2.03.18          Dictionary File for PY900    24/03/2026  18:58:24:61                                  Page   95

  5077  *> ** the MSG and STATUS identifiers to                         **
  5078  *> ** the names your program needs.                             **
  5079  *> Such as replacing STATUS by fs-reply msg by exception-msg.   **
  5080  *>                                                              **
  5081  *> ** chg 09/08/23 vbc for missing statuses                     **
  5082  *> ** Chg 11/12/23 vbc for missing statuses                     **
  5083  *> ** Chg 10/04/25 vbc match all quotes & spacing/layout        **
  5084  *> ** chg to FREE format                                        **
  5085  *> ** Chg 24/08/25 vbc #91 description.                         **
  5086  *> ** Chg 15.11.25 vbc Replace all ' for "                      **
  5087  *> ***************************************************************
  5088  *>
  5089   EVALUATE PY-PR1-Status
  5090   WHEN "00" MOVE "Success                  " TO WS-Eval-Msg
  5091   WHEN "02" MOVE "Success Duplicate        " TO WS-Eval-Msg
  5092   WHEN "04" MOVE "Success Incomplete       " TO WS-Eval-Msg
  5093   WHEN "05" MOVE "Success Optional, Missing" TO WS-Eval-Msg
  5094   when "06" move "Multiple Records LS      " TO WS-Eval-Msg
  5095   WHEN "07" MOVE "Success No Unit          " TO WS-Eval-Msg
  5096   when "09" move "Success LS Bad Data      " TO WS-Eval-Msg
  5097   WHEN "10" MOVE "End Of File              " TO WS-Eval-Msg
  5098   WHEN "14" MOVE "Out Of Key Range         " TO WS-Eval-Msg
  5099   WHEN "21" MOVE "Key Invalid              " TO WS-Eval-Msg
  5100   WHEN "22" MOVE "Key Exists               " TO WS-Eval-Msg
  5101   WHEN "23" MOVE "Key Not Exists           " TO WS-Eval-Msg
  5102   WHEN "24" MOVE "Key Boundary violation   " TO WS-Eval-Msg
  5103   WHEN "30" MOVE "Permanent Error          " TO WS-Eval-Msg
  5104   WHEN "31" MOVE "Inconsistent Filename    " TO WS-Eval-Msg
  5105   WHEN "34" MOVE "Boundary Violation       " TO WS-Eval-Msg
  5106   WHEN "35" MOVE "File Not Found           " TO WS-Eval-Msg
  5107   WHEN "37" MOVE "Permission Denied        " TO WS-Eval-Msg
  5108   WHEN "38" MOVE "Closed With Lock         " TO WS-Eval-Msg
  5109   WHEN "39" MOVE "Conflict Attribute       " TO WS-Eval-Msg
  5110   WHEN "41" MOVE "Already Open             " TO WS-Eval-Msg
  5111   WHEN "42" MOVE "Not Open                 " TO WS-Eval-Msg
  5112   WHEN "43" MOVE "Read Not Done            " TO WS-Eval-Msg
  5113   WHEN "44" MOVE "Record Overflow          " TO WS-Eval-Msg
  5114   WHEN "46" MOVE "Read Error               " TO WS-Eval-Msg
  5115   WHEN "47" MOVE "Input Denied             " TO WS-Eval-Msg
  5116   WHEN "48" MOVE "Output Denied            " TO WS-Eval-Msg
  5117   WHEN "49" MOVE "I/O Denied               " TO WS-Eval-Msg
  5118   WHEN "51" MOVE "Record Locked            " TO WS-Eval-Msg
  5119   WHEN "52" MOVE "End-Of-Page              " TO WS-Eval-Msg
  5120   WHEN "57" MOVE "I/O Linage               " TO WS-Eval-Msg
  5121   WHEN "61" MOVE "File Sharing Failure     " TO WS-Eval-Msg
  5122   WHEN "71" MOVE "Bad Character LS         " TO WS-Eval-Msg
  5123   WHEN "91" MOVE "Feature Not Available    " TO WS-Eval-Msg
  5124            WHEN OTHER
  5125   MOVE "Unknown File PY-PR1-Status      " TO WS-
  5126  *>
  5127       END-EVALUATE.
  5128
  5129  *>>W Msg29 Caution: One or more replacing sources not found
  5130       exit     section.
ACS Cobol Xref v2.03.18          Dictionary File for PY900    24/03/2026  18:58:24:61                                  Page   96

  5131  *>
  5132   zz050-Validate-Date        section.
  5133  *>*********************************
  5134  *>
  5135  *>  Converts USA/Intl to UK date format for processing.
  5136  *>*******************************
  5137  *> Input:   WS-Test-Date
  5138  *> output:  U-Date/WS-Date as uk date format
  5139  *>          U-Bin not zero if valid date
  5140  *>
  5141  *>     move     WS-Test-Date to WS-Date.
  5142  *>     if       Date-Form = zero
  5143  *>              move 1 to Date-Form.
  5144  *>     if       Date-UK
  5145  *>              go to zz050-Test-Date.
  5146  *>     if       Date-USA                *> swap month and days
  5147  *>              move WS-Days  to WS-Swap
  5148  *>              move WS-Month to WS-Days
  5149  *>              move WS-Swap  to WS-Month
  5150  *>              go to zz050-Test-Date.
  5151  *>*>
  5152  *>*> So its International date format
  5153  *>*>
  5154  *>     move     "dd/mm/ccyy" to WS-Date.  *> swap Intl to UK form
  5155  *>     move     WS-Test-Date (1:4) to WS-Year.
  5156  *>     move     WS-Test-Date (6:2) to WS-Month.
  5157  *>     move     WS-Test-Date (9:2) to WS-Days.
  5158  *>*>
  5159  *> zz050-Test-Date.
  5160  *>     move     WS-Date to U-Date.
  5161  *>     move     zero to U-Bin.
  5162  *>     perform  maps04.
  5163  *>*>
  5164  *> zz050-exit.
  5165  *>     exit     section.
  5166  *>
  5167  *> zz060-Convert-Date        section.
  5168  *>********************************
  5169  *>
  5170  *>  Converts date in binary to UK/USA/Intl date format
  5171  *>****************************************************
  5172  *> Input:   U-Bin
  5173  *> output:  WS-Date as uk/US/Inlt date format
  5174  *>          U-Date & WS-Date = spaces if invalid date
  5175  *>
  5176  *>     perform  maps04.
  5177  *>     if       U-Date = spaces
  5178  *>              move spaces to WS-Date
  5179  *>              go to zz060-Exit.
  5180  *>     move     U-Date to WS-Date.
  5181  *>*>
  5182  *>     if       Date-Form = zero
  5183  *>              move 1 to Date-Form.
  5184  *>     if       Date-UK
ACS Cobol Xref v2.03.18          Dictionary File for PY900    24/03/2026  18:58:24:61                                  Page   97

  5185  *>              go to zz060-Exit.
  5186  *>     if       Date-USA                *> swap month and days
  5187  *>              move WS-Days  to WS-Swap
  5188  *>              move WS-Month to WS-Days
  5189  *>              move WS-Swap  to WS-Month
  5190  *>              go to zz060-Exit.
  5191  *>
  5192  *> So its International date format
  5193  *>
  5194  *>     move     "ccyy/mm/dd" to WS-Date.  *> swap Intl to UK form
  5195  *>     move     U-Date (7:4) to WS-Intl-Year.
  5196  *>     move     U-Date (4:2) to WS-Intl-Month.
  5197  *>     move     U-Date (1:2) to WS-Intl-Days.
  5198  *>*>
  5199  *> zz060-Exit.
  5200  *>     exit     section.
  5201  *>
  5202   zz070-Convert-Date          section.
  5203  *>**********************************
  5204  *>
  5205  *>  Converts date in To-Day to UK/USA/Intl date format using ACAS param
  5206  *>*********************************************************************
  5207  *> Input:   To-Day
  5208  *> output:  WS-Date as uk/US/Inlt date format
  5209  *>
  5210       move     To-Day to WS-Date.
  5211  *>
  5212       if       Date-Form = zero
  5213                move 1 to Date-Form.
  5214       if       Date-UK
  5215                go to zz070-Exit.
  5216       if       Date-USA                *> Swap month and days
  5217                move WS-Days  to WS-Swap
  5218                move WS-Month to WS-Days
  5219                move WS-Swap  to WS-Month
  5220                go to zz070-Exit.
  5221  *>
  5222  *> So its International date format
  5223  *>
  5224       move     "ccyy/mm/dd" to WS-Date.  *> Swap Intl to UK form
  5225       move     To-Day (7:4) to WS-Intl-Year.
  5226       move     To-Day (4:2) to WS-Intl-Month.
  5227       move     To-Day (1:2) to WS-Intl-Days.
  5228  *>
  5229   zz070-Exit.
  5230       exit     section.
  5231  *>
  5232   maps04.
  5233  *>******
  5234  *>
  5235       call     "maps04"  using  Maps03-WS.
  5236  *>
  5237   maps04-Exit. exit.
  5238  *>
ACS Cobol Xref v2.03.18          Dictionary File for PY900    24/03/2026  18:58:24:61                                  Page   98

  5239  *>C      copy "an-accept.pl".
  5240        *>
  5241        *> performed after calling "accept_numeric" routine
  5242        *>
  5243         AN-Test-Status.
  5244             move     zeros to COB-CRT-STATUS.
  5245             evaluate AN-Return-Code
  5246                      when = zero
  5247                               move     zero to COB-CRT-STATUS
  5248                      when > zero and < 49 *> F1 thru F48
  5249                               compute COB-CRT-STATUS = AN-Return-Code + 1000
  5250                      when = 49            *> PAGE-UP - 2001
  5251                               move     2001 to COB-CRT-STATUS
  5252                      when = 50            *> PAGE-DOWN - 2002
  5253                               move     2002 to COB-CRT-STATUS
  5254                      when = 51            *> TAB    - 2007
  5255                               move     2007 to COB-CRT-STATUS
  5256                      when = 52            *> BACK-TAB - 2008
  5257                               move     2008 to COB-CRT-STATUS
  5258                      when = 99            *> ESCAPE - 2005
  5259                               move     2005 to COB-CRT-STATUS
  5260                      when other           *> No Others Coded For
  5261                               move     9000 to COB-CRT-STATUS
  5262             end-evaluate.
  5263        *>
  5264  *>
  5265  *>C      copy "Proc-ZZ100-ACAS-IRS-Calls.cob"
  5266  *>C           replacing LEADING ==zz100-== by ==ZZ900-==.
  5267  *>
  5268   zz100-ACAS-IRS-Calls  section.
  5269  *>============================
  5270  *>
  5271  *>  USED THROUGHTOUT IRS but Map out by using a dummy 03 all
  5272  *>   unused acasirsubn routines [see 01  Dummies-For-Unused-FH-Calls].
  5273  *>
  5274  *> All of the calls to irsub1 - 5 remapped to acasirsub1 - 5.
  5275  *>        All require changes to code for param etc.
  5276  *>
  5277  *>  Uses messages:  IR911, IR912, IR913, IR915, IR916. (Was IR011 - 16.
  5278  *>
  5279  *>  Note irsub2 is replaced by acas000 with File-Key-No=1
  5280  *> ******************************************************
  5281  *>
  5282  *> acas000     =  System parameter file processing with File-Key-No=1
  5283  *>
  5284  *> Changes:
  5285  *> 29/04/18 vbc - 1.01 - Changed all accessing other than open with 1st line of
  5286  *>                       move zero to Access-Type to keep logging clean.
  5287  *>
  5288   acas000.
  5289  *>
  5290       move     1 to File-Key-No.               *> 1 = Primary as only used.
  5291       call     "acas000" using
  5292                                  WS-System-Record
ACS Cobol Xref v2.03.18          Dictionary File for PY900    24/03/2026  18:58:24:61                                  Page   99

  5293                                  File-Access
  5294                                  File-Defs
  5295                                  ACAS-DAL-Common-data
  5296       end-call.
  5297  *>
  5298  *> acas008     =  SL/PL Posting file processing
  5299  *>
  5300   acas008.
  5301  *>
  5302       move     1 to File-Key-No.               *> 1 = Primary
  5303       call     "acas008" using WS-System-Record
  5304                                WS-IRS-Posting-Record
  5305                                File-Access
  5306                                File-Defs
  5307                                ACAS-DAL-Common-data.
  5308  *>
  5309  *> acasirsub1  =  NL (Nominal Ledger) processing.
  5310  *>
  5311   acasirsub1.
  5312  *>
  5313       move     1 to File-Key-No.               *> 1 = Primary
  5314       call     "acasirsub1" using WS-System-Record
  5315                                   WS-IRSNL-Record
  5316                                   File-Access
  5317                                   File-Defs
  5318                                   ACAS-DAL-Common-data
  5319       end-call.
  5320  *>
  5321  *> acasirsub3  =  Dflit (Default) processing.
  5322  *>
  5323   acasirsub3.
  5324  *>
  5325       move     1 to File-Key-No.               *> 1 = Primary
  5326       call     "acasirsub3" using WS-System-Record
  5327                                   WS-IRS-Default-Record
  5328                                   File-Access
  5329                                   File-Defs
  5330                                   ACAS-DAL-Common-data
  5331       end-call.
  5332  *>
  5333  *> acasirsub4  =  Posting processing.
  5334  *>
  5335   acasirsub4.
  5336  *>
  5337       move     1 to File-Key-No.               *> 1 = Primary
  5338       call     "acasirsub4" using WS-System-Record
  5339                                   Posting-Record
  5340                                   File-Access
  5341                                   File-Defs
  5342                                   ACAS-DAL-Common-data
  5343       end-call.
  5344  *>
  5345  *> acasirsub5  =  Final processing.
  5346  *>
ACS Cobol Xref v2.03.18          Dictionary File for PY900    24/03/2026  18:58:24:61                                  Page  100

  5347   acasirsub5.
  5348  *>
  5349       move     1 to File-Key-No.               *> 1 = Primary
  5350       call     "acasirsub5" using WS-System-Record
  5351                                   Final-Record
  5352                                   File-Access
  5353                                   File-Defs
  5354                                   ACAS-DAL-Common-data
  5355       end-call.
  5356  *>
  5357  *>
  5358   acas000-Open.
  5359       set      fn-open to true.
  5360       set      fn-i-o  to true.
  5361       perform  acas000.
  5362       perform  acas000-Check-4-Errors.
  5363  *>
  5364   acas000-Open-Input.
  5365       set      fn-open  to true.
  5366       set      fn-input to true.
  5367       perform  acas000-Check-4-Errors.
  5368       perform  acas000.
  5369  *>
  5370   acas000-Close.
  5371       move     zero to Access-Type.
  5372       set      fn-Close to true.
  5373       perform  acas000.
  5374  *>
  5375   acas000-Read-Next.
  5376       move     zero to Access-Type.
  5377       set      fn-Read-Next to true.
  5378       perform  acas000.
  5379  *>
  5380   acas000-Read-Indexed.
  5381       move     zero to Access-Type.
  5382       set      fn-Read-Indexed to true.
  5383       perform  acas000.
  5384  *>
  5385   acas000-Write.
  5386       move     zero to Access-Type.
  5387       set      fn-Write to true.
  5388       perform  acas000.
  5389  *>
  5390   acas000-Rewrite.
  5391       move     zero to Access-Type.
  5392       set      fn-re-write to true.
  5393       perform  acas000.
  5394  *>
  5395  *>
  5396   acas008-Open.
  5397       set      fn-open to true.
  5398       set      fn-i-o  to true.
  5399       perform  acas008.
  5400       perform  acas008-Check-4-Errors.
ACS Cobol Xref v2.03.18          Dictionary File for PY900    24/03/2026  18:58:24:61                                  Page  101

  5401  *>
  5402   acas008-Open-Input.
  5403       set      fn-open  to true.
  5404       set      fn-input to true.
  5405       perform  acas008.
  5406       perform  acas008-Check-4-Errors.
  5407  *>
  5408   acas008-Open-Output.
  5409       set      fn-open   to true.
  5410       set      fn-output to true.
  5411       perform  acas008.
  5412       perform  acas008-Check-4-Errors.
  5413  *>
  5414   acas008-Close.
  5415       move     zero to Access-Type.
  5416       set      fn-Close to true.
  5417       perform  acas008.
  5418  *>
  5419   acas008-Read-Next.
  5420       move     zero to Access-Type.
  5421       set      fn-Read-Next to true.
  5422       perform  acas008.
  5423  *>
  5424   acas008-Write.
  5425       move     zero to Access-Type.
  5426       set      fn-Write to true.
  5427       perform  acas008.
  5428  *>
  5429   acas008-Rewrite.
  5430       move     zero to Access-Type.
  5431       set      fn-re-write to true.
  5432       perform  acas008.
  5433  *>
  5434  *>
  5435   acasirsub1-Open.
  5436       set      fn-open to true.
  5437       set      fn-i-o  to true.
  5438       perform  acasirsub1.
  5439       perform  irsub1-Check-4-Errors.
  5440  *>
  5441   acasirsub1-Open-Input.
  5442       set      fn-open  to true.
  5443       set      fn-input to true.
  5444       perform  acasirsub1.
  5445       perform  irsub1-Check-4-Errors.
  5446  *>
  5447   acasirsub1-Open-Output.
  5448       set      fn-open  to true.
  5449       set      fn-output to true.
  5450       perform  acasirsub1.
  5451       perform  irsub1-Check-4-Errors.
  5452  *>
  5453   acasirsub1-Close.
  5454       move     zero to Access-Type.
ACS Cobol Xref v2.03.18          Dictionary File for PY900    24/03/2026  18:58:24:61                                  Page  102

  5455       set      fn-Close to true.
  5456       perform  acasirsub1.
  5457  *>
  5458   acasirsub1-Read-Next.
  5459       move     zero to Access-Type.
  5460       set      fn-Read-Next to true.
  5461       perform  acasirsub1.
  5462  *>
  5463   acasirsub1-Read-Indexed.
  5464       move     zero to Access-Type.
  5465       set      fn-Read-Indexed to true.
  5466       perform  acasirsub1.
  5467  *>
  5468   acasirsub1-Start.
  5469       move     zero to Access-Type.
  5470       set      fn-Start to true.
  5471       perform  acasirsub1.
  5472  *>
  5473   acasirsub1-Write.
  5474       move     zero to Access-Type.
  5475       set      fn-Write to true.
  5476       perform  acasirsub1.
  5477  *>
  5478   acasirsub1-Delete.
  5479       move     zero to Access-Type.
  5480       set      fn-Delete to true.
  5481       perform  acasirsub1.
  5482  *>
  5483   acasirsub1-Rewrite.
  5484       move     zero to Access-Type.
  5485       set      fn-re-write to true.
  5486       perform  acasirsub1.
  5487  *>
  5488  *>
  5489   acasirsub3-Open.
  5490       set      fn-open to true.
  5491       set      fn-i-o  to true.
  5492       perform  acasirsub3.
  5493       perform  irsub3-Check-4-Errors.
  5494  *>
  5495   acasirsub3-Open-Input.
  5496       set      fn-open  to true.
  5497       set      fn-input to true.
  5498       perform  acasirsub3.
  5499       perform  irsub3-Check-4-Errors.
  5500  *>
  5501   acasirsub3-Close.
  5502       move     zero to Access-Type.
  5503       set      fn-Close to true.
  5504       perform  acasirsub3.
  5505  *>
  5506   acasirsub3-Read-Next.
  5507       move     zero to Access-Type.
  5508       set      fn-Read-Next to true.
ACS Cobol Xref v2.03.18          Dictionary File for PY900    24/03/2026  18:58:24:61                                  Page  103

  5509       perform  acasirsub3.
  5510  *>
  5511   acasirsub3-Write.
  5512       move     zero to Access-Type.
  5513       set      fn-Write to true.
  5514       perform  acasirsub3.
  5515  *>
  5516   acasirsub3-ReWrite.
  5517       move     zero to Access-Type.
  5518       set      fn-re-write to true.
  5519       perform  acasirsub3.
  5520  *>
  5521  *>
  5522   acasirsub4-Open.
  5523       set      fn-open to true.
  5524       set      fn-i-o  to true.
  5525       perform  acasirsub4.
  5526  *>
  5527   acasirsub4-Open-Input.
  5528       set      fn-open  to true.
  5529       set      fn-input to true.
  5530       perform  acasirsub4.
  5531  *>
  5532   acasirsub4-Close.
  5533       move     zero to Access-Type.
  5534       set      fn-Close to true.
  5535       perform  acasirsub4.
  5536  *>
  5537   acasirsub4-Read-Next.
  5538       move     zero to Access-Type.
  5539       set      fn-Read-Next to true.
  5540       perform  acasirsub4.
  5541  *>
  5542   acasirsub4-Write.
  5543       move     zero to Access-Type.
  5544       set      fn-Write to true.
  5545       perform  acasirsub4.
  5546  *>
  5547   acasirsub4-Rewrite.
  5548       move     zero to Access-Type.
  5549       set      fn-re-write to true.
  5550       perform  acasirsub4.
  5551  *>
  5552  *>
  5553   acasirsub5-Open.
  5554       set      fn-open to true.
  5555       set      fn-i-o  to true.
  5556       perform  acasirsub5.
  5557       perform  irsub5-Check-4-Errors.
  5558  *>
  5559   acasirsub5-Open-Input.
  5560       set      fn-open  to true.
  5561       set      fn-input to true.
  5562       perform  acasirsub5.
ACS Cobol Xref v2.03.18          Dictionary File for PY900    24/03/2026  18:58:24:61                                  Page  104

  5563       perform  irsub5-Check-4-Errors.
  5564  *>
  5565   acasirsub5-Close.
  5566       move     zero to Access-Type.
  5567       set      fn-Close to true.
  5568       perform  acasirsub5.
  5569  *>
  5570   acasirsub5-Read-Next.
  5571       move     zero to Access-Type.
  5572       set      fn-Read-Next to true.
  5573       perform  acasirsub5.
  5574  *>
  5575   acasirsub5-Write.
  5576       move     zero to Access-Type.
  5577       set      fn-Write to true.
  5578       perform  acasirsub5.
  5579  *>
  5580   acasirsub5-ReWrite.
  5581       move     zero to Access-Type.
  5582       set      fn-re-write to true.
  5583       perform  acasirsub5.
  5584  *>
  5585  *>
  5586   acas000-Check-4-Errors.
  5587       if       fs-reply not = zero
  5588                display IR911            at 0801   *> acas000/systemMT processing
  5589                perform acas000-Close
  5590                go to Open-Error-Continued
  5591       end-if.
  5592  *>
  5593   acas008-Check-4-Errors.
  5594       if       fs-reply not = zero
  5595                display IR916            at 0801   *> acas008/slpostingMT processing
  5596                perform acas008-Close
  5597                go to Open-Error-Continued
  5598       end-if.
  5599  *>
  5600   irsub1-Check-4-Errors.
  5601       if       fs-reply not = zero
  5602                display IR912            at 0801   *> acasirsub1/irsnominalMT processing
  5603                perform  acasirsub1-Close
  5604                go to Open-Error-Continued
  5605       end-if.
  5606  *>
  5607   irsub3-Check-4-Errors.
  5608       if       fs-reply not = zero
  5609                display IR913            at 0801   *> acasirsub3/irsdfltMT processing
  5610                perform  acasirsub3-Close
  5611                go to Open-Error-Continued
  5612       end-if.
  5613  *>
  5614   irsub5-Check-4-Errors.
  5615       if       fs-reply not = zero
  5616                display IR915            at 0801   *> acasirsub5/irsfinalMT processing
ACS Cobol Xref v2.03.18          Dictionary File for PY900    24/03/2026  18:58:24:61                                  Page  105

  5617                perform  acasirsub5-Close
  5618                go to Open-Error-Continued
  5619       end-if.
  5620  *>
  5621   Open-Error-Continued.   *> If here we cannot continue as its a major failure
  5622       display  "Fs-reply = "    at 0901
  5623       display  fs-reply         at 0912
  5624       display  "WE-Error = "    at 1001
  5625       display   WE-Error        at 1012
  5626       display  SQL-Err          at 1101
  5627       display  SQL-Msg          at 1201
  5628       display  SY008            at 1301 with erase eol
  5629       accept   Accept-Reply     at 1335.
  5630       goback.
  5631  *>
  5632   ZZ100-Exit.
  5633       exit section.
  5634  *>>W Msg29 Caution: One or more replacing sources not found
  5635    *>                  ==zz100-Exit== by ZZ900-Exit==.   *> FOR IRS handling CoA file.
  5636  *>
  5637  *>C      copy "Proc-ACAS-FH-Calls.cob"   *> FOR GL file handler CoA file.
  5638  *>C           replacing LEADING  ==ZZ080-== by ==ZZ910-==
  5639  *>C                     System-Record by WS-System-Record.
  5640  *>>>LISTING OFF
  5641  *>
  5642   zz080-ACAS-Processes      section.
  5643  *>********************************
  5644  *>
  5645  *> 18/04/17 vbc - 1.01 - Added new function Invoice-Read-Next-Header
  5646  *>                       for use with sl020, 050, 140.
  5647  *> 23/04/17 vbc - 1.02 - Added new calls for acas26 & 029 for P/L.
  5648  *> 25/04/17 vbc - 1.03 - Added acas000-Open-Input as open I/O will create if not exist
  5649  *>                       MUST WATCH OUT FOR THIS FOR THE OTHERS <<<<<
  5650  *> 12/01/18 vbc -      - IRS FH and DALs are not in this copybook although the IRS posting file
  5651  *>                       which is an optional input to IRS is as sl, pl, st can use it..
  5652  *> 16/01/18 vbc - 1.04 - Added Value-Delete-All for xl150.
  5653  *> 29/04/18 vbc - 1.05 - Changed all accessing other than open with 1st line of
  5654  *>                       move zero to Access-Type to keep logging clean.
  5655  *> 02/05/23 vbc - 1.06 - Add SLautogen & acas004, PLautogen & acas030
  5656  *> 09/05/23 vbc   1.07 - Above amended names to SL/PLautogen.
  5657  *> 14/08/23 vbc - 1.08 - Remove 'move zero to access-type for Start, it is set !!!
  5658  *>
  5659   acas000.       *> System and dflt, final and system-record-4 NOTE that this FH only has four
  5660   *>                                           parameters (no system-record from FD)
  5661   call
  5662
  5663    "acas000" using WS-System-Record
  5664                                File-Access
  5665                                File-Defs
  5666                                ACAS-DAL-Common-Data.
  5667  *>
  5668   acas004.       *> SLautogen
  5669       move     1  to File-Key-No.
  5670   call
ACS Cobol Xref v2.03.18          Dictionary File for PY900    24/03/2026  18:58:24:61                                  Page  106

  5671
  5672    "acas004" using WS-System-Record
  5673                                WS-Invoice-Record
  5674                                File-Access
  5675                                File-Defs
  5676                                ACAS-DAL-Common-data.
  5677  *>
  5678   acas005.       *> GL Nominal Ledger
  5679       move     1  to File-Key-No.
  5680   call
  5681
  5682    "acas005" using WS-System-Record
  5683                                WS-Ledger-Record
  5684                                File-Access
  5685                                File-Defs
  5686                                ACAS-DAL-Common-Data.
  5687  *>
  5688   acas006.       *> GL Posting
  5689       move     1  to File-Key-No.
  5690   call
  5691
  5692    "acas006" using WS-System-Record
  5693                                WS-Posting-Record
  5694                                File-Access
  5695                                File-Defs
  5696                                ACAS-DAL-Common-Data.
  5697  *>
  5698   acas007.       *> GL Batch
  5699       move     1  to File-Key-No.
  5700   call
  5701
  5702    "acas007" using WS-System-Record
  5703                                WS-Batch-Record
  5704                                File-Access
  5705                                File-Defs
  5706                                ACAS-DAL-Common-Data.
  5707  *>
  5708   acas008.       *> SPL Posting
  5709       move     1  to File-Key-No.
  5710   call
  5711
  5712    "acas008" using WS-System-Record
  5713                                WS-IRS-Posting-Record
  5714                                File-Access
  5715                                File-Defs
  5716                                ACAS-DAL-Common-Data.
  5717  *>
  5718   acas010.       *> Stock Audit   Non ISAM type file/table
  5719       move     1  to File-Key-No.
  5720   call
  5721
  5722    "acas010" using WS-System-Record
  5723                                WS-Stock-Audit-Record
  5724                                File-Access
ACS Cobol Xref v2.03.18          Dictionary File for PY900    24/03/2026  18:58:24:61                                  Page  107

  5725                                File-Defs
  5726                                ACAS-DAL-Common-Data.
  5727  *>
  5728   acas011.       *> Stock    *> This one can use 3 File Key nos 1 - 3
  5729   call
  5730
  5731    "acas011" using WS-System-Record
  5732                                WS-Stock-Record
  5733                                File-Access
  5734                                File-Defs
  5735                                ACAS-DAL-Common-Data.
  5736  *>
  5737   acas012.       *> Sales Ledger
  5738       move     1  to File-Key-No.
  5739   call
  5740
  5741    "acas012" using WS-System-Record
  5742                                WS-Sales-Record
  5743                                File-Access
  5744                                File-Defs
  5745                                ACAS-DAL-Common-Data.
  5746  *>
  5747   acas013.       *>  Value
  5748       move     1  to File-Key-No.
  5749   call
  5750
  5751    "acas013" using WS-System-Record
  5752                                WS-Value-Record
  5753                                File-Access
  5754                                File-Defs
  5755                                ACAS-DAL-Common-Data.
  5756
  5757  *>
  5758   acas014.       *>  Delivery
  5759       move     1  to File-Key-No.
  5760   call
  5761
  5762    "acas014" using WS-System-Record
  5763                                WS-Delivery-Record
  5764                                File-Access
  5765                                File-Defs
  5766                                ACAS-DAL-Common-Data.
  5767
  5768  *>
  5769   acas015.       *> Analysis
  5770       move     1  to File-Key-No.
  5771   call
  5772
  5773    "acas015" using WS-System-Record
  5774                                WS-Analysis-Record
  5775                                File-Access
  5776                                File-Defs
  5777                                ACAS-DAL-Common-data.
  5778  *>
ACS Cobol Xref v2.03.18          Dictionary File for PY900    24/03/2026  18:58:24:61                                  Page  108

  5779   acas016.       *> Invoice
  5780       move     1  to File-Key-No.
  5781   call
  5782
  5783    "acas016" using WS-System-Record
  5784                                WS-Invoice-Record
  5785                                File-Access
  5786                                File-Defs
  5787                                ACAS-DAL-Common-data.
  5788  *>
  5789   acas017.       *> DelInvNo
  5790       move     1  to File-Key-No.
  5791   call
  5792
  5793    "acas017" using WS-System-Record
  5794                                WS-Del-Inv-Nos-Record
  5795                                File-Access
  5796                                File-Defs
  5797                                ACAS-DAL-Common-data.
  5798  *>
  5799   acas019.       *> Open-Item-3
  5800       move     1  to File-Key-No.
  5801   call
  5802
  5803    "acas019" using WS-System-Record
  5804                                WS-OTM3-Record
  5805                                File-Access
  5806                                File-Defs
  5807                                ACAS-DAL-Common-data.
  5808  *>
  5809   acas022.       *> Purchase Ledger
  5810       move     1  to File-Key-No.
  5811   call
  5812
  5813    "acas022" using WS-System-Record
  5814                                WS-Purch-Record
  5815                                File-Access
  5816                                File-Defs
  5817                                ACAS-DAL-Common-Data.
  5818  *>
  5819   acas023.       *> Delete Folio
  5820       move     1  to File-Key-No.
  5821   call
  5822
  5823    "acas023" using WS-System-Record
  5824                                WS-Del-Inv-Nos-Record
  5825                                File-Access
  5826                                File-Defs
  5827                                ACAS-DAL-Common-Data.
  5828  *>
  5829   acas026.       *> PInvoice
  5830       move     1  to File-Key-No.
  5831   call
  5832
ACS Cobol Xref v2.03.18          Dictionary File for PY900    24/03/2026  18:58:24:61                                  Page  109

  5833    "acas026" using WS-System-Record
  5834                                WS-PInvoice-Record
  5835                                File-Access
  5836                                File-Defs
  5837                                ACAS-DAL-Common-data.
  5838  *>
  5839   acas029.       *> Open-Item-5
  5840       move     1  to File-Key-No.
  5841   call
  5842
  5843    "acas029" using WS-System-Record
  5844                                WS-OTM5-Record
  5845                                File-Access
  5846                                File-Defs
  5847                                ACAS-DAL-Common-data.
  5848  *>
  5849   acas030.       *> PLautogen
  5850       move     1  to File-Key-No.
  5851   call
  5852
  5853    "acas030" using WS-System-Record
  5854                                WS-PInvoice-Record
  5855                                File-Access
  5856                                File-Defs
  5857                                ACAS-DAL-Common-data.
  5858  *>
  5859   acas032.       *> Purchase Payments
  5860       move     1  to File-Key-No.
  5861   call
  5862
  5863    "acas032" using WS-System-Record
  5864                                WS-Pay-Record
  5865                                File-Access
  5866                                File-Defs
  5867                                ACAS-DAL-Common-Data.
  5868  *>
  5869  *>  These are for acas000
  5870  *>
  5871   System-Open.
  5872   *>    set      fn-open  to true.
  5873       move     1  to File-Function.
  5874   *>    set      fn-i-o to true.
  5875       move     2 to Access-Type.
  5876       perform  acas000.
  5877  *>
  5878   System-Open-Input.
  5879   *>    set      fn-open  to true.
  5880       move     1  to File-Function.
  5881   *>    set      fn-Input to true.
  5882       move    1 to Access-Type.
  5883       perform  acas000.
  5884  *>
  5885   System-Open-Output.
  5886   *>    set      fn-open  to true.
ACS Cobol Xref v2.03.18          Dictionary File for PY900    24/03/2026  18:58:24:61                                  Page  110

  5887       move     1  to File-Function.
  5888   *>    set      fn-Output to true.
  5889       move    3 to Access-Type.
  5890       perform  acas000.
  5891  *>
  5892   System-Close.
  5893       move     zero to Access-Type.
  5894   *>    set      fn-Close to true.
  5895       move     2  to File-Function.
  5896       perform  acas000.
  5897  *>
  5898   System-Read-Indexed.
  5899       move     zero to Access-Type.
  5900       set      fn-Read-Indexed to true.
  5901       perform  acas000.
  5902  *>
  5903   System-Write.
  5904       move     zero to Access-Type.
  5905       set      fn-Write to true.
  5906       perform  acas000.
  5907  *>
  5908   System-ReWrite.
  5909       move     zero to Access-Type.
  5910       set      fn-re-write to true.
  5911       perform  acas000.
  5912  *>
  5913  *> These are for acas004
  5914  *>
  5915   SLautogen-Open.
  5916       set      fn-open to true.
  5917       set      fn-i-o  to true.
  5918       perform  acas004.
  5919  *>
  5920   SLautogen-Open-Input.
  5921       set      fn-open  to true.
  5922       set      fn-input to true.
  5923       perform  acas004.
  5924  *>
  5925   SLautogen-Open-Output.
  5926       set      fn-open  to true.
  5927       set      fn-Output to true.
  5928       perform  acas004.
  5929  *>
  5930   SLautogen-Close.
  5931       move     zero to Access-Type.
  5932       set      fn-Close to true.
  5933       perform  acas004.
  5934  *>
  5935   SLautogen-Delete.
  5936       move     zero to Access-Type.
  5937       set      fn-Delete to true.
  5938       move     1 to File-Key-No.
  5939       perform  acas004.
  5940  *>
ACS Cobol Xref v2.03.18          Dictionary File for PY900    24/03/2026  18:58:24:61                                  Page  111

  5941   SLautogen-Delete-All.
  5942       move     zero to Access-Type.
  5943       set      fn-Delete-All to true.
  5944       move     1 to File-Key-No.
  5945       perform  acas004.
  5946  *>
  5947   SLautogen-Start.
  5948       move     1 to File-Key-No.
  5949       set      fn-Start to true.
  5950       perform  acas004.
  5951  *>
  5952   SLautogen-Read-Next.
  5953       move     zero to Access-Type.
  5954       set      fn-Read-Next to true.
  5955       perform  acas004.
  5956  *>
  5957   SLautogen-Read-Next-Header.
  5958       move     zero to Access-Type.
  5959       set      fn-Read-Next-Header to true.
  5960       perform  acas004.
  5961  *>
  5962   SLautogen-Read-Indexed.
  5963       move     zero to Access-Type.
  5964       move     1 to File-Key-No.
  5965       set      fn-Read-Indexed to true.
  5966       perform  acas004.
  5967  *>
  5968   SLautogen-Write.
  5969       move     zero to Access-Type.
  5970       set      fn-Write to true.
  5971       perform  acas004.
  5972  *>
  5973   SLautogen-Rewrite.
  5974       move     zero to Access-Type.
  5975       set      fn-Re-write to true.
  5976       perform  acas004.
  5977  *>
  5978  *>  These are for acas005
  5979  *>
  5980   GL-Nominal-Open.
  5981       set      fn-open to true.
  5982       set      fn-i-o  to true.
  5983       perform  acas005.
  5984  *>
  5985   GL-Nominal-Open-Input.
  5986       set      fn-open  to true.
  5987       set      fn-input to true.
  5988       perform  acas005.
  5989  *>
  5990   GL-Nominal-Open-Output.
  5991       set      fn-open   to true.
  5992       set      fn-output to true.
  5993       perform  acas005.
  5994  *>
ACS Cobol Xref v2.03.18          Dictionary File for PY900    24/03/2026  18:58:24:61                                  Page  112

  5995   GL-Nominal-Open-Extend.
  5996       set      fn-open   to true.
  5997       set      fn-extend to true.
  5998       perform  acas005.
  5999  *>
  6000   GL-Nominal-Close.
  6001       move     zero to Access-Type.
  6002       set      fn-Close to true.
  6003       perform  acas005.
  6004  *>
  6005   GL-Nominal-Delete.
  6006       move     zero to Access-Type.
  6007       set      fn-Delete to true.
  6008       move     1 to File-Key-No.
  6009       perform  acas005.
  6010  *>
  6011   GL-Nominal-Start.
  6012       set      fn-Start to true.
  6013       perform  acas005.
  6014  *>
  6015   GL-Nominal-Read-Next.
  6016       move     zero to Access-Type.
  6017       set      fn-Read-Next to true.
  6018       perform  acas005.
  6019  *>
  6020   GL-Nominal-Read-Indexed.
  6021       move     zero to Access-Type.
  6022       set      fn-Read-Indexed to true.
  6023       perform  acas005.
  6024  *>
  6025   GL-Nominal-Write.
  6026       move     zero to Access-Type.
  6027       set      fn-Write to true.
  6028       perform  acas005.
  6029  *>
  6030   GL-Nominal-Rewrite.
  6031       move     zero to Access-Type.
  6032       set      fn-Re-write to true.
  6033       perform  acas005.
  6034  *>
  6035  *>  These are for acas006
  6036  *>
  6037   GL-Posting-Open.
  6038       set      fn-open to true.
  6039       set      fn-i-o  to true.
  6040       perform  acas006.
  6041  *>
  6042   GL-Posting-Open-Input.
  6043       set      fn-open  to true.
  6044       set      fn-input to true.
  6045       perform  acas006.
  6046  *>
  6047   GL-Posting-Open-Output.
  6048       set      fn-open   to true.
ACS Cobol Xref v2.03.18          Dictionary File for PY900    24/03/2026  18:58:24:61                                  Page  113

  6049       set      fn-output to true.
  6050       perform  acas006.
  6051  *>
  6052   GL-Posting-Open-Extend.
  6053       set      fn-open   to true.
  6054       set      fn-extend to true.
  6055       perform  acas006.
  6056  *>
  6057   GL-Posting-Close.
  6058       move     zero to Access-Type.
  6059       set      fn-Close to true.
  6060       perform  acas006.
  6061  *>
  6062   GL-Posting-Delete.
  6063       move     zero to Access-Type.
  6064       set      fn-Delete to true.
  6065       move     1 to File-Key-No.
  6066       perform  acas006.
  6067  *>
  6068   GL-Posting-Delete-All.
  6069       move     zero to Access-Type.
  6070       set      fn-Delete-All to true.
  6071       move     1 to File-Key-No.
  6072       perform  acas006.
  6073  *>
  6074   GL-Posting-Start.
  6075       set      fn-Start to true.
  6076       perform  acas006.
  6077  *>
  6078   GL-Posting-Read-Next.
  6079       move     zero to Access-Type.
  6080       set      fn-Read-Next to true.
  6081       perform  acas006.
  6082  *>
  6083   GL-Posting-Read-Indexed.
  6084       move     zero to Access-Type.
  6085       set      fn-Read-Indexed to true.
  6086       perform  acas006.
  6087  *>
  6088   GL-Posting-Write.
  6089       move     zero to Access-Type.
  6090       set      fn-Write to true.
  6091       perform  acas006.
  6092  *>
  6093   GL-Posting-Rewrite.
  6094       move     zero to Access-Type.
  6095       set      fn-Re-write to true.
  6096       perform  acas006.
  6097  *>
  6098  *>  These are for acas007
  6099  *>
  6100   GL-Batch-Open.
  6101       set      fn-open to true.
  6102       set      fn-i-o  to true.
ACS Cobol Xref v2.03.18          Dictionary File for PY900    24/03/2026  18:58:24:61                                  Page  114

  6103       perform  acas007.
  6104  *>
  6105   GL-Batch-Open-Input.
  6106       set      fn-open  to true.
  6107       set      fn-input to true.
  6108       perform  acas007.
  6109  *>
  6110   GL-Batch-Open-Output.
  6111       set      fn-open   to true.
  6112       set      fn-output to true.
  6113       perform  acas007.
  6114  *>
  6115   GL-Batch-Open-Extend.
  6116       set      fn-open   to true.
  6117       set      fn-extend to true.
  6118       perform  acas007.
  6119  *>
  6120   GL-Batch-Close.
  6121       move     zero to Access-Type.
  6122       set      fn-Close to true.
  6123       perform  acas007.
  6124  *>
  6125   GL-Batch-Delete.
  6126       move     zero to Access-Type.
  6127       set      fn-Delete to true.
  6128       move     1 to File-Key-No.
  6129       perform  acas007.
  6130  *>
  6131   GL-Batch-Delete-All.
  6132       move     zero to Access-Type.
  6133       set      fn-Delete-All to true.
  6134       move     1 to File-Key-No.
  6135       perform  acas007.
  6136  *>
  6137   GL-Batch-Start.
  6138       set      fn-Start to true.
  6139       perform  acas007.
  6140  *>
  6141   GL-Batch-Read-Next.
  6142       move     zero to Access-Type.
  6143       set      fn-Read-Next to true.
  6144       perform  acas007.
  6145  *>
  6146   GL-Batch-Read-Indexed.
  6147       move     zero to Access-Type.
  6148       set      fn-Read-Indexed to true.
  6149       perform  acas007.
  6150  *>
  6151   GL-Batch-Write.
  6152       move     zero to Access-Type.
  6153       set      fn-Write to true.
  6154       perform  acas007.
  6155  *>
  6156   GL-Batch-Rewrite.
ACS Cobol Xref v2.03.18          Dictionary File for PY900    24/03/2026  18:58:24:62                                  Page  115

  6157       move     zero to Access-Type.
  6158       set      fn-Re-write to true.
  6159       perform  acas007.
  6160  *>
  6161  *>  These are for acas008
  6162  *>
  6163   SPL-Posting-Open.
  6164       set      fn-open to true.
  6165       set      fn-i-o  to true.
  6166       perform  acas008.
  6167  *>
  6168   SPL-Posting-Open-Input.
  6169       set      fn-open  to true.
  6170       set      fn-input to true.
  6171       perform  acas008.
  6172  *>
  6173   SPL-Posting-Open-Output.
  6174       set      fn-open   to true.
  6175       set      fn-output to true.
  6176       perform  acas008.
  6177  *>
  6178   SPL-Posting-Open-Extend.
  6179       set      fn-open   to true.
  6180       set      fn-extend to true.
  6181       perform  acas008.
  6182  *>
  6183   SPL-Posting-Close.
  6184       move     zero to Access-Type.
  6185       set      fn-Close to true.
  6186       perform  acas008.
  6187  *>
  6188   SPL-Posting-Delete.
  6189       move     zero to Access-Type.
  6190       set      fn-Delete to true.
  6191       move     1 to File-Key-No.
  6192       perform  acas008.
  6193  *>
  6194   SPL-Posting-Delete-All.
  6195       move     zero to Access-Type.
  6196       set      fn-Delete-All to true.
  6197       move     1 to File-Key-No.
  6198       perform  acas008.
  6199  *>
  6200   SPL-Posting-Start.
  6201       set      fn-Start to true.
  6202       perform  acas008.
  6203  *>
  6204   SPL-Posting-Read-Next.
  6205       move     zero to Access-Type.
  6206       set      fn-Read-Next to true.
  6207       perform  acas008.
  6208  *>
  6209   SPL-Posting-Read-Indexed.
  6210       move     zero to Access-Type.
ACS Cobol Xref v2.03.18          Dictionary File for PY900    24/03/2026  18:58:24:62                                  Page  116

  6211       set      fn-Read-Indexed to true.
  6212       perform  acas008.
  6213  *>
  6214   SPL-Posting-Write.
  6215       move     zero to Access-Type.
  6216       set      fn-Write to true.
  6217       perform  acas008.
  6218  *>
  6219   SPL-Posting-Rewrite.
  6220       move     zero to Access-Type.
  6221       set      fn-Re-write to true.
  6222       perform  acas008.
  6223  *>
  6224  *>  These are for acas010
  6225  *>
  6226   Stock-Audit-Open.
  6227       set      fn-open to true.
  6228       set      fn-i-o  to true.
  6229       perform  acas010.
  6230  *>
  6231   Stock-Audit-Open-Input.
  6232       set      fn-open  to true.
  6233       set      fn-input to true.
  6234       perform  acas010.
  6235  *>
  6236   Stock-Audit-Open-Output.
  6237       set      fn-open   to true.
  6238       set      fn-output to true.
  6239       perform  acas010.
  6240  *>
  6241   Stock-Audit-Open-Extend.
  6242       set      fn-open   to true.
  6243       set      fn-extend to true.
  6244       perform  acas010.
  6245  *>
  6246   Stock-Audit-Close.
  6247       move     zero to Access-Type.
  6248       set      fn-Close to true.
  6249       perform  acas010.
  6250  *>
  6251   Stock-Audit-Delete.
  6252       move     zero to Access-Type.
  6253       set      fn-Delete to true.
  6254       move     1 to File-Key-No.
  6255       perform  acas010.
  6256  *>
  6257   Stock-Audit-Start.
  6258       set      fn-Start to true.
  6259       perform  acas010.
  6260  *>
  6261   Stock-Audit-Read-Next.
  6262       move     zero to Access-Type.
  6263       set      fn-Read-Next to true.
  6264       perform  acas010.
ACS Cobol Xref v2.03.18          Dictionary File for PY900    24/03/2026  18:58:24:62                                  Page  117

  6265  *>
  6266   Stock-Audit-Read-Indexed.
  6267       move     zero to Access-Type.
  6268       set      fn-Read-Indexed to true.
  6269       perform  acas010.
  6270  *>
  6271   Stock-Audit-Write.
  6272       move     zero to Access-Type.
  6273       set      fn-Write to true.
  6274       perform  acas010.
  6275  *>
  6276   Stock-Audit-Rewrite.
  6277       move     zero to Access-Type.
  6278       set      fn-Re-write to true.
  6279       perform  acas010.
  6280  *>
  6281  *> These are for acas011
  6282  *>
  6283   Stock-Open.
  6284       set      fn-open to true.
  6285       set      fn-i-o  to true.
  6286       perform  acas011.
  6287  *>
  6288   Stock-Open-Input.
  6289       set      fn-open  to true.
  6290       set      fn-input to true.
  6291       perform  acas011.
  6292  *>
  6293   Stock-Open-Output.
  6294       set      fn-open to true.
  6295       set      fn-output  to true.
  6296       perform  acas011.
  6297  *>
  6298   Stock-Close.
  6299       move     zero to Access-Type.
  6300       set      fn-Close to true.
  6301       perform  acas011.
  6302  *>
  6303   Stock-Delete.
  6304       move     zero to Access-Type.
  6305       set      fn-Delete to true.
  6306       move     1 to File-Key-No.
  6307       perform  acas011.
  6308  *>
  6309   Stock-Start.
  6310       set      fn-Start to true.
  6311       perform  acas011.
  6312  *>
  6313   Stock-Read-Next.
  6314       move     zero to Access-Type.
  6315       set      fn-Read-Next to true.
  6316       perform  acas011.
  6317  *>
  6318   Stock-Read-Indexed.
ACS Cobol Xref v2.03.18          Dictionary File for PY900    24/03/2026  18:58:24:62                                  Page  118

  6319       move     zero to Access-Type.
  6320       set      fn-Read-Indexed to true.
  6321       perform  acas011.
  6322  *>
  6323   Stock-Write.
  6324       move     zero to Access-Type.
  6325       set      fn-Write to true.
  6326       perform  acas011.
  6327  *>
  6328   Stock-Rewrite.
  6329       move     zero to Access-Type.
  6330       set      fn-Re-write to true.
  6331       perform  acas011.
  6332  *>
  6333  *> These are for acas012
  6334  *>
  6335   Sales-Open.
  6336       set      fn-open to true.
  6337       set      fn-i-o  to true.
  6338       perform  acas012.
  6339  *>
  6340   Sales-Open-Input.
  6341       set      fn-open  to true.
  6342       set      fn-input to true.
  6343       perform  acas012.
  6344  *>
  6345   Sales-Open-Output.
  6346       set      fn-open to true.
  6347       set      fn-output  to true.
  6348       perform  acas012.
  6349  *>
  6350   Sales-Close.
  6351       move     zero to Access-Type.
  6352       set      fn-Close to true.
  6353       perform  acas012.
  6354  *>
  6355   Sales-Delete.
  6356       move     zero to Access-Type.
  6357       set      fn-Delete to true.
  6358       move     1 to File-Key-No.
  6359       perform  acas012.
  6360  *>
  6361   Sales-Start.
  6362       set      fn-Start to true.
  6363       perform  acas012.
  6364  *>
  6365   Sales-Read-Next.
  6366       move     zero to Access-Type.
  6367       set      fn-Read-Next to true.
  6368       perform  acas012.
  6369  *>
  6370   Sales-Read-Next-Sorted-By-Name.
  6371       move     zero to Access-Type.
  6372       set      fn-Read-By-Name to true.
ACS Cobol Xref v2.03.18          Dictionary File for PY900    24/03/2026  18:58:24:62                                  Page  119

  6373       perform  acas012.
  6374  *>
  6375   Sales-Read-Indexed.
  6376       move     zero to Access-Type.
  6377       set      fn-Read-Indexed to true.
  6378       perform  acas012.
  6379  *>
  6380   Sales-Write.
  6381       move     zero to Access-Type.
  6382       set      fn-Write to true.
  6383       perform  acas012.
  6384  *>
  6385   Sales-Rewrite.
  6386       move     zero to Access-Type.
  6387       set      fn-Re-write to true.
  6388       perform  acas012.
  6389  *>
  6390  *>  These are for acas013
  6391  *>
  6392   Value-Open.
  6393       set      fn-open to true.
  6394       set      fn-i-o  to true.
  6395       perform  acas013.
  6396  *>
  6397   Value-Open-Input.
  6398       set      fn-open  to true.
  6399       set      fn-input to true.
  6400       perform  acas013.
  6401  *>
  6402   Value-Open-Output.
  6403       set      fn-open  to true.
  6404       set      fn-Output to true.
  6405       perform  acas013.
  6406  *>
  6407   Value-Close.
  6408       move     zero to Access-Type.
  6409       set      fn-Close to true.
  6410       perform  acas013.
  6411  *>
  6412   Value-Delete.
  6413       move     zero to Access-Type.
  6414       set      fn-Delete to true.
  6415       move     1 to File-Key-No.
  6416       perform  acas013.
  6417  *>
  6418   Value-Delete-All.
  6419       move     zero to Access-Type.
  6420       set      fn-Delete-All to true.
  6421       move     1 to File-Key-No.
  6422       perform  acas013.
  6423  *>
  6424   Value-Start.
  6425       move     1 to File-Key-No.
  6426       set      fn-Start to true.
ACS Cobol Xref v2.03.18          Dictionary File for PY900    24/03/2026  18:58:24:62                                  Page  120

  6427       perform  acas013.
  6428  *>
  6429   Value-Read-Next.
  6430       move     zero to Access-Type.
  6431       set      fn-Read-Next to true.
  6432       perform  acas013.
  6433  *>
  6434   Value-Read-Indexed.
  6435       move     zero to Access-Type.
  6436       move     1 to File-Key-No.
  6437       set      fn-Read-Indexed to true.
  6438       perform  acas013.
  6439  *>
  6440   Value-Write.
  6441       move     zero to Access-Type.
  6442       set      fn-Write to true.
  6443       perform  acas013.
  6444  *>
  6445   Value-Rewrite.
  6446       move     zero to Access-Type.
  6447       set      fn-Re-write to true.
  6448       perform  acas013.
  6449  *>
  6450  *>  These are for acas014
  6451  *>
  6452   Delivery-Open.
  6453       set      fn-open to true.
  6454       set      fn-i-o  to true.
  6455       perform  acas014.
  6456  *>
  6457   Delivery-Open-Input.
  6458       set      fn-open  to true.
  6459       set      fn-input to true.
  6460       perform  acas014.
  6461  *>
  6462   Delivery-Open-Output.
  6463       set      fn-open  to true.
  6464       set      fn-Output to true.
  6465       perform  acas014.
  6466  *>
  6467   Delivery-Close.
  6468       move     zero to Access-Type.
  6469       set      fn-Close to true.
  6470       perform  acas014.
  6471  *>
  6472   Delivery-Delete.
  6473       move     zero to Access-Type.
  6474       set      fn-Delete to true.
  6475       move     1 to File-Key-No.
  6476       perform  acas014.
  6477  *>
  6478   Delivery-Delete-All.
  6479       move     zero to Access-Type.
  6480       set      fn-Delete-All to true.
ACS Cobol Xref v2.03.18          Dictionary File for PY900    24/03/2026  18:58:24:62                                  Page  121

  6481       move     1 to File-Key-No.
  6482       perform  acas014.
  6483  *>
  6484   Delivery-Start.
  6485       move     1 to File-Key-No.
  6486       set      fn-Start to true.
  6487       perform  acas014.
  6488  *>
  6489   Delivery-Read-Next.
  6490       move     zero to Access-Type.
  6491       set      fn-Read-Next to true.
  6492       perform  acas014.
  6493  *>
  6494   Delivery-Read-Indexed.
  6495       move     zero to Access-Type.
  6496       move     1 to File-Key-No.
  6497       set      fn-Read-Indexed to true.
  6498       perform  acas014.
  6499  *>
  6500   Delivery-Write.
  6501       move     zero to Access-Type.
  6502       set      fn-Write to true.
  6503       perform  acas014.
  6504  *>
  6505   Delivery-Rewrite.
  6506       move     zero to Access-Type.
  6507       set      fn-Re-write to true.
  6508       perform  acas014.
  6509  *>
  6510  *> These are for acas015
  6511  *>
  6512   Analysis-Open.
  6513       set      fn-open to true.
  6514       set      fn-i-o  to true.
  6515       perform  acas015.
  6516  *>
  6517   Analysis-Open-Input.
  6518       set      fn-open  to true.
  6519       set      fn-input to true.
  6520       perform  acas015.
  6521  *>
  6522   Analysis-Open-Output.
  6523       set      fn-open  to true.
  6524       set      fn-Output to true.
  6525       perform  acas015.
  6526  *>
  6527   Analysis-Close.
  6528       move     zero to Access-Type.
  6529       set      fn-Close to true.
  6530       perform  acas015.
  6531  *>
  6532   Analysis-Delete.
  6533       move     zero to Access-Type.
  6534       set      fn-Delete to true.
ACS Cobol Xref v2.03.18          Dictionary File for PY900    24/03/2026  18:58:24:62                                  Page  122

  6535       move     1 to File-Key-No.
  6536       perform  acas015.
  6537  *>
  6538   Analysis-Start.
  6539       move     1 to File-Key-No.
  6540       set      fn-Start to true.
  6541       perform  acas015.
  6542  *>
  6543   Analysis-Read-Next.
  6544       move     zero to Access-Type.
  6545       set      fn-Read-Next to true.
  6546       perform  acas015.
  6547  *>
  6548   Analysis-Read-Indexed.
  6549       move     zero to Access-Type.
  6550       move     1 to File-Key-No.
  6551       set      fn-Read-Indexed to true.
  6552       perform  acas015.
  6553  *>
  6554   Analysis-Write.
  6555       move     zero to Access-Type.
  6556       set      fn-Write to true.
  6557       perform  acas015.
  6558  *>
  6559   Analysis-Rewrite.
  6560       move     zero to Access-Type.
  6561       set      fn-Re-write to true.
  6562       perform  acas015.
  6563  *>
  6564  *> These are for acas016
  6565  *>
  6566   Invoice-Open.
  6567       set      fn-open to true.
  6568       set      fn-i-o  to true.
  6569       perform  acas016.
  6570  *>
  6571   Invoice-Open-Input.
  6572       set      fn-open  to true.
  6573       set      fn-input to true.
  6574       perform  acas016.
  6575  *>
  6576   Invoice-Open-Output.
  6577       set      fn-open  to true.
  6578       set      fn-Output to true.
  6579       perform  acas016.
  6580  *>
  6581   Invoice-Close.
  6582       move     zero to Access-Type.
  6583       set      fn-Close to true.
  6584       perform  acas016.
  6585  *>
  6586   Invoice-Delete.
  6587       move     zero to Access-Type.
  6588       set      fn-Delete to true.
ACS Cobol Xref v2.03.18          Dictionary File for PY900    24/03/2026  18:58:24:62                                  Page  123

  6589       move     1 to File-Key-No.
  6590       perform  acas016.
  6591  *>
  6592   Invoice-Delete-All.
  6593       move     zero to Access-Type.
  6594       set      fn-Delete-All to true.
  6595       move     1 to File-Key-No.
  6596       perform  acas016.
  6597  *>
  6598   Invoice-Start.
  6599       move     1 to File-Key-No.
  6600       set      fn-Start to true.
  6601       perform  acas016.
  6602  *>
  6603   Invoice-Read-Next.
  6604       move     zero to Access-Type.
  6605       set      fn-Read-Next to true.
  6606       perform  acas016.
  6607  *>
  6608   Invoice-Read-Next-Header.
  6609       move     zero to Access-Type.
  6610       set      fn-Read-Next-Header to true.
  6611       perform  acas016.
  6612  *>
  6613   Invoice-Read-Indexed.
  6614       move     zero to Access-Type.
  6615       move     1 to File-Key-No.
  6616       set      fn-Read-Indexed to true.
  6617       perform  acas016.
  6618  *>
  6619   Invoice-Write.
  6620       move     zero to Access-Type.
  6621       set      fn-Write to true.
  6622       perform  acas016.
  6623  *>
  6624   Invoice-Rewrite.
  6625       move     zero to Access-Type.
  6626       set      fn-Re-write to true.
  6627       perform  acas016.
  6628  *>
  6629  *> These are for acas017
  6630  *>
  6631   DelInvNos-Open.
  6632       set      fn-open to true.
  6633       set      fn-i-o  to true.
  6634       perform  acas017.
  6635  *>
  6636   DelInvNos-Open-Input.
  6637       set      fn-open  to true.
  6638       set      fn-input to true.
  6639       perform  acas017.
  6640  *>
  6641   DelInvNos-Open-Output.
  6642       set      fn-open  to true.
ACS Cobol Xref v2.03.18          Dictionary File for PY900    24/03/2026  18:58:24:62                                  Page  124

  6643       set      fn-Output to true.
  6644       perform  acas017.
  6645  *>
  6646   DelInvNos-Close.
  6647       move     zero to Access-Type.
  6648       set      fn-Close to true.
  6649       perform  acas017.
  6650  *>
  6651   DelInvNos-Delete.
  6652       move     zero to Access-Type.
  6653       set      fn-Delete to true.
  6654       move     1 to File-Key-No.
  6655       perform  acas017.
  6656  *>
  6657   DelInvNos-Delete-All.
  6658       move     zero to Access-Type.
  6659       set      fn-Delete-All to true.
  6660       move     1 to File-Key-No.
  6661       perform  acas017.
  6662  *>
  6663   DelInvNos-Start.
  6664       move     1 to File-Key-No.
  6665       set      fn-Start to true.
  6666       perform  acas017.
  6667  *>
  6668   DelInvNos-Read-Next.
  6669       move     zero to Access-Type.
  6670       set      fn-Read-Next to true.
  6671       perform  acas017.
  6672  *>
  6673   DelInvNos-Read-Indexed.
  6674       move     zero to Access-Type.
  6675       move     1 to File-Key-No.
  6676       set      fn-Read-Indexed to true.
  6677       perform  acas017.
  6678  *>
  6679   DelInvNos-Write.
  6680       move     zero to Access-Type.
  6681       set      fn-Write to true.
  6682       perform  acas017.
  6683  *>
  6684   DelInvNos-Rewrite.
  6685       move     zero to Access-Type.
  6686       set      fn-Re-write to true.
  6687       perform  acas017.
  6688  *>
  6689  *> These are for acas019
  6690  *>
  6691   OTM3-Open.
  6692       set      fn-open to true.
  6693       set      fn-i-o  to true.
  6694       perform  acas019.
  6695  *>
  6696   OTM3-Open-Input.
ACS Cobol Xref v2.03.18          Dictionary File for PY900    24/03/2026  18:58:24:62                                  Page  125

  6697       set      fn-open  to true.
  6698       set      fn-input to true.
  6699       perform  acas019.
  6700  *>
  6701   OTM3-Open-Output.
  6702       set      fn-open  to true.
  6703       set      fn-Output to true.
  6704       perform  acas019.
  6705  *>
  6706   OTM3-Close.
  6707       move     zero to Access-Type.
  6708       set      fn-Close to true.
  6709       perform  acas019.
  6710  *>
  6711   OTM3-Delete.
  6712       move     zero to Access-Type.
  6713       set      fn-Delete to true.
  6714       move     1 to File-Key-No.
  6715       perform  acas019.
  6716  *>
  6717   OTM3-Start.
  6718       move     1 to File-Key-No.
  6719       set      fn-Start to true.
  6720       perform  acas019.
  6721  *>
  6722   OTM3-Read-Next.
  6723       move     zero to Access-Type.
  6724       set      fn-Read-Next to true.
  6725       perform  acas019.
  6726  *>
  6727   OTM3-Read-Indexed.
  6728       move     zero to Access-Type.
  6729       move     1 to File-Key-No.
  6730       set      fn-Read-Indexed to true.
  6731       perform  acas019.
  6732  *>
  6733   OTM3-Read-Next-Sorted-By-Batch.
  6734       move     zero to Access-Type.
  6735       set      fn-Read-By-Batch to true.
  6736       perform  acas019.
  6737  *>
  6738   OTM3-Read-Next-Sorted-By-Cust.
  6739       move     zero to Access-Type.
  6740       set      fn-Read-By-Cust to true.
  6741       perform  acas019.
  6742  *>
  6743   OTM3-Write.
  6744       move     zero to Access-Type.
  6745       set      fn-Write to true.
  6746       perform  acas019.
  6747  *>
  6748   OTM3-Rewrite.
  6749       move     zero to Access-Type.
  6750       set      fn-Re-write to true.
ACS Cobol Xref v2.03.18          Dictionary File for PY900    24/03/2026  18:58:24:62                                  Page  126

  6751       perform  acas019.
  6752  *>
  6753  *> These are for acas022
  6754  *>
  6755   Purch-Open.
  6756       set      fn-open to true.
  6757       set      fn-i-o  to true.
  6758       perform  acas022.
  6759  *>
  6760   Purch-Open-Input.
  6761       set      fn-open  to true.
  6762       set      fn-input to true.
  6763       perform  acas022.
  6764  *>
  6765   Purch-Open-Output.
  6766       set      fn-open  to true.
  6767       set      fn-Output to true.
  6768       perform  acas022.
  6769  *>
  6770   Purch-Close.
  6771       move     zero to Access-Type.
  6772       set      fn-Close to true.
  6773       perform  acas022.
  6774  *>
  6775   Purch-Delete.
  6776       move     zero to Access-Type.
  6777       set      fn-Delete to true.
  6778       move     1 to File-Key-No.
  6779       perform  acas022.
  6780  *>
  6781   Purch-Start.
  6782       move     1 to File-Key-No.
  6783       set      fn-Start to true.
  6784       perform  acas022.
  6785  *>
  6786   Purch-Read-Next.
  6787       move     zero to Access-Type.
  6788       set      fn-Read-Next to true.
  6789       perform  acas022.
  6790  *>
  6791   Purch-Read-Next-Sorted-ByName.
  6792       move     zero to Access-Type.
  6793       set      fn-Read-By-Name to true.
  6794       perform  acas022.
  6795  *>
  6796   Purch-Read-Indexed.
  6797       move     zero to Access-Type.
  6798       move     1 to File-Key-No.
  6799       set      fn-Read-Indexed to true.
  6800       perform  acas022.
  6801  *>
  6802   Purch-Write.
  6803       move     zero to Access-Type.
  6804       set      fn-Write to true.
ACS Cobol Xref v2.03.18          Dictionary File for PY900    24/03/2026  18:58:24:62                                  Page  127

  6805       perform  acas022.
  6806  *>
  6807   Purch-Rewrite.
  6808       move     zero to Access-Type.
  6809       set      fn-Re-write to true.
  6810       perform  acas022.
  6811  *>
  6812  *> These are for acas023
  6813  *>
  6814   DelFolio-Open.
  6815       set      fn-open to true.
  6816       set      fn-i-o  to true.
  6817       perform  acas023.
  6818  *>
  6819   DelFolio-Open-Input.
  6820       set      fn-open  to true.
  6821       set      fn-input to true.
  6822       perform  acas023.
  6823  *>
  6824   DelFolio-Open-Output.
  6825       set      fn-open  to true.
  6826       set      fn-Output to true.
  6827       perform  acas023.
  6828  *>
  6829   DelFolio-Close.
  6830       move     zero to Access-Type.
  6831       set      fn-Close to true.
  6832       perform  acas023.
  6833  *>
  6834   DelFolio-Delete.
  6835       move     zero to Access-Type.
  6836       set      fn-Delete to true.
  6837       move     1 to File-Key-No.
  6838       perform  acas023.
  6839  *>
  6840   DelFolio-Delete-All.
  6841       move     zero to Access-Type.
  6842       set      fn-Delete-All to true.
  6843       move     1 to File-Key-No.
  6844       perform  acas023.
  6845  *>
  6846   DelFolio-Start.
  6847       move     1 to File-Key-No.
  6848       set      fn-Start to true.
  6849       perform  acas023.
  6850  *>
  6851   DelFolio-Read-Next.
  6852       move     zero to Access-Type.
  6853       set      fn-Read-Next to true.
  6854       perform  acas023.
  6855  *>
  6856   DelFolio-Read-Indexed.
  6857       move     zero to Access-Type.
  6858       move     1 to File-Key-No.
ACS Cobol Xref v2.03.18          Dictionary File for PY900    24/03/2026  18:58:24:62                                  Page  128

  6859       set      fn-Read-Indexed to true.
  6860       perform  acas023.
  6861  *>
  6862   DelFolio-Write.
  6863       move     zero to Access-Type.
  6864       set      fn-Write to true.
  6865       perform  acas023.
  6866  *>
  6867   DelFolio-Rewrite.
  6868       move     zero to Access-Type.
  6869       set      fn-Re-write to true.
  6870       perform  acas023.
  6871  *>
  6872  *> These are for acas026
  6873  *>
  6874   PInvoice-Open.
  6875       set      fn-open to true.
  6876       set      fn-i-o  to true.
  6877       perform  acas026.
  6878  *>
  6879   PInvoice-Open-Input.
  6880       set      fn-open  to true.
  6881       set      fn-input to true.
  6882       perform  acas026.
  6883  *>
  6884   PInvoice-Open-Output.
  6885       set      fn-open  to true.
  6886       set      fn-Output to true.
  6887       perform  acas026.
  6888  *>
  6889   PInvoice-Close.
  6890       move     zero to Access-Type.
  6891       set      fn-Close to true.
  6892       perform  acas026.
  6893  *>
  6894   PInvoice-Delete.
  6895       move     zero to Access-Type.
  6896       set      fn-Delete to true.
  6897       move     1 to File-Key-No.
  6898       perform  acas026.
  6899  *>
  6900   PInvoice-Delete-All.
  6901       move     zero to Access-Type.
  6902       set      fn-Delete-All to true.
  6903       move     1 to File-Key-No.
  6904       perform  acas026.
  6905  *>
  6906   PInvoice-Start.
  6907       move     1 to File-Key-No.
  6908       set      fn-Start to true.
  6909       perform  acas026.
  6910  *>
  6911   PInvoice-Read-Next.
  6912       move     zero to Access-Type.
ACS Cobol Xref v2.03.18          Dictionary File for PY900    24/03/2026  18:58:24:62                                  Page  129

  6913       set      fn-Read-Next to true.
  6914       perform  acas026.
  6915  *>
  6916   PInvoice-Read-Next-Header.
  6917       move     zero to Access-Type.
  6918       set      fn-Read-Next-Header to true.
  6919       perform  acas026.
  6920  *>
  6921   PInvoice-Read-Indexed.
  6922       move     zero to Access-Type.
  6923       move     1 to File-Key-No.
  6924       set      fn-Read-Indexed to true.
  6925       perform  acas026.
  6926  *>
  6927   PInvoice-Write.
  6928       move     zero to Access-Type.
  6929       set      fn-Write to true.
  6930       perform  acas026.
  6931  *>
  6932   PInvoice-Rewrite.
  6933       move     zero to Access-Type.
  6934       set      fn-Re-write to true.
  6935       perform  acas026.
  6936  *>
  6937  *> These are for acas029
  6938  *>
  6939   OTM5-Open.
  6940       set      fn-open to true.
  6941       set      fn-i-o  to true.
  6942       perform  acas029.
  6943  *>
  6944   OTM5-Open-Input.
  6945       set      fn-open  to true.
  6946       set      fn-input to true.
  6947       perform  acas029.
  6948  *>
  6949   OTM5-Open-Output.
  6950       set      fn-open  to true.
  6951       set      fn-Output to true.
  6952       perform  acas029.
  6953  *>
  6954   OTM5-Close.
  6955       move     zero to Access-Type.
  6956       set      fn-Close to true.
  6957       perform  acas029.
  6958  *>
  6959   OTM5-Delete.
  6960       move     zero to Access-Type.
  6961       set      fn-Delete to true.
  6962       move     1 to File-Key-No.
  6963       perform  acas029.
  6964  *>
  6965   OTM5-Start.
  6966       move     1 to File-Key-No.
ACS Cobol Xref v2.03.18          Dictionary File for PY900    24/03/2026  18:58:24:62                                  Page  130

  6967       set      fn-Start to true.
  6968       perform  acas029.
  6969  *>
  6970   OTM5-Read-Next.
  6971       move     zero to Access-Type.
  6972       set      fn-Read-Next to true.
  6973       perform  acas029.
  6974  *>
  6975   OTM5-Read-Indexed.
  6976       move     zero to Access-Type.
  6977       move     1 to File-Key-No.
  6978       set      fn-Read-Indexed to true.
  6979       perform  acas029.
  6980  *>
  6981   OTM5-Read-Next-Sorted-By-Batch.
  6982       move     zero to Access-Type.
  6983       set      fn-Read-By-Batch to true.
  6984       perform  acas029.
  6985  *>
  6986   OTM5-Read-Next-Sorted-By-Cust.
  6987       move     zero to Access-Type.
  6988       set      fn-Read-By-Cust to true.
  6989       perform  acas029.
  6990  *>
  6991   OTM5-Write.
  6992       move     zero to Access-Type.
  6993       set      fn-Write to true.
  6994       perform  acas029.
  6995  *>
  6996   OTM5-Rewrite.
  6997       move     zero to Access-Type.
  6998       set      fn-Re-write to true.
  6999       perform  acas029.
  7000  *>
  7001  *>  02/05/23
  7002  *> These are for acas030 - PLautogen
  7003  *>
  7004   PLautogen-Open.
  7005       set      fn-open to true.
  7006       set      fn-i-o  to true.
  7007       perform  acas030.
  7008  *>
  7009   PLautogen-Open-Input.
  7010       set      fn-open  to true.
  7011       set      fn-input to true.
  7012       perform  acas030.
  7013  *>
  7014   PLautogen-Open-Output.
  7015       set      fn-open  to true.
  7016       set      fn-Output to true.
  7017       perform  acas030.
  7018  *>
  7019   PLautogen-Close.
  7020       move     zero to Access-Type.
ACS Cobol Xref v2.03.18          Dictionary File for PY900    24/03/2026  18:58:24:62                                  Page  131

  7021       set      fn-Close to true.
  7022       perform  acas030.
  7023  *>
  7024   PLautogen-Delete.
  7025       move     zero to Access-Type.
  7026       set      fn-Delete to true.
  7027       move     1 to File-Key-No.
  7028       perform  acas030.
  7029  *>
  7030   PLautogen-Delete-All.
  7031       move     zero to Access-Type.
  7032       set      fn-Delete-All to true.
  7033       move     1 to File-Key-No.
  7034       perform  acas030.
  7035  *>
  7036   PLautogen-Start.
  7037       move     1 to File-Key-No.
  7038       set      fn-Start to true.
  7039       perform  acas030.
  7040  *>
  7041   PLautogen-Read-Next.
  7042       move     zero to Access-Type.
  7043       set      fn-Read-Next to true.
  7044       perform  acas030.
  7045  *>
  7046   PLautogen-Read-Next-Header.
  7047       move     zero to Access-Type.
  7048       set      fn-Read-Next-Header to true.
  7049       perform  acas030.
  7050  *>
  7051   PLautogen-Read-Indexed.
  7052       move     zero to Access-Type.
  7053       move     1 to File-Key-No.
  7054       set      fn-Read-Indexed to true.
  7055       perform  acas030.
  7056  *>
  7057   PLautogen-Write.
  7058       move     zero to Access-Type.
  7059       set      fn-Write to true.
  7060       perform  acas030.
  7061  *>
  7062   PLautogen-Rewrite.
  7063       move     zero to Access-Type.
  7064       set      fn-Re-write to true.
  7065       perform  acas030.
  7066  *>
  7067  *> These are for acas032
  7068  *>
  7069   Payments-Open.
  7070       set      fn-open to true.
  7071       set      fn-i-o  to true.
  7072       perform  acas032.
  7073  *>
  7074   Payments-Open-Input.
ACS Cobol Xref v2.03.18          Dictionary File for PY900    24/03/2026  18:58:24:62                                  Page  132

  7075       set      fn-open  to true.
  7076       set      fn-input to true.
  7077       perform  acas032.
  7078  *>
  7079   Payments-Open-Output.
  7080       set      fn-open  to true.
  7081       set      fn-Output to true.
  7082       perform  acas032.
  7083  *>
  7084   Payments-Close.
  7085       move     zero to Access-Type.
  7086       set      fn-Close to true.
  7087       perform  acas032.
  7088  *>
  7089   Payments-Delete.
  7090       move     zero to Access-Type.
  7091       set      fn-Delete to true.
  7092       move     1 to File-Key-No.
  7093       perform  acas032.
  7094  *>
  7095   Payments-Delete-All.
  7096       move     zero to Access-Type.
  7097       set      fn-Delete-All to true.
  7098       move     1 to File-Key-No.
  7099       perform  acas032.
  7100  *>
  7101   Payments-Start.
  7102       move     1 to File-Key-No.
  7103       set      fn-Start to true.
  7104       perform  acas032.
  7105  *>
  7106   Payments-Read-Next.
  7107       move     zero to Access-Type.
  7108       set      fn-Read-Next to true.
  7109       perform  acas032.
  7110  *>
  7111   Payments-Read-Indexed.
  7112       move     zero to Access-Type.
  7113       move     1 to File-Key-No.
  7114       set      fn-Read-Indexed to true.
  7115       perform  acas032.
  7116  *>
  7117   Payments-Write.
  7118       move     zero to Access-Type.
  7119       set      fn-Write to true.
  7120       perform  acas032.
  7121  *>
  7122   Payments-Rewrite.
  7123       move     zero to Access-Type.
  7124       set      fn-Re-write to true.
  7125       perform  acas032.
  7126  *>
  7127   zz080-Exit.
  7128       exit section.
ACS Cobol Xref v2.03.18          Dictionary File for PY900    24/03/2026  18:58:24:62                                  Page  133

  7129  *>
  7130  *>>>LISTING ON
  7131  *>>W Msg29 Caution: One or more replacing sources not found
  7132  *>
  7133        *>>>Info: Total Copy Depth Used = 03;  Caution messages issued =   5
ACS Cobol Xref v2.03.18          Dictionary File for PY900    24/03/2026  18:58:24:63                                  Page  134
Symbols of Module: PY900 (PY900)
--------------------------------

Data Section (FILE)             Defn     Locations
-------------------------------+---------------------------------------------------------------

ACT-DESC                           820F    2773   2791   4528   4545   4562   4579   4617   4648   4654   4717   4757   4774
                                           4791   4808   4845   4876   4882                                                   x17
ACT-GL-NO                          819F    2771   2790   4616   4844   4529   4532   4546   4549   4563   4566   4580   4583
                                           4641   4657   4658   4659   4660   4681   4716   4758   4761   4775   4778   4792
                                           4795   4809   4812   4869   4885   4886   4887   4888   4910                       x33
ACT-NO                             240F     818   2769   2789   3662   4527   4534   4539   4544   4551   4556   4561   4568
                                           4573   4578   4585   4590   4615   4619   4634   4640   4656   4670   4715   4756
                                           4763   4768   4773   4780   4785   4790   4797   4802   4807   4814   4819   4843
                                           4847   4862   4868   4884   4898                                                   x41
CHK-AMT                            895F
CHK-CHECK-NO                       894F
CHK-EMP-NO                         262F     893                                                                               x1
CHK-HDR-APPLY-NO                   900F
CHK-HDR-CHECKS-PRINTED             905F
CHK-HDR-FAST-FROM-DATE             902F
CHK-HDR-INTERVAL                   899F
CHK-HDR-NO                         898F
CHK-HDR-REGISTER-PRINTED           904F
CHK-HDR-SLOW-FROM-DATE             901F
CHK-HDR-TO-DATE                    903F
COH-ALL-Q-TAX                     1001F
COH-ALL-Q-TAXES                   1000F
COH-DATE                           994F
COH-INTERVAL                       937F
COH-LAST-APPLY-NO                  941F
COH-Q-CO-FUTA-LIAB                 999F
COH-Q-FICA-TAX                     998F
COH-Q-TAX                          997F
COH-Q-TAXES                        996F    1000                                                                               x1
COH-QTD                            942F     968                                                                               x1
COH-QTD-CO-FICA-LIAB               956F
COH-QTD-CO-FUTA-LIAB               955F
COH-QTD-CO-SUI-LIAB                957F
COH-QTD-COMP-TIME-EARNED           962F
COH-QTD-COMP-TIME-TAKEN            963F
COH-QTD-EIC-CREDIT                 949F
COH-QTD-EMP                        959F
COH-QTD-FICA-LIAB                  953F
COH-QTD-FICA-TAXABLE               946F
COH-QTD-FWT-LIAB                   950F
COH-QTD-INCOME-TAXABLE             943F
COH-QTD-LWT-LIAB                   952F
COH-QTD-NET                        948F
COH-QTD-OTHER-DED                  960F
COH-QTD-OTHER-NONTAXABLE           945F
COH-QTD-OTHER-TAXABLE              944F
COH-QTD-SDI-LIAB                   954F
COH-QTD-SL-EARNED                  966F
COH-QTD-SL-TAKEN                   967F
ACS Cobol Xref v2.03.18          Dictionary File for PY900    24/03/2026  18:58:24:63                                  Page  135
Symbols of Module: PY900 (PY900)
--------------------------------

Data Section (FILE)             Defn     Locations
-------------------------------+---------------------------------------------------------------

COH-QTD-SWT-LIAB                   951F
COH-QTD-SYS                        958F
COH-QTD-TIPS                       947F
COH-QTD-UNITS                      961F
COH-QTD-VAC-EARNED                 964F
COH-QTD-VAC-TAKEN                  965F
COH-STARTING-UP                    938F
COH-TAX                            995F
COH-YTD-CO-FICA-LIAB               982F
COH-YTD-CO-FUTA-LIAB               981F
COH-YTD-CO-SUI-LIAB                983F
COH-YTD-COMP-TIME-EARNED           988F
COH-YTD-COMP-TIME-TAKEN            989F
COH-YTD-EIC-CREDIT                 975F
COH-YTD-EMP                        985F
COH-YTD-FICA-LIAB                  979F
COH-YTD-FICA-TAXABLE               972F
COH-YTD-FWT-LIAB                   976F
COH-YTD-INCOME-TAXABLE             969F
COH-YTD-LWT-LIAB                   978F
COH-YTD-NET                        974F
COH-YTD-OTHER-DED                  986F
COH-YTD-OTHER-NONTAXABLE           971F
COH-YTD-OTHER-TAXABLE              970F
COH-YTD-SDI-LIAB                   980F
COH-YTD-SL-EARNED                  992F
COH-YTD-SL-TAKEN                   993F
COH-YTD-SWT-LIAB                   977F
COH-YTD-SYS                        984F
COH-YTD-TIPS                       973F
COH-YTD-UNITS                      987F
COH-YTD-VAC-EARNED                 990F
COH-YTD-VAC-TAKEN                  991F
DED-CO-FICA-ACCT-NO                523F    3795   3797   3801   3804   3806   3811   4948                                     x7
DED-CO-FICA-LIMIT                  532F    3817   3819   5011                                                                 x3
DED-CO-FICA-RATE                   531F    3814   3816   5003                                                                 x3
DED-CO-FICA-USED                   511F    3783   3784   4928                                                                 x3
DED-CO-FUTA-ACCT-NO                525F    3873   3875   3879   3882   3884   3889   4949                                     x7
DED-CO-FUTA-LIMIT                  536F    3895   3897   5013                                                                 x3
DED-CO-FUTA-MAX-CREDIT             537F    3900   3902   5006                                                                 x3
DED-CO-FUTA-RATE                   535F    3892   3894   5005                                                                 x3
DED-CO-FUTA-USED                   513F    3861   3862   4929                                                                 x3
DED-CO-SUI-ACCT-NO                 526F    4950   3917   3919   3923   3926   3928   3933   3963   4132                       x9
DED-CO-SUI-LIMIT                   539F    3939   3941   5014                                                                 x3
DED-CO-SUI-RATE                    538F    3936   3938   5007                                                                 x3
DED-CO-SUI-USED                    514F    4930   3905   3906                                                                 x3
DED-EIC-ACCT-NO                    527F    3957   3959   3966   3968   3973   4946                                            x6
DED-EIC-EXCESS-LIMIT               543F    3987   3989   5016                                                                 x3
DED-EIC-EXCESS-RATE                542F    3984   3986   5009                                                                 x3
ACS Cobol Xref v2.03.18          Dictionary File for PY900    24/03/2026  18:58:24:63                                  Page  136
Symbols of Module: PY900 (PY900)
--------------------------------

Data Section (FILE)             Defn     Locations
-------------------------------+---------------------------------------------------------------

DED-EIC-LIMIT                      541F    3979   3981   5015                                                                 x3
DED-EIC-RATE                       540F    3976   3978   5008                                                                 x3
DED-EIC-USED                       515F    4933   3944   3945                                                                 x3
DED-FICA-ACCT-NO                   522F    3756   3758   3762   3765   3767   3772   4944                                     x7
DED-FICA-LIMIT                     530F    3778   3780   5010                                                                 x3
DED-FICA-RATE                      529F    3775   3777   5002                                                                 x3
DED-FICA-USED                      510F    3744   3745   4927                                                                 x3
DED-FWT-ACCT-NO                    519F    3658   3661   3666   3669   3671   3676   4941                                     x7
DED-FWT-ALLOWANCE-AMT              517F    4019   4021   4971                                                                 x3
DED-FWT-MAR                        545F
DED-FWT-MAR-CUTOFF                 546F    4030   4032   4051   4972   4973   4974   4975   4976   4977   4978                x10
DED-FWT-MAR-PERCENT                547F    4034   4036   4052   4979   4980   4981   4982   4983   4984   4985                x10
DED-FWT-SIN                        549F
DED-FWT-SIN-CUTOFF                 550F    4038   4040   4053   4987   4988   4989   4990   4991   4992   4993                x10
DED-FWT-SIN-PERCENT                551F    4042   4044   4054   4994   4995   4996   4997   4998   4999   5000                x10
DED-FWT-USED                       507F    3647   3648   4926                                                                 x3
DED-LWT-ACCT-NO                    521F    3723   3726   3730   3733   3735   3740   4943                                     x7
DED-LWT-USED                       509F    3712   3713   4931                                                                 x3
DED-SDI-ACCT-NO                    524F    3834   3836   3840   3843   3845   3850   4945                                     x7
DED-SDI-LIMIT                      534F    3856   3858   5012                                                                 x3
DED-SDI-RATE                       533F    3853   3855   5004                                                                 x3
DED-SDI-USED                       512F    3822   3823   4932                                                                 x3
DED-SWT-ACCT-NO                    520F    3691   3694   3698   3701   3703   3708   4942                                     x7
DED-SWT-USED                       508F    3680   3681   4925                                                                 x3
DED-SYS-ACCT-NO                    562F    4124   4128   4142   4964                                                          x4
DED-SYS-AMT-PERCENT                555F    4145   4146   4149   4958                                                          x4
DED-SYS-CHK-CAT                    556F    4177   4181   4184   4187   4191   4194   4959                                     x7
DED-SYS-DATA-BLOCKS                554F    4109                                                                               x1
DED-SYS-DESC                       561F    4113                                                                               x1
DED-SYS-EARN-DED                   557F    4114   4115   4117   4183   4186   4190   4193   4957                              x8
DED-SYS-ENTRIES-USED               553F    4206                                                                               x1
DED-SYS-EXCLUSION                  558F    4171   4172   4174   4960                                                          x4
DED-SYS-FACTOR                     563F    4152   4156                                                                        x2
DED-SYS-LIMIT                      564F    4166   4170                                                                        x2
DED-SYS-LIMIT-USED                 559F    4158   4159   4162   4961                                                          x4
DED-SYS-USED                       560F    4097   4102   4104   4108   4110   4956                                            x6
EMP-ADDRESS-1                      656F
EMP-ADDRESS-2                      657F
EMP-ADDRESS-3                      658F
EMP-ADDRESS-4                      659F
EMP-AUTO-UNITS                     685F
EMP-BANK-ACCT-NO                   665F
EMP-BIRTH-DATE                     646F
EMP-CAL-DED-ALLOW                  669F
EMP-CAL-HEAD-OF-HOUSE              668F
EMP-CO-FUTA-EXEMPT                 680F
EMP-CO-SUI-EXEMPT                  681F
EMP-COMP-ACCUM                     694F
EMP-COMP-USED                      695F
ACS Cobol Xref v2.03.18          Dictionary File for PY900    24/03/2026  18:58:24:63                                  Page  137
Symbols of Module: PY900 (PY900)
--------------------------------

Data Section (FILE)             Defn     Locations
-------------------------------+---------------------------------------------------------------

EMP-CUR-APPLY-NO                   653F
EMP-DIST-ACCT                      697F
EMP-DIST-GRP                       696F
EMP-DIST-PCENT                     698F
EMP-ED-ACCT-NO                     705F
EMP-ED-AMT-PCENT                   704F
EMP-ED-CHK-CAT                     710F
EMP-ED-DESC                        706F
EMP-ED-EARN-DED                    707F
EMP-ED-EXCLUSION                   708F
EMP-ED-FACTOR                      702F
EMP-ED-GROUP                       701F
EMP-ED-GRP                         699F
EMP-ED-LIMIT                       703F
EMP-ED-LIMIT-USED                  709F
EMP-ED-USED                        700F
EMP-EIC-USED                       674F
EMP-EMAIL                          664F
EMP-FICA-EXEMPT                    678F
EMP-FWT-ALLOW                      670F
EMP-FWT-EXEMPT                     675F
EMP-HS-TYPE                        641F
EMP-JOB-CODE                       644F
EMP-LWT-ALLOW                      672F
EMP-LWT-EXEMPT                     677F
EMP-MARITAL                        649F
EMP-MAX-PAY                        687F
EMP-MCARE-EXEMPT                   682F
EMP-NAME                           654F
EMP-NEXT-DEL                       651F
EMP-NO                             217F     639                                                                               x1
EMP-NORMAL-UNITS                   686F
EMP-PAY-FREQ                       650F
EMP-PAY-INTERVAL                   642F
EMP-PENSION-USED                   673F
EMP-PHONE-NO                       663F
EMP-POST-CODE                      660F
EMP-RATE                           684F
EMP-RATE4-EXCLUSION                666F
EMP-SDI-EXEMPT                     679F
EMP-SEARCH-NAME                    218F     655                                                                               x1
EMP-SEX                            648F
EMP-SL-ACCUM                       692F
EMP-SL-RATE                        691F
EMP-SL-USED                        693F
EMP-SSN                            652F
EMP-START-DATE                     645F
EMP-STATE                          662F
EMP-STATUS                         640F
ACS Cobol Xref v2.03.18          Dictionary File for PY900    24/03/2026  18:58:24:63                                  Page  138
Symbols of Module: PY900 (PY900)
--------------------------------

Data Section (FILE)             Defn     Locations
-------------------------------+---------------------------------------------------------------

EMP-SWT-ALLOW                      671F
EMP-SWT-EXEMPT                     676F
EMP-SYS-EXEMPT                     683F
EMP-TAXING-STATE                   643F
EMP-TERM-DATE                      647F
EMP-VAC-ACCUM                      689F
EMP-VAC-RATE                       688F
EMP-VAC-USED                       690F
EMP-ZIP                            661F
FILE-39                            237F    2395                                                                               x1
FILE-40                            259F    2396                                                                               x1
FILE-41                            270F    2397                                                                               x1
FILE-42                            192F    2398                                                                               x1
FILE-43                            214F    2399                                                                               x1
FILE-45                            203F     226   2401                                                                        x2
FILE-46                            248F    2402                                                                               x1
FILE-47                            182F    2403                                                                               x1
FILE-52                            281F    2409                                                                               x1
FILE-53                            311F    2410                                                                               x1
FILE-54                            293F     302   2411                                                                        x2
HDR-HIS-LAST-TO-DATE               787F
HDR-HIS-NO                         786F
HIS-EMP-NO                         229F     742                                                                               x1
HIS-QTD                            743F
HIS-QTD-EIC                        750F
HIS-QTD-EMP                        758F
HIS-QTD-EXTRAS                     761F
HIS-QTD-FICA                       754F
HIS-QTD-FICA-TAXABLE               747F
HIS-QTD-FWT                        751F
HIS-QTD-INCOME-TAXABLE             744F
HIS-QTD-LWT                        753F
HIS-QTD-MCARE                      756F
HIS-QTD-NET                        749F
HIS-QTD-OTHER-DED                  760F
HIS-QTD-OTHER-NONTAXABLE           746F
HIS-QTD-OTHER-TAXABLE              745F
HIS-QTD-SDI                        755F
HIS-QTD-SWT                        752F
HIS-QTD-SYS                        757F
HIS-QTD-TIPS                       748F
HIS-QTD-UNITS                      759F
HIS-YTD                            762F
HIS-YTD-EIC                        769F
HIS-YTD-EMP                        777F
HIS-YTD-EXTRAS                     780F
HIS-YTD-FICA                       773F
HIS-YTD-FICA-TAXABLE               766F
HIS-YTD-FWT                        770F
ACS Cobol Xref v2.03.18          Dictionary File for PY900    24/03/2026  18:58:24:63                                  Page  139
Symbols of Module: PY900 (PY900)
--------------------------------

Data Section (FILE)             Defn     Locations
-------------------------------+---------------------------------------------------------------

HIS-YTD-INCOME-TAXABLE             763F
HIS-YTD-LWT                        772F
HIS-YTD-MCARE                      775F
HIS-YTD-NET                        768F
HIS-YTD-OTHER-DED                  779F
HIS-YTD-OTHER-NONTAXABLE           765F
HIS-YTD-OTHER-TAXABLE              764F
HIS-YTD-SDI                        774F
HIS-YTD-SWT                        771F
HIS-YTD-SYS                        776F
HIS-YTD-TIPS                       767F
HIS-YTD-UNITS                      778F
HRS-BATCH-NO                       603F
HRS-EFFECTIVE-DATE                 592F
HRS-EMP-NO                         206F     591                                                                               x1
HRS-HEAD-KEY                       601F
HRS-NO-RECS                        602F
HRS-PROOF-NO                       604F
HRS-PROOFED                        605F
HRS-RATE                           593F
HRS-UNITS                          594F
PAY-AMT                            855F
PAY-APPLY-NO                       851F
PAY-EFF-DATE                       850F
PAY-EMP-NO                         251F     848                                                                               x1
PAY-EXTENDED                       853F
PAY-HDR-INTERVAL                   859F
PAY-HDR-JOURNAL-PNT                861F
PAY-HDR-LAST-APPLY-NO              860F
PAY-HDR-LAST-DAY-OF-LAST-PER       862F
PAY-HDR-NO                         858F
PAY-INTERVAL                       849F
PAY-REPORTING-CAT                  852F
PAY-UNITS                          854F
PY-ACCOUNTS-FILE                   236F     800   3633   3998   4070   4213   4523   4525   4526   4540   4541   4557   4558
                                           4574   4575   4591   4592   4604   4605   4640   4673   4693   4708   4711   4712
                                           4752   4754   4755   4769   4770   4786   4787   4803   4804   4820   4821   4832
                                           4833   4868   4901                                                                 x39
PY-ACCOUNTS-RECORD                 817F    4536   4553   4570   4587   4665   4765   4782   4799   4816   4893                x10
PY-ACT-STATUS                      241F    1394   4263   4264   4524   4537   4554   4571   4588   4666   4694   4753   4766
                                           4783   4800   4817   4894                                                          x16
PY-CALIFORNIA-TAX-FILE             280F    1014                                                                               x1
PY-CALIFORNIA-TAX-RECORD          1029F
PY-CALX-CAL-ESTIMATED-DED-AMT     1030F
PY-CALX-CAL-LOW-INCOME-EXEMPT     1031F
PY-CALX-CAL-STANDARD-DEDUCTION    1032F
PY-CALX-CAL-TAX-CREDIT            1034F
PY-CALX-CAL-TAX-CREDITS           1033F
PY-CALX-STATUS                     283F    1399                                                                               x1
ACS Cobol Xref v2.03.18          Dictionary File for PY900    24/03/2026  18:58:24:63                                  Page  140
Symbols of Module: PY900 (PY900)
--------------------------------

Data Section (FILE)             Defn     Locations
-------------------------------+---------------------------------------------------------------

PY-CHECK-FILE                      258F     876                                                                               x1
PY-CHK-HDR-RECORD                  897F
PY-CHK-RECORD                      892F
PY-CHK-STATUS                      263F    1396                                                                               x1
PY-COH-STATUS                      274F    1397                                                                               x1
PY-COMP-HIST-FILE                  269F     918                                                                               x1
PY-COMP-HIST-RECORD                935F
PY-DED-STATUS                      196F    1390   3589   3602   3623   3625   3993   4066   4209   4229   4237   4245   5020  x12
PY-EMP-STATUS                      219F    1392                                                                               x1
PY-EMPLOYEE-FILE                   213F     618                                                                               x1
PY-EMPLOYEE-RECORD                 638F
PY-HIS-EMP-STATUS                  230F    1393                                                                               x1
PY-HISTORY-FILE                    225F     724                                                                               x1
PY-HISTORY-HEADER                  785F
PY-HISTORY-RECORD                  741F
PY-HRS-STATUS                      207F    1391                                                                               x1
PY-LWT-AGENCY                     1178F
PY-LWT-STATUS                      313F    1401                                                                               x1
PY-LWT-TAX-FILE                    310F    1149                                                                               x1
PY-LWT-TAX-RECORD                 1175F
PY-LWT-WITHHOLD-CUTOFF            1179F
PY-LWT-WITHHOLD-DEDUCTION-AMOUN   1176F
PY-LWT-WITHHOLD-NUM-ENTRIES       1177F
PY-LWT-WITHHOLD-PERCENT           1180F
PY-PARAM1-FILE                     182F     330   3116   3118   3119   3120   3121   3125   3129   3130   3132   3140   3172
                                           3631   3999   4444   4448   4449                                                   x17
PY-PARAM1-RECORD                   360F    3166   3169   3289   3451   3578   3630   4325   4438   4440                       x9
PY-PAY-FILE                        247F     832                                                                               x1
PY-PAY-HEADER                      857F
PY-PAY-HEADER-RECORD               600F
PY-PAY-RECORD                      847F
PY-PAY-STATUS                      252F    1395                                                                               x1
PY-PAY-TRANSACTIONS-FILE           202F     577                                                                               x1
PY-PAY-TRANSACTIONS-RECORD         590F
PY-PR1-B-USED                      402F    3338   3339   4381                                                                 x3
PY-PR1-BLOCK                       361F
PY-PR1-CHECK-HISTORY-USED          398F    4383                                                                               x1
PY-PR1-CHECK-PRINTING-USED         397F    3483   3485   4384                                                                 x3
PY-PR1-CO-ADDRESS-1                365F    3209   4346                                                                        x2
PY-PR1-CO-ADDRESS-2                366F    3210   4347                                                                        x2
PY-PR1-CO-ADDRESS-3                367F    3228   4349                                                                        x2
PY-PR1-CO-ADDRESS-4                368F    3230   4351                                                                        x2
PY-PR1-CO-EMAIL                    373F    3231   4357                                                                        x2
PY-PR1-CO-NAME                     363F    3208   4344                                                                        x2
PY-PR1-CO-PHONE                    372F    3229   4355                                                                        x2
PY-PR1-CO-POST-CODE                369F    4353                                                                               x1
PY-PR1-CO-STATE                    371F    3212   3216                                                                        x2
PY-PR1-CO-ZIP                      370F    3227                                                                               x1
PY-PR1-COMPANY-DATA                362F
ACS Cobol Xref v2.03.18          Dictionary File for PY900    24/03/2026  18:58:24:63                                  Page  141
Symbols of Module: PY900 (PY900)
--------------------------------

Data Section (FILE)             Defn     Locations
-------------------------------+---------------------------------------------------------------

PY-PR1-CURRENCY-SIGN               408F    4361                                                                               x1
PY-PR1-DATE                        428F
PY-PR1-DATE-DY                     431F    4408   4411                                                                        x2
PY-PR1-DATE-FORMAT                 426F    3203   3262   4404   5036                                                          x4
PY-PR1-DATE-MO                     430F    4407   4410                                                                        x2
PY-PR1-DATE-YR                     432F    4405                                                                               x1
PY-PR1-DEBUGGING                   410F    3240   3241   4343                                                                 x3
PY-PR1-DFLT-DIST-ACCT              380F    3533   3543   4375   4662   4890                                                   x5
PY-PR1-DFLT-GROSS-ACCT             379F    3547   3557                                                                        x2
PY-PR1-DFLT-HS-TYPE                420F    4399   3435   3436                                                                 x3
PY-PR1-DFLT-NORM-UNITS             392F    4370   3448                                                                        x2
PY-PR1-DFLT-PAY-INTERVAL           406F    3192   3193   3418   3419   4398                                                   x5
PY-PR1-DFLT-PAY-RATE               389F    3390   4369                                                                        x2
PY-PR1-DFLT-SL-RATE                391F    3384   4372                                                                        x2
PY-PR1-DFLT-VAC-RATE               390F    3378   4371                                                                        x2
PY-PR1-DIST-USED                   407F    3562   3563   3572   4388                                                          x4
PY-PR1-FED-ID                      423F    3232   4400                                                                        x2
PY-PR1-GL-USED                     404F    3469   3470   3479   3516   3560   3657   3690   3722   3755   3794   3833   3872
                                           3916   3956   4123   4387   4471   4940   4963                                     x19
PY-PR1-HARD-DELETE                 411F    3249   3250                                                                        x2
PY-PR1-HI-DED-CHK-CAT              445F
PY-PR1-HI-EARN-CHK-CAT             447F
PY-PR1-IRS-USED                    405F    3480   3656   3689   3721   3754   3793   3832   3871   3915   3955   4122   4393
                                           4468   4939   4962                                                                 x15
PY-PR1-JC-USED                     403F    4386                                                                               x1
PY-PR1-LAST-DAY-PAY-PERIOD         394F    3183   3184   3185   3186   3279   3280   3281                                     x7
PY-PR1-LO-DED-CHK-CAT              444F
PY-PR1-LO-EARN-CHK-CAT             446F
PY-PR1-LOCAL-ID                    425F    3234   4402                                                                        x2
PY-PR1-M-USED                      400F    3301   3306   4392                                                                 x3
PY-PR1-MAX-CHK-CATS                440F
PY-PR1-MAX-DIST-ACCTS              381F    4379                                                                               x1
PY-PR1-MAX-ED-CATS                 442F
PY-PR1-MAX-EMP-EDS                 441F    4377                                                                               x1
PY-PR1-MAX-PAY-FACTOR              388F    3431   4368                                                                        x2
PY-PR1-MAX-SWT-ENTRIES             443F
PY-PR1-MAX-SYS-EDS                 448F    4378                                                                               x1
PY-PR1-MIN-WAGE                    383F
PY-PR1-OFFSET-CASH-ACCT            378F    3519   3529   4373                                                                 x3
PY-PR1-OS-DELIMITER                409F    4359                                                                               x1
PY-PR1-PAGE-LINES-L                434F    3237   3272   4363                                                                 x3
PY-PR1-PAGE-LINES-P                433F    3236   3273   4362                                                                 x3
PY-PR1-PAGE-WIDTH-L                436F    3259   4365   4423                                                                 x3
PY-PR1-PAGE-WIDTH-P                435F    3260   4364   4424                                                                 x3
PY-PR1-PRINT-SPOOL-NAME            450F    4431                                                                               x1
PY-PR1-PRINT-SPOOL-NAME2           451F    4432                                                                               x1
PY-PR1-PRINT-SPOOL-NAME3           452F    4433                                                                               x1
PY-PR1-RATE-NAME                   421F    3387   3393   3399   3405   4426   4427   4428   4429                              x8
PY-PR1-RATE2-FACTOR                386F    3396   4366                                                                        x2
ACS Cobol Xref v2.03.18          Dictionary File for PY900    24/03/2026  18:58:24:63                                  Page  142
Symbols of Module: PY900 (PY900)
--------------------------------

Data Section (FILE)             Defn     Locations
-------------------------------+---------------------------------------------------------------

PY-PR1-RATE3-FACTOR                387F    3402   4367                                                                        x2
PY-PR1-RATE4-EXCLUSION-TYPE        396F    4374   3407   3408                                                                 x3
PY-PR1-S-USED                      399F    3321   3322   4380                                                                 x3
PY-PR1-STATE-ID                    424F    3233   4401                                                                        x2
PY-PR1-STATUS                      186F    1389   3117   3133   3136   3168   4251   4254   4264   4439   4505   4734   5089  x12
PY-PR1-TAX-ID                      374F    3235                                                                               x1
PY-PR1-TRADE-NAME                  364F    4345   3207                                                                        x2
PY-PR1-USER-PROG                   438F
PY-PR1-USER-PROG-DESC              439F
PY-PR1-USER-PROG-USED              437F
PY-PR1-VOID-CHECK-AMT              384F    3505   3510                                                                        x2
PY-PR1-VOID-CHECKS-OVER-MAX        395F    3494   3495   3503   4385                                                          x4
PY-PR1-W-USED                      401F    3355   3356   4382                                                                 x3
PY-PR2-940-PRINTED                 472F    4389                                                                               x1
PY-PR2-941-PRINTED                 473F    4390                                                                               x1
PY-PR2-BLOCK                       454F
PY-PR2-CHECK-DATE                  464F
PY-PR2-HRS-BATCH-NO                459F
PY-PR2-JUST-CLOSED-YEAR            470F    4394                                                                               x1
PY-PR2-LAST-CHECK-NO               476F
PY-PR2-LAST-DAY-LAST-B             461F    3342   3343   3344   4417                                                          x4
PY-PR2-LAST-DAY-LAST-M             463F    4419   3308   3309   3310                                                          x4
PY-PR2-LAST-DAY-LAST-S             462F    3325   3326   3327   4418                                                          x4
PY-PR2-LAST-DAY-LAST-W             460F    3359   3360   3361   4412   4413   4414   4416                                     x7
PY-PR2-LAST-EMPLOYEE-NO            465F
PY-PR2-LAST-Q-ENDED                475F    3204   3267   4376                                                                 x3
PY-PR2-LAST-SM-APPLY-NO            457F
PY-PR2-LAST-WB-APPLY-NO            458F
PY-PR2-NO-ACCTS                    471F
PY-PR2-NO-ACTIVE-EMPS              466F
PY-PR2-NO-EMPLOYEES                467F
PY-PR2-NO-OF-SM-APPLIES            468F
PY-PR2-NO-OF-WB-APPLIES            469F
PY-PR2-W2-PRINTED                  474F    4391                                                                               x1
PY-PR2-YEAR                        455F    3206   4434                                                                        x2
PY-PR2-YEAR-NEXT                   456F    4435                                                                               x1
PY-STATE-TAX-FILE                  292F    1060                                                                               x1
PY-STATE-TAX-RECORD               1087F
PY-STAX-AGENCY                    1090F
PY-STAX-STATUS                     295F    1398                                                                               x1
PY-STAX-WITHHOLD-CUTOFF           1091F
PY-STAX-WITHHOLD-DEDUCTION-AMOU   1088F
PY-STAX-WITHHOLD-NUM-ENTRIES      1089F
PY-STAX-WITHHOLD-PERCENT          1092F
PY-SWT-AGENCY                     1134F
PY-SWT-STATUS                      304F    1400                                                                               x1
PY-SWT-TAX-FILE                    301F    1105                                                                               x1
PY-SWT-TAX-RECORD                 1131F
PY-SWT-WITHHOLD-CUTOFF            1135F
ACS Cobol Xref v2.03.18          Dictionary File for PY900    24/03/2026  18:58:24:63                                  Page  143
Symbols of Module: PY900 (PY900)
--------------------------------

Data Section (FILE)             Defn     Locations
-------------------------------+---------------------------------------------------------------

PY-SWT-WITHHOLD-DEDUCTION-AMOUN   1132F
PY-SWT-WITHHOLD-NUM-ENTRIES       1133F
PY-SWT-WITHHOLD-PERCENT           1136F
PY-SYSTEM-DEDUCTION-FILE           191F     490   3588   3590   3591   3592   3593   3597   3599   3601   3632   3997   4071
                                           4214   5025                                                                        x14
PY-SYSTEM-DEDUCTION-RECORD         506F    3622   3624   3992   4065   4208   4923   5019                                     x7
RRN                                185F     195    273   1243   3115   3131   3132   3165   3288   3450   3577   3600   3616
                                           3621   3629   3991   4064   4207   4437   5018                                     x19
ACS Cobol Xref v2.03.18          Dictionary File for PY900    24/03/2026  18:58:24:63                                  Page  144
Symbols of Module: PY900 (PY900)
--------------------------------

Data Section (WORKING-STORAGE)  Defn     Locations
-------------------------------+---------------------------------------------------------------

A                                 1411W    3283   3312   3329   3346   3363   4023   4026   4028   4050   4051   4052   4053
                                           4054   4089   4094   4096   4097   4104   4105   4113   4114   4117   4118   4131
                                           4136   4137   4145   4149   4150   4158   4161   4162   4171   4173   4174   4185
                                           4186   4187   4192   4193   4194   4698   4700   4701   4706   4715   4716   4717
                                           4952   4953   4956   4957   4958   4959   4960   4961   4964   5043   5044         x59
ACAS-DAL-COMMON-DATA              1344W    5307   5666   5676   5686   5696   5706   5716   5726   5735   5745   5755   5766
                                           5777   5787   5797   5807   5817   5827   5837   5847   5857   5867   5295   5318
                                           5330   5342   5354                                                                 x27
ACAS-PATH                         1257W    4461                                                                               x1
ACCEPT-REPLY                      1264W    5629                                                                               x1
ACCESS-TYPE                       1326W    5371   5376   5381   5386   5391   5415   5420   5425   5430   5454   5459   5464
                                           5469   5474   5479   5484   5502   5507   5512   5517   5533   5538   5543   5548
                                           5566   5571   5576   5581   5875   5882   5889   5893   5899   5904   5909   5931
                                           5936   5942   5953   5958   5963   5969   5974   6001   6006   6016   6021   6026
                                           6031   6058   6063   6069   6079   6084   6089   6094   6121   6126   6132   6142
                                           6147   6152   6157   6184   6189   6195   6205   6210   6215   6220   6247   6252
                                           6262   6267   6272   6277   6299   6304   6314   6319   6324   6329   6351   6356
                                           6366   6371   6376   6381   6386   6408   6413   6419   6430   6435   6441   6446
                                           6468   6473   6479   6490   6495   6501   6506   6528   6533   6544   6549   6555
                                           6560   6582   6587   6593   6604   6609   6614   6620   6625   6647   6652   6658
                                           6669   6674   6680   6685   6707   6712   6723   6728   6734   6739   6744   6749
                                           6771   6776   6787   6792   6797   6803   6808   6830   6835   6841   6852   6857
                                           6863   6868   6890   6895   6901   6912   6917   6922   6928   6933   6955   6960
                                           6971   6976   6982   6987   6992   6997   7020   7025   7031   7042   7047   7052
                                           7058   7063   7085   7090   7096   7107   7112   7118   7123                       x177
AN-ACCEPT-NUMERIC                 1760W    3379   3385   3391   3397   3403   3432   3449   3511   3521   3535   3549   4127
                                           4155   4169   4180   4275   4281   4287   4292   4297   4302   4307   4312         x23
AN-BG                             1775W
AN-BG-IS-BLACK                    1776W    3093                                                                               x1
AN-BG-IS-BLUE                     1777W
AN-BG-IS-CYAN                     1779W
AN-BG-IS-GREEN                    1778W
AN-BG-IS-MAGENTA                  1781W
AN-BG-IS-RED                      1780W
AN-BG-IS-WHITE                    1783W
AN-BG-IS-YELLOW                   1782W
AN-COLUMN                         1762W    3376   3383   3389   3395   3401   3430   3446   3509   3518   3532   3546   4125
                                           4153   4167   4178   4273   4279   4285   4290   4295   4300   4305   4310         x23
AN-ERROR-CODE                     1848W    3090                                                                               x1
AN-ERROR-E-COL-OUT-OF-SCREEN      1853W
AN-ERROR-NOT-EXTENDED-DISPLAY     1850W
AN-ERROR-OK                       1849W
AN-ERROR-S-COL-OUT-OF-SCREEN      1852W
AN-ERROR-S-ROW-OUT-OF-SCREEN      1851W
AN-FG                             1766W
AN-FG-IS-BLACK                    1767W
AN-FG-IS-BLUE                     1768W
AN-FG-IS-CYAN                     1770W
AN-FG-IS-GREEN                    1769W    3092                                                                               x1
ACS Cobol Xref v2.03.18          Dictionary File for PY900    24/03/2026  18:58:24:63                                  Page  145
Symbols of Module: PY900 (PY900)
--------------------------------

Data Section (WORKING-STORAGE)  Defn     Locations
-------------------------------+---------------------------------------------------------------

AN-FG-IS-MAGENTA                  1772W
AN-FG-IS-RED                      1771W
AN-FG-IS-WHITE                    1774W
AN-FG-IS-YELLOW                   1773W
AN-FG2                            1784W
AN-FG2-IS-BLACK                   1785W
AN-FG2-IS-BLUE                    1786W
AN-FG2-IS-CYAN                    1788W    3094                                                                               x1
AN-FG2-IS-GREEN                   1787W
AN-FG2-IS-MAGENTA                 1790W
AN-FG2-IS-RED                     1789W
AN-FG2-IS-WHITE                   1792W
AN-FG2-IS-YELLOW                  1791W
AN-LINE                           1761W    3375   3382   3388   3394   3400   3429   3445   3508   3517   3531   3545   3659
                                           3692   3724   3753   3792   3831   3870   3899   3914   3954   3983   4018   4028
                                           4096                                                                               x25
AN-MODE                           1763W
AN-MODE-IS-NO-UPDATE              1764W    3122   3506   3594                                                                 x3
AN-MODE-IS-UPDATE                 1765W    3095   3128   3377   3447   3504   3598   3644   4017   4092   4198                x10
AN-RETURN-CODE                    1793W    3091   5245   5249                                                                 x3
AN-RETURN-CODE-VIA-BACK-TAB       1846W
AN-RETURN-CODE-VIA-ENTER          1794W
AN-RETURN-CODE-VIA-ESCAPE         1847W
AN-RETURN-CODE-VIA-PFKEY-01       1795W
AN-RETURN-CODE-VIA-PFKEY-02       1796W
AN-RETURN-CODE-VIA-PFKEY-03       1797W
AN-RETURN-CODE-VIA-PFKEY-04       1798W
AN-RETURN-CODE-VIA-PFKEY-05       1799W
AN-RETURN-CODE-VIA-PFKEY-06       1800W
AN-RETURN-CODE-VIA-PFKEY-07       1801W
AN-RETURN-CODE-VIA-PFKEY-08       1802W
AN-RETURN-CODE-VIA-PFKEY-09       1803W
AN-RETURN-CODE-VIA-PFKEY-10       1804W
AN-RETURN-CODE-VIA-PFKEY-11       1805W
AN-RETURN-CODE-VIA-PFKEY-12       1806W
AN-RETURN-CODE-VIA-PFKEY-13       1807W
AN-RETURN-CODE-VIA-PFKEY-14       1808W
AN-RETURN-CODE-VIA-PFKEY-15       1809W
AN-RETURN-CODE-VIA-PFKEY-16       1810W
AN-RETURN-CODE-VIA-PFKEY-17       1811W
AN-RETURN-CODE-VIA-PFKEY-18       1812W
AN-RETURN-CODE-VIA-PFKEY-19       1813W
AN-RETURN-CODE-VIA-PFKEY-20       1814W
AN-RETURN-CODE-VIA-PFKEY-21       1815W
AN-RETURN-CODE-VIA-PFKEY-22       1816W
AN-RETURN-CODE-VIA-PFKEY-23       1817W
AN-RETURN-CODE-VIA-PFKEY-24       1818W
AN-RETURN-CODE-VIA-PFKEY-25       1819W
AN-RETURN-CODE-VIA-PFKEY-26       1820W
ACS Cobol Xref v2.03.18          Dictionary File for PY900    24/03/2026  18:58:24:63                                  Page  146
Symbols of Module: PY900 (PY900)
--------------------------------

Data Section (WORKING-STORAGE)  Defn     Locations
-------------------------------+---------------------------------------------------------------

AN-RETURN-CODE-VIA-PFKEY-27       1821W
AN-RETURN-CODE-VIA-PFKEY-28       1822W
AN-RETURN-CODE-VIA-PFKEY-29       1823W
AN-RETURN-CODE-VIA-PFKEY-30       1824W
AN-RETURN-CODE-VIA-PFKEY-31       1825W
AN-RETURN-CODE-VIA-PFKEY-32       1826W
AN-RETURN-CODE-VIA-PFKEY-33       1827W
AN-RETURN-CODE-VIA-PFKEY-34       1828W
AN-RETURN-CODE-VIA-PFKEY-35       1829W
AN-RETURN-CODE-VIA-PFKEY-36       1830W
AN-RETURN-CODE-VIA-PFKEY-37       1831W
AN-RETURN-CODE-VIA-PFKEY-38       1832W
AN-RETURN-CODE-VIA-PFKEY-39       1833W
AN-RETURN-CODE-VIA-PFKEY-40       1834W
AN-RETURN-CODE-VIA-PFKEY-41       1835W
AN-RETURN-CODE-VIA-PFKEY-42       1836W
AN-RETURN-CODE-VIA-PFKEY-43       1837W
AN-RETURN-CODE-VIA-PFKEY-44       1838W
AN-RETURN-CODE-VIA-PFKEY-45       1839W
AN-RETURN-CODE-VIA-PFKEY-46       1840W
AN-RETURN-CODE-VIA-PFKEY-47       1841W
AN-RETURN-CODE-VIA-PFKEY-48       1842W
AN-RETURN-CODE-VIA-PG-DOWN        1844W
AN-RETURN-CODE-VIA-PG-UP          1843W
AN-RETURN-CODE-VIA-TAB            1845W
B                                 1412W    4024   4027   4030   4032   4034   4036   4038   4040   4042   4044   4090   4095
                                           4097   4102   4104   4108   4109   4110   4113   4114   4115   4117   4124   4128
                                           4142   4145   4146   4149   4152   4156   4158   4159   4162   4166   4170   4171
                                           4172   4174   4177   4181   4183   4184   4186   4187   4190   4191   4193   4194
                                           4206                                                                               x49
COB-ALLOW-ALL-SCREEN-ACTIONS      1602W
COB-ALLOW-LEFT-DOUBLE             1594W
COB-ALLOW-LEFT-DOWN               1592W
COB-ALLOW-LEFT-UP                 1593W
COB-ALLOW-MIDDLE-DOUBLE           1597W
COB-ALLOW-MIDDLE-DOWN             1595W
COB-ALLOW-MIDDLE-UP               1596W
COB-ALLOW-MOUSE-MOVE              1601W
COB-ALLOW-RIGHT-DOUBLE            1600W
COB-ALLOW-RIGHT-DOWN              1598W
COB-ALLOW-RIGHT-UP                1599W
COB-AUTO-MOUSE-HANDLING           1591W
COB-COLOR-BLACK                   1581W    2427   2441   2463   2492   2576   2657   2689   2714   2736   2760   2780         x11
COB-COLOR-BLUE                    1582W
COB-COLOR-CYAN                    1584W
COB-COLOR-GREEN                   1583W    2442   2464   2493   2577   2658   2690   2715   2737   2761   2781                x10
COB-COLOR-MAGENTA                 1586W
COB-COLOR-RED                     1585W    4267   4503   4508   4732   4737                                                   x5
COB-COLOR-WHITE                   1588W
ACS Cobol Xref v2.03.18          Dictionary File for PY900    24/03/2026  18:58:24:63                                  Page  147
Symbols of Module: PY900 (PY900)
--------------------------------

Data Section (WORKING-STORAGE)  Defn     Locations
-------------------------------+---------------------------------------------------------------

COB-COLOR-YELLOW                  1587W
COB-SCR-ALT-LEFT-DBL-CLICK        1725W
COB-SCR-ALT-LEFT-PRESSED          1723W
COB-SCR-ALT-LEFT-RELEASED         1724W
COB-SCR-ALT-MID-DBL-CLICK         1728W
COB-SCR-ALT-MID-PRESSED           1726W
COB-SCR-ALT-MID-RELEASED          1727W
COB-SCR-ALT-MOVE                  1722W
COB-SCR-ALT-RIGHT-DBL-CLICK       1731W
COB-SCR-ALT-RIGHT-PRESSED         1729W
COB-SCR-ALT-RIGHT-RELEASED        1730W
COB-SCR-ALT-WHEEL-DOWN            1745W
COB-SCR-ALT-WHEEL-UP              1744W
COB-SCR-BACK-TAB                  1681W
COB-SCR-BACKSPACE                 1688W
COB-SCR-CTRL-LEFT-DBL-CLICK       1715W
COB-SCR-CTRL-LEFT-PRESSED         1713W
COB-SCR-CTRL-LEFT-RELEASED        1714W
COB-SCR-CTRL-MID-DBL-CLICK        1718W
COB-SCR-CTRL-MID-PRESSED          1716W
COB-SCR-CTRL-MID-RELEASED         1717W
COB-SCR-CTRL-MOVE                 1712W
COB-SCR-CTRL-RIGHT-DBL-CLICK      1721W
COB-SCR-CTRL-RIGHT-PRESSED        1719W
COB-SCR-CTRL-RIGHT-RELEASED       1720W
COB-SCR-CTRL-WHEEL-DOWN           1741W
COB-SCR-CTRL-WHEEL-UP             1740W
COB-SCR-DELETE                    1687W
COB-SCR-ESC                       1678W    3164   3620   4098   4620   4642   4848   4870                                     x7
COB-SCR-F1                        1609W    4626   4854                                                                        x2
COB-SCR-F10                       1618W
COB-SCR-F11                       1619W
COB-SCR-F12                       1620W
COB-SCR-F13                       1621W
COB-SCR-F14                       1622W
COB-SCR-F15                       1623W
COB-SCR-F16                       1624W
COB-SCR-F17                       1625W
COB-SCR-F18                       1626W
COB-SCR-F19                       1627W
COB-SCR-F2                        1610W
COB-SCR-F20                       1628W
COB-SCR-F21                       1629W
COB-SCR-F22                       1630W
COB-SCR-F23                       1631W
COB-SCR-F24                       1632W
COB-SCR-F25                       1633W
COB-SCR-F26                       1634W
COB-SCR-F27                       1635W
ACS Cobol Xref v2.03.18          Dictionary File for PY900    24/03/2026  18:58:24:63                                  Page  148
Symbols of Module: PY900 (PY900)
--------------------------------

Data Section (WORKING-STORAGE)  Defn     Locations
-------------------------------+---------------------------------------------------------------

COB-SCR-F28                       1636W
COB-SCR-F29                       1637W
COB-SCR-F3                        1611W
COB-SCR-F30                       1638W
COB-SCR-F31                       1639W
COB-SCR-F32                       1640W
COB-SCR-F33                       1641W
COB-SCR-F34                       1642W
COB-SCR-F35                       1643W
COB-SCR-F36                       1644W
COB-SCR-F37                       1645W
COB-SCR-F38                       1646W
COB-SCR-F39                       1647W
COB-SCR-F4                        1612W
COB-SCR-F40                       1648W
COB-SCR-F41                       1649W
COB-SCR-F42                       1650W
COB-SCR-F43                       1651W
COB-SCR-F44                       1652W
COB-SCR-F45                       1653W
COB-SCR-F46                       1654W
COB-SCR-F47                       1655W
COB-SCR-F48                       1656W
COB-SCR-F49                       1657W
COB-SCR-F5                        1613W
COB-SCR-F50                       1658W
COB-SCR-F51                       1659W
COB-SCR-F52                       1660W
COB-SCR-F53                       1661W
COB-SCR-F54                       1662W
COB-SCR-F55                       1663W
COB-SCR-F56                       1664W
COB-SCR-F57                       1665W
COB-SCR-F58                       1666W
COB-SCR-F59                       1667W
COB-SCR-F6                        1614W
COB-SCR-F60                       1668W
COB-SCR-F61                       1669W
COB-SCR-F62                       1670W
COB-SCR-F63                       1671W
COB-SCR-F64                       1672W
COB-SCR-F7                        1615W
COB-SCR-F8                        1616W
COB-SCR-F9                        1617W
COB-SCR-FATAL                     1752W
COB-SCR-INSERT                    1686W
COB-SCR-KEY-DOWN                  1677W
COB-SCR-KEY-END                   1690W
COB-SCR-KEY-HOME                  1689W
ACS Cobol Xref v2.03.18          Dictionary File for PY900    24/03/2026  18:58:24:63                                  Page  149
Symbols of Module: PY900 (PY900)
--------------------------------

Data Section (WORKING-STORAGE)  Defn     Locations
-------------------------------+---------------------------------------------------------------

COB-SCR-KEY-LEFT                  1682W
COB-SCR-KEY-RIGHT                 1683W
COB-SCR-KEY-UP                    1676W
COB-SCR-LEFT-DBL-CLICK            1695W
COB-SCR-LEFT-PRESSED              1693W
COB-SCR-LEFT-RELEASED             1694W
COB-SCR-MAX-FIELD                 1753W
COB-SCR-MID-DBL-CLICK             1698W
COB-SCR-MID-PRESSED               1696W
COB-SCR-MID-RELEASED              1697W
COB-SCR-MOUSE-MOVE                1692W
COB-SCR-NO-FIELD                  1749W
COB-SCR-OK                        1606W
COB-SCR-PAGE-DOWN                 1675W
COB-SCR-PAGE-UP                   1674W
COB-SCR-PRINT                     1679W
COB-SCR-RIGHT-DBL-CLICK           1701W
COB-SCR-RIGHT-PRESSED             1699W
COB-SCR-RIGHT-RELEASED            1700W
COB-SCR-SHIFT-LEFT-DBL-CLICK      1705W
COB-SCR-SHIFT-LEFT-PRESSED        1703W
COB-SCR-SHIFT-LEFT-RELEASED       1704W
COB-SCR-SHIFT-MID-DBL-CLICK       1708W
COB-SCR-SHIFT-MID-PRESSED         1706W
COB-SCR-SHIFT-MID-RELEASED        1707W
COB-SCR-SHIFT-MOVE                1702W
COB-SCR-SHIFT-RIGHT-DBL-CLICK     1711W
COB-SCR-SHIFT-RIGHT-PRESSED       1709W
COB-SCR-SHIFT-RIGHT-RELEASED      1710W
COB-SCR-SHIFT-WHEEL-DOWN          1737W
COB-SCR-SHIFT-WHEEL-UP            1736W
COB-SCR-TAB                       1680W
COB-SCR-TIME-OUT                  1750W
COB-SCR-WHEEL-DOWN                1733W
COB-SCR-WHEEL-UP                  1732W
COL2                              1253W
COLE                              1249W
CURS                              1246W    1247                                                                               x1
CURS2                             1250W    1251   3152   3179   3296   3463   3610   3640   4012   4085   4606   4690   4834  x12
DB-HOST                           1279W
DB-PORT                           1281W
DB-SCHEMA                         1276W
DB-SOCKET                         1280W
DB-UNAME                          1277W
DB-UPASS                          1278W
DEFAULT-RECORD                    1362W
DUMMIES-4-UNUSED-ACAS-FH-CALLS    1361W
DUMMIES-FOR-UNUSED-FH-CALLS       1383W
ERROR-CODE                        1554W    3467   3527   3541   3555   3574   3636   3667   3672   3699   3704   3731   3736
ACS Cobol Xref v2.03.18          Dictionary File for PY900    24/03/2026  18:58:24:63                                  Page  150
Symbols of Module: PY900 (PY900)
--------------------------------

Data Section (WORKING-STORAGE)  Defn     Locations
-------------------------------+---------------------------------------------------------------

                                           3763   3768   3802   3807   3841   3846   3880   3885   3924   3929   3964   3969
                                           4003   4049   4056   4058   4091   4106   4119   4133   4138   4148   4163   4175
                                           4188   4195   4197                                                                 x39
ERROR-MESSAGES                    1491W
FA-FILE-DUPLICATES-IN-USE         1301W
FA-FILE-SYSTEM-USED               1292W
FA-FS-COBOL-FILES-USED            1293W
FA-FS-DUPLICATE-PROCESSING        1302W
FA-FS-RDBMS-USED                  1294W
FA-FS-VALID-OPTIONS               1300W
FA-RDBMS-FLAT-STATUSES            1291W
FILE-ACCESS                       1241W    5293   5305   5316   5328   5340   5352   5664   5674   5684   5694   5704   5714
                                           5724   5733   5743   5753   5764   5775   5785   5795   5805   5815   5825   5835
                                           5845   5855   5865                                                                 x27
FILE-FUNCTION                     1307W    5873   5880   5887   5895                                                          x4
FILE-KEY-NO                       1265W    4612   4840   5290   5302   5313   5325   5337   5349   5669   5679   5689   5699
                                           5709   5719   5738   5748   5759   5770   5780   5790   5800   5810   5820   5830
                                           5840   5850   5860   5938   5944   5948   5964   6008   6065   6071   6128   6134
                                           6191   6197   6254   6306   6358   6415   6421   6425   6436   6475   6481   6485
                                           6496   6535   6539   6550   6589   6595   6599   6615   6654   6660   6664   6675
                                           6714   6718   6729   6778   6782   6798   6837   6843   6847   6858   6897   6903
                                           6907   6923   6962   6966   6977   7027   7033   7037   7053   7092   7098   7102
                                           7113                                                                               x85
FINAL-RECORD                      1363W    5351                                                                               x1
FN-CLOSE                          1309W    5372   5416   5455   5503   5534   5567   5932   6002   6059   6122   6185   6248
                                           6300   6352   6409   6469   6529   6583   6648   6708   6772   6831   6891   6956
                                           7021   7086                                                                        x26
FN-DELETE                         1315W    5480   5937   6007   6064   6127   6190   6253   6305   6357   6414   6474   6534
                                           6588   6653   6713   6777   6836   6896   6961   7026   7091                       x21
FN-DELETE-ALL                     1313W    5943   6070   6133   6196   6420   6480   6594   6659   6842   6902   7032   7097  x12
FN-EQUAL-TO                       1331W
FN-EXTEND                         1330W    5997   6054   6117   6180   6243                                                   x5
FN-GREATER-THAN                   1333W
FN-I-O                            1328W    5360   5398   5437   5491   5524   5555   5917   5982   6039   6102   6165   6228
                                           6285   6337   6394   6454   6514   6568   6633   6693   6757   6816   6876   6941
                                           7006   7071                                                                        x26
FN-INPUT                          1327W    5366   5404   5443   5497   5529   5561   5922   5987   6044   6107   6170   6233
                                           6290   6342   6399   6459   6519   6573   6638   6698   6762   6821   6881   6946
                                           7011   7076                                                                        x26
FN-LESS-THAN                      1332W
FN-NOT-GREATER-THAN               1335W
FN-NOT-LESS-THAN                  1334W
FN-OPEN                           1308W    5359   5365   5397   5403   5409   5436   5442   5448   5490   5496   5523   5528
                                           5554   5560   5916   5921   5926   5981   5986   5991   5996   6038   6043   6048
                                           6053   6101   6106   6111   6116   6164   6169   6174   6179   6227   6232   6237
                                           6242   6284   6289   6294   6336   6341   6346   6393   6398   6403   6453   6458
                                           6463   6513   6518   6523   6567   6572   6577   6632   6637   6642   6692   6697
                                           6702   6756   6761   6766   6815   6820   6825   6875   6880   6885   6940   6945
                                           6950   7005   7010   7015   7070   7075   7080                                     x79
ACS Cobol Xref v2.03.18          Dictionary File for PY900    24/03/2026  18:58:24:63                                  Page  151
Symbols of Module: PY900 (PY900)
--------------------------------

Data Section (WORKING-STORAGE)  Defn     Locations
-------------------------------+---------------------------------------------------------------

FN-OUTPUT                         1329W    5410   5449   5927   5992   6049   6112   6175   6238   6295   6347   6404   6464
                                           6524   6578   6643   6703   6767   6826   6886   6951   7016   7081                x22
FN-RE-WRITE                       1314W    5392   5431   5485   5518   5549   5582   5910   5975   6032   6095   6158   6221
                                           6278   6330   6387   6447   6507   6561   6626   6686   6750   6809   6869   6934
                                           6998   7064   7124                                                                 x27
FN-READ-BY-BATCH                  1322W    6735   6983                                                                        x2
FN-READ-BY-CUST                   1323W    6740   6988                                                                        x2
FN-READ-BY-NAME                   1321W    6372   6793                                                                        x2
FN-READ-INDEXED                   1311W    5382   5465   5900   5965   6022   6085   6148   6211   6268   6320   6377   6437
                                           6497   6551   6616   6676   6730   6799   6859   6924   6978   7054   7114         x23
FN-READ-NEXT                      1310W    5377   5421   5460   5508   5539   5572   5954   6017   6080   6143   6206   6263
                                           6315   6367   6431   6491   6545   6605   6670   6724   6788   6853   6913   6972
                                           7043   7108                                                                        x26
FN-READ-NEXT-HEADER               1324W    5959   6610   6918   7048                                                          x4
FN-READ-NEXT-RAW                  1319W
FN-START                          1316W    5470   5949   6012   6075   6138   6201   6258   6310   6362   6426   6486   6540
                                           6600   6665   6719   6783   6848   6908   6967   7038   7103                       x21
FN-WRITE                          1312W    5387   5426   5475   5513   5544   5577   5905   5970   6027   6090   6153   6216
                                           6273   6325   6382   6442   6502   6556   6621   6681   6745   6804   6864   6929
                                           6993   7059   7119                                                                 x27
FN-WRITE-RAW                      1318W
FS-ACTION                         1260W
FS-REPLY                          1244W    4731   4760   4777   4794   4811   4875   5587   5594   5601   5608   5615   5623  x12
IR911                             1548W    5588                                                                               x1
IR912                             1549W    4503   4732   5602                                                                 x3
IR913                             1550W    5609                                                                               x1
IR915                             1551W    5616                                                                               x1
IR916                             1552W    5595                                                                               x1
LEDGER-BALANCE                    1946W
LEDGER-LAST                       1947W
LEDGER-LEVEL                      1943W
LEDGER-N                          1935W
LEDGER-NAME                       1945W    4876                                                                               x1
LEDGER-PC                         1938W    4911                                                                               x1
LEDGER-PLACE                      1942W
LEDGER-Q                          1954W
LEDGER-Q1                         1949W
LEDGER-Q2                         1950W
LEDGER-Q3                         1951W
LEDGER-Q4                         1952W
LEDGER-S                          1936W
LEDGER-TYPE                       1941W
LIN                               1248W
LIN2                              1252W
LOG-FILE-REC-WRITTEN              1356W
LOGGING-DATA                      1263W
MAIN-RECORD-MOVE-FLAG             1285W
MAPS03-WS                         1194W    5235                                                                               x1
MENU-REPLY                        1388W    2460   2481   3146   3154   3158   3160   3163   3178   3295   3462   3613   3617
ACS Cobol Xref v2.03.18          Dictionary File for PY900    24/03/2026  18:58:24:63                                  Page  152
Symbols of Module: PY900 (PY900)
--------------------------------

Data Section (WORKING-STORAGE)  Defn     Locations
-------------------------------+---------------------------------------------------------------

                                           3619   3639   4011   4084                                                          x16
MRMF-MOVE-FD                      1286W
MRMF-MOVE-WS                      1287W
NL-AC                             1912W
NL-CR                             1909W
NL-CR-LAST                        1911W
NL-DATA                           1906W    1913                                                                               x1
NL-DR                             1908W
NL-DR-LAST                        1910W
NL-KEY                            1900W
NL-NAME                           1907W    4648                                                                               x1
NL-OWNING                         1901W    4681                                                                               x1
NL-POINTER                        1914W
NL-SUB-NOMINAL                    1902W    4682                                                                               x1
NL-TYPE                           1903W
OWNER                             1904W
PATH-WORK                         1258W    4460   4463   4633   4861                                                          x4
POSTING-RECORD                    1385W    5339                                                                               x1
PROG-NAME                         1186W    2430   2444   2466   2495   2579   2660   2692   2717   2739   2763   2783         x11
PY-ACT-STATUS                     1394W    4263   4264   4524   4537   4554   4571   4588   4666   4694   4753   4766   4783
                                           4800   4817   4894                                                                 x15
PY-CALX-STATUS                    1399W
PY-CHK-STATUS                     1396W
PY-COH-STATUS                     1397W
PY-DED-STATUS                     1390W    3589   3602   3623   3625   3993   4066   4209   4229   4237   4245   5020         x11
PY-EMP-STATUS                     1392W
PY-HIS-EMP-STATUS                 1393W
PY-HRS-STATUS                     1391W
PY-LWT-STATUS                     1401W
PY-PAY-STATUS                     1395W
PY-PR1-STATUS                     1389W    3117   3133   3136   3168   4251   4254   4264   4439   4505   4734   5089         x11
PY-STAX-STATUS                    1398W
PY-SWT-STATUS                     1400W
PY001                             1506W    4253                                                                               x1
PY002                             1507W    3135                                                                               x1
PY003                             1508W    4609   4837                                                                        x2
PY004                             1509W    4610   4838                                                                        x2
PY005                             1510W    4611   4839                                                                        x2
PY006                             1511W    4695                                                                               x1
PY007                             1512W    4709                                                                               x1
PY008                             1513W    4228                                                                               x1
PY009                             1514W    4236                                                                               x1
PY010                             1515W    4244                                                                               x1
PY103                             1521W    3242                                                                               x1
PY104                             1522W    3195                                                                               x1
PY105                             1523W    3263                                                                               x1
PY106                             1524W    3268                                                                               x1
PY107                             1525W    3274                                                                               x1
PY108                             1526W    3409   4173                                                                        x2
ACS Cobol Xref v2.03.18          Dictionary File for PY900    24/03/2026  18:58:24:63                                  Page  153
Symbols of Module: PY900 (PY900)
--------------------------------

Data Section (WORKING-STORAGE)  Defn     Locations
-------------------------------+---------------------------------------------------------------

PY109                             1527W    3421                                                                               x1
PY110                             1528W    3437                                                                               x1
PY111                             1529W    3472                                                                               x1
PY112                             1530W    3486                                                                               x1
PY113                             1531W    3496                                                                               x1
PY115                             1533W    4118                                                                               x1
PY116                             1534W    4650   4878                                                                        x2
PY117                             1535W    3525   3539   3553   3670   3702   3734   3766   3805   3844   3883   3927   3967
                                           4137                                                                               x13
PY118                             1536W    4261                                                                               x1
PY119                             1537W    3564   3649   3682   3714   3746   3785   3824   3863   3907   3946   4105   4161  x12
PY121                             1539W    4150                                                                               x1
PY122                             1540W    4185   4192                                                                        x2
PY123                             1541W    4055                                                                               x1
PY124                             1542W    3665   3697   3729   3761   3800   3839   3878   3922   3962   4131                x10
PY125                             1543W    3219                                                                               x1
PY126                             1544W    3251                                                                               x1
QQ                                1488W    3214   3216   3217                                                                 x3
QUARTERS                          1948W    1953                                                                               x1
RDB-DATA                          1275W
RRN                               1243W    3115   3131   3132   3165   3288   3450   3577   3600   3616   3621   3629   3991
                                           4064   4207   4437   5018                                                          x16
S1                                1245W
SQL-ERR                           1268W    5626                                                                               x1
SQL-MSG                           1269W    5627                                                                               x1
SQL-STATE                         1270W
SUB                               1905W
SW-TESTING                        1348W
SW-TESTING-2                      1353W
SY001                             1493W    3138   3142   3995   4068   4211   4443   5022                                     x7
SY002                             1494W    4224   4231   4239   4247   4256                                                   x5
SY003                             1495W    4267   4508   4737                                                                 x3
SY005                             1497W    3284   3313   3330   3347   3364                                                   x5
SY008                             1498W    5628                                                                               x1
SY010                             1499W    3068                                                                               x1
SY013                             1501W    3075                                                                               x1
SY014                             1502W    4702                                                                               x1
SYSTEM-RECORD-4                   1364W
TESTING-1                         1349W
TESTING-2                         1354W
U-BIN                             1218W
U-CC                              1202W
U-DATE                            1195W    1196   1204   1210   2432   2446   2468   2497   2581   2662   2694   2719   2741
                                           2765   2785                                                                        x14
U-DAYS                            1197W
U-INTL                            1210W
U-INTL-CC                         1212W
U-INTL-DAYS                       1217W
U-INTL-MONTH                      1215W
ACS Cobol Xref v2.03.18          Dictionary File for PY900    24/03/2026  18:58:24:63                                  Page  154
Symbols of Module: PY900 (PY900)
--------------------------------

Data Section (WORKING-STORAGE)  Defn     Locations
-------------------------------+---------------------------------------------------------------

U-INTL-YEAR                       1211W
U-INTL-YY                         1213W
U-MONTH                           1199W
U-UK                              1196W
U-USA                             1204W
U-USA-DAYS                        1207W
U-USA-MONTH                       1205W
U-YEAR                            1201W
U-YY                              1203W
WE-ERROR                          1242W    4502   4531   4548   4565   4582   4647   5625                                     x7
WINT                              1428W    4629   4632   4857   4860                                                          x4
WS-22-LINES                       1408W    3084   4701                                                                        x2
WS-23-LINES                       1409W    3085   3135   3136   3137   3141   3199   3219   3223   3255   3284   3285   3313
                                           3314   3317   3330   3331   3334   3347   3348   3351   3364   3365   3368   3413
                                           3425   3441   3476   3490   3500   3568   3649   3665   3670   3682   3697   3702
                                           3714   3729   3734   3746   3761   3766   3785   3800   3805   3824   3839   3844
                                           3863   3878   3883   3907   3922   3927   3946   3950   3962   3967   3995   3996
                                           4055   4068   4069   4211   4212   4223   4228   4229   4230   4236   4237   4238
                                           4244   4245   4246   4253   4254   4255   4261   4263   4266   4442   4503   4504
                                           4507   4650   4653   4695   4696   4702   4703   4709   4710   4732   4733   4736
                                           4878   4881   5022   5024                                                          x100
WS-ACCOUNT-COUNT                  1479W    3523   3537   3551   3663   3695   3727   3759   3798   3837   3876   3920   3960
                                           4129   4595   4824                                                                 x15
WS-ACCOUNT-TABLE                  1475W    4522   4751                                                                        x2
WS-ACCOUNT-TABLE-SIZE             1478W    3664   3696   3728   3760   3799   3838   3877   3921   3961   4130                x10
WS-ACT-EXISTS                     1476W    3524   3538   3552   3669   3701   3733   3765   3804   3843   3882   3926   3966
                                           4135   4534   4539   4551   4556   4568   4573   4585   4590   4670   4763   4768
                                           4780   4785   4797   4802   4814   4819   4898                                     x31
WS-ACTIVE-CURRENCY                1417W
WS-ANALYSIS-RECORD                1374W    5774                                                                               x1
WS-BATCH-RECORD                   1367W    5703                                                                               x1
WS-CODES                          1488W    1489   3113   3216                                                                 x3
WS-CONV-DATE                      1454W
WS-COUNT-ROWS                     1274W
WS-DATA                           1387W
WS-DATE                           1455W    1456   1462   1468   3182   3205   3302   3307   3324   3341   3358   5210   5224  x12
WS-DATE-FORMATS                   1452W
WS-DAYS                           1457W    3184   3279   3305   3308   3325   3342   3359   5037   5040   5217   5218         x11
WS-DEFAULTS                       1430W
WS-DEL-INV-NOS-RECORD             1375W    5794   5824                                                                        x2
WS-DELIVERY-RECORD                1373W    5763                                                                               x1
WS-DFLT-CASH                      1433W    4657   4885                                                                        x2
WS-DFLT-COST                      1437W    4660   4888   4948                                                                 x3
WS-DFLT-EXPENSE                   1435W    4659   4662   4887   4890   4964                                                   x5
WS-DFLT-LIABILITY                 1434W    4658   4886   4941                                                                 x3
WS-DOLLAR                         1423W
WS-ENV-COLUMNS                    1406W    3073   3074                                                                        x2
WS-ENV-LINES                      1407W    3066   3067   3084   3085   3086                                                   x5
WS-ERR-MSG                        1405W    3195   3242   3251   3263   3268   3274   3409   3421   3437   3472   3486   3496
ACS Cobol Xref v2.03.18          Dictionary File for PY900    24/03/2026  18:58:24:63                                  Page  155
Symbols of Module: PY900 (PY900)
--------------------------------

Data Section (WORKING-STORAGE)  Defn     Locations
-------------------------------+---------------------------------------------------------------

                                           3564   4223                                                                        x14
WS-EURO                           1421W
WS-EVAL-MSG                       1404W    3137   4230   4238   4246   4255   4266   4507   4736   5090   5091   5092   5093
                                           5094   5095   5096   5097   5098   5099   5100   5101   5102   5103   5104   5105
                                           5106   5107   5108   5109   5110   5111   5112   5113   5114   5115   5116   5117
                                           5118   5119   5120   5121   5122   5123                                            x42
WS-FILE-KEY                       1271W
WS-HEADING                        1415W
WS-INTL                           1468W
WS-INTL-DAYS                      1473W    5227                                                                               x1
WS-INTL-MONTH                     1471W    5226                                                                               x1
WS-INTL-YEAR                      1469W    5225                                                                               x1
WS-INVOICE-RECORD                 1378W    5673   5784                                                                        x2
WS-IRS-DEFAULT-RECORD             1384W    5327                                                                               x1
WS-IRS-POSTING-RECORD             1368W    5304   5713                                                                        x2
WS-IRSNL-RECORD                   1899W    5315                                                                               x1
WS-LEDGER-KEY                     1931W    1939                                                                               x1
WS-LEDGER-KEY9                    1939W
WS-LEDGER-NOS                     1932W    1934   4910                                                                        x2
WS-LEDGER-RECORD                  1930W    5683                                                                               x1
WS-LINES                          1410W    3086   3138   3139   3142   4224   4231   4232   4239   4240   4247   4248   4256
                                           4257   4267   4269   4443   4508   4509   4737   4738                              x20
WS-LOG-FILE-NO                    1273W
WS-LOG-SYSTEM                     1266W
WS-LOG-WHERE                      1272W
WS-MONTH                          1459W    3185   3280   3304   3309   3326   3343   3360   5038   5041   5218   5219         x11
WS-NO-PARAGRAPH                   1267W
WS-OTM3-RECORD                    1379W    5804                                                                               x1
WS-OTM5-RECORD                    1381W    5844                                                                               x1
WS-PAY-RECORD                     1377W    5864                                                                               x1
WS-PINVOICE-RECORD                1380W    5834   5854                                                                        x2
WS-POSTING-RECORD                 1366W    5693                                                                               x1
WS-POUND                          1422W
WS-PR1-DATING                     1451W
WS-PURCH-RECORD                   1376W    5814                                                                               x1
WS-REPLY                          1403W    3069   3076   3139   3996   4069   4212   4232   4240   4248   4257   4269   4509
                                           4696   4703   4710   4738   5024                                                   x17
WS-S                              1482W    1487                                                                               x1
WS-SALES-RECORD                   1371W    5742                                                                               x1
WS-STATE-CODES-TABLE              1481W
WS-STATES                         1487W    3113   3215                                                                        x2
WS-STOCK-AUDIT-RECORD             1369W    5723                                                                               x1
WS-STOCK-RECORD                   1370W    5732                                                                               x1
WS-SWAP                           1453W    5217   5219                                                                        x2
WS-TEMP-ACT-NO                    1446W    3519   3520   3522   3524   3526   3529   3533   3534   3536   3538   3540   3543
                                           3547   3548   3550   3552   3554   3557   3658   3661   3663   3691   3694   3695
                                           3723   3726   3727   3756   3758   3759   3795   3797   3798   3834   3836   3837
                                           3873   3875   3876   3917   3919   3920   3957   3959   3960   4124   4126   4128
                                           4129   4135   4136   4177   4179   4181   4274                                     x55
ACS Cobol Xref v2.03.18          Dictionary File for PY900    24/03/2026  18:58:24:63                                  Page  156
Symbols of Module: PY900 (PY900)
--------------------------------

Data Section (WORKING-STORAGE)  Defn     Locations
-------------------------------+---------------------------------------------------------------

WS-TEMP-FACTOR                    1445W    4152   4154   4156   4166   4168   4170                                            x6
WS-TEMP-LIMIT                     1444W    3778   3780   3817   3819   3856   3858   3895   3897   3939   3941   3979   3981
                                           3987   3989   4019   4021   4030   4032   4038   4040   4286   4291   4296   4306  x24
WS-TEMP-NUMBERS                   1441W
WS-TEMP-RATE                      1442W    3775   3777   3814   3816   3853   3855   3892   3894   3900   3902   3936   3938
                                           3976   3978   3984   3986   4034   4036   4042   4044   4280   4301   4311         x23
WS-TEMP-USED                      1447W
WS-TEST-DATE                      1449W
WS-TEST-YMD                       1450W    5035   5037   5038   5040   5041   5044                                            x6
WS-TIME                           1858W
WS-UK                             1456W
WS-USA                            1462W
WS-USA-DAYS                       1465W
WS-USA-MONTH                      1463W
WS-VALUE-RECORD                   1372W    5752                                                                               x1
WS-YEAR                           1461W    3186   3281   3303   3310   3327   3344   3361   5035                              x8
WSA-DATE                          1859W
WSA-DD                            1862W
WSA-MM                            1861W
WSA-YY                            1860W
WSB-HH                            1864W
WSB-MM                            1865W
WSB-SS                            1866W
WSB-TIME                          1863W
WSCREENNAME                       1427W    4627   4628   4631   4855   4856   4859                                            x6
WSD-HH                            1869W
WSD-MM                            1871W
WSD-SA                            1870W
WSD-SB                            1872W
WSD-SS                            1873W
WSD-TIME                          1868W
WSE-DATE                          1876W    1880                                                                               x1
WSE-DATE-9                        1880W
WSE-DATE-BLOCK                    1875W    3063                                                                               x1
WSE-DAYS                          1879W    4414                                                                               x1
WSE-HH                            1883W
WSE-MM                            1884W
WSE-MONTH                         1878W    4413                                                                               x1
WSE-SS                            1885W
WSE-TIME                          1882W
WSE-YEAR                          1877W    3303   4412   4434   4435                                                          x4
ACS Cobol Xref v2.03.18          Dictionary File for PY900    24/03/2026  18:58:24:63                                  Page  157
Symbols of Module: PY900 (PY900)
--------------------------------

Data Section (LINKAGE)          Defn     Locations
-------------------------------+---------------------------------------------------------------

ADDRESS-1                         2056K    4346                                                                               x1
ADDRESS-2                         2057K    4347                                                                               x1
ADDRESS-3                         2058K    4348   4349                                                                        x2
ADDRESS-4                         2059K    4350   4351                                                                        x2
AGE-TO-PAY                        2179K
ARCH                              2144K
ARCHIVING                         2145K
AUTO-VAT                          2154K
B-L                               2070K
BATCH-ID                          2155K
BL-END-CYCLE-DATE                 2177K
BL-NEXT-BATCH                     2178K
BL-PAY-AC                         2174K
BL-PURCH-AC                       2176K
BRANCHES                          2133K
CHARGE                            2220K
CLIENT                            2289K
COMPANY-EMAIL                     2126K    4356   4357                                                                        x2
COMPARATIVES                      2139K
COMPARATIVES-ACTIVE               2141K
COMPS                             2138K
COMPS-ACTIVE                      2140K
COUNTRY                           2061K
CURRENT-QUARTER                   2093K
CUST-FLAG                         2200K
CYCLEA                            2045K    2046                                                                               x1
DATA-CAPTURE-USED                 2113K
DATE-FORM                         2111K    4403   4404   4406   5212   5213                                                   x5
DATE-VALID-FORMATS                2112K
DC-COBOL-STANDARD                 2114K
DC-GUI                            2115K
DC-WIDGET                         2116K
DISCOUNT                          2219K
DOS                               2086K
END-DATE                          2052K
ENTRY-LEVEL                       2183K
EXTRA-CHARGE-AC                   2166K
EXTRA-DESC                        2217K
EXTRA-PRINT                       2221K
EXTRA-RATE                        2227K
EXTRA-TYPE                        2218K
FILE-0                            2323K
FILE-10                           2342K
FILE-11                           2344K
FILE-12                           2346K
FILE-13                           2348K
FILE-14                           2350K
FILE-15                           2352K
FILE-16                           2354K
ACS Cobol Xref v2.03.18          Dictionary File for PY900    24/03/2026  18:58:24:63                                  Page  158
Symbols of Module: PY900 (PY900)
--------------------------------

Data Section (LINKAGE)          Defn     Locations
-------------------------------+---------------------------------------------------------------

FILE-17                           2356K
FILE-18                           2358K
FILE-19                           2360K
FILE-2                            2326K
FILE-20                           2362K
FILE-21                           2364K
FILE-22                           2366K
FILE-23                           2368K
FILE-24                           2370K
FILE-26                           2373K
FILE-27                           2375K
FILE-28                           2377K
FILE-29                           2379K
FILE-3                            2328K
FILE-30                           2381K
FILE-31                           2383K
FILE-32                           2385K
FILE-33                           2387K
FILE-34                           2388K
FILE-35                           2389K
FILE-36                           2390K
FILE-37                           2391K
FILE-38                           2392K
FILE-39                           2395K
FILE-4                            2330K
FILE-40                           2396K
FILE-41                           2397K
FILE-42                           2398K
FILE-43                           2399K
FILE-44                           2400K
FILE-45                           2401K
FILE-46                           2402K
FILE-47                           2403K
FILE-48                           2404K
FILE-49                           2406K
FILE-5                            2332K
FILE-50                           2407K
FILE-51                           2408K
FILE-52                           2409K
FILE-53                           2410K
FILE-54                           2411K
FILE-55                           2412K
FILE-56                           2413K
FILE-57                           2415K
FILE-6                            2334K
FILE-7                            2336K
FILE-8                            2338K
FILE-9                            2340K
FILE-DEFS                         2318K    3056   5294   5306   5317   5329   5341   5353   5665   5675   5685   5695   5705
ACS Cobol Xref v2.03.18          Dictionary File for PY900    24/03/2026  18:58:24:63                                  Page  159
Symbols of Module: PY900 (PY900)
--------------------------------

Data Section (LINKAGE)          Defn     Locations
-------------------------------+---------------------------------------------------------------

                                           5715   5725   5734   5744   5754   5765   5776   5786   5796   5806   5816   5826
                                           5836   5846   5856   5866                                                          x28
FILE-DEFS-A                       2319K    2417                                                                               x1
FILE-DEFS-COUNT                   2419K
FILE-DEFS-OS-DELIMITER            2420K    4358                                                                               x1
FILE-DUPLICATES-IN-USE            2106K
FILE-SYSTEM-USED                  2095K
FILLER-DUMMY4                     2302K
FIRST-SL-BATCH                    2236K
FIRST-SL-INV                      2237K
FS-COBOL-FILES-USED               2096K
FS-DUPLICATE-PROCESSING           2107K
FS-MYSQL-USED                     2097K
FS-RDBMS-USED                     2099K
FS-VALID-OPTIONS                  2105K
FULL-INVOICING                    2203K
G-L                               2068K
GENERAL-LEDGER-BLOCK              2130K
GL-BL-PAY-AC                      2260K
GL-BL-PURCH-AC                    2262K
GL-P-CREDITORS                    2261K
GL-S-DEBTORS                      2264K
GL-SL-PAY-AC                      2263K
GL-SL-SALES-AC                    2265K
GROUPED                           2135K
HEADER-LEVEL                      2150K
HOST                              2081K
I-LEVEL-0                         2213K
I-LEVEL-1                         2214K
I-LEVEL-2                         2215K
INDEX-2                           2158K
INVOICER                          2212K
IRS                               2076K
IRS-BOTH-USED                     2161K    4472                                                                               x1
IRS-DATA-BLOCK                    2301K
IRS-ENTRY-BLOCK                   2301K
IRS-INSTEAD                       2159K
IRS-NO                            2077K
IRS-USED                          2160K
LEDGER-2ND-INDEX                  2157K
LEDGER-SEC                        2162K
LEVEL                             2066K
LEVEL-1                           2067K
LEVEL-2                           2069K
LEVEL-3                           2071K
LEVEL-4                           2073K
LEVEL-5                           2075K
LEVEL-6                           2078K
LINUX                             2091K
ACS Cobol Xref v2.03.18          Dictionary File for PY900    24/03/2026  18:58:24:63                                  Page  160
Symbols of Module: PY900 (PY900)
--------------------------------

Data Section (LINKAGE)          Defn     Locations
-------------------------------+---------------------------------------------------------------

M-V                               2142K
MAC                               2088K
MANDATORY                         2147K
MAPS-SER                          2108K
MAPS-SER-NN                       2110K    3152   3179   3296   3463   3610   3640   4012   4085   4606   4690   4834         x11
MAPS-SER-XX                       2109K
MINIMUM-VALIDATION                2143K
MULTI-USER                        2082K
NEXT-BATCH                        2165K
NEXT-FOLIO                        2173K
NEXT-INVOICE                      2049K
NEXT-POST                         2290K
NO-OS                             2085K
NOT-INVOICING                     2216K
OI-3-FLAG                         2199K
OI-5-FLAG                         2201K
OP-SYSTEM                         2083K
OS-SINGLE                         2092K
OS2                               2089K
P-C                               2131K
P-C-GROUPED                       2134K
P-C-LEVEL                         2136K
P-CREDITORS                       2175K
P-FLAG-A                          2184K
P-FLAG-I                          2185K
P-FLAG-P                          2186K
P-L-EXISTS                        2181K
PAGE-LINES                        2048K    4362                                                                               x1
PARAM-RESTRICT                    2121K
PASS-VALUE                        2065K
PASS-WORD                         2080K
PAYROLL                           2079K
PERIOD                            2047K
PF-RETENTION                      2235K
PHONE-NO                          2063K    4354   4355                                                                        x2
PL-APPROP-AC                      2299K
PL-APPROP-AC6                     2297K
PL-AUTOGEN                        2189K
PL-DELIM                          2182K
PL-NEXT-REC                       2190K
PL-STOCK-LINK                     2187K
POST-CODE                         2060K    4352   4353                                                                        x2
POST-TRANS-NAME                   2321K
POSTINGS                          2164K
PRE-TRANS-NAME                    2320K
PRESERVE-BATCH                    2156K
PRINT-SPOOL-NAME                  2062K    4431                                                                               x1
PRINT-SPOOL-NAME2                 2168K    4432                                                                               x1
PRINT-SPOOL-NAME3                 2188K    4433                                                                               x1
ACS Cobol Xref v2.03.18          Dictionary File for PY900    24/03/2026  18:58:24:63                                  Page  161
Symbols of Module: PY900 (PY900)
--------------------------------

Data Section (LINKAGE)          Defn     Locations
-------------------------------+---------------------------------------------------------------

PROFIT-CENTRES                    2132K
PURCHASE-LEDGER                   2180K
PURCHASE-LEDGER-BLOCK             2172K
PURCHASE-RANGE                    2152K
RDBMS-DB-NAME                     2117K
RDBMS-FLAT-STATUSES               2094K
RDBMS-HOST                        2123K
RDBMS-PASSWD                      2119K
RDBMS-PORT                        2122K
RDBMS-SOCKET                      2124K
RDBMS-USER                        2118K
REVENUE-ONLY                      2137K
RUN-DATE                          2050K
S-DEBTORS                         2240K
S-END-CYCLE-DATE                  2242K
S-FLAG-A                          2204K
S-FLAG-I                          2205K
S-FLAG-OI-3                       2202K
S-FLAG-P                          2206K
S-L                               2072K
S-L-EXISTS                        2197K
SALES-LEDGER                      2196K
SALES-LEDGER-BLOCK                2195K
SALES-RANGE                       2151K
SCYCLE                            2046K
SL-AUTOGEN                        2254K
SL-BO-DEFAULT                     2257K
SL-BO-FLAG                        2256K
SL-CHARGES                        2208K
SL-COMP-HEAD-INV                  2245K
SL-COMP-HEAD-LETS                 2249K
SL-COMP-HEAD-PICK                 2243K
SL-COMP-HEAD-STAT                 2247K
SL-COMP-INV                       2246K
SL-COMP-LETS                      2250K
SL-COMP-PICK                      2244K
SL-COMP-STAT                      2248K
SL-CREDIT                         2231K
SL-DAY-BOOK                       2211K
SL-DAYS-1                         2228K
SL-DAYS-2                         2229K
SL-DAYS-3                         2230K
SL-DELIM                          2198K
SL-DISC                           2226K
SL-DUNNING                        2207K
SL-INVOICE-LINES                  2253K
SL-LATE-PER                       2225K
SL-LIMIT                          2238K
SL-MAX                            2234K
ACS Cobol Xref v2.03.18          Dictionary File for PY900    24/03/2026  18:58:24:63                                  Page  162
Symbols of Module: PY900 (PY900)
--------------------------------

Data Section (LINKAGE)          Defn     Locations
-------------------------------+---------------------------------------------------------------

SL-MIN                            2233K
SL-NEXT-REC                       2255K
SL-OWN-NOS                        2209K
SL-PAY-AC                         2239K
SL-SALES-AC                       2241K
SL-STATS-RUN                      2210K
SL-STOCK-AUDIT                    2223K
SL-STOCK-LINK                     2222K
SL-VAT-PRINTED                    2251K
SL-VAT-PRINTS                     2252K
START-DATE                        2051K
STATS-DATE-PERIOD                 2125K
STK-ABREV-REF                     2271K
STK-ACTIVITY-REP-RUN              2284K
STK-AUDIT-NO                      2287K
STK-AUDIT-USED                    2275K
STK-AVERAGING                     2282K
STK-BO-ACTIVE                     2285K
STK-DEBUG                         2272K
STK-MANU-USED                     2273K
STK-MOV-AUDIT                     2276K
STK-OE-USED                       2274K
STK-PAGE-LINES                    2286K
STK-PERIOD-CUR                    2277K
STK-PERIOD-DAT                    2278K
STOCK                             2074K
STOCK-AUDIT-ON                    2224K
STOCK-AVERAGING                   2283K
STOCK-CONTROL                     2280K
STOCK-CONTROL-BLOCK               2270K
STOCK-CONTROL-EXISTS              2281K
SUSER                             2053K    4326   4344                                                                        x2
SYSTEM-DATA-BLOCK                 2029K
SYSTEM-FILE-NAMES                 2418K
TO-DAY                            2423K    3055   5210   5225   5226   5227                                                   x5
TRANS-DONE                        2149K
TRANS-PRINT                       2146K
TRANS-PRINTED                     2148K
UNIX                              2090K
UPDATES                           2163K
USER-CODE                         2055K
USERA                             2054K    2433   2447   2469   2498   2582   2663   2695   2720   2742   2766   2786         x11
VALID-OS-TYPE                     2084K
VAT                               2153K
VAT-AC                            2167K
VAT-GROUP                         2295K
VAT-PSENT                         2296K
VAT-RATE                          2044K
VAT-RATE-1                        2039K
ACS Cobol Xref v2.03.18          Dictionary File for PY900    24/03/2026  18:58:24:63                                  Page  163
Symbols of Module: PY900 (PY900)
--------------------------------

Data Section (LINKAGE)          Defn     Locations
-------------------------------+---------------------------------------------------------------

VAT-RATE-2                        2040K
VAT-RATE-3                        2041K
VAT-RATE-4                        2042K
VAT-RATE-5                        2043K
VAT-RATES                         2038K    2044                                                                               x1
VAT-RATES2                        2291K    2295                                                                               x1
VAT-REG-NUMBER                    2120K
VAT1                              2292K
VAT2                              2293K
VAT3                              2294K
WINDOWS                           2087K
WS-CALLED                         1967K
WS-CALLER                         1968K
WS-CALLING-DATA                   1966K    3053                                                                               x1
WS-CD-ARGS                        1974K
WS-DEL-LINK                       1969K
WS-PROCESS-FUNC                   1972K
WS-SUB-FUNCTION                   1973K
WS-SYSTEM-RECORD                  2025K    3054   5292   5303   5314   5326   5338   5350   5663   5672   5682   5692   5702
                                           5712   5722   5731   5741   5751   5762   5773   5783   5793   5803   5813   5823
                                           5833   5843   5853   5863                                                          x28
WS-SYSTEM-RECORD-VERSION-PRIME    2031K
WS-SYSTEM-RECORD-VERSION-SECOND   2036K
WS-TERM-CODE                      1970K    3070   3077   3124   3173   4000   4072   4215   4445   4479   5026                x10
ACS Cobol Xref v2.03.18          Dictionary File for PY900    24/03/2026  18:58:24:63                                  Page  164
Symbols of Module: PY900 (PY900)
--------------------------------

Data Section (SCREEN)           Defn     Locations
-------------------------------+---------------------------------------------------------------

ACT-DESC                          2773S    2791   4528   4545   4562   4579   4617   4648   4654   4717   4757   4774   4791
                                           4808   4845   4876   4882                                                          x16
ACT-GL-NO                         2771S    2790   4616   4844   4529   4532   4546   4549   4563   4566   4580   4583   4641
                                           4657   4658   4659   4660   4681   4716   4758   4761   4775   4778   4792   4795
                                           4809   4812   4869   4885   4886   4887   4888   4910                              x32
ACT-NO                            2769S    2789   3662   4527   4534   4539   4544   4551   4556   4561   4568   4573   4578
                                           4585   4590   4615   4619   4634   4640   4656   4670   4715   4756   4763   4768
                                           4773   4780   4785   4790   4797   4802   4807   4814   4819   4843   4847   4862
                                           4868   4884   4898                                                                 x39
COB-COLOR-BLACK                   2427S    2441   2463   2492   2576   2657   2689   2714   2736   2760   2780                x10
COB-COLOR-GREEN                   2442S    2464   2493   2577   2658   2690   2715   2737   2761   2781                       x9
DISPLAY-HEADS                     2427S    4607   4691   4704   4835                                                          x4
MENU-REPLY                        2460S    2481   3146   3154   3158   3160   3163   3178   3295   3462   3613   3617   3619
                                           3639   4011   4084                                                                 x15
PROG-NAME                         2430S    2444   2466   2495   2579   2660   2692   2717   2739   2763   2783                x10
SS-PARAM-1-COMPANY-DETAILS-1      2492S    3188                                                                               x1
SS-PARAM-2-PAY-INTERVAL-DETAILS   2576S    3299                                                                               x1
SS-PARAM-3-GL-DETAILS             2657S    3466                                                                               x1
SS-PARAM-4-STANDARD-DEDUCTION-R   2689S    3643                                                                               x1
SS-PARAM-5-FEDERAL-WITHHOLDING-   2713S    4015                                                                               x1
SS-PARAM-6-SYSTEM-EARNING-AND-D   2735S    4088                                                                               x1
SS-PARAM-7-IRS-NOMINAL-ACCOUNTS   2760S    4608   4836                                                                        x2
SS-PARAM-7-IRS-SHOW-NOMINAL-ACC   2780S    4692   4705                                                                        x2
SS-PARAM-MENU-1                   2441S    3156   3157                                                                        x2
SS-PARAM-MENU-2                   2463S    3614   3615                                                                        x2
U-DATE                            2432S    2446   2468   2497   2581   2662   2694   2719   2741   2765   2785                x10
USERA                             2433S    2447   2469   2498   2582   2663   2695   2720   2742   2766   2786                x10
ACS Cobol Xref v2.03.18          Dictionary File for PY900    24/03/2026  18:58:24:64                                  Page  165
Symbols of Module: PY900 (PY900)
--------------------------------
Variable Tested [S]            Symbol (88-Conditions)
--------------------------------------------------------------

ACCESS-TYPE                     FN-INPUT
ACCESS-TYPE                     FN-I-O
ACCESS-TYPE                     FN-OUTPUT
ACCESS-TYPE                     FN-EXTEND
ACCESS-TYPE                     FN-EQUAL-TO
ACCESS-TYPE                     FN-LESS-THAN
ACCESS-TYPE                     FN-GREATER-THAN
ACCESS-TYPE                     FN-NOT-LESS-THAN
ACCESS-TYPE                     FN-NOT-GREATER-THAN
AN-BG                           AN-BG-IS-BLACK
AN-BG                           AN-BG-IS-BLUE
AN-BG                           AN-BG-IS-GREEN
AN-BG                           AN-BG-IS-CYAN
AN-BG                           AN-BG-IS-RED
AN-BG                           AN-BG-IS-MAGENTA
AN-BG                           AN-BG-IS-YELLOW
AN-BG                           AN-BG-IS-WHITE
AN-ERROR-CODE                   AN-ERROR-OK
AN-ERROR-CODE                   AN-ERROR-NOT-EXTENDED-DISPLAY
AN-ERROR-CODE                   AN-ERROR-S-ROW-OUT-OF-SCREEN
AN-ERROR-CODE                   AN-ERROR-S-COL-OUT-OF-SCREEN
AN-ERROR-CODE                   AN-ERROR-E-COL-OUT-OF-SCREEN
AN-FG                           AN-FG-IS-BLACK
AN-FG                           AN-FG-IS-BLUE
AN-FG                           AN-FG-IS-GREEN
AN-FG                           AN-FG-IS-CYAN
AN-FG                           AN-FG-IS-RED
AN-FG                           AN-FG-IS-MAGENTA
AN-FG                           AN-FG-IS-YELLOW
AN-FG                           AN-FG-IS-WHITE
AN-FG2                          AN-FG2-IS-BLACK
AN-FG2                          AN-FG2-IS-BLUE
AN-FG2                          AN-FG2-IS-GREEN
AN-FG2                          AN-FG2-IS-CYAN
AN-FG2                          AN-FG2-IS-RED
AN-FG2                          AN-FG2-IS-MAGENTA
AN-FG2                          AN-FG2-IS-YELLOW
AN-FG2                          AN-FG2-IS-WHITE
AN-MODE                         AN-MODE-IS-NO-UPDATE
AN-MODE                         AN-MODE-IS-UPDATE
AN-RETURN-CODE                  AN-RETURN-CODE-VIA-ENTER
AN-RETURN-CODE                  AN-RETURN-CODE-VIA-PFKEY-01
AN-RETURN-CODE                  AN-RETURN-CODE-VIA-PFKEY-02
AN-RETURN-CODE                  AN-RETURN-CODE-VIA-PFKEY-03
AN-RETURN-CODE                  AN-RETURN-CODE-VIA-PFKEY-04
AN-RETURN-CODE                  AN-RETURN-CODE-VIA-PFKEY-05
AN-RETURN-CODE                  AN-RETURN-CODE-VIA-PFKEY-06
AN-RETURN-CODE                  AN-RETURN-CODE-VIA-PFKEY-07
AN-RETURN-CODE                  AN-RETURN-CODE-VIA-PFKEY-08
AN-RETURN-CODE                  AN-RETURN-CODE-VIA-PFKEY-09
ACS Cobol Xref v2.03.18          Dictionary File for PY900    24/03/2026  18:58:24:64                                  Page  166
Symbols of Module: PY900 (PY900)
--------------------------------
Variable Tested [S]            Symbol (88-Conditions)
--------------------------------------------------------------

AN-RETURN-CODE                  AN-RETURN-CODE-VIA-PFKEY-10
AN-RETURN-CODE                  AN-RETURN-CODE-VIA-PFKEY-11
AN-RETURN-CODE                  AN-RETURN-CODE-VIA-PFKEY-12
AN-RETURN-CODE                  AN-RETURN-CODE-VIA-PFKEY-13
AN-RETURN-CODE                  AN-RETURN-CODE-VIA-PFKEY-14
AN-RETURN-CODE                  AN-RETURN-CODE-VIA-PFKEY-15
AN-RETURN-CODE                  AN-RETURN-CODE-VIA-PFKEY-16
AN-RETURN-CODE                  AN-RETURN-CODE-VIA-PFKEY-17
AN-RETURN-CODE                  AN-RETURN-CODE-VIA-PFKEY-18
AN-RETURN-CODE                  AN-RETURN-CODE-VIA-PFKEY-19
AN-RETURN-CODE                  AN-RETURN-CODE-VIA-PFKEY-20
AN-RETURN-CODE                  AN-RETURN-CODE-VIA-PFKEY-21
AN-RETURN-CODE                  AN-RETURN-CODE-VIA-PFKEY-22
AN-RETURN-CODE                  AN-RETURN-CODE-VIA-PFKEY-23
AN-RETURN-CODE                  AN-RETURN-CODE-VIA-PFKEY-24
AN-RETURN-CODE                  AN-RETURN-CODE-VIA-PFKEY-25
AN-RETURN-CODE                  AN-RETURN-CODE-VIA-PFKEY-26
AN-RETURN-CODE                  AN-RETURN-CODE-VIA-PFKEY-27
AN-RETURN-CODE                  AN-RETURN-CODE-VIA-PFKEY-28
AN-RETURN-CODE                  AN-RETURN-CODE-VIA-PFKEY-29
AN-RETURN-CODE                  AN-RETURN-CODE-VIA-PFKEY-30
AN-RETURN-CODE                  AN-RETURN-CODE-VIA-PFKEY-31
AN-RETURN-CODE                  AN-RETURN-CODE-VIA-PFKEY-32
AN-RETURN-CODE                  AN-RETURN-CODE-VIA-PFKEY-33
AN-RETURN-CODE                  AN-RETURN-CODE-VIA-PFKEY-34
AN-RETURN-CODE                  AN-RETURN-CODE-VIA-PFKEY-35
AN-RETURN-CODE                  AN-RETURN-CODE-VIA-PFKEY-36
AN-RETURN-CODE                  AN-RETURN-CODE-VIA-PFKEY-37
AN-RETURN-CODE                  AN-RETURN-CODE-VIA-PFKEY-38
AN-RETURN-CODE                  AN-RETURN-CODE-VIA-PFKEY-39
AN-RETURN-CODE                  AN-RETURN-CODE-VIA-PFKEY-40
AN-RETURN-CODE                  AN-RETURN-CODE-VIA-PFKEY-41
AN-RETURN-CODE                  AN-RETURN-CODE-VIA-PFKEY-42
AN-RETURN-CODE                  AN-RETURN-CODE-VIA-PFKEY-43
AN-RETURN-CODE                  AN-RETURN-CODE-VIA-PFKEY-44
AN-RETURN-CODE                  AN-RETURN-CODE-VIA-PFKEY-45
AN-RETURN-CODE                  AN-RETURN-CODE-VIA-PFKEY-46
AN-RETURN-CODE                  AN-RETURN-CODE-VIA-PFKEY-47
AN-RETURN-CODE                  AN-RETURN-CODE-VIA-PFKEY-48
AN-RETURN-CODE                  AN-RETURN-CODE-VIA-PG-UP
AN-RETURN-CODE                  AN-RETURN-CODE-VIA-PG-DOWN
AN-RETURN-CODE                  AN-RETURN-CODE-VIA-TAB
AN-RETURN-CODE                  AN-RETURN-CODE-VIA-BACK-TAB
AN-RETURN-CODE                  AN-RETURN-CODE-VIA-ESCAPE
ARCH                            ARCHIVING
BATCH-ID                        PRESERVE-BATCH
COMPS                           COMPARATIVES
COMPS-ACTIVE                    COMPARATIVES-ACTIVE
DATA-CAPTURE-USED               DC-COBOL-STANDARD
DATA-CAPTURE-USED               DC-GUI
ACS Cobol Xref v2.03.18          Dictionary File for PY900    24/03/2026  18:58:24:64                                  Page  167
Symbols of Module: PY900 (PY900)
--------------------------------
Variable Tested [S]            Symbol (88-Conditions)
--------------------------------------------------------------

DATA-CAPTURE-USED               DC-WIDGET
DATE-FORM                       DATE-VALID-FORMATS
EXTRA-TYPE                      DISCOUNT
EXTRA-TYPE                      CHARGE
FA-FILE-DUPLICATES-IN-USE       FA-FS-DUPLICATE-PROCESSING
FA-FILE-SYSTEM-USED             FA-FS-COBOL-FILES-USED
FA-FILE-SYSTEM-USED             FA-FS-RDBMS-USED
FA-FILE-SYSTEM-USED             FA-FS-VALID-OPTIONS
FILE-DUPLICATES-IN-USE          FS-DUPLICATE-PROCESSING
FILE-FUNCTION                   FN-OPEN
FILE-FUNCTION                   FN-CLOSE
FILE-FUNCTION                   FN-READ-NEXT
FILE-FUNCTION                   FN-READ-INDEXED
FILE-FUNCTION                   FN-WRITE
FILE-FUNCTION                   FN-DELETE-ALL
FILE-FUNCTION                   FN-RE-WRITE
FILE-FUNCTION                   FN-DELETE
FILE-FUNCTION                   FN-START
FILE-FUNCTION                   FN-WRITE-RAW
FILE-FUNCTION                   FN-READ-NEXT-RAW
FILE-FUNCTION                   FN-READ-BY-NAME
FILE-FUNCTION                   FN-READ-BY-BATCH
FILE-FUNCTION                   FN-READ-BY-CUST
FILE-FUNCTION                   FN-READ-NEXT-HEADER
FILE-SYSTEM-USED                FS-COBOL-FILES-USED
FILE-SYSTEM-USED                FS-MYSQL-USED
FILE-SYSTEM-USED                FS-RDBMS-USED
FILE-SYSTEM-USED                FS-VALID-OPTIONS
HOST                            MULTI-USER
INVOICER                        I-LEVEL-0
INVOICER                        I-LEVEL-1
INVOICER                        I-LEVEL-2
INVOICER                        NOT-INVOICING
IRS-INSTEAD                     IRS-USED
IRS-INSTEAD                     IRS-BOTH-USED
LEDGER-2ND-INDEX                INDEX-2
LEVEL-1                         G-L
LEVEL-2                         B-L
LEVEL-3                         S-L
LEVEL-4                         STOCK
LEVEL-5                         IRS
LEVEL-5                         IRS-NO
LEVEL-6                         PAYROLL
M-V                             MINIMUM-VALIDATION
MAIN-RECORD-MOVE-FLAG           MRMF-MOVE-FD
MAIN-RECORD-MOVE-FLAG           MRMF-MOVE-WS
NL-TYPE                         OWNER
NL-TYPE                         SUB
OP-SYSTEM                       VALID-OS-TYPE
OP-SYSTEM                       NO-OS
ACS Cobol Xref v2.03.18          Dictionary File for PY900    24/03/2026  18:58:24:64                                  Page  168
Symbols of Module: PY900 (PY900)
--------------------------------
Variable Tested [S]            Symbol (88-Conditions)
--------------------------------------------------------------

OP-SYSTEM                       DOS
OP-SYSTEM                       WINDOWS
OP-SYSTEM                       MAC
OP-SYSTEM                       OS2
OP-SYSTEM                       UNIX
OP-SYSTEM                       LINUX
OP-SYSTEM                       OS-SINGLE
P-C                             PROFIT-CENTRES
P-C                             BRANCHES
P-C-GROUPED                     GROUPED
P-C-LEVEL                       REVENUE-ONLY
PURCHASE-LEDGER                 P-L-EXISTS
SALES-LEDGER                    S-L-EXISTS
SL-COMP-HEAD-INV                SL-COMP-INV
SL-COMP-HEAD-LETS               SL-COMP-LETS
SL-COMP-HEAD-PICK               SL-COMP-PICK
SL-COMP-HEAD-STAT               SL-COMP-STAT
SL-STOCK-AUDIT                  STOCK-AUDIT-ON
SL-VAT-PRINTED                  SL-VAT-PRINTS
STK-AVERAGING                   STOCK-AVERAGING
STOCK-CONTROL                   STOCK-CONTROL-EXISTS
SW-TESTING                      TESTING-1
SW-TESTING-2                    TESTING-2
TRANS-PRINT                     MANDATORY
TRANS-PRINTED                   TRANS-DONE
VAT                             AUTO-VAT
WS-HEADING                      WS-EURO
WS-HEADING                      WS-POUND
WS-HEADING                      WS-DOLLAR
ACS Cobol Xref v2.03.18          Dictionary File for PY900    24/03/2026  18:58:24:64                                  Page  169
Symbols of Module: PY900 (PY900)
--------------------------------
Variable Tested                Symbol (88-Conditions) [S]
--------------------------------------------------------------

AN-BG                           AN-BG-IS-BLACK
AN-BG                           AN-BG-IS-BLUE
AN-BG                           AN-BG-IS-CYAN
AN-BG                           AN-BG-IS-GREEN
AN-BG                           AN-BG-IS-MAGENTA
AN-BG                           AN-BG-IS-RED
AN-BG                           AN-BG-IS-WHITE
AN-BG                           AN-BG-IS-YELLOW
AN-ERROR-CODE                   AN-ERROR-E-COL-OUT-OF-SCREEN
AN-ERROR-CODE                   AN-ERROR-NOT-EXTENDED-DISPLAY
AN-ERROR-CODE                   AN-ERROR-OK
AN-ERROR-CODE                   AN-ERROR-S-COL-OUT-OF-SCREEN
AN-ERROR-CODE                   AN-ERROR-S-ROW-OUT-OF-SCREEN
AN-FG                           AN-FG-IS-BLACK
AN-FG                           AN-FG-IS-BLUE
AN-FG                           AN-FG-IS-CYAN
AN-FG                           AN-FG-IS-GREEN
AN-FG                           AN-FG-IS-MAGENTA
AN-FG                           AN-FG-IS-RED
AN-FG                           AN-FG-IS-WHITE
AN-FG                           AN-FG-IS-YELLOW
AN-FG2                          AN-FG2-IS-BLACK
AN-FG2                          AN-FG2-IS-BLUE
AN-FG2                          AN-FG2-IS-CYAN
AN-FG2                          AN-FG2-IS-GREEN
AN-FG2                          AN-FG2-IS-MAGENTA
AN-FG2                          AN-FG2-IS-RED
AN-FG2                          AN-FG2-IS-WHITE
AN-FG2                          AN-FG2-IS-YELLOW
AN-MODE                         AN-MODE-IS-NO-UPDATE
AN-MODE                         AN-MODE-IS-UPDATE
AN-RETURN-CODE                  AN-RETURN-CODE-VIA-BACK-TAB
AN-RETURN-CODE                  AN-RETURN-CODE-VIA-ENTER
AN-RETURN-CODE                  AN-RETURN-CODE-VIA-ESCAPE
AN-RETURN-CODE                  AN-RETURN-CODE-VIA-PFKEY-01
AN-RETURN-CODE                  AN-RETURN-CODE-VIA-PFKEY-02
AN-RETURN-CODE                  AN-RETURN-CODE-VIA-PFKEY-03
AN-RETURN-CODE                  AN-RETURN-CODE-VIA-PFKEY-04
AN-RETURN-CODE                  AN-RETURN-CODE-VIA-PFKEY-05
AN-RETURN-CODE                  AN-RETURN-CODE-VIA-PFKEY-06
AN-RETURN-CODE                  AN-RETURN-CODE-VIA-PFKEY-07
AN-RETURN-CODE                  AN-RETURN-CODE-VIA-PFKEY-08
AN-RETURN-CODE                  AN-RETURN-CODE-VIA-PFKEY-09
AN-RETURN-CODE                  AN-RETURN-CODE-VIA-PFKEY-10
AN-RETURN-CODE                  AN-RETURN-CODE-VIA-PFKEY-11
AN-RETURN-CODE                  AN-RETURN-CODE-VIA-PFKEY-12
AN-RETURN-CODE                  AN-RETURN-CODE-VIA-PFKEY-13
AN-RETURN-CODE                  AN-RETURN-CODE-VIA-PFKEY-14
AN-RETURN-CODE                  AN-RETURN-CODE-VIA-PFKEY-15
AN-RETURN-CODE                  AN-RETURN-CODE-VIA-PFKEY-16
ACS Cobol Xref v2.03.18          Dictionary File for PY900    24/03/2026  18:58:24:64                                  Page  170
Symbols of Module: PY900 (PY900)
--------------------------------
Variable Tested                Symbol (88-Conditions) [S]
--------------------------------------------------------------

AN-RETURN-CODE                  AN-RETURN-CODE-VIA-PFKEY-17
AN-RETURN-CODE                  AN-RETURN-CODE-VIA-PFKEY-18
AN-RETURN-CODE                  AN-RETURN-CODE-VIA-PFKEY-19
AN-RETURN-CODE                  AN-RETURN-CODE-VIA-PFKEY-20
AN-RETURN-CODE                  AN-RETURN-CODE-VIA-PFKEY-21
AN-RETURN-CODE                  AN-RETURN-CODE-VIA-PFKEY-22
AN-RETURN-CODE                  AN-RETURN-CODE-VIA-PFKEY-23
AN-RETURN-CODE                  AN-RETURN-CODE-VIA-PFKEY-24
AN-RETURN-CODE                  AN-RETURN-CODE-VIA-PFKEY-25
AN-RETURN-CODE                  AN-RETURN-CODE-VIA-PFKEY-26
AN-RETURN-CODE                  AN-RETURN-CODE-VIA-PFKEY-27
AN-RETURN-CODE                  AN-RETURN-CODE-VIA-PFKEY-28
AN-RETURN-CODE                  AN-RETURN-CODE-VIA-PFKEY-29
AN-RETURN-CODE                  AN-RETURN-CODE-VIA-PFKEY-30
AN-RETURN-CODE                  AN-RETURN-CODE-VIA-PFKEY-31
AN-RETURN-CODE                  AN-RETURN-CODE-VIA-PFKEY-32
AN-RETURN-CODE                  AN-RETURN-CODE-VIA-PFKEY-33
AN-RETURN-CODE                  AN-RETURN-CODE-VIA-PFKEY-34
AN-RETURN-CODE                  AN-RETURN-CODE-VIA-PFKEY-35
AN-RETURN-CODE                  AN-RETURN-CODE-VIA-PFKEY-36
AN-RETURN-CODE                  AN-RETURN-CODE-VIA-PFKEY-37
AN-RETURN-CODE                  AN-RETURN-CODE-VIA-PFKEY-38
AN-RETURN-CODE                  AN-RETURN-CODE-VIA-PFKEY-39
AN-RETURN-CODE                  AN-RETURN-CODE-VIA-PFKEY-40
AN-RETURN-CODE                  AN-RETURN-CODE-VIA-PFKEY-41
AN-RETURN-CODE                  AN-RETURN-CODE-VIA-PFKEY-42
AN-RETURN-CODE                  AN-RETURN-CODE-VIA-PFKEY-43
AN-RETURN-CODE                  AN-RETURN-CODE-VIA-PFKEY-44
AN-RETURN-CODE                  AN-RETURN-CODE-VIA-PFKEY-45
AN-RETURN-CODE                  AN-RETURN-CODE-VIA-PFKEY-46
AN-RETURN-CODE                  AN-RETURN-CODE-VIA-PFKEY-47
AN-RETURN-CODE                  AN-RETURN-CODE-VIA-PFKEY-48
AN-RETURN-CODE                  AN-RETURN-CODE-VIA-PG-DOWN
AN-RETURN-CODE                  AN-RETURN-CODE-VIA-PG-UP
AN-RETURN-CODE                  AN-RETURN-CODE-VIA-TAB
ARCH                            ARCHIVING
VAT                             AUTO-VAT
LEVEL-2                         B-L
P-C                             BRANCHES
EXTRA-TYPE                      CHARGE
COMPS                           COMPARATIVES
COMPS-ACTIVE                    COMPARATIVES-ACTIVE
DATE-FORM                       DATE-VALID-FORMATS
DATA-CAPTURE-USED               DC-COBOL-STANDARD
DATA-CAPTURE-USED               DC-GUI
DATA-CAPTURE-USED               DC-WIDGET
EXTRA-TYPE                      DISCOUNT
OP-SYSTEM                       DOS
FA-FILE-SYSTEM-USED             FA-FS-COBOL-FILES-USED
FA-FILE-DUPLICATES-IN-USE       FA-FS-DUPLICATE-PROCESSING
ACS Cobol Xref v2.03.18          Dictionary File for PY900    24/03/2026  18:58:24:64                                  Page  171
Symbols of Module: PY900 (PY900)
--------------------------------
Variable Tested                Symbol (88-Conditions) [S]
--------------------------------------------------------------

FA-FILE-SYSTEM-USED             FA-FS-RDBMS-USED
FA-FILE-SYSTEM-USED             FA-FS-VALID-OPTIONS
FILE-FUNCTION                   FN-CLOSE
FILE-FUNCTION                   FN-DELETE
FILE-FUNCTION                   FN-DELETE-ALL
ACCESS-TYPE                     FN-EQUAL-TO
ACCESS-TYPE                     FN-EXTEND
ACCESS-TYPE                     FN-GREATER-THAN
ACCESS-TYPE                     FN-I-O
ACCESS-TYPE                     FN-INPUT
ACCESS-TYPE                     FN-LESS-THAN
ACCESS-TYPE                     FN-NOT-GREATER-THAN
ACCESS-TYPE                     FN-NOT-LESS-THAN
FILE-FUNCTION                   FN-OPEN
ACCESS-TYPE                     FN-OUTPUT
FILE-FUNCTION                   FN-RE-WRITE
FILE-FUNCTION                   FN-READ-BY-BATCH
FILE-FUNCTION                   FN-READ-BY-CUST
FILE-FUNCTION                   FN-READ-BY-NAME
FILE-FUNCTION                   FN-READ-INDEXED
FILE-FUNCTION                   FN-READ-NEXT
FILE-FUNCTION                   FN-READ-NEXT-HEADER
FILE-FUNCTION                   FN-READ-NEXT-RAW
FILE-FUNCTION                   FN-START
FILE-FUNCTION                   FN-WRITE
FILE-FUNCTION                   FN-WRITE-RAW
FILE-SYSTEM-USED                FS-COBOL-FILES-USED
FILE-DUPLICATES-IN-USE          FS-DUPLICATE-PROCESSING
FILE-SYSTEM-USED                FS-MYSQL-USED
FILE-SYSTEM-USED                FS-RDBMS-USED
FILE-SYSTEM-USED                FS-VALID-OPTIONS
LEVEL-1                         G-L
P-C-GROUPED                     GROUPED
INVOICER                        I-LEVEL-0
INVOICER                        I-LEVEL-1
INVOICER                        I-LEVEL-2
LEDGER-2ND-INDEX                INDEX-2
LEVEL-5                         IRS
IRS-INSTEAD                     IRS-BOTH-USED
LEVEL-5                         IRS-NO
IRS-INSTEAD                     IRS-USED
OP-SYSTEM                       LINUX
OP-SYSTEM                       MAC
TRANS-PRINT                     MANDATORY
M-V                             MINIMUM-VALIDATION
MAIN-RECORD-MOVE-FLAG           MRMF-MOVE-FD
MAIN-RECORD-MOVE-FLAG           MRMF-MOVE-WS
HOST                            MULTI-USER
OP-SYSTEM                       NO-OS
INVOICER                        NOT-INVOICING
ACS Cobol Xref v2.03.18          Dictionary File for PY900    24/03/2026  18:58:24:64                                  Page  172
Symbols of Module: PY900 (PY900)
--------------------------------
Variable Tested                Symbol (88-Conditions) [S]
--------------------------------------------------------------

OP-SYSTEM                       OS-SINGLE
OP-SYSTEM                       OS2
NL-TYPE                         OWNER
PURCHASE-LEDGER                 P-L-EXISTS
LEVEL-6                         PAYROLL
BATCH-ID                        PRESERVE-BATCH
P-C                             PROFIT-CENTRES
P-C-LEVEL                       REVENUE-ONLY
LEVEL-3                         S-L
SALES-LEDGER                    S-L-EXISTS
SL-COMP-HEAD-INV                SL-COMP-INV
SL-COMP-HEAD-LETS               SL-COMP-LETS
SL-COMP-HEAD-PICK               SL-COMP-PICK
SL-COMP-HEAD-STAT               SL-COMP-STAT
SL-VAT-PRINTED                  SL-VAT-PRINTS
LEVEL-4                         STOCK
SL-STOCK-AUDIT                  STOCK-AUDIT-ON
STK-AVERAGING                   STOCK-AVERAGING
STOCK-CONTROL                   STOCK-CONTROL-EXISTS
NL-TYPE                         SUB
SW-TESTING                      TESTING-1
SW-TESTING-2                    TESTING-2
TRANS-PRINTED                   TRANS-DONE
OP-SYSTEM                       UNIX
OP-SYSTEM                       VALID-OS-TYPE
OP-SYSTEM                       WINDOWS
WS-HEADING                      WS-DOLLAR
WS-HEADING                      WS-EURO
WS-HEADING                      WS-POUND
ACS Cobol Xref v2.03.18          Dictionary File for PY900    24/03/2026  18:58:24:64                                  Page  173
Symbols of Module: PY900 (PY900)
--------------------------------
Functions                       Defn     Locations
-------------------------------+---------------------------------------------------------------

CURRENT-DATE                      3063I
TEST-DATE-YYYYMMDD                5044I
UPPER-CASE                        3158I    3617                                                                               x1
ACS Cobol Xref v2.03.18          Dictionary File for PY900    24/03/2026  18:58:24:64                                  Page  174
Symbols of Module: PY900 (PY900)
--------------------------------
Called Procedures               Type   Locations
-------------------------------+--------------------------------------------------------

ACAS000                         USER     5291   5663                                                                          x2
ACAS004                         USER     5672                                                                                 x1
ACAS005                         USER     5682                                                                                 x1
ACAS006                         USER     5692                                                                                 x1
ACAS007                         USER     5702                                                                                 x1
ACAS008                         USER     5303   5712                                                                          x2
ACAS010                         USER     5722                                                                                 x1
ACAS011                         USER     5731                                                                                 x1
ACAS012                         USER     5741                                                                                 x1
ACAS013                         USER     5751                                                                                 x1
ACAS014                         USER     5762                                                                                 x1
ACAS015                         USER     5773                                                                                 x1
ACAS016                         USER     5783                                                                                 x1
ACAS017                         USER     5793                                                                                 x1
ACAS019                         USER     5803                                                                                 x1
ACAS022                         USER     5813                                                                                 x1
ACAS023                         USER     5823                                                                                 x1
ACAS026                         USER     5833                                                                                 x1
ACAS029                         USER     5843                                                                                 x1
ACAS030                         USER     5853                                                                                 x1
ACAS032                         USER     5863                                                                                 x1
ACASIRSUB1                      USER     5314                                                                                 x1
ACASIRSUB3                      USER     5326                                                                                 x1
ACASIRSUB4                      USER     5338                                                                                 x1
ACASIRSUB5                      USER     5350                                                                                 x1
ACCEPT_NUMERIC                  USER     3378   3384   3390   3396   3402   3431   3448   3510   3520   3534   3548   4126
                                         4154   4168   4179   4274   4280   4286   4291   4296   4301   4306   4311           x23
CBL_DELETE_FILE                 SYSTEM   4633   4861                                                                          x2
MAPS04                          USER     5235                                                                                 x1
SCR_DUMP                        USER     4628   4856                                                                          x2
SCR_RESTORE                     USER     4631   4859                                                                          x2
ACS Cobol Xref v2.03.18          Dictionary File for PY900    24/03/2026  18:58:24:64                                  Page  175
Symbols of Module: PY900 (PY900)
--------------------------------
Procedure                       Defn     Locations
-------------------------------+---------------------------------------------------------------

AA000-MAIN                        3058S
AA010-PARAM-MENU-1                3151P    3291   3453   3580   3582                                                          x4
AA011-RETRY-1                     3176P    3265   3270   3276   3286                                                          x4
AA012-RETRY-2                     3293P
AA014-RETRY-3                     3455P    3575                                                                               x1
AA020-PARAM-MENU-2                3606P    4006   4075   4218   4220                                                          x4
AA020-PARAM-MENU-2-STARTER        3584P    3161                                                                               x1
AA022-RETRY-1                     3638P    4004                                                                               x1
AA024-RETRY-2                     4010P    4059                                                                               x1
AA026-RETRY-3                     4079P    4199                                                                               x1
AA100-BAD-DATA-DISPLAY            4222P    3196   3243   3252   3264   3269   3275   3410   3422   3438   3473   3487   3497
                                           3565                                                                               x13
AA110-EVAL-DED-WRITE              4226P    3626   5021                                                                        x2
AA115-EVAL-DED-READ               4234P    3603                                                                               x1
AA120-EVAL-DED-REWRITE            4242P    3994   4067   4210                                                                 x3
AA125-TEST-PR1-STATUS             4250P    3167   3170   3290   3452   3579   4441                                            x6
AA130-ACT-FILE-ERROR              4260P    4538   4555   4572   4589   4667   4767   4784   4801   4818   4895                x10
AA160-AN-ACT-1                    4271P    3660   3693   3725   3757   3796   3835   3874   3918   3958                       x9
AA170-AN-PERCENT-1                4277P    3776   3815   3854   3893   3901   3937   3977   3985                              x8
AA180-AN-LIMIT-1                  4283P    3779   3818   3857   3896   3940   3980   3988                                     x7
AA190-AN-LIMIT-1                  4289P    4020                                                                               x1
AA200-AN-LIMIT-1                  4294P    4031                                                                               x1
AA210-AN-PERCENT-1                4299P    4035                                                                               x1
AA220-AN-LIMIT-1                  4304P    4039                                                                               x1
AA230-AN-PERCENT-1                4309P    4043                                                                               x1
AB000-EXIT                        4330P
AB000-PY-PARAM-SET-UP             4318S    3123                                                                               x1
AB010-EXIT                        4453P
AB010-PY-PARAM-PROC               4332S    4327                                                                               x1
AB020-EXIT                        4492P    4481                                                                               x1
AB020-PY-NOMINAL-ACCOUNTS         4455S    4328                                                                               x1
AB030-CONTINUED                   4602P    4542   4559   4576   4593                                                          x4
AB030-EXIT                        4676P    4512   4741                                                                        x2
AB030-GET-NOMINAL                 4614P
AB030-USING-IRS                   4494S    4469                                                                               x1
AB035-EXIT                        4685P
AB035-FIND-IRS-NOMINAL-ACCT       4678S    4530   4547   4564   4581   4646                                                   x5
AB040-EXIT                        4721P    4697                                                                               x1
AB040-SHOW-ACCTS                  4687S    4630   4858                                                                        x2
AB050-CONTINUED                   4831P    4771   4788   4805   4822                                                          x4
AB050-EXIT                        4904P
AB050-GET-NOMINAL                 4842P
AB050-USING-GL                    4723S    4473                                                                               x1
AB060-EXIT                        4914P
AB060-FIND-GL-NOMINAL-ACCT        4906S    4759   4776   4793   4810   4874                                                   x5
AB070-EXIT                        5029P
AB070-PY-DED-SETUP                4916S    3595                                                                               x1
ACAS000-CHECK-4-ERRORS            5586P    5362   5367                                                                        x2
ACAS000-CLOSE                     5370P    5589                                                                               x1
ACAS000-OPEN                      5358P
ACS Cobol Xref v2.03.18          Dictionary File for PY900    24/03/2026  18:58:24:64                                  Page  176
Symbols of Module: PY900 (PY900)
--------------------------------
Procedure                       Defn     Locations
-------------------------------+---------------------------------------------------------------

ACAS000-OPEN-INPUT                5364P
ACAS000-READ-INDEXED              5380P
ACAS000-READ-NEXT                 5375P
ACAS000-REWRITE                   5390P
ACAS000-WRITE                     5385P
ACAS008-CHECK-4-ERRORS            5593P    5400   5406   5412                                                                 x3
ACAS008-CLOSE                     5414P    5596                                                                               x1
ACAS008-OPEN                      5396P
ACAS008-OPEN-INPUT                5402P
ACAS008-OPEN-OUTPUT               5408P
ACAS008-READ-NEXT                 5419P
ACAS008-REWRITE                   5429P
ACAS008-WRITE                     5424P
ACASIRSUB1-CLOSE                  5453P    4490   4510   4674   5603                                                          x4
ACASIRSUB1-DELETE                 5478P
ACASIRSUB1-OPEN                   5435P    4486                                                                               x1
ACASIRSUB1-OPEN-INPUT             5441P    4501                                                                               x1
ACASIRSUB1-OPEN-OUTPUT            5447P
ACASIRSUB1-READ-INDEXED           5463P    4488   4683                                                                        x2
ACASIRSUB1-READ-NEXT              5458P
ACASIRSUB1-REWRITE                5483P
ACASIRSUB1-START                  5468P
ACASIRSUB1-WRITE                  5473P
ACASIRSUB3-CLOSE                  5501P    5610                                                                               x1
ACASIRSUB3-OPEN                   5489P
ACASIRSUB3-OPEN-INPUT             5495P
ACASIRSUB3-READ-NEXT              5506P
ACASIRSUB3-REWRITE                5516P
ACASIRSUB3-WRITE                  5511P
ACASIRSUB4-CLOSE                  5532P
ACASIRSUB4-OPEN                   5522P
ACASIRSUB4-OPEN-INPUT             5527P
ACASIRSUB4-READ-NEXT              5537P
ACASIRSUB4-REWRITE                5547P
ACASIRSUB4-WRITE                  5542P
ACASIRSUB5-CLOSE                  5565P    5617                                                                               x1
ACASIRSUB5-OPEN                   5553P
ACASIRSUB5-OPEN-INPUT             5559P
ACASIRSUB5-READ-NEXT              5570P
ACASIRSUB5-REWRITE                5580P
ACASIRSUB5-WRITE                  5575P
AN-TEST-STATUS                    5243P    3380                                                                               x1
ANALYSIS-CLOSE                    6527P
ANALYSIS-DELETE                   6532P
ANALYSIS-OPEN                     6512P
ANALYSIS-OPEN-INPUT               6517P
ANALYSIS-OPEN-OUTPUT              6522P
ANALYSIS-READ-INDEXED             6548P
ANALYSIS-READ-NEXT                6543P
ANALYSIS-REWRITE                  6559P
ACS Cobol Xref v2.03.18          Dictionary File for PY900    24/03/2026  18:58:24:64                                  Page  177
Symbols of Module: PY900 (PY900)
--------------------------------
Procedure                       Defn     Locations
-------------------------------+---------------------------------------------------------------

ANALYSIS-START                    6538P
ANALYSIS-WRITE                    6554P
DATE-UK                           5214P
DATE-USA                          5216P
DELFOLIO-CLOSE                    6829P
DELFOLIO-DELETE                   6834P
DELFOLIO-DELETE-ALL               6840P
DELFOLIO-OPEN                     6814P
DELFOLIO-OPEN-INPUT               6819P
DELFOLIO-OPEN-OUTPUT              6824P
DELFOLIO-READ-INDEXED             6856P
DELFOLIO-READ-NEXT                6851P
DELFOLIO-REWRITE                  6867P
DELFOLIO-START                    6846P
DELFOLIO-WRITE                    6862P
DELINVNOS-CLOSE                   6646P
DELINVNOS-DELETE                  6651P
DELINVNOS-DELETE-ALL              6657P
DELINVNOS-OPEN                    6631P
DELINVNOS-OPEN-INPUT              6636P
DELINVNOS-OPEN-OUTPUT             6641P
DELINVNOS-READ-INDEXED            6673P
DELINVNOS-READ-NEXT               6668P
DELINVNOS-REWRITE                 6684P
DELINVNOS-START                   6663P
DELINVNOS-WRITE                   6679P
DELIVERY-CLOSE                    6467P
DELIVERY-DELETE                   6472P
DELIVERY-DELETE-ALL               6478P
DELIVERY-OPEN                     6452P
DELIVERY-OPEN-INPUT               6457P
DELIVERY-OPEN-OUTPUT              6462P
DELIVERY-READ-INDEXED             6494P
DELIVERY-READ-NEXT                6489P
DELIVERY-REWRITE                  6505P
DELIVERY-START                    6484P
DELIVERY-WRITE                    6500P
GL-BATCH-CLOSE                    6120P
GL-BATCH-DELETE                   6125P
GL-BATCH-DELETE-ALL               6131P
GL-BATCH-OPEN                     6100P
GL-BATCH-OPEN-EXTEND              6115P
GL-BATCH-OPEN-INPUT               6105P
GL-BATCH-OPEN-OUTPUT              6110P
GL-BATCH-READ-INDEXED             6146P
GL-BATCH-READ-NEXT                6141P
GL-BATCH-REWRITE                  6156P
GL-BATCH-START                    6137P
GL-BATCH-WRITE                    6151P
GL-NOMINAL-CLOSE                  6000P    4739   4902                                                                        x2
ACS Cobol Xref v2.03.18          Dictionary File for PY900    24/03/2026  18:58:24:64                                  Page  178
Symbols of Module: PY900 (PY900)
--------------------------------
Procedure                       Defn     Locations
-------------------------------+---------------------------------------------------------------

GL-NOMINAL-DELETE                 6005P
GL-NOMINAL-OPEN                   5980P
GL-NOMINAL-OPEN-EXTEND            5995P
GL-NOMINAL-OPEN-INPUT             5985P    4730                                                                               x1
GL-NOMINAL-OPEN-OUTPUT            5990P
GL-NOMINAL-READ-INDEXED           6020P    4912                                                                               x1
GL-NOMINAL-READ-NEXT              6015P
GL-NOMINAL-REWRITE                6030P
GL-NOMINAL-START                  6011P
GL-NOMINAL-WRITE                  6025P
GL-POSTING-CLOSE                  6057P
GL-POSTING-DELETE                 6062P
GL-POSTING-DELETE-ALL             6068P
GL-POSTING-OPEN                   6037P
GL-POSTING-OPEN-EXTEND            6052P
GL-POSTING-OPEN-INPUT             6042P
GL-POSTING-OPEN-OUTPUT            6047P
GL-POSTING-READ-INDEXED           6083P
GL-POSTING-READ-NEXT              6078P
GL-POSTING-REWRITE                6093P
GL-POSTING-START                  6074P
GL-POSTING-WRITE                  6088P
INVOICE-CLOSE                     6581P
INVOICE-DELETE                    6586P
INVOICE-DELETE-ALL                6592P
INVOICE-OPEN                      6566P
INVOICE-OPEN-INPUT                6571P
INVOICE-OPEN-OUTPUT               6576P
INVOICE-READ-INDEXED              6613P
INVOICE-READ-NEXT                 6603P
INVOICE-READ-NEXT-HEADER          6608P
INVOICE-REWRITE                   6624P
INVOICE-START                     6598P
INVOICE-WRITE                     6619P
IRSUB1-CHECK-4-ERRORS             5600P    5439   5445   5451                                                                 x3
IRSUB3-CHECK-4-ERRORS             5607P    5493   5499                                                                        x2
IRSUB5-CHECK-4-ERRORS             5614P    5557   5563                                                                        x2
MAPS04-EXIT                       5237P
MENU-EX                           4314P
OPEN-ERROR-CONTINUED              5621P    5590   5597   5604   5611   5618                                                   x5
OTM3-CLOSE                        6706P
OTM3-DELETE                       6711P
OTM3-OPEN                         6691P
OTM3-OPEN-INPUT                   6696P
OTM3-OPEN-OUTPUT                  6701P
OTM3-READ-INDEXED                 6727P
OTM3-READ-NEXT                    6722P
OTM3-READ-NEXT-SORTED-BY-BATCH    6733P
OTM3-READ-NEXT-SORTED-BY-CUST     6738P
OTM3-REWRITE                      6748P
ACS Cobol Xref v2.03.18          Dictionary File for PY900    24/03/2026  18:58:24:64                                  Page  179
Symbols of Module: PY900 (PY900)
--------------------------------
Procedure                       Defn     Locations
-------------------------------+---------------------------------------------------------------

OTM3-START                        6717P
OTM3-WRITE                        6743P
OTM5-CLOSE                        6954P
OTM5-DELETE                       6959P
OTM5-OPEN                         6939P
OTM5-OPEN-INPUT                   6944P
OTM5-OPEN-OUTPUT                  6949P
OTM5-READ-INDEXED                 6975P
OTM5-READ-NEXT                    6970P
OTM5-READ-NEXT-SORTED-BY-BATCH    6981P
OTM5-READ-NEXT-SORTED-BY-CUST     6986P
OTM5-REWRITE                      6996P
OTM5-START                        6965P
OTM5-WRITE                        6991P
PAYMENTS-CLOSE                    7084P
PAYMENTS-DELETE                   7089P
PAYMENTS-DELETE-ALL               7095P
PAYMENTS-OPEN                     7069P
PAYMENTS-OPEN-INPUT               7074P
PAYMENTS-OPEN-OUTPUT              7079P
PAYMENTS-READ-INDEXED             7111P
PAYMENTS-READ-NEXT                7106P
PAYMENTS-REWRITE                  7122P
PAYMENTS-START                    7101P
PAYMENTS-WRITE                    7117P
PINVOICE-CLOSE                    6889P
PINVOICE-DELETE                   6894P
PINVOICE-DELETE-ALL               6900P
PINVOICE-OPEN                     6874P
PINVOICE-OPEN-INPUT               6879P
PINVOICE-OPEN-OUTPUT              6884P
PINVOICE-READ-INDEXED             6921P
PINVOICE-READ-NEXT                6911P
PINVOICE-READ-NEXT-HEADER         6916P
PINVOICE-REWRITE                  6932P
PINVOICE-START                    6906P
PINVOICE-WRITE                    6927P
PLAUTOGEN-CLOSE                   7019P
PLAUTOGEN-DELETE                  7024P
PLAUTOGEN-DELETE-ALL              7030P
PLAUTOGEN-OPEN                    7004P
PLAUTOGEN-OPEN-INPUT              7009P
PLAUTOGEN-OPEN-OUTPUT             7014P
PLAUTOGEN-READ-INDEXED            7051P
PLAUTOGEN-READ-NEXT               7041P
PLAUTOGEN-READ-NEXT-HEADER        7046P
PLAUTOGEN-REWRITE                 7062P
PLAUTOGEN-START                   7036P
PLAUTOGEN-WRITE                   7057P
PURCH-CLOSE                       6770P
ACS Cobol Xref v2.03.18          Dictionary File for PY900    24/03/2026  18:58:24:64                                  Page  180
Symbols of Module: PY900 (PY900)
--------------------------------
Procedure                       Defn     Locations
-------------------------------+---------------------------------------------------------------

PURCH-DELETE                      6775P
PURCH-OPEN                        6755P
PURCH-OPEN-INPUT                  6760P
PURCH-OPEN-OUTPUT                 6765P
PURCH-READ-INDEXED                6796P
PURCH-READ-NEXT                   6786P
PURCH-READ-NEXT-SORTED-BYNAME     6791P
PURCH-REWRITE                     6807P
PURCH-START                       6781P
PURCH-WRITE                       6802P
SALES-CLOSE                       6350P
SALES-DELETE                      6355P
SALES-OPEN                        6335P
SALES-OPEN-INPUT                  6340P
SALES-OPEN-OUTPUT                 6345P
SALES-READ-INDEXED                6375P
SALES-READ-NEXT                   6365P
SALES-READ-NEXT-SORTED-BY-NAME    6370P
SALES-REWRITE                     6385P
SALES-START                       6361P
SALES-WRITE                       6380P
SLAUTOGEN-CLOSE                   5930P
SLAUTOGEN-DELETE                  5935P
SLAUTOGEN-DELETE-ALL              5941P
SLAUTOGEN-OPEN                    5915P
SLAUTOGEN-OPEN-INPUT              5920P
SLAUTOGEN-OPEN-OUTPUT             5925P
SLAUTOGEN-READ-INDEXED            5962P
SLAUTOGEN-READ-NEXT               5952P
SLAUTOGEN-READ-NEXT-HEADER        5957P
SLAUTOGEN-REWRITE                 5973P
SLAUTOGEN-START                   5947P
SLAUTOGEN-WRITE                   5968P
SPL-POSTING-CLOSE                 6183P
SPL-POSTING-DELETE                6188P
SPL-POSTING-DELETE-ALL            6194P
SPL-POSTING-OPEN                  6163P
SPL-POSTING-OPEN-EXTEND           6178P
SPL-POSTING-OPEN-INPUT            6168P
SPL-POSTING-OPEN-OUTPUT           6173P
SPL-POSTING-READ-INDEXED          6209P
SPL-POSTING-READ-NEXT             6204P
SPL-POSTING-REWRITE               6219P
SPL-POSTING-START                 6200P
SPL-POSTING-WRITE                 6214P
STOCK-AUDIT-CLOSE                 6246P
STOCK-AUDIT-DELETE                6251P
STOCK-AUDIT-OPEN                  6226P
STOCK-AUDIT-OPEN-EXTEND           6241P
STOCK-AUDIT-OPEN-INPUT            6231P
ACS Cobol Xref v2.03.18          Dictionary File for PY900    24/03/2026  18:58:24:64                                  Page  181
Symbols of Module: PY900 (PY900)
--------------------------------
Procedure                       Defn     Locations
-------------------------------+---------------------------------------------------------------

STOCK-AUDIT-OPEN-OUTPUT           6236P
STOCK-AUDIT-READ-INDEXED          6266P
STOCK-AUDIT-READ-NEXT             6261P
STOCK-AUDIT-REWRITE               6276P
STOCK-AUDIT-START                 6257P
STOCK-AUDIT-WRITE                 6271P
STOCK-CLOSE                       6298P
STOCK-DELETE                      6303P
STOCK-OPEN                        6283P
STOCK-OPEN-INPUT                  6288P
STOCK-OPEN-OUTPUT                 6293P
STOCK-READ-INDEXED                6318P
STOCK-READ-NEXT                   6313P
STOCK-REWRITE                     6328P
STOCK-START                       6309P
STOCK-WRITE                       6323P
SYSTEM-CLOSE                      5892P
SYSTEM-OPEN                       5871P
SYSTEM-OPEN-INPUT                 5878P
SYSTEM-OPEN-OUTPUT                5885P
SYSTEM-READ-INDEXED               5898P
SYSTEM-REWRITE                    5908P
SYSTEM-WRITE                      5903P
VALUE-CLOSE                       6407P
VALUE-DELETE                      6412P
VALUE-DELETE-ALL                  6418P
VALUE-OPEN                        6392P
VALUE-OPEN-INPUT                  6397P
VALUE-OPEN-OUTPUT                 6402P
VALUE-READ-INDEXED                6434P
VALUE-READ-NEXT                   6429P
VALUE-REWRITE                     6445P
VALUE-START                       6424P
VALUE-WRITE                       6440P
WS-                               5125P
ZZ010-EXIT                        5046P
ZZ010-TEST-YMD                    5032S    3282   3311   3328   3345   3362                                                   x5
ZZ040-EVALUATE-MESSAGE            5060S    3134   4227   4235   4243   4252   4265   4506   4735                              x8
ZZ050-VALIDATE-DATE               5132S
ZZ070-CONVERT-DATE                5202S
ZZ070-EXIT                        5229P    5215   5220                                                                        x2
ZZ080-ACAS-PROCESSES              5642S
ZZ080-EXIT                        7127P
ZZ100-ACAS-IRS-CALLS              5268S
ZZ100-EXIT                        5632P                                                                                       x0
ACS Cobol Xref v2.03.18          Dictionary File for PY900    24/03/2026  18:58:24:64                                  Page  182
Symbols of Module: PY900 (PY900)
--------------------------------
Unreferenced Working Storage Symbols

AGE-TO-PAY                        2179K
AN-BG                             1775W
AN-BG-IS-BLUE                     1777W
AN-BG-IS-CYAN                     1779W
AN-BG-IS-GREEN                    1778W
AN-BG-IS-MAGENTA                  1781W
AN-BG-IS-RED                      1780W
AN-BG-IS-WHITE                    1783W
AN-BG-IS-YELLOW                   1782W
AN-ERROR-E-COL-OUT-OF-SCREEN      1853W
AN-ERROR-NOT-EXTENDED-DISPLAY     1850W
AN-ERROR-OK                       1849W
AN-ERROR-S-COL-OUT-OF-SCREEN      1852W
AN-ERROR-S-ROW-OUT-OF-SCREEN      1851W
AN-FG                             1766W
AN-FG-IS-BLACK                    1767W
AN-FG-IS-BLUE                     1768W
AN-FG-IS-CYAN                     1770W
AN-FG-IS-MAGENTA                  1772W
AN-FG-IS-RED                      1771W
AN-FG-IS-WHITE                    1774W
AN-FG-IS-YELLOW                   1773W
AN-FG2                            1784W
AN-FG2-IS-BLACK                   1785W
AN-FG2-IS-BLUE                    1786W
AN-FG2-IS-GREEN                   1787W
AN-FG2-IS-MAGENTA                 1790W
AN-FG2-IS-RED                     1789W
AN-FG2-IS-WHITE                   1792W
AN-FG2-IS-YELLOW                  1791W
AN-MODE                           1763W
AN-RETURN-CODE-VIA-BACK-TAB       1846W
AN-RETURN-CODE-VIA-ENTER          1794W
AN-RETURN-CODE-VIA-ESCAPE         1847W
AN-RETURN-CODE-VIA-PFKEY-01       1795W
AN-RETURN-CODE-VIA-PFKEY-02       1796W
AN-RETURN-CODE-VIA-PFKEY-03       1797W
AN-RETURN-CODE-VIA-PFKEY-04       1798W
AN-RETURN-CODE-VIA-PFKEY-05       1799W
AN-RETURN-CODE-VIA-PFKEY-06       1800W
AN-RETURN-CODE-VIA-PFKEY-07       1801W
AN-RETURN-CODE-VIA-PFKEY-08       1802W
AN-RETURN-CODE-VIA-PFKEY-09       1803W
AN-RETURN-CODE-VIA-PFKEY-10       1804W
AN-RETURN-CODE-VIA-PFKEY-11       1805W
AN-RETURN-CODE-VIA-PFKEY-12       1806W
AN-RETURN-CODE-VIA-PFKEY-13       1807W
AN-RETURN-CODE-VIA-PFKEY-14       1808W
AN-RETURN-CODE-VIA-PFKEY-15       1809W
AN-RETURN-CODE-VIA-PFKEY-16       1810W
AN-RETURN-CODE-VIA-PFKEY-17       1811W
ACS Cobol Xref v2.03.18          Dictionary File for PY900    24/03/2026  18:58:24:64                                  Page  183
Symbols of Module: PY900 (PY900)
--------------------------------
Unreferenced Working Storage Symbols

AN-RETURN-CODE-VIA-PFKEY-18       1812W
AN-RETURN-CODE-VIA-PFKEY-19       1813W
AN-RETURN-CODE-VIA-PFKEY-20       1814W
AN-RETURN-CODE-VIA-PFKEY-21       1815W
AN-RETURN-CODE-VIA-PFKEY-22       1816W
AN-RETURN-CODE-VIA-PFKEY-23       1817W
AN-RETURN-CODE-VIA-PFKEY-24       1818W
AN-RETURN-CODE-VIA-PFKEY-25       1819W
AN-RETURN-CODE-VIA-PFKEY-26       1820W
AN-RETURN-CODE-VIA-PFKEY-27       1821W
AN-RETURN-CODE-VIA-PFKEY-28       1822W
AN-RETURN-CODE-VIA-PFKEY-29       1823W
AN-RETURN-CODE-VIA-PFKEY-30       1824W
AN-RETURN-CODE-VIA-PFKEY-31       1825W
AN-RETURN-CODE-VIA-PFKEY-32       1826W
AN-RETURN-CODE-VIA-PFKEY-33       1827W
AN-RETURN-CODE-VIA-PFKEY-34       1828W
AN-RETURN-CODE-VIA-PFKEY-35       1829W
AN-RETURN-CODE-VIA-PFKEY-36       1830W
AN-RETURN-CODE-VIA-PFKEY-37       1831W
AN-RETURN-CODE-VIA-PFKEY-38       1832W
AN-RETURN-CODE-VIA-PFKEY-39       1833W
AN-RETURN-CODE-VIA-PFKEY-40       1834W
AN-RETURN-CODE-VIA-PFKEY-41       1835W
AN-RETURN-CODE-VIA-PFKEY-42       1836W
AN-RETURN-CODE-VIA-PFKEY-43       1837W
AN-RETURN-CODE-VIA-PFKEY-44       1838W
AN-RETURN-CODE-VIA-PFKEY-45       1839W
AN-RETURN-CODE-VIA-PFKEY-46       1840W
AN-RETURN-CODE-VIA-PFKEY-47       1841W
AN-RETURN-CODE-VIA-PFKEY-48       1842W
AN-RETURN-CODE-VIA-PG-DOWN        1844W
AN-RETURN-CODE-VIA-PG-UP          1843W
AN-RETURN-CODE-VIA-TAB            1845W
ARCH                              2144K
ARCHIVING                         2145K
AUTO-VAT                          2154K
B-L                               2070K
BATCH-ID                          2155K
BL-END-CYCLE-DATE                 2177K
BL-NEXT-BATCH                     2178K
BL-PAY-AC                         2174K
BL-PURCH-AC                       2176K
BRANCHES                          2133K
CHARGE                            2220K
CHK-AMT                            895F
CHK-CHECK-NO                       894F
CHK-HDR-APPLY-NO                   900F
CHK-HDR-CHECKS-PRINTED             905F
CHK-HDR-FAST-FROM-DATE             902F
CHK-HDR-INTERVAL                   899F
ACS Cobol Xref v2.03.18          Dictionary File for PY900    24/03/2026  18:58:24:64                                  Page  184
Symbols of Module: PY900 (PY900)
--------------------------------
Unreferenced Working Storage Symbols

CHK-HDR-NO                         898F
CHK-HDR-REGISTER-PRINTED           904F
CHK-HDR-SLOW-FROM-DATE             901F
CHK-HDR-TO-DATE                    903F
CLIENT                            2289K
COB-ALLOW-ALL-SCREEN-ACTIONS      1602W
COB-ALLOW-LEFT-DOUBLE             1594W
COB-ALLOW-LEFT-DOWN               1592W
COB-ALLOW-LEFT-UP                 1593W
COB-ALLOW-MIDDLE-DOUBLE           1597W
COB-ALLOW-MIDDLE-DOWN             1595W
COB-ALLOW-MIDDLE-UP               1596W
COB-ALLOW-MOUSE-MOVE              1601W
COB-ALLOW-RIGHT-DOUBLE            1600W
COB-ALLOW-RIGHT-DOWN              1598W
COB-ALLOW-RIGHT-UP                1599W
COB-AUTO-MOUSE-HANDLING           1591W
COB-COLOR-BLUE                    1582W
COB-COLOR-CYAN                    1584W
COB-COLOR-MAGENTA                 1586W
COB-COLOR-WHITE                   1588W
COB-COLOR-YELLOW                  1587W
COB-SCR-ALT-LEFT-DBL-CLICK        1725W
COB-SCR-ALT-LEFT-PRESSED          1723W
COB-SCR-ALT-LEFT-RELEASED         1724W
COB-SCR-ALT-MID-DBL-CLICK         1728W
COB-SCR-ALT-MID-PRESSED           1726W
COB-SCR-ALT-MID-RELEASED          1727W
COB-SCR-ALT-MOVE                  1722W
COB-SCR-ALT-RIGHT-DBL-CLICK       1731W
COB-SCR-ALT-RIGHT-PRESSED         1729W
COB-SCR-ALT-RIGHT-RELEASED        1730W
COB-SCR-ALT-WHEEL-DOWN            1745W
COB-SCR-ALT-WHEEL-UP              1744W
COB-SCR-BACK-TAB                  1681W
COB-SCR-BACKSPACE                 1688W
COB-SCR-CTRL-LEFT-DBL-CLICK       1715W
COB-SCR-CTRL-LEFT-PRESSED         1713W
COB-SCR-CTRL-LEFT-RELEASED        1714W
COB-SCR-CTRL-MID-DBL-CLICK        1718W
COB-SCR-CTRL-MID-PRESSED          1716W
COB-SCR-CTRL-MID-RELEASED         1717W
COB-SCR-CTRL-MOVE                 1712W
COB-SCR-CTRL-RIGHT-DBL-CLICK      1721W
COB-SCR-CTRL-RIGHT-PRESSED        1719W
COB-SCR-CTRL-RIGHT-RELEASED       1720W
COB-SCR-CTRL-WHEEL-DOWN           1741W
COB-SCR-CTRL-WHEEL-UP             1740W
COB-SCR-DELETE                    1687W
COB-SCR-F10                       1618W
COB-SCR-F11                       1619W
ACS Cobol Xref v2.03.18          Dictionary File for PY900    24/03/2026  18:58:24:64                                  Page  185
Symbols of Module: PY900 (PY900)
--------------------------------
Unreferenced Working Storage Symbols

COB-SCR-F12                       1620W
COB-SCR-F13                       1621W
COB-SCR-F14                       1622W
COB-SCR-F15                       1623W
COB-SCR-F16                       1624W
COB-SCR-F17                       1625W
COB-SCR-F18                       1626W
COB-SCR-F19                       1627W
COB-SCR-F2                        1610W
COB-SCR-F20                       1628W
COB-SCR-F21                       1629W
COB-SCR-F22                       1630W
COB-SCR-F23                       1631W
COB-SCR-F24                       1632W
COB-SCR-F25                       1633W
COB-SCR-F26                       1634W
COB-SCR-F27                       1635W
COB-SCR-F28                       1636W
COB-SCR-F29                       1637W
COB-SCR-F3                        1611W
COB-SCR-F30                       1638W
COB-SCR-F31                       1639W
COB-SCR-F32                       1640W
COB-SCR-F33                       1641W
COB-SCR-F34                       1642W
COB-SCR-F35                       1643W
COB-SCR-F36                       1644W
COB-SCR-F37                       1645W
COB-SCR-F38                       1646W
COB-SCR-F39                       1647W
COB-SCR-F4                        1612W
COB-SCR-F40                       1648W
COB-SCR-F41                       1649W
COB-SCR-F42                       1650W
COB-SCR-F43                       1651W
COB-SCR-F44                       1652W
COB-SCR-F45                       1653W
COB-SCR-F46                       1654W
COB-SCR-F47                       1655W
COB-SCR-F48                       1656W
COB-SCR-F49                       1657W
COB-SCR-F5                        1613W
COB-SCR-F50                       1658W
COB-SCR-F51                       1659W
COB-SCR-F52                       1660W
COB-SCR-F53                       1661W
COB-SCR-F54                       1662W
COB-SCR-F55                       1663W
COB-SCR-F56                       1664W
COB-SCR-F57                       1665W
COB-SCR-F58                       1666W
ACS Cobol Xref v2.03.18          Dictionary File for PY900    24/03/2026  18:58:24:64                                  Page  186
Symbols of Module: PY900 (PY900)
--------------------------------
Unreferenced Working Storage Symbols

COB-SCR-F59                       1667W
COB-SCR-F6                        1614W
COB-SCR-F60                       1668W
COB-SCR-F61                       1669W
COB-SCR-F62                       1670W
COB-SCR-F63                       1671W
COB-SCR-F64                       1672W
COB-SCR-F7                        1615W
COB-SCR-F8                        1616W
COB-SCR-F9                        1617W
COB-SCR-FATAL                     1752W
COB-SCR-INSERT                    1686W
COB-SCR-KEY-DOWN                  1677W
COB-SCR-KEY-END                   1690W
COB-SCR-KEY-HOME                  1689W
COB-SCR-KEY-LEFT                  1682W
COB-SCR-KEY-RIGHT                 1683W
COB-SCR-KEY-UP                    1676W
COB-SCR-LEFT-DBL-CLICK            1695W
COB-SCR-LEFT-PRESSED              1693W
COB-SCR-LEFT-RELEASED             1694W
COB-SCR-MAX-FIELD                 1753W
COB-SCR-MID-DBL-CLICK             1698W
COB-SCR-MID-PRESSED               1696W
COB-SCR-MID-RELEASED              1697W
COB-SCR-MOUSE-MOVE                1692W
COB-SCR-NO-FIELD                  1749W
COB-SCR-OK                        1606W
COB-SCR-PAGE-DOWN                 1675W
COB-SCR-PAGE-UP                   1674W
COB-SCR-PRINT                     1679W
COB-SCR-RIGHT-DBL-CLICK           1701W
COB-SCR-RIGHT-PRESSED             1699W
COB-SCR-RIGHT-RELEASED            1700W
COB-SCR-SHIFT-LEFT-DBL-CLICK      1705W
COB-SCR-SHIFT-LEFT-PRESSED        1703W
COB-SCR-SHIFT-LEFT-RELEASED       1704W
COB-SCR-SHIFT-MID-DBL-CLICK       1708W
COB-SCR-SHIFT-MID-PRESSED         1706W
COB-SCR-SHIFT-MID-RELEASED        1707W
COB-SCR-SHIFT-MOVE                1702W
COB-SCR-SHIFT-RIGHT-DBL-CLICK     1711W
COB-SCR-SHIFT-RIGHT-PRESSED       1709W
COB-SCR-SHIFT-RIGHT-RELEASED      1710W
COB-SCR-SHIFT-WHEEL-DOWN          1737W
COB-SCR-SHIFT-WHEEL-UP            1736W
COB-SCR-TAB                       1680W
COB-SCR-TIME-OUT                  1750W
COB-SCR-WHEEL-DOWN                1733W
COB-SCR-WHEEL-UP                  1732W
COH-ALL-Q-TAX                     1001F
ACS Cobol Xref v2.03.18          Dictionary File for PY900    24/03/2026  18:58:24:64                                  Page  187
Symbols of Module: PY900 (PY900)
--------------------------------
Unreferenced Working Storage Symbols

COH-ALL-Q-TAXES                   1000F
COH-DATE                           994F
COH-INTERVAL                       937F
COH-LAST-APPLY-NO                  941F
COH-Q-CO-FUTA-LIAB                 999F
COH-Q-FICA-TAX                     998F
COH-Q-TAX                          997F
COH-QTD-CO-FICA-LIAB               956F
COH-QTD-CO-FUTA-LIAB               955F
COH-QTD-CO-SUI-LIAB                957F
COH-QTD-COMP-TIME-EARNED           962F
COH-QTD-COMP-TIME-TAKEN            963F
COH-QTD-EIC-CREDIT                 949F
COH-QTD-EMP                        959F
COH-QTD-FICA-LIAB                  953F
COH-QTD-FICA-TAXABLE               946F
COH-QTD-FWT-LIAB                   950F
COH-QTD-INCOME-TAXABLE             943F
COH-QTD-LWT-LIAB                   952F
COH-QTD-NET                        948F
COH-QTD-OTHER-DED                  960F
COH-QTD-OTHER-NONTAXABLE           945F
COH-QTD-OTHER-TAXABLE              944F
COH-QTD-SDI-LIAB                   954F
COH-QTD-SL-EARNED                  966F
COH-QTD-SL-TAKEN                   967F
COH-QTD-SWT-LIAB                   951F
COH-QTD-SYS                        958F
COH-QTD-TIPS                       947F
COH-QTD-UNITS                      961F
COH-QTD-VAC-EARNED                 964F
COH-QTD-VAC-TAKEN                  965F
COH-STARTING-UP                    938F
COH-TAX                            995F
COH-YTD-CO-FICA-LIAB               982F
COH-YTD-CO-FUTA-LIAB               981F
COH-YTD-CO-SUI-LIAB                983F
COH-YTD-COMP-TIME-EARNED           988F
COH-YTD-COMP-TIME-TAKEN            989F
COH-YTD-EIC-CREDIT                 975F
COH-YTD-EMP                        985F
COH-YTD-FICA-LIAB                  979F
COH-YTD-FICA-TAXABLE               972F
COH-YTD-FWT-LIAB                   976F
COH-YTD-INCOME-TAXABLE             969F
COH-YTD-LWT-LIAB                   978F
COH-YTD-NET                        974F
COH-YTD-OTHER-DED                  986F
COH-YTD-OTHER-NONTAXABLE           971F
COH-YTD-OTHER-TAXABLE              970F
COH-YTD-SDI-LIAB                   980F
ACS Cobol Xref v2.03.18          Dictionary File for PY900    24/03/2026  18:58:24:64                                  Page  188
Symbols of Module: PY900 (PY900)
--------------------------------
Unreferenced Working Storage Symbols

COH-YTD-SL-EARNED                  992F
COH-YTD-SL-TAKEN                   993F
COH-YTD-SWT-LIAB                   977F
COH-YTD-SYS                        984F
COH-YTD-TIPS                       973F
COH-YTD-UNITS                      987F
COH-YTD-VAC-EARNED                 990F
COH-YTD-VAC-TAKEN                  991F
COL2                              1253W
COLE                              1249W
COMPARATIVES                      2139K
COMPARATIVES-ACTIVE               2141K
COMPS                             2138K
COMPS-ACTIVE                      2140K
COUNTRY                           2061K
CURRENT-QUARTER                   2093K
CUST-FLAG                         2200K
DATA-CAPTURE-USED                 2113K
DATE-VALID-FORMATS                2112K
DB-HOST                           1279W
DB-PORT                           1281W
DB-SCHEMA                         1276W
DB-SOCKET                         1280W
DB-UNAME                          1277W
DB-UPASS                          1278W
DC-COBOL-STANDARD                 2114K
DC-GUI                            2115K
DC-WIDGET                         2116K
DED-FWT-MAR                        545F
DED-FWT-SIN                        549F
DEFAULT-RECORD                    1362W
DISCOUNT                          2219K
DOS                               2086K
DUMMIES-4-UNUSED-ACAS-FH-CALLS    1361W
DUMMIES-FOR-UNUSED-FH-CALLS       1383W
EMP-ADDRESS-1                      656F
EMP-ADDRESS-2                      657F
EMP-ADDRESS-3                      658F
EMP-ADDRESS-4                      659F
EMP-AUTO-UNITS                     685F
EMP-BANK-ACCT-NO                   665F
EMP-BIRTH-DATE                     646F
EMP-CAL-DED-ALLOW                  669F
EMP-CAL-HEAD-OF-HOUSE              668F
EMP-CO-FUTA-EXEMPT                 680F
EMP-CO-SUI-EXEMPT                  681F
EMP-COMP-ACCUM                     694F
EMP-COMP-USED                      695F
EMP-CUR-APPLY-NO                   653F
EMP-DIST-ACCT                      697F
EMP-DIST-GRP                       696F
ACS Cobol Xref v2.03.18          Dictionary File for PY900    24/03/2026  18:58:24:64                                  Page  189
Symbols of Module: PY900 (PY900)
--------------------------------
Unreferenced Working Storage Symbols

EMP-DIST-PCENT                     698F
EMP-ED-ACCT-NO                     705F
EMP-ED-AMT-PCENT                   704F
EMP-ED-CHK-CAT                     710F
EMP-ED-DESC                        706F
EMP-ED-EARN-DED                    707F
EMP-ED-EXCLUSION                   708F
EMP-ED-FACTOR                      702F
EMP-ED-GROUP                       701F
EMP-ED-GRP                         699F
EMP-ED-LIMIT                       703F
EMP-ED-LIMIT-USED                  709F
EMP-ED-USED                        700F
EMP-EIC-USED                       674F
EMP-EMAIL                          664F
EMP-FICA-EXEMPT                    678F
EMP-FWT-ALLOW                      670F
EMP-FWT-EXEMPT                     675F
EMP-HS-TYPE                        641F
EMP-JOB-CODE                       644F
EMP-LWT-ALLOW                      672F
EMP-LWT-EXEMPT                     677F
EMP-MARITAL                        649F
EMP-MAX-PAY                        687F
EMP-MCARE-EXEMPT                   682F
EMP-NAME                           654F
EMP-NEXT-DEL                       651F
EMP-NORMAL-UNITS                   686F
EMP-PAY-FREQ                       650F
EMP-PAY-INTERVAL                   642F
EMP-PENSION-USED                   673F
EMP-PHONE-NO                       663F
EMP-POST-CODE                      660F
EMP-RATE                           684F
EMP-RATE4-EXCLUSION                666F
EMP-SDI-EXEMPT                     679F
EMP-SEX                            648F
EMP-SL-ACCUM                       692F
EMP-SL-RATE                        691F
EMP-SL-USED                        693F
EMP-SSN                            652F
EMP-START-DATE                     645F
EMP-STATE                          662F
EMP-STATUS                         640F
EMP-SWT-ALLOW                      671F
EMP-SWT-EXEMPT                     676F
EMP-SYS-EXEMPT                     683F
EMP-TAXING-STATE                   643F
EMP-TERM-DATE                      647F
EMP-VAC-ACCUM                      689F
EMP-VAC-RATE                       688F
ACS Cobol Xref v2.03.18          Dictionary File for PY900    24/03/2026  18:58:24:64                                  Page  190
Symbols of Module: PY900 (PY900)
--------------------------------
Unreferenced Working Storage Symbols

EMP-VAC-USED                       690F
EMP-ZIP                            661F
END-DATE                          2052K
ENTRY-LEVEL                       2183K
ERROR-MESSAGES                    1491W
EXTRA-CHARGE-AC                   2166K
EXTRA-DESC                        2217K
EXTRA-PRINT                       2221K
EXTRA-RATE                        2227K
EXTRA-TYPE                        2218K
FA-FILE-DUPLICATES-IN-USE         1301W
FA-FILE-SYSTEM-USED               1292W
FA-FS-COBOL-FILES-USED            1293W
FA-FS-DUPLICATE-PROCESSING        1302W
FA-FS-RDBMS-USED                  1294W
FA-FS-VALID-OPTIONS               1300W
FA-RDBMS-FLAT-STATUSES            1291W
FILE-0                            2323K
FILE-10                           2342K
FILE-11                           2344K
FILE-12                           2346K
FILE-13                           2348K
FILE-14                           2350K
FILE-15                           2352K
FILE-16                           2354K
FILE-17                           2356K
FILE-18                           2358K
FILE-19                           2360K
FILE-2                            2326K
FILE-20                           2362K
FILE-21                           2364K
FILE-22                           2366K
FILE-23                           2368K
FILE-24                           2370K
FILE-26                           2373K
FILE-27                           2375K
FILE-28                           2377K
FILE-29                           2379K
FILE-3                            2328K
FILE-30                           2381K
FILE-31                           2383K
FILE-32                           2385K
FILE-33                           2387K
FILE-34                           2388K
FILE-35                           2389K
FILE-36                           2390K
FILE-37                           2391K
FILE-38                           2392K
FILE-4                            2330K
FILE-44                           2400K
FILE-48                           2404K
ACS Cobol Xref v2.03.18          Dictionary File for PY900    24/03/2026  18:58:24:64                                  Page  191
Symbols of Module: PY900 (PY900)
--------------------------------
Unreferenced Working Storage Symbols

FILE-49                           2406K
FILE-5                            2332K
FILE-50                           2407K
FILE-51                           2408K
FILE-55                           2412K
FILE-56                           2413K
FILE-57                           2415K
FILE-6                            2334K
FILE-7                            2336K
FILE-8                            2338K
FILE-9                            2340K
FILE-DEFS-COUNT                   2419K
FILE-DUPLICATES-IN-USE            2106K
FILE-SYSTEM-USED                  2095K
FILLER-DUMMY4                     2302K
FIRST-SL-BATCH                    2236K
FIRST-SL-INV                      2237K
FN-EQUAL-TO                       1331W
FN-GREATER-THAN                   1333W
FN-LESS-THAN                      1332W
FN-NOT-GREATER-THAN               1335W
FN-NOT-LESS-THAN                  1334W
FN-READ-NEXT-RAW                  1319W
FN-WRITE-RAW                      1318W
FS-ACTION                         1260W
FS-COBOL-FILES-USED               2096K
FS-DUPLICATE-PROCESSING           2107K
FS-MYSQL-USED                     2097K
FS-RDBMS-USED                     2099K
FS-VALID-OPTIONS                  2105K
FULL-INVOICING                    2203K
G-L                               2068K
GENERAL-LEDGER-BLOCK              2130K
GL-BL-PAY-AC                      2260K
GL-BL-PURCH-AC                    2262K
GL-P-CREDITORS                    2261K
GL-S-DEBTORS                      2264K
GL-SL-PAY-AC                      2263K
GL-SL-SALES-AC                    2265K
GROUPED                           2135K
HDR-HIS-LAST-TO-DATE               787F
HDR-HIS-NO                         786F
HEADER-LEVEL                      2150K
HIS-QTD                            743F
HIS-QTD-EIC                        750F
HIS-QTD-EMP                        758F
HIS-QTD-EXTRAS                     761F
HIS-QTD-FICA                       754F
HIS-QTD-FICA-TAXABLE               747F
HIS-QTD-FWT                        751F
HIS-QTD-INCOME-TAXABLE             744F
ACS Cobol Xref v2.03.18          Dictionary File for PY900    24/03/2026  18:58:24:64                                  Page  192
Symbols of Module: PY900 (PY900)
--------------------------------
Unreferenced Working Storage Symbols

HIS-QTD-LWT                        753F
HIS-QTD-MCARE                      756F
HIS-QTD-NET                        749F
HIS-QTD-OTHER-DED                  760F
HIS-QTD-OTHER-NONTAXABLE           746F
HIS-QTD-OTHER-TAXABLE              745F
HIS-QTD-SDI                        755F
HIS-QTD-SWT                        752F
HIS-QTD-SYS                        757F
HIS-QTD-TIPS                       748F
HIS-QTD-UNITS                      759F
HIS-YTD                            762F
HIS-YTD-EIC                        769F
HIS-YTD-EMP                        777F
HIS-YTD-EXTRAS                     780F
HIS-YTD-FICA                       773F
HIS-YTD-FICA-TAXABLE               766F
HIS-YTD-FWT                        770F
HIS-YTD-INCOME-TAXABLE             763F
HIS-YTD-LWT                        772F
HIS-YTD-MCARE                      775F
HIS-YTD-NET                        768F
HIS-YTD-OTHER-DED                  779F
HIS-YTD-OTHER-NONTAXABLE           765F
HIS-YTD-OTHER-TAXABLE              764F
HIS-YTD-SDI                        774F
HIS-YTD-SWT                        771F
HIS-YTD-SYS                        776F
HIS-YTD-TIPS                       767F
HIS-YTD-UNITS                      778F
HOST                              2081K
HRS-BATCH-NO                       603F
HRS-EFFECTIVE-DATE                 592F
HRS-HEAD-KEY                       601F
HRS-NO-RECS                        602F
HRS-PROOF-NO                       604F
HRS-PROOFED                        605F
HRS-RATE                           593F
HRS-UNITS                          594F
I-LEVEL-0                         2213K
I-LEVEL-1                         2214K
I-LEVEL-2                         2215K
INDEX-2                           2158K
INVOICER                          2212K
IRS                               2076K
IRS-DATA-BLOCK                    2301K
IRS-ENTRY-BLOCK                   2301K
IRS-INSTEAD                       2159K
IRS-NO                            2077K
IRS-USED                          2160K
LEDGER-2ND-INDEX                  2157K
ACS Cobol Xref v2.03.18          Dictionary File for PY900    24/03/2026  18:58:24:64                                  Page  193
Symbols of Module: PY900 (PY900)
--------------------------------
Unreferenced Working Storage Symbols

LEDGER-BALANCE                    1946W
LEDGER-LAST                       1947W
LEDGER-LEVEL                      1943W
LEDGER-N                          1935W
LEDGER-PLACE                      1942W
LEDGER-Q                          1954W
LEDGER-Q1                         1949W
LEDGER-Q2                         1950W
LEDGER-Q3                         1951W
LEDGER-Q4                         1952W
LEDGER-S                          1936W
LEDGER-SEC                        2162K
LEDGER-TYPE                       1941W
LEVEL                             2066K
LEVEL-1                           2067K
LEVEL-2                           2069K
LEVEL-3                           2071K
LEVEL-4                           2073K
LEVEL-5                           2075K
LEVEL-6                           2078K
LIN                               1248W
LIN2                              1252W
LINUX                             2091K
LOG-FILE-REC-WRITTEN              1356W
LOGGING-DATA                      1263W
M-V                               2142K
MAC                               2088K
MAIN-RECORD-MOVE-FLAG             1285W
MANDATORY                         2147K
MAPS-SER                          2108K
MAPS-SER-XX                       2109K
MINIMUM-VALIDATION                2143K
MRMF-MOVE-FD                      1286W
MRMF-MOVE-WS                      1287W
MULTI-USER                        2082K
NEXT-BATCH                        2165K
NEXT-FOLIO                        2173K
NEXT-INVOICE                      2049K
NEXT-POST                         2290K
NL-AC                             1912W
NL-CR                             1909W
NL-CR-LAST                        1911W
NL-DR                             1908W
NL-DR-LAST                        1910W
NL-KEY                            1900W
NL-POINTER                        1914W
NL-TYPE                           1903W
NO-OS                             2085K
NOT-INVOICING                     2216K
OI-3-FLAG                         2199K
OI-5-FLAG                         2201K
ACS Cobol Xref v2.03.18          Dictionary File for PY900    24/03/2026  18:58:24:64                                  Page  194
Symbols of Module: PY900 (PY900)
--------------------------------
Unreferenced Working Storage Symbols

OP-SYSTEM                         2083K
OS-SINGLE                         2092K
OS2                               2089K
OWNER                             1904W
P-C                               2131K
P-C-GROUPED                       2134K
P-C-LEVEL                         2136K
P-CREDITORS                       2175K
P-FLAG-A                          2184K
P-FLAG-I                          2185K
P-FLAG-P                          2186K
P-L-EXISTS                        2181K
PARAM-RESTRICT                    2121K
PASS-VALUE                        2065K
PASS-WORD                         2080K
PAY-AMT                            855F
PAY-APPLY-NO                       851F
PAY-EFF-DATE                       850F
PAY-EXTENDED                       853F
PAY-HDR-INTERVAL                   859F
PAY-HDR-JOURNAL-PNT                861F
PAY-HDR-LAST-APPLY-NO              860F
PAY-HDR-LAST-DAY-OF-LAST-PER       862F
PAY-HDR-NO                         858F
PAY-INTERVAL                       849F
PAY-REPORTING-CAT                  852F
PAY-UNITS                          854F
PAYROLL                           2079K
PERIOD                            2047K
PF-RETENTION                      2235K
PL-APPROP-AC                      2299K
PL-APPROP-AC6                     2297K
PL-AUTOGEN                        2189K
PL-DELIM                          2182K
PL-NEXT-REC                       2190K
PL-STOCK-LINK                     2187K
POST-TRANS-NAME                   2321K
POSTINGS                          2164K
PRE-TRANS-NAME                    2320K
PRESERVE-BATCH                    2156K
PROFIT-CENTRES                    2132K
PURCHASE-LEDGER                   2180K
PURCHASE-LEDGER-BLOCK             2172K
PURCHASE-RANGE                    2152K
PY-CALIFORNIA-TAX-RECORD          1029F
PY-CALX-CAL-ESTIMATED-DED-AMT     1030F
PY-CALX-CAL-LOW-INCOME-EXEMPT     1031F
PY-CALX-CAL-STANDARD-DEDUCTION    1032F
PY-CALX-CAL-TAX-CREDIT            1034F
PY-CALX-CAL-TAX-CREDITS           1033F
PY-CHK-HDR-RECORD                  897F
ACS Cobol Xref v2.03.18          Dictionary File for PY900    24/03/2026  18:58:24:64                                  Page  195
Symbols of Module: PY900 (PY900)
--------------------------------
Unreferenced Working Storage Symbols

PY-CHK-RECORD                      892F
PY-COMP-HIST-RECORD                935F
PY-EMPLOYEE-RECORD                 638F
PY-HISTORY-HEADER                  785F
PY-HISTORY-RECORD                  741F
PY-LWT-AGENCY                     1178F
PY-LWT-TAX-RECORD                 1175F
PY-LWT-WITHHOLD-CUTOFF            1179F
PY-LWT-WITHHOLD-DEDUCTION-AMOUN   1176F
PY-LWT-WITHHOLD-NUM-ENTRIES       1177F
PY-LWT-WITHHOLD-PERCENT           1180F
PY-PAY-HEADER                      857F
PY-PAY-HEADER-RECORD               600F
PY-PAY-RECORD                      847F
PY-PAY-TRANSACTIONS-RECORD         590F
PY-PR1-BLOCK                       361F
PY-PR1-COMPANY-DATA                362F
PY-PR1-DATE                        428F
PY-PR1-HI-DED-CHK-CAT              445F
PY-PR1-HI-EARN-CHK-CAT             447F
PY-PR1-LO-DED-CHK-CAT              444F
PY-PR1-LO-EARN-CHK-CAT             446F
PY-PR1-MAX-CHK-CATS                440F
PY-PR1-MAX-ED-CATS                 442F
PY-PR1-MAX-SWT-ENTRIES             443F
PY-PR1-MIN-WAGE                    383F
PY-PR1-USER-PROG                   438F
PY-PR1-USER-PROG-DESC              439F
PY-PR1-USER-PROG-USED              437F
PY-PR2-BLOCK                       454F
PY-PR2-CHECK-DATE                  464F
PY-PR2-HRS-BATCH-NO                459F
PY-PR2-LAST-CHECK-NO               476F
PY-PR2-LAST-EMPLOYEE-NO            465F
PY-PR2-LAST-SM-APPLY-NO            457F
PY-PR2-LAST-WB-APPLY-NO            458F
PY-PR2-NO-ACCTS                    471F
PY-PR2-NO-ACTIVE-EMPS              466F
PY-PR2-NO-EMPLOYEES                467F
PY-PR2-NO-OF-SM-APPLIES            468F
PY-PR2-NO-OF-WB-APPLIES            469F
PY-STATE-TAX-RECORD               1087F
PY-STAX-AGENCY                    1090F
PY-STAX-WITHHOLD-CUTOFF           1091F
PY-STAX-WITHHOLD-DEDUCTION-AMOU   1088F
PY-STAX-WITHHOLD-NUM-ENTRIES      1089F
PY-STAX-WITHHOLD-PERCENT          1092F
PY-SWT-AGENCY                     1134F
PY-SWT-TAX-RECORD                 1131F
PY-SWT-WITHHOLD-CUTOFF            1135F
PY-SWT-WITHHOLD-DEDUCTION-AMOUN   1132F
ACS Cobol Xref v2.03.18          Dictionary File for PY900    24/03/2026  18:58:24:64                                  Page  196
Symbols of Module: PY900 (PY900)
--------------------------------
Unreferenced Working Storage Symbols

PY-SWT-WITHHOLD-NUM-ENTRIES       1133F
PY-SWT-WITHHOLD-PERCENT           1136F
RDB-DATA                          1275W
RDBMS-DB-NAME                     2117K
RDBMS-FLAT-STATUSES               2094K
RDBMS-HOST                        2123K
RDBMS-PASSWD                      2119K
RDBMS-PORT                        2122K
RDBMS-SOCKET                      2124K
RDBMS-USER                        2118K
REVENUE-ONLY                      2137K
RUN-DATE                          2050K
S-DEBTORS                         2240K
S-END-CYCLE-DATE                  2242K
S-FLAG-A                          2204K
S-FLAG-I                          2205K
S-FLAG-OI-3                       2202K
S-FLAG-P                          2206K
S-L                               2072K
S-L-EXISTS                        2197K
S1                                1245W
SALES-LEDGER                      2196K
SALES-LEDGER-BLOCK                2195K
SALES-RANGE                       2151K
SCYCLE                            2046K
SL-AUTOGEN                        2254K
SL-BO-DEFAULT                     2257K
SL-BO-FLAG                        2256K
SL-CHARGES                        2208K
SL-COMP-HEAD-INV                  2245K
SL-COMP-HEAD-LETS                 2249K
SL-COMP-HEAD-PICK                 2243K
SL-COMP-HEAD-STAT                 2247K
SL-COMP-INV                       2246K
SL-COMP-LETS                      2250K
SL-COMP-PICK                      2244K
SL-COMP-STAT                      2248K
SL-CREDIT                         2231K
SL-DAY-BOOK                       2211K
SL-DAYS-1                         2228K
SL-DAYS-2                         2229K
SL-DAYS-3                         2230K
SL-DELIM                          2198K
SL-DISC                           2226K
SL-DUNNING                        2207K
SL-INVOICE-LINES                  2253K
SL-LATE-PER                       2225K
SL-LIMIT                          2238K
SL-MAX                            2234K
SL-MIN                            2233K
SL-NEXT-REC                       2255K
ACS Cobol Xref v2.03.18          Dictionary File for PY900    24/03/2026  18:58:24:64                                  Page  197
Symbols of Module: PY900 (PY900)
--------------------------------
Unreferenced Working Storage Symbols

SL-OWN-NOS                        2209K
SL-PAY-AC                         2239K
SL-SALES-AC                       2241K
SL-STATS-RUN                      2210K
SL-STOCK-AUDIT                    2223K
SL-STOCK-LINK                     2222K
SL-VAT-PRINTED                    2251K
SL-VAT-PRINTS                     2252K
SQL-STATE                         1270W
START-DATE                        2051K
STATS-DATE-PERIOD                 2125K
STK-ABREV-REF                     2271K
STK-ACTIVITY-REP-RUN              2284K
STK-AUDIT-NO                      2287K
STK-AUDIT-USED                    2275K
STK-AVERAGING                     2282K
STK-BO-ACTIVE                     2285K
STK-DEBUG                         2272K
STK-MANU-USED                     2273K
STK-MOV-AUDIT                     2276K
STK-OE-USED                       2274K
STK-PAGE-LINES                    2286K
STK-PERIOD-CUR                    2277K
STK-PERIOD-DAT                    2278K
STOCK                             2074K
STOCK-AUDIT-ON                    2224K
STOCK-AVERAGING                   2283K
STOCK-CONTROL                     2280K
STOCK-CONTROL-BLOCK               2270K
STOCK-CONTROL-EXISTS              2281K
SUB                               1905W
SW-TESTING                        1348W
SW-TESTING-2                      1353W
SYSTEM-DATA-BLOCK                 2029K
SYSTEM-FILE-NAMES                 2418K
SYSTEM-RECORD-4                   1364W
TESTING-1                         1349W
TESTING-2                         1354W
TRANS-DONE                        2149K
TRANS-PRINT                       2146K
TRANS-PRINTED                     2148K
U-BIN                             1218W
U-CC                              1202W
U-DAYS                            1197W
U-INTL                            1210W
U-INTL-CC                         1212W
U-INTL-DAYS                       1217W
U-INTL-MONTH                      1215W
U-INTL-YEAR                       1211W
U-INTL-YY                         1213W
U-MONTH                           1199W
ACS Cobol Xref v2.03.18          Dictionary File for PY900    24/03/2026  18:58:24:64                                  Page  198
Symbols of Module: PY900 (PY900)
--------------------------------
Unreferenced Working Storage Symbols

U-UK                              1196W
U-USA                             1204W
U-USA-DAYS                        1207W
U-USA-MONTH                       1205W
U-YEAR                            1201W
U-YY                              1203W
UNIX                              2090K
UPDATES                           2163K
USER-CODE                         2055K
VALID-OS-TYPE                     2084K
VAT                               2153K
VAT-AC                            2167K
VAT-GROUP                         2295K
VAT-PSENT                         2296K
VAT-RATE                          2044K
VAT-RATE-1                        2039K
VAT-RATE-2                        2040K
VAT-RATE-3                        2041K
VAT-RATE-4                        2042K
VAT-RATE-5                        2043K
VAT-REG-NUMBER                    2120K
VAT1                              2292K
VAT2                              2293K
VAT3                              2294K
WINDOWS                           2087K
WS-ACTIVE-CURRENCY                1417W
WS-CALLED                         1967K
WS-CALLER                         1968K
WS-CD-ARGS                        1974K
WS-CONV-DATE                      1454W
WS-COUNT-ROWS                     1274W
WS-DATA                           1387W
WS-DATE-FORMATS                   1452W
WS-DEFAULTS                       1430W
WS-DEL-LINK                       1969K
WS-DOLLAR                         1423W
WS-EURO                           1421W
WS-FILE-KEY                       1271W
WS-HEADING                        1415W
WS-INTL                           1468W
WS-LEDGER-KEY9                    1939W
WS-LOG-FILE-NO                    1273W
WS-LOG-SYSTEM                     1266W
WS-LOG-WHERE                      1272W
WS-NO-PARAGRAPH                   1267W
WS-POUND                          1422W
WS-PR1-DATING                     1451W
WS-PROCESS-FUNC                   1972K
WS-STATE-CODES-TABLE              1481W
WS-SUB-FUNCTION                   1973K
WS-SYSTEM-RECORD-VERSION-PRIME    2031K
ACS Cobol Xref v2.03.18          Dictionary File for PY900    24/03/2026  18:58:24:64                                  Page  199
Symbols of Module: PY900 (PY900)
--------------------------------
Unreferenced Working Storage Symbols

WS-SYSTEM-RECORD-VERSION-SECOND   2036K
WS-TEMP-NUMBERS                   1441W
WS-TEMP-USED                      1447W
WS-TEST-DATE                      1449W
WS-TIME                           1858W
WS-UK                             1456W
WS-USA                            1462W
WS-USA-DAYS                       1465W
WS-USA-MONTH                      1463W
WSA-DATE                          1859W
WSA-DD                            1862W
WSA-MM                            1861W
WSA-YY                            1860W
WSB-HH                            1864W
WSB-MM                            1865W
WSB-SS                            1866W
WSB-TIME                          1863W
WSD-HH                            1869W
WSD-MM                            1871W
WSD-SA                            1870W
WSD-SB                            1872W
WSD-SS                            1873W
WSD-TIME                          1868W
WSE-DATE-9                        1880W
WSE-HH                            1883W
WSE-MM                            1884W
WSE-SS                            1885W
WSE-TIME                          1882W
ACS Cobol Xref v2.03.18          Dictionary File for PY900    24/03/2026  18:58:24:64                                  Page  200
Symbols of Module: PY900 (PY900)
--------------------------------
Unreferenced Procedures

AA000-MAIN                        3058S
AA012-RETRY-2                     3293P
AB000-EXIT                        4330P
AB010-EXIT                        4453P
AB030-GET-NOMINAL                 4614P
AB035-EXIT                        4685P
AB050-EXIT                        4904P
AB050-GET-NOMINAL                 4842P
AB060-EXIT                        4914P
AB070-EXIT                        5029P
ACAS000-OPEN                      5358P
ACAS000-OPEN-INPUT                5364P
ACAS000-READ-INDEXED              5380P
ACAS000-READ-NEXT                 5375P
ACAS000-REWRITE                   5390P
ACAS000-WRITE                     5385P
ACAS008-OPEN                      5396P
ACAS008-OPEN-INPUT                5402P
ACAS008-OPEN-OUTPUT               5408P
ACAS008-READ-NEXT                 5419P
ACAS008-REWRITE                   5429P
ACAS008-WRITE                     5424P
ACASIRSUB1-DELETE                 5478P
ACASIRSUB1-OPEN-OUTPUT            5447P
ACASIRSUB1-READ-NEXT              5458P
ACASIRSUB1-REWRITE                5483P
ACASIRSUB1-START                  5468P
ACASIRSUB1-WRITE                  5473P
ACASIRSUB3-OPEN                   5489P
ACASIRSUB3-OPEN-INPUT             5495P
ACASIRSUB3-READ-NEXT              5506P
ACASIRSUB3-REWRITE                5516P
ACASIRSUB3-WRITE                  5511P
ACASIRSUB4-CLOSE                  5532P
ACASIRSUB4-OPEN                   5522P
ACASIRSUB4-OPEN-INPUT             5527P
ACASIRSUB4-READ-NEXT              5537P
ACASIRSUB4-REWRITE                5547P
ACASIRSUB4-WRITE                  5542P
ACASIRSUB5-OPEN                   5553P
ACASIRSUB5-OPEN-INPUT             5559P
ACASIRSUB5-READ-NEXT              5570P
ACASIRSUB5-REWRITE                5580P
ACASIRSUB5-WRITE                  5575P
ANALYSIS-CLOSE                    6527P
ANALYSIS-DELETE                   6532P
ANALYSIS-OPEN                     6512P
ANALYSIS-OPEN-INPUT               6517P
ANALYSIS-OPEN-OUTPUT              6522P
ANALYSIS-READ-INDEXED             6548P
ANALYSIS-READ-NEXT                6543P
ACS Cobol Xref v2.03.18          Dictionary File for PY900    24/03/2026  18:58:24:64                                  Page  201
Symbols of Module: PY900 (PY900)
--------------------------------
Unreferenced Procedures

ANALYSIS-REWRITE                  6559P
ANALYSIS-START                    6538P
ANALYSIS-WRITE                    6554P
DATE-UK                           5214P
DATE-USA                          5216P
DELFOLIO-CLOSE                    6829P
DELFOLIO-DELETE                   6834P
DELFOLIO-DELETE-ALL               6840P
DELFOLIO-OPEN                     6814P
DELFOLIO-OPEN-INPUT               6819P
DELFOLIO-OPEN-OUTPUT              6824P
DELFOLIO-READ-INDEXED             6856P
DELFOLIO-READ-NEXT                6851P
DELFOLIO-REWRITE                  6867P
DELFOLIO-START                    6846P
DELFOLIO-WRITE                    6862P
DELINVNOS-CLOSE                   6646P
DELINVNOS-DELETE                  6651P
DELINVNOS-DELETE-ALL              6657P
DELINVNOS-OPEN                    6631P
DELINVNOS-OPEN-INPUT              6636P
DELINVNOS-OPEN-OUTPUT             6641P
DELINVNOS-READ-INDEXED            6673P
DELINVNOS-READ-NEXT               6668P
DELINVNOS-REWRITE                 6684P
DELINVNOS-START                   6663P
DELINVNOS-WRITE                   6679P
DELIVERY-CLOSE                    6467P
DELIVERY-DELETE                   6472P
DELIVERY-DELETE-ALL               6478P
DELIVERY-OPEN                     6452P
DELIVERY-OPEN-INPUT               6457P
DELIVERY-OPEN-OUTPUT              6462P
DELIVERY-READ-INDEXED             6494P
DELIVERY-READ-NEXT                6489P
DELIVERY-REWRITE                  6505P
DELIVERY-START                    6484P
DELIVERY-WRITE                    6500P
GL-BATCH-CLOSE                    6120P
GL-BATCH-DELETE                   6125P
GL-BATCH-DELETE-ALL               6131P
GL-BATCH-OPEN                     6100P
GL-BATCH-OPEN-EXTEND              6115P
GL-BATCH-OPEN-INPUT               6105P
GL-BATCH-OPEN-OUTPUT              6110P
GL-BATCH-READ-INDEXED             6146P
GL-BATCH-READ-NEXT                6141P
GL-BATCH-REWRITE                  6156P
GL-BATCH-START                    6137P
GL-BATCH-WRITE                    6151P
GL-NOMINAL-DELETE                 6005P
ACS Cobol Xref v2.03.18          Dictionary File for PY900    24/03/2026  18:58:24:65                                  Page  202
Symbols of Module: PY900 (PY900)
--------------------------------
Unreferenced Procedures

GL-NOMINAL-OPEN                   5980P
GL-NOMINAL-OPEN-EXTEND            5995P
GL-NOMINAL-OPEN-OUTPUT            5990P
GL-NOMINAL-READ-NEXT              6015P
GL-NOMINAL-REWRITE                6030P
GL-NOMINAL-START                  6011P
GL-NOMINAL-WRITE                  6025P
GL-POSTING-CLOSE                  6057P
GL-POSTING-DELETE                 6062P
GL-POSTING-DELETE-ALL             6068P
GL-POSTING-OPEN                   6037P
GL-POSTING-OPEN-EXTEND            6052P
GL-POSTING-OPEN-INPUT             6042P
GL-POSTING-OPEN-OUTPUT            6047P
GL-POSTING-READ-INDEXED           6083P
GL-POSTING-READ-NEXT              6078P
GL-POSTING-REWRITE                6093P
GL-POSTING-START                  6074P
GL-POSTING-WRITE                  6088P
INVOICE-CLOSE                     6581P
INVOICE-DELETE                    6586P
INVOICE-DELETE-ALL                6592P
INVOICE-OPEN                      6566P
INVOICE-OPEN-INPUT                6571P
INVOICE-OPEN-OUTPUT               6576P
INVOICE-READ-INDEXED              6613P
INVOICE-READ-NEXT                 6603P
INVOICE-READ-NEXT-HEADER          6608P
INVOICE-REWRITE                   6624P
INVOICE-START                     6598P
INVOICE-WRITE                     6619P
MAPS04-EXIT                       5237P
MENU-EX                           4314P
OTM3-CLOSE                        6706P
OTM3-DELETE                       6711P
OTM3-OPEN                         6691P
OTM3-OPEN-INPUT                   6696P
OTM3-OPEN-OUTPUT                  6701P
OTM3-READ-INDEXED                 6727P
OTM3-READ-NEXT                    6722P
OTM3-READ-NEXT-SORTED-BY-BATCH    6733P
OTM3-READ-NEXT-SORTED-BY-CUST     6738P
OTM3-REWRITE                      6748P
OTM3-START                        6717P
OTM3-WRITE                        6743P
OTM5-CLOSE                        6954P
OTM5-DELETE                       6959P
OTM5-OPEN                         6939P
OTM5-OPEN-INPUT                   6944P
OTM5-OPEN-OUTPUT                  6949P
OTM5-READ-INDEXED                 6975P
ACS Cobol Xref v2.03.18          Dictionary File for PY900    24/03/2026  18:58:24:65                                  Page  203
Symbols of Module: PY900 (PY900)
--------------------------------
Unreferenced Procedures

OTM5-READ-NEXT                    6970P
OTM5-READ-NEXT-SORTED-BY-BATCH    6981P
OTM5-READ-NEXT-SORTED-BY-CUST     6986P
OTM5-REWRITE                      6996P
OTM5-START                        6965P
OTM5-WRITE                        6991P
PAYMENTS-CLOSE                    7084P
PAYMENTS-DELETE                   7089P
PAYMENTS-DELETE-ALL               7095P
PAYMENTS-OPEN                     7069P
PAYMENTS-OPEN-INPUT               7074P
PAYMENTS-OPEN-OUTPUT              7079P
PAYMENTS-READ-INDEXED             7111P
PAYMENTS-READ-NEXT                7106P
PAYMENTS-REWRITE                  7122P
PAYMENTS-START                    7101P
PAYMENTS-WRITE                    7117P
PINVOICE-CLOSE                    6889P
PINVOICE-DELETE                   6894P
PINVOICE-DELETE-ALL               6900P
PINVOICE-OPEN                     6874P
PINVOICE-OPEN-INPUT               6879P
PINVOICE-OPEN-OUTPUT              6884P
PINVOICE-READ-INDEXED             6921P
PINVOICE-READ-NEXT                6911P
PINVOICE-READ-NEXT-HEADER         6916P
PINVOICE-REWRITE                  6932P
PINVOICE-START                    6906P
PINVOICE-WRITE                    6927P
PLAUTOGEN-CLOSE                   7019P
PLAUTOGEN-DELETE                  7024P
PLAUTOGEN-DELETE-ALL              7030P
PLAUTOGEN-OPEN                    7004P
PLAUTOGEN-OPEN-INPUT              7009P
PLAUTOGEN-OPEN-OUTPUT             7014P
PLAUTOGEN-READ-INDEXED            7051P
PLAUTOGEN-READ-NEXT               7041P
PLAUTOGEN-READ-NEXT-HEADER        7046P
PLAUTOGEN-REWRITE                 7062P
PLAUTOGEN-START                   7036P
PLAUTOGEN-WRITE                   7057P
PURCH-CLOSE                       6770P
PURCH-DELETE                      6775P
PURCH-OPEN                        6755P
PURCH-OPEN-INPUT                  6760P
PURCH-OPEN-OUTPUT                 6765P
PURCH-READ-INDEXED                6796P
PURCH-READ-NEXT                   6786P
PURCH-READ-NEXT-SORTED-BYNAME     6791P
PURCH-REWRITE                     6807P
PURCH-START                       6781P
ACS Cobol Xref v2.03.18          Dictionary File for PY900    24/03/2026  18:58:24:65                                  Page  204
Symbols of Module: PY900 (PY900)
--------------------------------
Unreferenced Procedures

PURCH-WRITE                       6802P
SALES-CLOSE                       6350P
SALES-DELETE                      6355P
SALES-OPEN                        6335P
SALES-OPEN-INPUT                  6340P
SALES-OPEN-OUTPUT                 6345P
SALES-READ-INDEXED                6375P
SALES-READ-NEXT                   6365P
SALES-READ-NEXT-SORTED-BY-NAME    6370P
SALES-REWRITE                     6385P
SALES-START                       6361P
SALES-WRITE                       6380P
SLAUTOGEN-CLOSE                   5930P
SLAUTOGEN-DELETE                  5935P
SLAUTOGEN-DELETE-ALL              5941P
SLAUTOGEN-OPEN                    5915P
SLAUTOGEN-OPEN-INPUT              5920P
SLAUTOGEN-OPEN-OUTPUT             5925P
SLAUTOGEN-READ-INDEXED            5962P
SLAUTOGEN-READ-NEXT               5952P
SLAUTOGEN-READ-NEXT-HEADER        5957P
SLAUTOGEN-REWRITE                 5973P
SLAUTOGEN-START                   5947P
SLAUTOGEN-WRITE                   5968P
SPL-POSTING-CLOSE                 6183P
SPL-POSTING-DELETE                6188P
SPL-POSTING-DELETE-ALL            6194P
SPL-POSTING-OPEN                  6163P
SPL-POSTING-OPEN-EXTEND           6178P
SPL-POSTING-OPEN-INPUT            6168P
SPL-POSTING-OPEN-OUTPUT           6173P
SPL-POSTING-READ-INDEXED          6209P
SPL-POSTING-READ-NEXT             6204P
SPL-POSTING-REWRITE               6219P
SPL-POSTING-START                 6200P
SPL-POSTING-WRITE                 6214P
STOCK-AUDIT-CLOSE                 6246P
STOCK-AUDIT-DELETE                6251P
STOCK-AUDIT-OPEN                  6226P
STOCK-AUDIT-OPEN-EXTEND           6241P
STOCK-AUDIT-OPEN-INPUT            6231P
STOCK-AUDIT-OPEN-OUTPUT           6236P
STOCK-AUDIT-READ-INDEXED          6266P
STOCK-AUDIT-READ-NEXT             6261P
STOCK-AUDIT-REWRITE               6276P
STOCK-AUDIT-START                 6257P
STOCK-AUDIT-WRITE                 6271P
STOCK-CLOSE                       6298P
STOCK-DELETE                      6303P
STOCK-OPEN                        6283P
STOCK-OPEN-INPUT                  6288P
ACS Cobol Xref v2.03.18          Dictionary File for PY900    24/03/2026  18:58:24:65                                  Page  205
Symbols of Module: PY900 (PY900)
--------------------------------
Unreferenced Procedures

STOCK-OPEN-OUTPUT                 6293P
STOCK-READ-INDEXED                6318P
STOCK-READ-NEXT                   6313P
STOCK-REWRITE                     6328P
STOCK-START                       6309P
STOCK-WRITE                       6323P
SYSTEM-CLOSE                      5892P
SYSTEM-OPEN                       5871P
SYSTEM-OPEN-INPUT                 5878P
SYSTEM-OPEN-OUTPUT                5885P
SYSTEM-READ-INDEXED               5898P
SYSTEM-REWRITE                    5908P
SYSTEM-WRITE                      5903P
VALUE-CLOSE                       6407P
VALUE-DELETE                      6412P
VALUE-DELETE-ALL                  6418P
VALUE-OPEN                        6392P
VALUE-OPEN-INPUT                  6397P
VALUE-OPEN-OUTPUT                 6402P
VALUE-READ-INDEXED                6434P
VALUE-READ-NEXT                   6429P
VALUE-REWRITE                     6445P
VALUE-START                       6424P
VALUE-WRITE                       6440P
WS-                               5125P
ZZ010-EXIT                        5046P
ZZ050-VALIDATE-DATE               5132S
ZZ070-CONVERT-DATE                5202S
ZZ080-ACAS-PROCESSES              5642S
ZZ080-EXIT                        7127P
ZZ100-ACAS-IRS-CALLS              5268S
ZZ100-EXIT                        5632P
