
ACS Cobol Xref v2.03.18          Dictionary File for PY920    04/04/2026  15:11:45:42                                  Page    1

     1         >>source free
     2  *>****************************************************************
     3  *>                  Account Number Maintenance                   *
     4  *>                        and Reporting                          *
     5  *>                                                               *
     6  *>            Uses RW (Report writer for prints)                 *
     7  *>                                                               *
     8  *>     REMOVE UN-USED variables and procedure div routines *   <<<<<<
     9  *>                                                               *
    10  *>****************************************************************
    11  *>
    12   identification          division.
    13  *>================================
    14  *>
    15        program-id.       py920.
    16  *>**
    17  *>    Author.           Vincent B Coen FBCS, FIDM, FIDPM, 19/10/2025.
    18  *>**
    19  *>    Security.         Copyright (C) 2025 - 2026 & later, Vincent Bryan Coen.
    20  *>                      Distributed under the GNU General Public License.
    21  *>                      See the file COPYING for details.
    22  *>**
    23  *>    Remarks.          Account number Maintanence.
    24  *>                       This program uses RW (Report Writer).
    25  *>
    26  *>                      Semi-sourced from Basic code from fpyactent
    27  *>                      into py900 - initial Parameter set up.
    28  *>**
    29  *>    Version.          See Prog-Name In Ws.
    30  *>**
    31  *>    Called Modules.
    32  *>                      (CBL_) ACCEPT_NUMERIC.c as static. ->  NOT USED.
    33  *>                      ACAS000               USER
    34  *>                      ACAS008               USER
    35  *>                      ACASIRSUB1            USER
    36  *>                      ACASIRSUB3            USER
    37  *>                      ACASIRSUB4            USER
    38  *>                      ACASIRSUB5            USER
    39  *>                      CBL_DELETE_FILE       SYSTEM
    40  *>                      MAPS04                USER
    41  *>                      SCR_DUMP              USER
    42  *>                      SCR_RESTORE           USER
    43  *>                      SYSTEM                SYSTEM
    44  *>
    45  *>**
    46  *>    Functions Used:
    47  *>                      UPPER-CASE
    48  *>                      CURRENT-DATE.
    49  *>    Files used :
    50  *>                      pypr1.   Params
    51  *>                      pyact.   Noninal Account. For IRS.
    52  *>
    53  *>    Error messages used.   CHANGES NEEDED <<<<<<<<<<
    54  *> System wide:
ACS Cobol Xref v2.03.18          Dictionary File for PY920    04/04/2026  15:11:45:42                                  Page    2

    55  *>                      SY001 - 3, 8, 10, 13, 14.
    56  *> Program specific:
    57  *>                      PY001 - 7.
    58  *>                      PY101, 116 - 118, 125- 126.
    59  *>                      IR911 - 916.  [ For IRS handling ]
    60  *>**
    61  *> Changes:
    62  *> 20/09/2025 vbc - 1.0.00 Created - starting. Prior to testing.
    63  *>                         After testing version will be set to v3.3.
    64  *>                         WARNING: You MUST set the terminal program to be 80
    65  *>                          cols wide and MORE than 25 lines deep and this is to
    66  *>                          allow for the some of the extra lines beyond 24 to
    67  *>                          be used as areas for the warning or error messages
    68  *>                          to be displayed. 26 lines is the minimum.
    69  *>                          This procedure must be applied at all times when
    70  *>                          running Payroll.
    71  *>                          For almost all terminal programs, can be achieved
    72  *>                          by pulling the left and bottom edges of the terminal
    73  *>                          screen with the mouse and holding right button and
    74  *>                          pulling until the correct number is displayed, and
    75  *>                          doing so, one at a time or pulling bottom right
    76  *>                          corner.
    77  *> 30/10/2025 vbc -        Still working on file rec layouts (ws) + selects(sel)
    78  *>                         & fd's (fd).
    79  *> 05/11/2025 vbc -        Adding more SS for data input or display and menus.
    80  *>                         Some of which may well go into another program.
    81  *> 21/11/2025 vbc -        Code taken from py900 Account processing ONLY.
    82  *> 23/11/2025 vbc -    .01 Added support for GL for account nos, Testing for
    83  *>                         reset numbers in IRS and GL when building default
    84  *>                         accounts as they may well not exist AND test for
    85  *>                         errors when writing accounts file which will cause an
    86  *>                         abort of this initial creating file functions on first
    87  *>                         using Payroll as a fatal condition.
    88  *>                         Renamed zz section / paragraphs that are normal
    89  *>                         functions into new names starting with ab000 etc
    90  *>                         as very messy.
    91  *>                         WARNING - Absolutely no testing done for GL as I have
    92  *>                         no idea about USA GL CoA's. Might try and reseach
    93  *>                         this at some point when coding completed.
    94  *>                         IN which case these comments will be removed -
    95  *>                         providing I remember.
    96  *> 27/11/2025 vbc -    .02 Screen size now checked for Minimum of 28 lines.
    97  *>                         All other programs wil do the same. Msg SY010 chgd.
    98  *> 09/12/2025 vbc -        Increased minimum screen depth = 28.
    99  *> 24/03/2026 vbc -    .03 Forgot to Read the param file as data is required.
   100  *>
   101  *>   REMEMBER, REMEMBER to change code in PY910 & PY920 to match these changes.
   102  *>
   103  *>*************************************************************************
   104  *>
   105  *> Copyright Notice.
   106  *> ****************
   107  *>
   108  *> These files and programs are part of the Applewood Computers Accounting
ACS Cobol Xref v2.03.18          Dictionary File for PY920    04/04/2026  15:11:45:42                                  Page    3

   109  *> System and is Copyright (c) Vincent B Coen. 1976-2026 and later.
   110  *>
   111  *> This program is now free software; you can redistribute it and/or modify it
   112  *> under the terms listed here and of the GNU General Public License as
   113  *> published by the Free Software Foundation; version 3 and later as revised
   114  *> for PERSONAL USAGE ONLY and that includes for use within a business but
   115  *> EXCLUDES repackaging or for Resale, Rental or Hire in ANY way.
   116  *>
   117  *> Persons interested in repackaging, redevelopment for the purpose of resale or
   118  *> distribution in a rental or hire mode must get in touch with the copyright
   119  *> with your commercial plans and proposals to vbcoen@gmail.com.
   120  *>
   121  *> ACAS is distributed in the hope that it will be useful, but WITHOUT
   122  *> ANY WARRANTY; without even the implied warranty of MERCHANTABILITY or
   123  *> FITNESS FOR A PARTICULAR PURPOSE.  See the GNU General Public License
   124  *> for more details. If it breaks, you own both pieces but I will endeavour
   125  *> to fix it, providing you tell me about the problem.
   126  *>
   127  *> You should have received a copy of the GNU General Public License along
   128  *> with ACAS; see the file COPYING.  If not, write to the Free Software
   129  *> Foundation, 59 Temple Place, Suite 330, Boston, MA 02111-1307 USA.
   130  *>
   131  *>*************************************************************************
   132  *>
   133   environment             division.
   134  *>================================
   135  *>
   136  *>C  copy "envdiv.cob".
   137   configuration section.
   138   source-computer.      Linux.
   139   object-computer.      Linux.
   140  *> special-names.
   141  *>     console is crt.
   142   SPECIAL-NAMES.
   143         CRT STATUS is COB-CRT-STATUS.
   144   REPOSITORY.
   145         FUNCTION ALL INTRINSIC.
   146  *>
   147   input-output            section.
   148   file-control.
   149  *>C  copy "selpyparam1.cob".
   150  *>
   151  *> Payroll param-1 (USA)
   152  *>
   153       select  PY-Param1-File  assign        File-47
   154                               access        dynamic
   155                               organization  is relative
   156                               relative key  is RRN
   157                               status        PY-PR1-Status.
   158  *>C  copy "selpyact.cob".
   159  *>
   160  *> Payroll Accounts
   161  *>
   162       select  PY-Accounts-File
ACS Cobol Xref v2.03.18          Dictionary File for PY920    04/04/2026  15:11:45:42                                  Page    4

   163                               assign        File-39
   164                               access        dynamic
   165                               organization  indexed
   166                               record key is Act-No
   167                               status        PY-Act-Status.
   168  *>
   169  *>
   170  *>C  copy "selprint.cob".
   171  *>
   172  *> removed org line seq as causing double line printing in OC CE
   173  *>
   174         select  print-file     assign        "prt-1"
   175                                organization line sequential.
   176  *>
   177   data                    division.
   178  *>================================
   179  *>
   180   file section.
   181  *>
   182  *>C  copy "fdpyparam1.cob".
   183  *>*******************************************
   184  *>                                          *
   185  *>  File Definition For Payroll Param  File *
   186  *>                                          *
   187  *>*******************************************
   188  *>   Record Size 1024 Bytes (13/10/25)
   189  *>   see wspyparam1.cob for later updates
   190  *>
   191   fd  PY-Param1-File.
   192  *>
   193  *>C  copy "wspyparam1.cob".
   194  *>*******************************************
   195  *>                                          *
   196  *>  Record Definition For Py param1 File    *
   197  *>     Uses RRN = 1                         *
   198  *>                                          *
   199  *>  If moved to ACAS system file will be    *
   200  *>    record 5 and if split for PR1 rec 6.  *
   201  *>     amd only the FH will need a change & *
   202  *>      possibly the DAL if all of Payroll  *
   203  *>      is to be supported in Mysql         *
   204  *> A decision to be made after testing.     *
   205  *>                                          *
   206  *>*******************************************
   207  *>
   208  *>  File size 767 bytes padded to 1024 by filler.
   209  *>
   210  *> 13/10/25 vbc - Created.
   211  *>  Consider adding to system file as rec #5 after basic testing
   212  *> 08/11/25 vbc - Rec  changed still 1024.
   213  *> 11/11/25 vbc - Moved PR2 fields embedded within PR1 area to PR2 rec size the same.
   214  *> 26/11/25 vbc - Added new field PY-PR2-Last-Employee-no - filler adjusted.
   215  *> 28/11/25 vbc - Added new field PY-PR1-Tax-ID  to ident employer with IRS set
   216  *>                as x(24) as format not known.
ACS Cobol Xref v2.03.18          Dictionary File for PY920    04/04/2026  15:11:45:42                                  Page    5

   217  *> 09/03/26 vbc - PR2 fields changed from x to bin-short unsigned.
   218  *> 27/03/26 vbc - Just-closed-year-ended chg unsign bin to x (Y/N)
   219  *>
   220   01  PY-Param1-Record.
   221       03  PY-PR1-Block.                         *> Size = 863
   222           05  PY-PR1-Company-Data.                 *> size 298
   223               07  PY-PR1-Co-Name       pic x(60). *> Applewood Computers  [ 60 ] ?
   224               07  PY-PR1-Trade-Name    pic x(32).
   225               07  PY-PR1-Co-Address-1  pic x(32). *> 17 Stag Green Avenue [ 30 ]
   226               07  PY-PR1-Co-Address-2  pic x(32). *> Hatfield             [ 30 ]
   227               07  PY-PR1-Co-Address-3  pic x(32). *> Hertfordshire        [ 30 ]
   228               07  PY-PR1-Co-Address-4  pic x(32). *> spaces
   229               07  PY-PR1-Co-Post-Code.
   230                   09  PY-PR1-Co-Zip    pic x(10).
   231                   09  PY-PR1-Co-State  pic xx.
   232               07  PY-PR1-Co-Phone      pic x(12). *> 01234-123456
   233               07  PY-PR1-Co-Email      pic x(30). *> vbcoen@gmail.com
   234               07  PY-PR1-Tax-ID        pic x(24). *> Used for Employer ID for IRS  NEW 27/11/25
   235  *>
   236  *> Only set if PY-PR1-IRS-Used or PY-PR1-GL-Used  = "Y" <<<<<<<<<<<<<<<<<<<<<<<<<<
   237  *>
   238           05  PY-PR1-Offset-Cash-Acct  binary-char unsigned.    *> def 1  another file rec 5 or 6 digits
   239           05  PY-PR1-Dflt-Gross-Acct   binary-char unsigned.    *>   DITTO
   240           05  PY-PR1-Dflt-Dist-Acct    binary-char unsigned.    *>  def 3
   241           05  PY-PR1-Max-Dist-Accts    binary-char unsigned.   *> rem 11/06/79 these aren't in pr1 file, Are now!
   242  *>
   243           05  PY-PR1-Min-Wage          pic 9(5)v99    comp-3.  *>  def 0
   244           05  PY-PR1-Void-Check-Amt    pic 9(5)v99    comp-3.
   245  *>
   246           05  PY-PR1-Rate2-Factor      pic 9(5)v99    comp-3.  *> def 1.5
   247           05  PY-PR1-Rate3-Factor      pic 9(5)v99    comp-3.  *> def 2.0
   248           05  PY-PR1-Max-Pay-Factor    pic 9(5)v99    comp-3.  *> def 3.0
   249           05  PY-PR1-Dflt-Pay-Rate     pic 9(5)v99    comp-3.  *> def 1.0
   250           05  PY-PR1-Dflt-Vac-Rate     pic 9(5)v99    comp-3.  *> def 0.42
   251           05  PY-PR1-Dflt-SL-Rate      pic 9(5)v99    comp-3.  *> def 0.21
   252           05  PY-PR1-Dflt-Norm-Units   pic 9(5)v99    comp-3.  *> def 1  Regular
   253  *>
   254           05  PY-PR1-Last-Day-Pay-Period  pic 9(8). *> temp entry ? from param entry *nix format
   255           05  PY-PR1-Void-Checks-Over-Max pic x.    *> def N      - Y or N
   256           05  PY-PR1-Rate4-Exclusion-Type pic 9.    *> def 1  (1..4)
   257           05  PY-PR1-Check-Printing-Used  pic x.    *> def Y (or N)
   258           05  PY-PR1-Check-History-Used   pic x.    *> def N      - or Y
   259           05  PY-PR1-S-Used               pic x.    *> def N      - or N Semi M
   260           05  PY-PR1-M-Used               pic x.    *> def Y      - Y  Month
   261           05  PY-PR1-W-Used               pic x.    *> Def N   "  - Y  Weekly
   262           05  PY-PR1-B-Used               pic x.    *> def N   "  - Y  Bi Month
   263           05  PY-PR1-JC-Used              pic x.    *> def N      - Y
   264           05  PY-PR1-GL-Used              pic x.    *> def N      - or Y
   265           05  PY-PR1-IRS-Used             pic x.    *> del Y      - or N
   266           05  PY-PR1-Dflt-Pay-Interval    pic x.    *> def S  could be SMBW - S=Salary,W=Weekly, M=Monthly & B=Bi-Monthly
   267           05  PY-PR1-Dist-Used            pic x.    *> def N  was binary-char unsigned.    *> def Y ????? what
   268           05  PY-PR1-Currency-Sign        pic x.    *> Def "$"
   269           05  PY-PR1-OS-Delimiter         pic x.    *>   / for *nix and \ for windows Used via ACAS param
   270           05  PY-PR1-Debugging            pic x.    *> Def N (or Y !
ACS Cobol Xref v2.03.18          Dictionary File for PY920    04/04/2026  15:11:45:43                                  Page    6

   271           05  PY-PR1-Hard-Delete          pic x.    *> Def N (or Y)
   272  *>
   273  *>  Where are these stored, if anywhere ?
   274  *>
   275  *> interval$(1)="SEMI-MONTHLY"
   276  *> interval$(2)="MONTHLY"
   277  *> interval$(3)="BIWEEKLY"
   278  *> interval$(4)="WEEKLY"
   279  *>
   280           05  PY-PR1-Dflt-HS-Type      pic x.     *> def S  Dflt-Pay-Type ??
   281           05  PY-PR1-Rate-Name         pic x(15)       occurs 4.   *> def  "REGULAR" "OVERTIME"
   282                                                                    *> def  "SPEC. OVERTIME" "COMMISSION"
   283           05  PY-PR1-Fed-ID            pic x(15). *> "FEDERAL ID"
   284           05  PY-PR1-State-ID          pic x(15). *> "STATE ID"
   285           05  PY-PR1-Local-ID          pic x(15). *> "LOCAL ID"
   286           05  PY-PR1-Date-Format       pic 9.     *> Def: 2=mm/dd/ccyy,  1=dd/mm/ccyy
   287  *>                                                  ( Value reversed from BASIC code to match ACAS.
   288           05  PY-PR1-Date.                        *> WHAT IS THIS FOR ? - will ASSUME today for the BUT NEEDED - SO FAR NO.
   289  *>                                                  moment defaulting to USA mode - ditto for other dates
   290               07  PY-PR1-Date-Mo       pic 99.    *> def 1
   291               07  PY-PR1-Date-Dy       pic 99.    *> def 2
   292               07  PY-PR1-Date-Yr       pic 9(4).  *> def 3 Added CC
   293           05  PY-PR1-Page-Lines-P      pic 99.    *> def 60  Portrait
   294           05  PY-PR1-Page-Lines-L      pic 99.    *> def 60  Landscape
   295           05  PY-PR1-Page-Width-P      pic 999.   *> def 132  -- Portrait paper = 80
   296           05  PY-PR1-Page-Width-L      pic 999.   *> def 132  -- landscape paper = 120
   297           05  PY-PR1-User-Prog-Used    pic x.     *>  N   ----  These three not used
   298           05  PY-PR1-User-Prog         pic x(8).  *> spaces
   299           05  PY-PR1-User-Prog-Desc    pic x(20). *> spaces
   300           05  PY-PR1-Max-Chk-Cats      binary-char.  *>     This block values to be determined
   301           05  PY-PR1-Max-Emp-Eds       binary-char.  *>  3  NEEDED <<   a number but not really neeeded as fields are exact #
   302           05  PY-PR1-Max-Ed-Cats       binary-char.  *>
   303           05  PY-PR1-Max-Swt-Entries   binary-char.  *>            A / marks in use for any one line
   304           05  PY-PR1-Lo-Ded-Chk-Cat    binary-char.  *>
   305           05  PY-PR1-Hi-Ded-Chk-Cat    binary-char.  *>
   306           05  PY-PR1-Lo-Earn-Chk-Cat   binary-char.  *>
   307           05  PY-PR1-Hi-Earn-Chk-Cat   binary-char.  *>
   308           05  PY-PR1-Max-Sys-Eds       binary-char.  *> 5
   309  *>
   310           05  PY-PR1-Print-Control.
   311               07  PY-PR1-Print-Spool-Name  pic x(48). *> All 3 from ACAS system params
   312               07  PY-PR1-Print-Spool-Name2 pic x(48). *> but only 1st used (or is it)
   313               07  PY-PR1-Print-Spool-Name3 pic x(48). *>  consider creating a pdf file from prt-1
   314               07  PY-PR1-Prnt-Ctl-Flag     pic x.        *>  Font etc control needed/used (Def N)
   315               07  PY-PR1-Font-Small        pic x(32).
   316               07  PY-PR1-Font-Normal       pic x(32).
   317               07  PY-PR1-Font-Reset        pic x(32). *> + 97
   318               07  PY-PR1-Colour-1          pic x(32). *> + 129
   319               07  PY-PR1-Colour-2          pic x(32). *> + 161
   320               07  PY-PR1-Colour-Reset      pic x(32). *> + 193
   321  *>
   322       03  PY-PR2-Block.                        *> Size = 97  COULD BE REC 2 ? (+ filler = 640 or 768 etc) (RRN = 2). sizes wrong
   323           05  PY-PR2-Year              pic 9(4).  *> current year
   324           05  PY-PR2-Year-Next         pic 9(4).  *> Year + 1  --- New field
ACS Cobol Xref v2.03.18          Dictionary File for PY920    04/04/2026  15:11:45:43                                  Page    7

   325           05  PY-PR2-Last-Year-Ended   pic 9(4).  *> Used in pyperend only so far?????? { if no where else can kill it }
   326           05  PY-PR2-Last-SM-Apply-No  pic 9(4).  *> def 0
   327           05  PY-PR2-Last-WB-Apply-No  pic 9(4).  *> def 0
   328           05  PY-PR2-Hrs-Batch-No      pic 9(4).  *> def 0
   329           05  PY-PR2-Last-Day-Last-W   pic 9(8).  *> }
   330           05  PY-PR2-Last-Day-Last-B   pic 9(8).  *> }
   331           05  PY-PR2-Last-Day-Last-S   pic 9(8).  *> }  use todays to yyyymmdd
   332           05  PY-PR2-Last-Day-Last-M   pic 9(8).  *> }       error,  may be not ??????
   333           05  PY-PR2-Check-Date        pic 9(8).  *> }
   334           05  PY-PR2-Last-Employee-No  pic 9(8)   comp.    *>  ?? NEW for py010 data entry EXCLUDES check digit. allows for # = 64k
   335           05  PY-PR2-No-Active-Emps    binary-short unsigned.   *> def 0
   336           05  PY-PR2-No-Employees      binary-short unsigned.   *> def 0 - NEEDED ??
   337           05  PY-PR2-No-Of-SM-Applies  binary-short unsigned.   *> SIZE emough 65k ?  - 12/02/79 pr2.no.of.xx.applies% = number of sm, wb applies this quarter
   338           05  PY-PR2-No-Of-WB-Applies  binary-short unsigned.   *> SIZE emough 65k ?    DITTO
   339           05  PY-PR2-No-Accts          binary-char  unsigned.    *> def 4 = 4 accounts ? is it needed ??
   340           05  PY-PR2-Just-Closed-Year  pic x. *> pyperpend - wrong ? binary-short unsigned.
   341  *>                    - 12/02/79 pr2.just.closed.year% = no applies run since year end close THIS DOES NOT MATCH UP - FIND THIS!!!!!!
   342           05  PY-PR2-940-Printed       pic x.     *> N  (or Y)
   343           05  PY-PR2-941-Printed       pic x.     *> N  (or Y)
   344           05  PY-PR2-W2-Printed        pic x.     *> N  (or Y)
   345           05  PY-PR2-Last-Q-Ended      pic 9.     *> 4 ( vals 1, 2, 3 or 4 )
   346           05  PY-PR2-Last-Check-No     pic 9(15). *> 000000     - 12/02/79 pr2.last.check.no$    = last check number written by PYCHECKS
   347  *>
   348       03  filler                       pic x(64).
   349  *>
   350  *> IPYPR2 - payroll chainging parameter record description
   351  *>        12/02/79 pr2.no.of.xx.applies% number of sm, wb applies this quarter
   352  *>        12/02/79 pr2.just.closed.year% no applies run since year end close
   353  *>        12/02/79 pr2.last.check.no$    last check number written by PYCHECKS
   354  *>
   355
   356  *>
   357  *>C  copy "fdpyact.cob".
   358  *>*******************************************
   359  *>                                          *
   360  *>  File Definition For PY Account File     *
   361  *>              Via IRS                     *
   362  *>*******************************************
   363  *>   Record Size 32 Bytes
   364  *>   see wspyact.cob for later updates
   365  *>
   366   fd  PY-Accounts-File.
   367  *>
   368  *>C  copy "wspyact.cob".
   369  *>*******************************************
   370  *>                                          *
   371  *>  Record Definition For Accounts File     *
   372  *>     Uses Act-No as key                   *
   373  *>*******************************************
   374  *>  File size 32 bytes.
   375  *>
   376  *> 29/10/25 vbc - Created.
   377  *> 31/10/25 vbc - Renamed act-no to act-gl-no & added act-no.
   378  *>                This subject to using py account info instead
ACS Cobol Xref v2.03.18          Dictionary File for PY920    04/04/2026  15:11:45:43                                  Page    8

   379  *>                of direct to GL. Note IRS uses 5 and GL 6 digits.
   380  *> 05/11/25 vbc   Chg Act-No to pic 99.
   381  *> 12/11/25 vbc - Chg Gl-No to display from comp.
   382  *>
   383   01  PY-Accounts-Record.
   384       03  Act-No              pic 99.
   385       03  Act-GL-No           pic 9(6).
   386       03  Act-Desc            pic x(24).
   387  *>
   388  *>
   389  *>
   390   fd  Print-File
   391       report Account-File-Report.
   392  *>
   393   working-storage section.
   394  *>-----------------------
   395   77  prog-name               pic x(15) value "PY920 (1.0.03)".  *> First release pre testing.
   396  *>
   397  *>
   398  *>  This will print 1 copy to CUPS print spool specified on line 3
   399  *>
   400  *>C  copy "print-spool-command-p.cob".     *> CHECK PRN file for content
   401  *>
   402  *> 2023/02/18 vbc - Added PP-Name and Print-File-Name - Portrait
   403  *>
   404   01  Print-Report.
   405       03  filler          pic x(117)     value
   406       "lpr -r -o 'orientation-requested=3 page-left=36 page-top=24 " &
   407       "page-right=24 sides=two-sided-long-edge cpi=12 lpi=8' -P ".
   408       03  PSN             pic x(48)      value "Smart_Tank_7300 ".  *> This is the Cups print spool, change it for yours
   409       03  PP-Name         pic x(24)      value "prt-1".      *> Don't change this line 2023-02-18 chngd from 15
   410  *>
   411   01  PP-Print-File-Name  pic x(24)      value "prt-1".
   412  *>
   413  *>C  copy "wsmaps03.cob".
   414         >>source free
   415  *>*********
   416  *> maps03 *
   417  *>*********
   418  *> 23/04/09 vbc - Support for UK, USA, Intl formats
   419   01  maps03-ws.
   420       03  u-date          pic x(10).
   421       03  u-UK redefines u-date.
   422           05  u-days      pic 99.
   423           05  filler      pic x.
   424           05  u-month     pic 99.
   425           05  filler      pic x.
   426           05  u-year.
   427               07  u-cc    pic 99.
   428               07  u-yy    pic 99.
   429       03  u-USA redefines u-date.
   430           05  u-usa-month pic 99.
   431           05  filler      pic x.
   432           05  u-usa-days  pic 99.
ACS Cobol Xref v2.03.18          Dictionary File for PY920    04/04/2026  15:11:45:43                                  Page    9

   433           05  filler      pic x.
   434           05  filler      pic x(4).
   435       03  u-Intl redefines u-date.
   436           05  u-intl-year.
   437               07  u-intl-cc pic 99.
   438               07  u-intl-yy pic 99.
   439           05  filler        pic x.
   440           05  u-intl-month  pic 99.
   441           05  filler        pic x.
   442           05  u-intl-days   pic 99.
   443       03  u-bin           binary-long.
   444  *>C  copy "wsfnctn.cob".
   445  *>**********************************
   446  *>                                 *
   447  *>  File Access Control Functions  *
   448  *>                                 *
   449  *>**********************************
   450  *> 28/05/16 vbc - Added RDB setup fields - socket, host, port to user, passwd, schema.
   451  *> 25/08/16 vbc - Amended size of RDBMS-Socket from 32 to 64 chars.
   452  *> 01/10/16 vbc - Changed WE-Error & Rrn to pic 999 / 9.  To see if it is the cause
   453  *>                of No data in SYSTOT-REC bug after running sys4LD.
   454  *> 29/10/16 vbc - FS-Action increased size from 20 to 22 for logest msg in sys002.
   455  *>  7/12/16 vbc - Increased Access-Type to 99 from 9 for extra adhoc functions
   456  *>                such as select x ORDER BY etc.
   457  *>                Not used yet.
   458  *> 22/12/16 vbc - Oops, previous chg should have been for File-Function.
   459  *>                next-read-raw changed to 13.
   460  *> 06/01/17 vbc - Increased size of rrn for GL. System to be recompiled.
   461  *> 18/04/17 vbc - Added function Read-Next-Header (34) for SL020, 50, 140.
   462  *> 21/04/18 vbc - Added ACAS-Path and Path-Work for scr save/dumps delete files).
   463  *> 20/05/23 vbc - Added notes for read header for sl820.
   464  *> 06/08/23 vbc - Activated  fn-not-greater-than (for Stock file).
   465  *>
   466   01  File-Access.
   467       03  We-Error        pic 999.
   468       03  Rrn             pic 9(5)   comp.     *> increased from 9 for GL.
   469       03  Fs-Reply        pic 99.
   470       03  s1              pic x.               *> this is USED for some programs 28.05.18.
   471       03  Curs            pic 9(4).
   472       03  filler redefines Curs.
   473           05  Lin         pic 99.
   474           05  Cole        pic 99.
   475       03  Curs2           pic 9(4).
   476       03  filler redefines Curs2.
   477           05  Lin2        pic 99.
   478           05  Col2        pic 99.
   479  *>
   480  *> Holds path to current working dir - used for screen dump & restores.
   481  *>
   482       03  ACAS-Path       pic x(525)     value spaces.
   483       03  Path-Work       pic x(525)     value spaces.
   484  *>
   485       03  FS-Action       pic x(22)  value spaces.
   486  *> current range 1 thru 3
ACS Cobol Xref v2.03.18          Dictionary File for PY920    04/04/2026  15:11:45:43                                  Page   10

   487  *>     1 = Stock-Key (or only key), 2 = Stock-Abrev-Key, 3 = Stock-Desc
   488       03  Logging-Data.
   489           05  Accept-Reply    pic x      value space.
   490           05  File-Key-No     pic 9.
   491           05  ws-Log-System   pic 9      value zero.       *> loaded by caller of FHlogger
   492           05  ws-No-Paragraph pic 999.
   493           05  SQL-Err         pic x(5).
   494           05  SQL-Msg         pic x(512) value spaces.
   495           05  SQL-State       pic x(5).
   496           05  WS-File-Key     pic x(64)  value spaces.     *> loaded by caller of FHlogging increased to 64-- 30/12/16
   497           05  WS-Log-Where    pic x(231) value spaces.
   498           05  WS-Log-File-No  pic 99     value zeroes.     *> loaded by caller of FHlogger
   499           05  WS-Count-Rows   pic 9(7)   value zeroes.     *> used in Delete-All in valueMT
   500       03  RDB-Data.
   501           05  DB-Schema   pic x(12)  value spaces.
   502           05  DB-UName    pic x(12)  value spaces.
   503           05  DB-UPass    pic x(12)  value spaces.
   504           05  DB-Host     pic x(32)  value spaces.
   505           05  DB-Socket   pic x(64)  value spaces.
   506           05  DB-Port     pic x(5)   value spaces.
   507  *>
   508  *>  Helps to tell MT to move file record from the FD or the WS record. NOT YET USED
   509  *>
   510       03  Main-Record-Move-Flag pic 9 value zero.
   511           88  MRMF-Move-FD           value 1.
   512           88  MRMF-Move-WS           value 2.
   513  *>
   514  *>   need to change next one if used in the DAL, e.g., move "66" ...
   515  *>
   516       03  FA-RDBMS-Flat-Statuses.                        *> Comes from System-Record via acas0nn
   517           07  FA-File-System-Used  pic 9.
   518               88  FA-FS-Cobol-Files-Used        value zero.
   519               88  FA-FS-RDBMS-Used              value 1.
   520  *>                 88  FA-FS-MySql-Used          value 1.  *> ditto
   521  *>                 88  FA-FS-Oracle-Used         value 2.  *> THESE NOT IN USE
   522  *>                 88  FA-FS-Postgres-Used       value 3.  *> ditto
   523  *>                 88  FA-FS-DB2-Used            value 4.  *> ditto
   524  *>                 88  FA-FS-MS-SQL-Used         value 5.  *> ditto
   525               88  FA-FS-Valid-Options           values 0 thru 1.    *> 5. (not in use unless 1-5)
   526           07  FA-File-Duplicates-In-Use pic 9.                      *> NO LONGER USED other than for a '6' = rdb.
   527               88  FA-FS-Duplicate-Processing    value 1.
   528  *>
   529  *> Block for File/table access via acas000 thru acas033 for IS files and rdbms
   530  *> Also see RDBMS-Flat-Statuses in System-Record
   531  *>
   532       03  File-Function   pic 99.
   533           88  fn-open            value 1.
   534           88  fn-close           value 2.
   535           88  fn-read-next       value 3.
   536           88  fn-read-indexed    value 4.
   537           88  fn-write           value 5.
   538           88  fn-Delete-All      value 6.       *> 10/10/16 - Delete all records.
   539           88  fn-re-write        value 7.
   540           88  fn-delete          value 8.
ACS Cobol Xref v2.03.18          Dictionary File for PY920    04/04/2026  15:11:45:43                                  Page   11

   541           88  fn-start           value 9.
   542  *>
   543           88  fn-Write-Raw       value 15.
   544           88  fn-Read-Next-Raw   value 13.       *> 14/11/16 - Special 4 LD.
   545  *>
   546           88  fn-Read-By-Name    value 31.       *> 15/01/17 for Salesled (SL160), could be used for GL ledger?
   547           88  fn-Read-By-Batch   value 32.       *> 08/02/17 for OTM3/5 (sl095/pl095)
   548           88  fn-Read-By-Cust    value 33.       *> 09/02/17 for OTM3 (sl110, 120, 190)
   549           88  fn-Read-Next-Header value 34.      *> 18/04/17 for Invoice (sl020, 50, 140, 820)
   550  *>
   551       03  Access-Type     pic 9.                *> For rdbms 2 should cover all !!!
   552           88  fn-input           value 1.
   553           88  fn-i-o             value 2.
   554           88  fn-output          value 3.
   555           88  fn-extend          value 4.       *> not valid for ISAM
   556           88  fn-equal-to        value 5.
   557           88  fn-less-than       value 6.
   558           88  fn-greater-than    value 7.
   559           88  fn-not-less-than   value 8.
   560           88  fn-not-greater-than value 9.
   561  *>
   562  *>
   563  *>C  copy "Test-Data-Flags.cob".           *> set sw-Testing to zero to stop logging.
   564  *>
   565  *>  This data is present in ALL ACAS modules.
   566  *>   When testing comlete you can set SW-Testing to zero
   567  *>    to stop the logging file being produced.
   568  *>
   569   01 ACAS-DAL-Common-data.     *> For DAL processing.
   570  *>
   571  *> log file reporting for testing otherwise zero
   572  *>
   573       03  SW-Testing               pic 9   value 1.    *>   zero.
   574           88  Testing-1                    value 1.
   575  *>
   576  *>  Testing only for displays ws-where etc  otherwise zero
   577  *>
   578       03  SW-Testing-2             pic 9   value zero.
   579           88  Testing-2                    value 1.
   580  *>
   581       03  Log-File-Rec-Written     pic 9(6) value zero.    *> in both acas0nn and a DAL.
   582  *>
   583  *>
   584  *> REMARK OUT ANY IN USE
   585  *>
   586   01  Dummies-4-Unused-ACAS-FH-Calls.   *> Call blk at ZZ910-ACAS-Calls
   587       03  Default-Record         pic x.
   588       03  Final-Record           pic x.
   589       03  System-Record-4        pic x.
   590   *>    03  WS-Ledger-Record       pic x.
   591       03  WS-Posting-Record      pic x.
   592       03  WS-Batch-Record        pic x.
   593       03  WS-IRS-Posting-Record  pic x.
   594       03  WS-Stock-Audit-Record  pic x.
ACS Cobol Xref v2.03.18          Dictionary File for PY920    04/04/2026  15:11:45:43                                  Page   12

   595       03  WS-Stock-Record        pic x.
   596       03  WS-Sales-Record        pic x.
   597       03  WS-Value-Record        pic x.
   598       03  WS-Delivery-Record     pic x.
   599       03  WS-Analysis-Record     pic x.
   600       03  WS-Del-Inv-Nos-Record  pic x.
   601       03  WS-Purch-Record        pic x.
   602       03  WS-Pay-Record          pic x.
   603       03  WS-Invoice-Record      pic x.
   604       03  WS-OTM3-Record         pic x.
   605       03  WS-PInvoice-Record     pic x.
   606       03  WS-OTM5-Record         pic x.
   607  *>
   608   01  Dummies-For-Unused-FH-Calls.      *> IRS call blk at ab000-ACAS-IRS-Calls via ZZ100
   609       03  WS-IRS-Default-Record pic x.
   610       03  Posting-Record        pic x.
   611  *>
   612   01  WS-Data.
   613       03  Menu-Reply          pic x.
   614       03  PY-PR1-Status       pic xx       value zero.
   615       03  PY-Act-Status       pic xx.
   616  *>
   617       03  WS-Reply            pic x.
   618       03  WS-Eval-Msg         pic x(25)    value spaces.
   619       03  WS-Err-Msg          pic x(40)    value spaces.  *> Make large enough for longest SY msg
   620       03  WS-Env-Columns      pic 999      value zero.
   621       03  WS-Env-Lines        pic 999      value zero.
   622       03  WS-22-Lines         pic 99.
   623       03  WS-23-Lines         pic 99.
   624       03  WS-Lines            pic 99.
   625       03  A                   pic 99       value zero.
   626       03  B                   pic 99       value zero.
   627       03  WS-Page-Lines       binary-char unsigned value 56.   *> 16/12/24 as system is for Portrait and Landscape used.
   628       03  WS-Rec-Cnt          pic 99       value zero.
   629  *>
   630  *> The following for GC and screen with *nix NOT tested with Windows
   631  *>
   632   01  wScreenName             pic x(256).
   633   01  wInt                    binary-long.
   634  *>
   635   01  WS-Defaults.     *> From Cbasic dedant   Used in DED processing  < taken from ACT records
   636       03  WS-Dflt-Cash        binary-char unsigned   value 1.  *> via PY-PR1-Offset-Cash-Acct  CB is 011100 Cash
   637       03  WS-Dflt-Liability   binary-char unsigned   value 2.  *> CB is 121100 Accrued Liability
   638       03  WS-Dflt-Expense     binary-char unsigned   value 3.  *> CB is 411100 Salary Expense
   639  *>                                                                 Content from PY-PR1-Dflt-Dist-Acct after set up.
   640       03  WS-Dflt-Cost        binary-char unsigned   value 4.  *> CB is 131100 Accrued Payroll Costs Liability
   641  *>
   642  *>  Temp vars used with ACCEPT_NUMERIC C routine
   643  *>
   644   01  WS-Temp-Numbers.
   645       03  WS-Temp-Rate        pic 99.99.
   646   *>    03  WS-Temp-Percent     pic 99.99.  *>  NOT YET USED
   647       03  WS-Temp-Limit       pic 99999.99.
   648       03  WS-Temp-Factor      pic 99999.99.
ACS Cobol Xref v2.03.18          Dictionary File for PY920    04/04/2026  15:11:45:43                                  Page   13

   649       03  WS-Temp-Act-No      pic 99.
   650       03  WS-Temp-Used        pic x.
   651  *>
   652   01  WS-Test-Date            pic x(10).
   653   01  WS-Test-YMD             pic 9(8).
   654   01  WS-PR1-Dating           pic 9(8).
   655   01  WS-Date-Formats.
   656       03  WS-Swap             pic 99.
   657       03  WS-Conv-Date        pic x(10).
   658       03  WS-Date             pic x(10)   value "99/99/9999".
   659       03  WS-UK redefines WS-Date.   *> Other optional format
   660           05  WS-Days         pic 99.
   661           05  filler          pic x.
   662           05  WS-Month        pic 99.
   663           05  filler          pic x.
   664           05  WS-Year         pic 9(4).
   665       03  WS-USA redefines WS-Date.  *> Default format
   666           05  WS-USA-Month    pic 99.
   667           05  filler          pic x.
   668           05  WS-USA-Days     pic 99.
   669           05  filler          pic x.
   670           05  filler          pic 9(4).
   671       03  WS-Intl redefines WS-Date.   *> Not used.
   672           05  WS-Intl-Year    pic 9(4).
   673           05  filler          pic x.
   674           05  WS-Intl-Month   pic 99.
   675           05  filler          pic x.
   676           05  WS-Intl-Days    pic 99.
   677  *>
   678   01  WS-Account-Table             value spaces.
   679       03  WS-Act-Exists       pic x   occurs 99.
   680  *> Next one MUST be same size as the WS-Act-Exist occurs.
   681   01  WS-Account-Table-Size   pic 99  value 99.
   682   01  WS-Account-Count        pic 99  value zero.
   683  *>
   684   01  Error-Messages.
   685  *> System Wide
   686       03  SY001           pic x(46) value "SY001 Aborting run - Note error and hit Return".
   687       03  SY002           pic x(31) value "SY002 Note error and hit Return".
   688       03  SY003           pic x(51) value "SY003 Aborting function - Note error and hit Return".
   689  *>     03  SY004           pic x(20) value "SY004 Now Hit Return".
   690  *>     03  SY005           pic x(18) value "SY005 Invalid Date".
   691       03  SY008           pic x(32) value "SY008 Note message & Hit Return ".
   692       03  SY010           pic x(46) value "SY010 Terminal program not set to length => 28".
   693  *>     03  SY011           pic x(47) value "SY011 Error on systemMT processing, FS-Reply = ".
   694       03  SY013           pic x(47) value "SY013 Terminal program not set to Columns => 80".
   695       03  SY014           pic x(30) value "SY014 Press return to continue".
   696  *>
   697  *> Module General ?
   698  *>
   699       03  PY001           pic x(36) value "PY001 Re/Write PARAM record Error = ".
   700       03  PY002           pic x(32) value "PY002 Read PARAM record Error = ".
   701       03  PY003           pic x(39) value "PY003 See manual for NL accounts needed".
   702       03  PY004           pic x(29) value "PY004 To quit, use ESCape key".
ACS Cobol Xref v2.03.18          Dictionary File for PY920    04/04/2026  15:11:45:43                                  Page   14

   703       03  PY005           pic x(40) value "PY005 F1 for display of current accounts".
   704       03  PY006           pic x(40) value "PY006 No records to show, return to quit".
   705       03  PY007           pic x(45) value "PY007 No more records to show, return to quit".
   706  *>
   707  *> Module specific    <<<< REMOVE UNUSED
   708  *>
   709       03  PY101           pic x(31) value "PY101 Invalid option, try again".
   710  *>     03  PY102           pic x(36) value "PY102 Bad Parameter Data - Try again".
   711  *>     03  PY103           pic x(29) value "PY103 Bad value for Debugging".
   712  *>     03  PY104           pic x(32) value "PY104 Bad value for Pay Interval".
   713  *>     03  PY105           pic x(31) value "PY105 Bad value for Date Format".
   714  *>     03  PY106           pic x(33) value "PY106 Bad value Qtr - Range 1 - 4".
   715  *>     03  PY107           pic x(37) value "PY107 Bad value Lines - Range 40 - 89".
   716  *>     03  PY108           pic x(38) value "PY108 Bad Exclusion code - Range 1 - 4".
   717  *>     03  PY109           pic x(38) value "PY109 Bad Pay Interval - not = S,M,B,W".
   718  *>     03  PY110           pic x(27) value "PY110 Pay Type not = H or S".
   719  *>     03  PY111           pic x(28) value "PY111 GL Iface not = Y,N,I,B".
   720  *>     03  PY112           pic x(33) value "PY112 Check printing not = Y or N".
   721  *>     03  PY113           pic x(28) value "PY113 Void checks not Y or N".
   722  *>     03  PY114           pic x(35) value "PY114 IRS not set to use, in Params".
   723  *>     03  PY115           pic x(52) value "PY115 E/D Must be D or E : E = Earning D = Deduction". *> old PY358
   724       03  PY116           pic x(36) value "PY116 IRS Nominal # not found, Retry".
   725       03  PY117           pic x(28) value "PY117 Account does not exist".
   726       03  PY118           pic x(38) value "PY118 Account re/write failed - Status".
   727  *>     03  PY119           pic x(20) value "PY119 Must be Y or N".
   728  *>     03  PY120           pic x(44) value "PY120 Cannot open Accounts File, aborting : ".
   729  *>     03  PY121           pic x(79) value "PY121 A/P must be A or P : A = flat Amount. P = Percentage of Gross Taxable pay". *> old PY359
   730  *>     03  PY122           pic x(59) value "PY122 Chk Cat Must be 2-7 for Earnings, 9-16 for Deductions".  *> old PY360
   731  *>     03  PY123           pic x(55) value "PY123 FWT Cutoffs & Percents Must be in Ascending order".      *> old PY356
   732  *>     03  PY124           pic x(45) value "PY124 Account does not exist in Account Table".
   733       03  PY125           pic x(43) value "PY125 Payroll Parameter file does not exist".
   734       03  PY126           pic x(32) value "PY126 Use menu option Y to do so".
   735  *>
   736  *>  Support for IRS FH acasirsub1
   737  *>
   738       03  IR911          pic x(47) value "IR911 Error on systemMT processing, FS-Reply = ".
   739       03  IR912          pic x(51) value "IR912 Error on irsnominalMT processing, FS-Reply = ".
   740       03  IR913          pic x(48) value "IR913 Error on irsdfltMT processing, FS-Reply = ".
   741       03  IR915          pic x(49) value "IR915 Error on irsfinalMT processing, FS-Reply = ".
   742       03  IR916          pic x(50) value "IR916 Error on slpostingMT processing, FS-Reply = ".
   743
   744  *>
   745   01  Error-Code          pic 999.
   746  *>
   747   01  COB-CRT-Status      pic 9(4)         value zero.
   748  *>C      copy "screenio.cpy".
   749        *>  Copyright (C) 2008-2012, 2015-2016, 2019, 2021
   750        *>  Free Software Foundation, Inc.
   751        *>  Written by Roger While, Simon Sobisch
   752        *>
   753        *>  This file is part of GnuCOBOL.
   754        *>
   755        *>  The GnuCOBOL compiler is free software: you can redistribute
   756        *>  it and/or modify it under the terms of the GNU General Public
ACS Cobol Xref v2.03.18          Dictionary File for PY920    04/04/2026  15:11:45:43                                  Page   15

   757        *>  License as published by the Free Software Foundation, either
   758        *>  version 3 of the License, or (at your option) any later
   759        *>  version.
   760        *>
   761        *>  GnuCOBOL is distributed in the hope that it will be useful,
   762        *>  but WITHOUT ANY WARRANTY; without even the implied warranty of
   763        *>  MERCHANTABILITY or FITNESS FOR A PARTICULAR PURPOSE.  See the
   764        *>  GNU General Public License for more details.
   765        *>
   766        *>  You should have received a copy of the GNU General Public
   767        *>  License along with GnuCOBOL.
   768        *>  If not, see <https://www.gnu.org/licenses/>.
   769
   770
   771        *>   Colors
   772         78  COB-COLOR-BLACK                  VALUE 0.
   773         78  COB-COLOR-BLUE                   VALUE 1.
   774         78  COB-COLOR-GREEN                  VALUE 2.
   775         78  COB-COLOR-CYAN                   VALUE 3.
   776         78  COB-COLOR-RED                    VALUE 4.
   777         78  COB-COLOR-MAGENTA                VALUE 5.
   778         78  COB-COLOR-YELLOW                 VALUE 6.
   779         78  COB-COLOR-WHITE                  VALUE 7.
   780
   781        *>   mouse mask, apply to COB-MOUSE-FLAGS
   782         78  COB-AUTO-MOUSE-HANDLING          VALUE 1.
   783         78  COB-ALLOW-LEFT-DOWN              VALUE 2.
   784         78  COB-ALLOW-LEFT-UP                VALUE 4.
   785         78  COB-ALLOW-LEFT-DOUBLE            VALUE 8.
   786         78  COB-ALLOW-MIDDLE-DOWN            VALUE 16.
   787         78  COB-ALLOW-MIDDLE-UP              VALUE 32.
   788         78  COB-ALLOW-MIDDLE-DOUBLE          VALUE 64.
   789         78  COB-ALLOW-RIGHT-DOWN             VALUE 128.
   790         78  COB-ALLOW-RIGHT-UP               VALUE 256.
   791         78  COB-ALLOW-RIGHT-DOUBLE           VALUE 512.
   792         78  COB-ALLOW-MOUSE-MOVE             VALUE 1024.
   793         78  COB-ALLOW-ALL-SCREEN-ACTIONS     VALUE 16384. *> reserved
   794
   795        *> Values that may be returned in CRT STATUS (or COB-CRT-STATUS)
   796        *> Normal return - Value 0000
   797         78  COB-SCR-OK                       VALUE  0.
   798
   799        *>  Function keys - Values 1xxx
   800         78  COB-SCR-F1                       VALUE  1001.
   801         78  COB-SCR-F2                       VALUE  1002.
   802         78  COB-SCR-F3                       VALUE  1003.
   803         78  COB-SCR-F4                       VALUE  1004.
   804         78  COB-SCR-F5                       VALUE  1005.
   805         78  COB-SCR-F6                       VALUE  1006.
   806         78  COB-SCR-F7                       VALUE  1007.
   807         78  COB-SCR-F8                       VALUE  1008.
   808         78  COB-SCR-F9                       VALUE  1009.
   809         78  COB-SCR-F10                      VALUE  1010.
   810         78  COB-SCR-F11                      VALUE  1011.
ACS Cobol Xref v2.03.18          Dictionary File for PY920    04/04/2026  15:11:45:43                                  Page   16

   811         78  COB-SCR-F12                      VALUE  1012.
   812         78  COB-SCR-F13                      VALUE  1013.
   813         78  COB-SCR-F14                      VALUE  1014.
   814         78  COB-SCR-F15                      VALUE  1015.
   815         78  COB-SCR-F16                      VALUE  1016.
   816         78  COB-SCR-F17                      VALUE  1017.
   817         78  COB-SCR-F18                      VALUE  1018.
   818         78  COB-SCR-F19                      VALUE  1019.
   819         78  COB-SCR-F20                      VALUE  1020.
   820         78  COB-SCR-F21                      VALUE  1021.
   821         78  COB-SCR-F22                      VALUE  1022.
   822         78  COB-SCR-F23                      VALUE  1023.
   823         78  COB-SCR-F24                      VALUE  1024.
   824         78  COB-SCR-F25                      VALUE  1025.
   825         78  COB-SCR-F26                      VALUE  1026.
   826         78  COB-SCR-F27                      VALUE  1027.
   827         78  COB-SCR-F28                      VALUE  1028.
   828         78  COB-SCR-F29                      VALUE  1029.
   829         78  COB-SCR-F30                      VALUE  1030.
   830         78  COB-SCR-F31                      VALUE  1031.
   831         78  COB-SCR-F32                      VALUE  1032.
   832         78  COB-SCR-F33                      VALUE  1033.
   833         78  COB-SCR-F34                      VALUE  1034.
   834         78  COB-SCR-F35                      VALUE  1035.
   835         78  COB-SCR-F36                      VALUE  1036.
   836         78  COB-SCR-F37                      VALUE  1037.
   837         78  COB-SCR-F38                      VALUE  1038.
   838         78  COB-SCR-F39                      VALUE  1039.
   839         78  COB-SCR-F40                      VALUE  1040.
   840         78  COB-SCR-F41                      VALUE  1041.
   841         78  COB-SCR-F42                      VALUE  1042.
   842         78  COB-SCR-F43                      VALUE  1043.
   843         78  COB-SCR-F44                      VALUE  1044.
   844         78  COB-SCR-F45                      VALUE  1045.
   845         78  COB-SCR-F46                      VALUE  1046.
   846         78  COB-SCR-F47                      VALUE  1047.
   847         78  COB-SCR-F48                      VALUE  1048.
   848         78  COB-SCR-F49                      VALUE  1049.
   849         78  COB-SCR-F50                      VALUE  1050.
   850         78  COB-SCR-F51                      VALUE  1051.
   851         78  COB-SCR-F52                      VALUE  1052.
   852         78  COB-SCR-F53                      VALUE  1053.
   853         78  COB-SCR-F54                      VALUE  1054.
   854         78  COB-SCR-F55                      VALUE  1055.
   855         78  COB-SCR-F56                      VALUE  1056.
   856         78  COB-SCR-F57                      VALUE  1057.
   857         78  COB-SCR-F58                      VALUE  1058.
   858         78  COB-SCR-F59                      VALUE  1059.
   859         78  COB-SCR-F60                      VALUE  1060.
   860         78  COB-SCR-F61                      VALUE  1061.
   861         78  COB-SCR-F62                      VALUE  1062.
   862         78  COB-SCR-F63                      VALUE  1063.
   863         78  COB-SCR-F64                      VALUE  1064.
   864        *>  Exception keys - Values 2xxx
ACS Cobol Xref v2.03.18          Dictionary File for PY920    04/04/2026  15:11:45:43                                  Page   17

   865         78  COB-SCR-PAGE-UP                  VALUE  2001.
   866         78  COB-SCR-PAGE-DOWN                VALUE  2002.
   867         78  COB-SCR-KEY-UP                   VALUE  2003.
   868         78  COB-SCR-KEY-DOWN                 VALUE  2004.
   869         78  COB-SCR-ESC                      VALUE  2005.
   870         78  COB-SCR-PRINT                    VALUE  2006.
   871         78  COB-SCR-TAB                      VALUE  2007.
   872         78  COB-SCR-BACK-TAB                 VALUE  2008.
   873         78  COB-SCR-KEY-LEFT                 VALUE  2009.
   874         78  COB-SCR-KEY-RIGHT                VALUE  2010.
   875        *>  The following exception keys are currently *only* returned
   876        *>  on ACCEPT OMITTED
   877         78  COB-SCR-INSERT                   VALUE  2011.
   878         78  COB-SCR-DELETE                   VALUE  2012.
   879         78  COB-SCR-BACKSPACE                VALUE  2013.
   880         78  COB-SCR-KEY-HOME                 VALUE  2014.
   881         78  COB-SCR-KEY-END                  VALUE  2015.
   882        *>  Exception keys for mouse handling
   883         78  COB-SCR-MOUSE-MOVE               VALUE  2040.
   884         78  COB-SCR-LEFT-PRESSED             VALUE  2041.
   885         78  COB-SCR-LEFT-RELEASED            VALUE  2042.
   886         78  COB-SCR-LEFT-DBL-CLICK           VALUE  2043.
   887         78  COB-SCR-MID-PRESSED              VALUE  2044.
   888         78  COB-SCR-MID-RELEASED             VALUE  2045.
   889         78  COB-SCR-MID-DBL-CLICK            VALUE  2046.
   890         78  COB-SCR-RIGHT-PRESSED            VALUE  2047.
   891         78  COB-SCR-RIGHT-RELEASED           VALUE  2048.
   892         78  COB-SCR-RIGHT-DBL-CLICK          VALUE  2049.
   893         78  COB-SCR-SHIFT-MOVE               VALUE  2050.
   894         78  COB-SCR-SHIFT-LEFT-PRESSED       VALUE  2051.
   895         78  COB-SCR-SHIFT-LEFT-RELEASED      VALUE  2052.
   896         78  COB-SCR-SHIFT-LEFT-DBL-CLICK     VALUE  2053.
   897         78  COB-SCR-SHIFT-MID-PRESSED        VALUE  2054.
   898         78  COB-SCR-SHIFT-MID-RELEASED       VALUE  2055.
   899         78  COB-SCR-SHIFT-MID-DBL-CLICK      VALUE  2056.
   900         78  COB-SCR-SHIFT-RIGHT-PRESSED      VALUE  2057.
   901         78  COB-SCR-SHIFT-RIGHT-RELEASED     VALUE  2058.
   902         78  COB-SCR-SHIFT-RIGHT-DBL-CLICK    VALUE  2059.
   903         78  COB-SCR-CTRL-MOVE                VALUE  2060.
   904         78  COB-SCR-CTRL-LEFT-PRESSED        VALUE  2061.
   905         78  COB-SCR-CTRL-LEFT-RELEASED       VALUE  2062.
   906         78  COB-SCR-CTRL-LEFT-DBL-CLICK      VALUE  2063.
   907         78  COB-SCR-CTRL-MID-PRESSED         VALUE  2064.
   908         78  COB-SCR-CTRL-MID-RELEASED        VALUE  2065.
   909         78  COB-SCR-CTRL-MID-DBL-CLICK       VALUE  2066.
   910         78  COB-SCR-CTRL-RIGHT-PRESSED       VALUE  2067.
   911         78  COB-SCR-CTRL-RIGHT-RELEASED      VALUE  2068.
   912         78  COB-SCR-CTRL-RIGHT-DBL-CLICK     VALUE  2069.
   913         78  COB-SCR-ALT-MOVE                 VALUE  2070.
   914         78  COB-SCR-ALT-LEFT-PRESSED         VALUE  2071.
   915         78  COB-SCR-ALT-LEFT-RELEASED        VALUE  2072.
   916         78  COB-SCR-ALT-LEFT-DBL-CLICK       VALUE  2073.
   917         78  COB-SCR-ALT-MID-PRESSED          VALUE  2074.
   918         78  COB-SCR-ALT-MID-RELEASED         VALUE  2075.
ACS Cobol Xref v2.03.18          Dictionary File for PY920    04/04/2026  15:11:45:43                                  Page   18

   919         78  COB-SCR-ALT-MID-DBL-CLICK        VALUE  2076.
   920         78  COB-SCR-ALT-RIGHT-PRESSED        VALUE  2077.
   921         78  COB-SCR-ALT-RIGHT-RELEASED       VALUE  2078.
   922         78  COB-SCR-ALT-RIGHT-DBL-CLICK      VALUE  2079.
   923         78  COB-SCR-WHEEL-UP                 VALUE  2080.
   924         78  COB-SCR-WHEEL-DOWN               VALUE  2081.
   925        *>78 COB-SCR-WHEEL-LEFT               VALUE  2082.  *reserved*
   926        *>78 COB-SCR-WHEEL-RIGHT              VALUE  2083.  *reserved*
   927         78  COB-SCR-SHIFT-WHEEL-UP           VALUE  2084.
   928         78  COB-SCR-SHIFT-WHEEL-DOWN         VALUE  2085.
   929        *>78 COB-SCR-SHIFT-WHEEL-LEFT         VALUE  2086.  *reserved*
   930        *>78 COB-SCR-SHIFT-WHEEL-RIGHT        VALUE  2087.  *reserved*
   931         78  COB-SCR-CTRL-WHEEL-UP            VALUE  2088.
   932         78  COB-SCR-CTRL-WHEEL-DOWN          VALUE  2089.
   933        *>78 COB-SCR-CTRL-WHEEL-LEFT          VALUE  2090.  *reserved*
   934        *>78 COB-SCR-CTRL-WHEEL-RIGHT         VALUE  2091.  *reserved*
   935         78  COB-SCR-ALT-WHEEL-UP             VALUE  2092.
   936         78  COB-SCR-ALT-WHEEL-DOWN           VALUE  2093.
   937        *>78 COB-SCR-ALT-WHEEL-LEFT           VALUE  2094.  *reserved*
   938        *>78 COB-SCR-ALT-WHEEL-RIGHT          VALUE  2095.  *reserved*
   939        *>  Input validation - Values 8xxx
   940         78  COB-SCR-NO-FIELD                 VALUE  8000.
   941         78  COB-SCR-TIME-OUT                 VALUE  8001.
   942        *>  Other errors - Values 9xxx
   943         78  COB-SCR-FATAL                    VALUE  9000.
   944         78  COB-SCR-MAX-FIELD                VALUE  9001.
   945  *>
   946  *>     copy "an-accept.ws".  *> Support WS for ACCEPT_NUMERIC routine
   947  *>
   948  *>C  copy "wstime.cob".
   949   01  ws-time.
   950       03  wsa-date.
   951         05  wsa-yy        pic 99.
   952         05  wsa-mm        pic 99.
   953         05  wsa-dd        pic 99.
   954       03  wsb-time.
   955         05  wsb-hh        pic 99.
   956         05  wsb-mm        pic 99.
   957         05  wsb-ss        pic 99.
   958         05  filler        pic xx.
   959       03  wsd-time.
   960         05  wsd-hh        pic 99.
   961         05  wsd-sa        pic x  value ":".
   962         05  wsd-mm        pic 99.
   963         05  wsd-sb        pic x  value ":".
   964         05  wsd-ss        pic 99.
   965  *>
   966   01  wse-date-block.
   967       03  wse-date.
   968           05  wse-year    pic 9(4).
   969           05  wse-month   pic 99.
   970           05  wse-days    pic 99.
   971       03  WSE-Date-9 redefines wse-date
   972                           pic 9(8).
ACS Cobol Xref v2.03.18          Dictionary File for PY920    04/04/2026  15:11:45:43                                  Page   19

   973       03  wse-time.
   974           05  wse-hh      pic 99.
   975           05  wse-mm      pic 99.
   976           05  wse-ss      pic 99.
   977       03  filler          pic x(7).
   978  *>
   979
   980  *>  ACAS for IRS FH support CoA Ledgers
   981  *>C  copy "irswsnl.cob" replacing NL-Record by WS-IRSNL-Record.
   982  *>*******************************************
   983  *>                                          *
   984  *>  Working Storage for the Nominal Ledger  *
   985  *>                                          *
   986  *>*******************************************
   987  *> Chgd 16/01/09 money to 99M
   988  *>
   989   01
   990   WS-IRSNL-Record.
   991       03  NL-Key.
   992           05  NL-Owning      pic 9(5).
   993           05  NL-Sub-Nominal pic 9(5).
   994       03  NL-Type            pic x.
   995           88  Owner                   value is "O".
   996           88  Sub                     value is "S".
   997       03  NL-Data.
   998           05  NL-Name        pic x(24).
   999           05  NL-DR          pic 9(8)v99   comp.
  1000           05  NL-CR          pic 9(8)v99   comp.
  1001           05  NL-DR-Last     pic 9(8)v99   comp  occurs  4.
  1002           05  NL-CR-Last     pic 9(8)v99   comp  occurs  4.
  1003           05  NL-AC          pic x.
  1004       03  filler  redefines  NL-Data.
  1005           05  NL-Pointer     pic 9(5).
  1006  *>
  1007  *>>W Msg29 Caution: One or more replacing sources not found
  1008  *> ACAS for  GL FH  support CoA Ledgers
  1009  *>C  copy "wsledger.cob".
  1010  *>*******************************************
  1011  *>                                          *
  1012  *>    WS definition for the General/Nominal *
  1013  *>             Ledger file                  *
  1014  *>                                          *
  1015  *>*******************************************
  1016  *> 27/01/09 vbc - file-id to select
  1017  *> 04/01/17 vbc - Taken from fdledger.
  1018  *> 07/01/17 vbc - Added new field ledger-key9.
  1019  *> 31/01/18 vbc - Resized to 126 bytes.
  1020  *>
  1021   01  WS-Ledger-Record.
  1022       03  WS-Ledger-Key.
  1023           05  WS-Ledger-Nos    pic 9(6).
  1024  *>*******************************************
  1025           05  filler  redefines  WS-Ledger-Nos.
  1026               07  Ledger-n  pic 9(4).
ACS Cobol Xref v2.03.18          Dictionary File for PY920    04/04/2026  15:11:45:43                                  Page   20

  1027               07  Ledger-s  pic 9(2).
  1028  *>*******************************************
  1029           05  Ledger-PC     pic 9(2).
  1030       03  WS-Ledger-Key9 redefines WS-Ledger-Key
  1031                             pic 9(8).
  1032       03  Ledger-Type       pic 9.
  1033       03  Ledger-Place      pic x.
  1034       03  Ledger-Level      pic 9.
  1035       03  filler            pic x(5).
  1036       03  Ledger-Name       pic x(24).
  1037       03  Ledger-Balance    pic s9(8)v99   comp-3.
  1038       03  Ledger-Last       pic s9(8)v99   comp-3.
  1039       03  Quarters.
  1040           05  Ledger-Q1     pic s9(8)v99   comp-3.
  1041           05  Ledger-Q2     pic s9(8)v99   comp-3.
  1042           05  Ledger-Q3     pic s9(8)v99   comp-3.
  1043           05  Ledger-Q4     pic s9(8)v99   comp-3.
  1044       03  filler redefines Quarters.
  1045           05  Ledger-Q      pic s9(8)v99   comp-3   occurs  4.
  1046       03  filler            pic x(50).
  1047  *>
  1048   linkage section.
  1049  *>***************
  1050  *>
  1051  *>C  copy "wscall.cob".
  1052  *> 14/03/18 vbc - 1.01   WS-CD-Args for passing extra info to called process
  1053  *>                        that will help in a cron call by time via menu
  1054  *>                        program. picked by position within WS-Args.
  1055  *> 14/11/25 vbc - 1.02 - Chg WS-Term-Code from 9 to 99.
  1056  *>
  1057   01  WS-Calling-Data.
  1058       03  WS-Called       pic x(8).
  1059       03  WS-Caller       pic x(8).
  1060       03  WS-Del-Link     pic x(8).
  1061       03  WS-Term-Code    pic 99.
  1062  *>                                 new 18/5/13
  1063       03  WS-Process-Func pic 9.
  1064       03  WS-Sub-Function pic 9.
  1065       03  WS-CD-Args      pic x(13).    *> Changed / Added 14/03/18
  1066  *>
  1067  *>C  copy "wssystem.cob"   replacing System-Record by WS-System-Record.
  1068  *>
  1069  *>*******************************************
  1070  *>                                          *
  1071  *>  Record Definition For The System File   *
  1072  *>                                          *
  1073  *>*******************************************
  1074  *>  File size 1024 with fillers
  1075  *>   Cleared down update details 01/02/09 to 12/06/13
  1076  *>
  1077  *> 22/09/15 vbc - Added Param-Restrict (Access) within a current filler.
  1078  *>                Set this will stop display of option Z in sub-system menus.
  1079  *>                Need to detect actual user though when setup or could just use
  1080  *>                chown for sys002 to admin user?
ACS Cobol Xref v2.03.18          Dictionary File for PY920    04/04/2026  15:11:45:43                                  Page   21

  1081  *> 25/06/16 vbc - Added RDBMS-Port & needs RDBMS-Host, RDBMS-Socket.
  1082  *>                Increased 'System-data' from 384 to 512 bytes & removed O/E
  1083  *>                  Block (128) as it is unused.
  1084  *> 26/06/16 vbc - Updated MySQL Load scripts ACASDB.sql in ACAS/mysql.
  1085  *>                  Prima is yet to be done !!!
  1086  *> 19/10/16 vbc - Changed PL-Approp-AC in IRS block from 9(5) to 9(6) for GL
  1087  *>                support & reduced filler by 1.
  1088  *>                With IRS data mapped into ACAS the IRS block can reduce to 32 bytes
  1089  *>                Just need to change all of the IRS programs to use ACAS fields but
  1090  *>                also NEED to change the date processing to use same in rest of ACAS
  1091  *>                and not binary days since 01/01/2000 and hold dates in dd/mm/yy form.
  1092  *>                Added 2 88s to Op-System for IRS.
  1093  *> 27/10/16 vbc - Changed level-5 to IRS instead of omitted O/E.
  1094  *> 15/01/18 vbc - Added Stats-Date-Period with a filler & vers = 14.
  1095  *> 02/02/18 vbc - Replaced file-statuses with filler x(32).
  1096  *> 10/02/18 vbc - For PL-Approp-AC6 move filler to beginning of field as irs
  1097  *>                does not need the leading digit (uses only 5).
  1098  *> 17/03/18 vbc - Added SL-Invoice-Lines within last filler so gone from 45 to 43.
  1099  *> 18/03/18 vbc - Added false for Level-5 & 6, e.g., zero.
  1100  *> 06/06/18 vbc - Added six new fields as bin-long to support for G-L and IRS used at same time.
  1101  *>                RDBMS needs to be updated. Done 06/06/16 -> Mariadb backups.
  1102  *>                sys002 needs to be updated if implemented.
  1103  *>                systemMT needs to be updated (in un/load moves).
  1104  *> 03/06/20 vbc - Changes to some RDBMS values.
  1105  *> 10/12/22 vbc - Remove File-Duplicates-In-Use - not used.
  1106  *> 14/04/23 vbc - SL-Autogen added (& PL-Autogen) both using FILLER space.
  1107  *> 15/05/23 vbc - SL-Next-Rec and PL-Next-Rec bin-short unsigned for next Autogen record key.
  1108  *> 26/06/23 vbc - Added Company-Email repacing filler.
  1109  *> 09/09/23 vbc - Pre support for OE but as comments for now as will not be used in ACAS - pointless.
  1110  *> 10/09/23 vbc - Removed condition Payroll-No as not used.
  1111  *> 13/03/24 vbc - In fillers added fields SL-BO-Flag and Stk-BO-Active,
  1112  *> 18/12/24 vbc - Clean up remd out texts & added Co. Phone No reducing filler.
  1113  *> 14/11/25 vbc - Support for Payroll in use that replaces OE usage as not needed.
  1114  *>
  1115   01
  1116   WS-System-Record.
  1117  *>******************
  1118  *>   System Data   *
  1119  *>******************
  1120       03  System-Data-Block.               *>  512 bytes (25/06/16)
  1121   05
  1122   WS-System-Record-Version-Prime
  1123
  1124
  1125   binary-char.
  1126   05
  1127   WS-System-Record-Version-Secondary
  1128   binary-char.
  1129           05  Vat-Rates                    comp.
  1130               07 Vat-Rate-1   pic 99v99.   *> Standard rate
  1131               07 Vat-Rate-2   pic 99v99.   *> Reduced rate
  1132               07 Vat-Rate-3   pic 99v99.   *> Minimal or exempt
  1133               07 Vat-Rate-4   pic 99v99.   *> 2b used for local sales tax   Not UK
  1134               07 Vat-Rate-5   pic 99v99.   *> 2b used for local sales tax   Not UK
ACS Cobol Xref v2.03.18          Dictionary File for PY920    04/04/2026  15:11:45:43                                  Page   22

  1135           05  Vat-Rate redefines Vat-Rates pic 99v99 comp occurs 5.
  1136           05  Cyclea          binary-char.  *> 99.
  1137           05  Scycle Redefines cyclea  binary-char.
  1138           05  Period          binary-char.  *> 99.
  1139           05  Page-Lines      binary-char  unsigned. *> 999. Portrait / default
  1140           05  Next-Invoice    binary-long. *> 9(8) comp.
  1141           05  Run-Date        binary-long. *> 9(8) comp.
  1142           05  Start-Date      binary-long. *> 9(8) comp.
  1143           05  End-Date        binary-long. *> 9(8) comp.
  1144           05  Suser.                       *> IRS
  1145               07  Usera       pic x(32).
  1146           05  User-Code       pic x(32).   *> encrypted username not used on OS versions so also b 4 client?
  1147           05  Address-1       pic x(24).
  1148           05  Address-2       pic x(24).
  1149           05  Address-3       pic x(24).
  1150           05  Address-4       pic x(24).
  1151           05  Post-Code       pic x(12).   *> or ZipCode size should cover all countries
  1152           05  Country         pic x(24).
  1153           05  Print-Spool-Name pic x(48).
  1154           05  Phone-No        pic x(12).  *> added 21/10/25 reducing filler.
  1155           05  FILLER          pic x(20).
  1156           05  Pass-Value      pic 9.
  1157           05  Level.
  1158               07  Level-1     pic 9.
  1159                   88  G-L                    value 1.    *> General (Nominal) ledger
  1160               07  Level-2     pic 9.
  1161                   88  B-L                    value 1.    *> Purchase (Payables) ledger
  1162               07  Level-3     pic 9.
  1163                   88  S-L                    value 1.    *> Sales (Receivables) ledger
  1164               07  Level-4     pic 9.
  1165                   88  Stock                  value 1.    *> Stock Control (Inventory)
  1166               07  Level-5     pic 9.
  1167                   88  IRS                    value 1.    *> IRS used (instead of General).
  1168                   88  IRS-No                 value zero. *> IRS NOT Used.
  1169               07  Level-6     pic 9.
  1170                   88  Payroll                value 1.    *> Payroll - USA
  1171           05  Pass-Word       pic x(4).
  1172           05  Host            pic 9.
  1173               88  Multi-User                 value 1.
  1174           05  Op-System       pic 9.
  1175               88  valid-os-type              values 1 2 3 4 5 6.
  1176               88  No-OS                      value zero.
  1177               88  Dos                        value 1.
  1178               88  Windows                    value 2.
  1179               88  Mac                        value 3.
  1180               88  Os2                        value 4.
  1181               88  Unix                       value 5.
  1182               88  Linux                      value 6.
  1183               88  OS-Single                  values 1 2 4.
  1184           05  Current-Quarter pic 9.
  1185           05  RDBMS-Flat-Statuses.
  1186               07  File-System-Used  pic 9.
  1187                   88  FS-Cobol-Files-Used    value zero.
  1188                   88  FS-MySql-Used          value 1.
ACS Cobol Xref v2.03.18          Dictionary File for PY920    04/04/2026  15:11:45:43                                  Page   23

  1189                                            *> THESE NOT IN USE at this time
  1190                   88  FS-RDBMS-Used          value 1.  *> Was generic
  1191  *>                 88  FS-Oracle-Used         value 3.  *> ditto   -  change values to order in which
  1192  *>                 88  FS-Postgres-Used       value 2.  *> ditto       they are implemented
  1193  *>                 88  FS-DB2-Used            value 4.  *> ditto        or made available
  1194  *>                 88  FS-MS-SQL-Used         value 5.  *> ditto
  1195  *>                 88  FS-ODBC-Used           value 6.  *> ditto
  1196                   88  FS-Valid-Options       values 0 thru 1.    *> 5. (not in use unless 1-5)
  1197               07  File-Duplicates-In-Use pic 9.           *> No longer in use
  1198                   88  FS-Duplicate-Processing value 1.    *>  Ditto
  1199           05  Maps-Ser.      *> Not needed in OpenSource version, = 9999 (No Maintenance Contract]
  1200               07  Maps-Ser-xx pic xx.        *> Allows for 36^2  customers = 60,466,176
  1201               07  Maps-Ser-nn binary-short.  *>     x  129600 - 2  - Very very large.
  1202           05  Date-Form       pic 9.
  1203               88  Date-Valid-Formats         values 1 2 3.
  1204           05  Data-Capture-Used pic 9.
  1205               88  DC-Cobol-Standard          value zero.
  1206               88  DC-GUI                     value 1.
  1207               88  DC-Widget                  value 2.
  1208           05  RDBMS-DB-Name   pic x(12)      value "ACASDB".     *> change in setup
  1209           05  RDBMS-User      pic x(12)      value "ACAS-User".  *> change in setup
  1210           05  RDBMS-Passwd    pic x(12)      value "PaSsWoRd".   *> change in setup
  1211           05  VAT-Reg-Number  pic x(11)      value spaces.
  1212           05  Param-Restrict  pic x.                             *> Only via ACAS?
  1213           05  RDBMS-Port      pic x(5)       value "3306".       *> change in setup
  1214           05  RDBMS-Host      pic x(32)      value spaces.       *> change in setup
  1215           05  RDBMS-Socket    pic x(64)      value spaces.       *> change in setup v3
  1216           05  Stats-Date-Period pic 9(4).                      *> added 15/01/18.
  1217           05  Company-Email   pic x(30).                         *> changed from filler 26/06/23
  1218  *>***************
  1219  *>   G/L Data   *
  1220  *>***************
  1221       03  General-Ledger-Block.               *> 80 bytes
  1222           05  P-C             pic x.
  1223               88  Profit-Centres             value "P".
  1224               88  Branches                   value "B".
  1225           05  P-C-Grouped     pic x.
  1226               88  Grouped                    value "Y".
  1227           05  P-C-Level       pic x.
  1228               88  Revenue-Only               value "R".
  1229           05  Comps           pic x.
  1230               88  Comparatives               value "Y".
  1231           05  Comps-Active    pic x.
  1232               88  Comparatives-Active        value "Y".
  1233           05  M-V             pic x.
  1234               88  Minimum-Validation         value "Y".
  1235           05  Arch            pic x.
  1236               88  Archiving                  value "Y".
  1237           05  Trans-Print     pic x.
  1238               88  Mandatory                  value "Y".
  1239           05  Trans-Printed   pic x.
  1240               88  Trans-Done                 value "Y".
  1241           05  Header-Level    pic 9.                      *> Not directly used in sys002 but anywhere ?
  1242           05  Sales-Range     pic 9.
ACS Cobol Xref v2.03.18          Dictionary File for PY920    04/04/2026  15:11:45:44                                  Page   24

  1243           05  Purchase-Range  pic 9.
  1244           05  Vat             pic x.
  1245               88  Auto-Vat                   value "Y".
  1246           05  Batch-Id        pic x.
  1247               88  Preserve-Batch             value "Y".
  1248           05  Ledger-2nd-Index pic x.                     *> But file uses SINGLE INDEX only & gl030 uses a table.
  1249               88  Index-2                    value "Y".
  1250           05  IRS-Instead     pic x.
  1251               88  IRS-Used                   value "Y".
  1252               88  IRS-Both-Used              value "B".   *> 26/11/16
  1253           05  Ledger-Sec      binary-short.  *> 9(4) comp
  1254           05  Updates         binary-short.  *> 9(4) comp
  1255           05  Postings        binary-short.  *> 9(4) comp
  1256           05  Next-Batch      binary-short.  *> 9(4) comp  should be unsigned used for all ledgers
  1257           05  Extra-Charge-Ac binary-long.   *> 9(8) comp        NOTHING IS USING THIS FIELD IN SALES or PURCHASE
  1258           05  Vat-Ac          binary-long.   *> 9(8) comp
  1259           05  Print-Spool-Name2 pic x(48).
  1260  *>******************
  1261  *>   P(B)/L Data   *
  1262  *>******************
  1263       03  Purchase-Ledger-Block.             *> 88 bytes
  1264           05  Next-Folio      binary-long.   *> 9(8) comp
  1265           05  BL-Pay-Ac       binary-long.   *> 9(8) comp
  1266           05  P-Creditors     binary-long.   *> 9(8) comp
  1267           05  BL-Purch-Ac     binary-long.   *> 9(8) comp
  1268           05  BL-End-Cycle-Date binary-long. *> 9(8) comp
  1269           05  BL-Next-Batch   binary-short.  *> 9(4) comp  should be unsigned - unused ?
  1270           05  Age-To-Pay      binary-char.   *> 9(4) comp should be unsigned
  1271           05  Purchase-Ledger pic x.
  1272               88  P-L-Exists                 value "Y".
  1273           05  PL-Delim        pic x.
  1274           05  Entry-Level     pic 9.
  1275           05  P-Flag-A        pic 9.
  1276           05  P-Flag-I        pic 9.
  1277           05  P-Flag-P        pic 9.
  1278           05  PL-Stock-Link   pic x.
  1279           05  Print-Spool-Name3 pic x(48).
  1280           05  PL-Autogen      pic x          value space.        *> added 14/04/23 NOT USED YET
  1281           05  PL-Next-Rec     binary-short unsigned.            *> 2 bytes 0 - 65k
  1282           05  FILLER          pic x(7).
  1283  *>***************
  1284  *>   S/L Data   *
  1285  *>***************
  1286       03  Sales-Ledger-Block.                *> 128 bytes
  1287           05  Sales-Ledger    pic x.
  1288               88  S-L-Exists                 value "Y".
  1289           05  SL-Delim        pic x.
  1290           05  Oi-3-Flag       pic x.         *> 'Y' used in sl060 why?
  1291           05  Cust-Flag       pic x.
  1292           05  Oi-5-Flag       pic x.
  1293           05  S-Flag-Oi-3     pic x.         *> 'Z' when otm3 created, used in sl060 why? NO LONGER USED
  1294           05  Full-Invoicing  pic 9.
  1295           05  S-Flag-A        pic 9.         *> '1' used in sl060 why?
  1296           05  S-Flag-I        pic 9.         *> '2' used in sl060 why?
ACS Cobol Xref v2.03.18          Dictionary File for PY920    04/04/2026  15:11:45:44                                  Page   25

  1297           05  S-Flag-P        pic 9.
  1298           05  SL-Dunning      pic 9.
  1299           05  SL-Charges      pic 9.
  1300           05  Sl-Own-Nos      pic x.
  1301           05  SL-Stats-Run    pic 9.
  1302           05  Sl-Day-Book     pic 9.
  1303           05  invoicer        pic 9.
  1304               88  I-Level-0                  value 0.  *> show totals only (no net & vat) not used?
  1305               88  I-Level-1                  value 1.  *> Show net, vat
  1306               88  I-Level-2                  value 2.  *> show Details + vat etc looks wrong in sl910 totals only (no net & vat)
  1307               88  Not-Invoicing              value 9.  *> show totals only (no net & vat) but not found yet nor level 3 (see sl900)
  1308           05  Extra-Desc      pic x(14).
  1309           05  Extra-Type      pic x.
  1310               88  Discount                   value "D".
  1311               88  Charge                     value "C".
  1312           05  Extra-Print     pic x.
  1313           05  SL-Stock-Link   pic x.
  1314           05  SL-Stock-Audit  pic x.
  1315               88  Stock-Audit-On             value "Y".   *> Invoicing will create an audit record (15/05/13)
  1316           05  SL-Late-Per     pic 99v99    comp.
  1317           05  SL-Disc         pic 99v99    comp.
  1318           05  Extra-Rate      pic 99v99    comp.
  1319           05  SL-Days-1       binary-char.    *> 999  comp.
  1320           05  SL-Days-2       binary-char.    *> 999  comp.
  1321           05  SL-Days-3       binary-char.    *> 999  comp.
  1322           05  SL-Credit       binary-char.    *> 999  comp.
  1323           05  FILLER          binary-short.   *> No longer used.
  1324           05  SL-Min          binary-short.   *> 9999  comp.
  1325           05  SL-Max          binary-short.   *> 9999  comp.
  1326           05  PF-Retention    binary-short.   *> 9999  comp.
  1327           05  First-Sl-Batch  binary-short.   *> 9999  comp.   *>unused ?
  1328           05  First-Sl-Inv    binary-long.    *> 9(8) comp.
  1329           05  SL-Limit        binary-long.    *> 9(8) comp.
  1330           05  SL-Pay-Ac       binary-long.    *> 9(8) comp.
  1331           05  S-Debtors       binary-long.    *> 9(8) comp.
  1332           05  SL-Sales-Ac     binary-long.    *> 9(8) comp.
  1333           05  S-End-Cycle-Date binary-long.   *> 9(8) comp.
  1334           05  SL-Comp-Head-Pick Pic x.
  1335               88  SL-Comp-Pick               value "Y".
  1336           05  SL-Comp-Head-Inv  pic x.
  1337               88  SL-Comp-Inv                value "Y".
  1338           05  SL-Comp-Head-Stat pic x.
  1339               88  SL-Comp-Stat               value "Y".
  1340           05  SL-Comp-Head-Lets pic x.
  1341               88  SL-Comp-Lets               value "Y".
  1342           05  SL-VAT-Printed  pic x.
  1343               88  SL-VAT-Prints              value "Y".
  1344           05  SL-Invoice-Lines pic 99.
  1345           05  SL-Autogen      pic x          value space.        *> added 14/04/23
  1346           05  SL-Next-Rec     binary-short unsigned.             *> 2 bytes 0 - 65k
  1347           05  SL-BO-Flag      pic x          value space.      *> support for Back Ordering - may be = Y for true.
  1348           05  SL-BO-Default   pic x.
  1349           05  FILLER          pic X(14).                       *> was x (16)
  1350  *> GL overflow
ACS Cobol Xref v2.03.18          Dictionary File for PY920    04/04/2026  15:11:45:44                                  Page   26

  1351           05  GL-BL-Pay-Ac    binary-long.    *> 9(8) comp    THESE 6 ADDED 06/06/18 to poss. support GL and IRS
  1352           05  GL-P-Creditors  binary-long.    *> 9(8) comp    RUNNING at same time.
  1353           05  GL-BL-Purch-Ac  binary-long.    *> 9(8) comp
  1354           05  GL-SL-Pay-Ac    binary-long.    *> 9(8) comp.
  1355           05  GL-S-Debtors    binary-long.    *> 9(8) comp.
  1356           05  GL-SL-Sales-Ac  binary-long.    *> 9(8) comp.
  1357  *>***************
  1358  *> Stock Data   *
  1359  *>***************
  1360  *>
  1361       03  Stock-Control-Block.                *> 88 bytes
  1362           05  Stk-Abrev-Ref   pic x(6).
  1363           05  Stk-Debug       pic 9.          *> T/F (1/0).
  1364           05  Stk-Manu-Used   pic 9.          *> T/F (Bomp/Wip)
  1365           05  Stk-OE-Used     pic 9.          *> T/F.
  1366           05  Stk-Audit-Used  pic 9.          *> T/F.
  1367           05  Stk-Mov-Audit   pic 9.          *> T/F.
  1368           05  Stk-Period-Cur  pic x.          *> M=Monthly, Q=Quarterly, Y=Yearly
  1369           05  Stk-Period-dat  pic x.          *>  --  ditto  --
  1370           05  FILLER          pic x.          *> was stk-date-form
  1371           05  Stock-Control   pic x.
  1372               88  Stock-Control-Exists   value "Y".
  1373           05  Stk-Averaging   pic 9.          *> T/F.
  1374               88  Stock-Averaging        value 1.
  1375           05  Stk-Activity-Rep-Run pic 9.     *> T/F.  =17 bytes 0=no, 1=add, 2=del, 3=both
  1376           05  Stk-BO-Active   pic x.          *> was filler 13/03/24
  1377           05  Stk-Page-Lines  binary-char unsigned.  *> 9999 comp. Taken from Print-Lines
  1378           05  Stk-Audit-No    binary-char unsigned.  *> 9999 comp.
  1379           05  FILLER          pic x(68).             *> 64    (just in case)
  1380           05  Client             pic x(24). 	*> 		24      *> Not needed as will use suser
  1381           05  Next-Post          pic 9(5).  	*> 		29                                                  N   5
  1382           05  Vat-Rates2.                                             *> these can be replaced by the other VAT blk
  1383               07  vat1           pic 99v99. 	*> 		33   *> Standard  changed from vat (11/06/13)
  1384               07  vat2           pic 99v99. 	*> 		37   *> reduced 1 [not yet used]
  1385               07  vat3           pic 99v99. 	*> 		41   *> reduced 2 [not yet used]
  1386           05  Vat-Group redefines Vat-Rates2.
  1387               07  Vat-Psent      pic 99v99    occurs 3.
  1388           05  FILLER redefines PL-Approp-AC6.
  1389               07  FILLER         pic 9.           *>                   loose leading char for IRS
  1390               07  PL-Approp-AC   pic 9(5).        *>                   For IRS
  1391           05  FILLER             pic x(59).       *>             128  Old fn-1 to 5 files
  1392       03  IRS-Data-Block redefines IRS-Entry-Block.
  1393           05  FILLER-Dummy4   pic x(128).
  1394  *>
  1395  *>>W Msg29 Caution: One or more replacing sources not found
  1396  *>C  copy "wsnames.cob".
  1397  *>
  1398  *> Sales, Purchase, Stock, General & now IRS for v3.3 with integrated IRS
  1399  *>    for use in xl150 and ??
  1400  *>
  1401  *>  Files used in Sales, Stock, Purchase, General & IRS
  1402  *> 17/11/16 vbc - Added IRS files + their renaming with irs prefix.
  1403  *> 04/12/16 vbc - Added irs055 sort file as file-38.
  1404  *> 09/05/23 vbc - Added PL & SL autogen (files04, 30 increased count to 38
ACS Cobol Xref v2.03.18          Dictionary File for PY920    04/04/2026  15:11:45:44                                  Page   27

  1405  *> 16/03/24 vbc - Added Sales Bo-Stk-Itm as file31  increased count to 39
  1406  *> 21/10/25 vbc - Added Payroll - USA/Canada - other files needed for elsewhere
  1407  *>                inc UK / Europe etc.
  1408  *>
  1409   01  File-Defs.
  1410       02  file-defs-a.
  1411           03  pre-trans-name   pic x(532)  value "pretrans.tmp". *> gl071
  1412           03  post-trans-name  pic x(532)  value "postrans.tmp". *> gl071
  1413  *>C  copy "file00.cob".    *> "system"
  1414       03  file-0         pic x(532)        value "system.dat".
  1415  *>                        No file 1
  1416  *>C  copy "file02.cob".    *> "archive".
  1417       03  file-2         pic x(532)        value "archive.dat".
  1418  *>C  copy "file03.cob".    *> "final".
  1419       03  file-3         pic x(532)        value "final.dat".
  1420  *>C  copy "file04.cob".    *> "SLautogen"
  1421       03  file-4         pic x(532)        value "slautogen.dat".
  1422  *>C  copy "file05.cob".    *> "ledger".
  1423       03  file-5         pic x(532)        value "ledger.dat".
  1424  *>C  copy "file06.cob".    *> "posting".
  1425       03  file-6         pic x(532)        value "posting.dat".
  1426  *>C  copy "file07.cob".    *> "batch".
  1427       03  file-7         pic x(532)        value "batch.dat".
  1428  *>C  copy "file08.cob".    *> "postings2irs.dat"
  1429       03  file-8         pic x(532)        value "postings2irs.dat".
  1430  *>C  copy "file09.cob".    *> "tmp-stock".
  1431       03  file-9         pic x(532)        value "tmp-stock.dat".
  1432  *>C  copy "file10.cob".    *> "staudit".
  1433       03  file-10        pic x(532)        value "staudit.dat".
  1434  *>C  copy "file11.cob".    *> "stockctl".
  1435       03  file-11        pic x(532)        value "stockctl.dat".
  1436  *>C  copy "file12.cob".    *> "salesled".
  1437       03  file-12        pic x(532)        value "salesled.dat".
  1438  *>C  copy "file13.cob".    *> "value.dat"
  1439       03  file-13        pic x(532)        value "value.dat".
  1440  *>C  copy "file14.cob".    *> "delivery.dat"
  1441       03  file-14        pic x(532)        value "delivery.dat".
  1442  *>C  copy "file15.cob".    *> "analysis.dat"
  1443       03  file-15        pic x(532)        value "analysis.dat".
  1444  *>C  copy "file16.cob".    *> "invoice ".
  1445       03  file-16        pic x(532)        value "invoice.dat".
  1446  *>C  copy "file17.cob".    *> "delinvno".
  1447       03  file-17        pic x(532)        value "delinvno.dat".
  1448  *>C  copy "file18.cob".    *> "openitm2".
  1449       03  file-18        pic x(532)        value "openitm2.dat".
  1450  *>C  copy "file19.cob".    *> "openitm3".
  1451       03  file-19        pic x(532)        value "openitm3.dat".
  1452  *>C  copy "file20.cob".    *> "oisort".
  1453       03  file-20        pic x(532)        value "oisort.wrk".
  1454  *>C  copy "file21.cob".    *> "work.tmp"
  1455       03  file-21        pic x(532)        value "work.tmp".
  1456  *>C  copy "file22.cob".    *> "purchled"
  1457       03  file-22        pic x(532)        value "purchled.dat".
  1458  *>C  copy "file23.cob".    *> "delfolio.dat"
ACS Cobol Xref v2.03.18          Dictionary File for PY920    04/04/2026  15:11:45:44                                  Page   28

  1459       03  file-23        pic x(532)        value "delfolio.dat".
  1460  *>C  copy "file24.cob".    *> dummy to build file-02
  1461       03  file-24        pic x(532)        value spaces.
  1462  *>                        No file 25
  1463  *>C  copy "file26.cob".    *> "pinvoice"
  1464       03  file-26        pic x(532)        value "pinvoice.dat".
  1465  *>C  copy "file27.cob".    *> "poisort"
  1466       03  file-27        pic x(532)        value "poisort.wrk".
  1467  *>C  copy "file28.cob".    *> "openitm4"
  1468       03  file-28        pic x(532)        value "openitm4.dat".
  1469  *>C  copy "file29.cob".    *> "openitm5"
  1470       03  file-29        pic x(532)        value "openitm5.dat".
  1471  *>C  copy "file30.cob".    *> "PLautogen.dat"
  1472       03  file-30        pic x(532)        value "plautogen.dat".
  1473  *>C  copy "file31.cob".    *> "boStkitm.dat" NEw 16/03/24
  1474       03  file-31        pic x(532)        value "bostkitm.dat".
  1475  *>C  copy "file32.cob".    *> "pay.dat"
  1476       03  file-32        pic x(532)        value "pay.dat".
  1477  *>C  copy "file33.cob".    *> "cheque.dat"
  1478       03  file-33        pic x(532)        value "cheque.dat".
  1479           03  file-34          pic x(532)  value "irsacnts.dat".        *> IRS ex file 1  These 4 added 19/10/16 for IRS integration
  1480           03  file-35          pic x(532)  value "irsdflt.dat".         *> IRS ex file 3  all name have 'irs' prefix.
  1481           03  file-36          pic x(532)  value "irspost.dat".         *> IRS ex file 4
  1482           03  file-37          pic x(532)  value "irsfinal.dat".        *> IRS ex file 5
  1483           03  file-38          pic x(532)  value "postsort.dat".        *> IRS ex irs055 sort file.
  1484
  1485  *> Code for Payroll  AND INCREASE occurs both times
  1486           03  file-39          pic x(532)  value "pyact.dat".               *> PY account
  1487           03  file-40          pic x(532)  value "pychk.dat".               *> PY check / bacs
  1488           03  file-41          pic x(532)  value "pycoh.dat".               *> PY company history
  1489           03  file-42          pic x(532)  value "pyded.dat".               *> PY deduction {/ earnings}
  1490           03  file-43          pic x(532)  value "pyemp.dat".               *> PY employee master
  1491           03  file-44          pic x(532)  value "pyhis.dat".               *> PY employee (pay) history
  1492           03  file-45          pic x(532)  value "pyhrs.dat".               *> PY pay trans
  1493           03  file-46          pic x(532)  value "pypay.dat".               *> PY pay detail jrn + header ???
  1494           03  file-47          pic x(532)  value "pypr1.dat".               *> PY param 1
  1495           03  file-48          pic x(532)  value "pypr2.dat".               *> PY param 2
  1496  *> TABLES Blk 1
  1497           03  file-49          pic x(532)  value "pycalm.dat".              *> PY  calx - x = s,m,h, x?
  1498           03  file-50          pic x(532)  value "pycals.dat".              *> PY
  1499           03  file-51          pic x(532)  value "pycalh.dat".              *> PY
  1500           03  file-52          pic x(532)  value "pycalx.dat".              *> PY  california special tables ???
  1501           03  file-53          pic x(532)  value "pylwt.dat".               *> PY  tax table ???
  1502           03  file-54          pic x(532)  value "pyswtaa.dat".             *> PY  swt aa = State abbrev. code Only one used
  1503           03  file-55          pic x(532)  value "pyglcoann.dat".           *> PY gl CoA transfer ??
  1504           03  file-56          pic x(532)  value "pyglgjbss.dat".           *> PY  ???
  1505  *> Not sure about these two up/down
  1506             03  file-57          pic x(532)  value "pycal.dat".             *> PY  ??? calm,s,h etc
  1507  *>
  1508       02  filler         redefines file-defs-a.
  1509           03  System-File-Names   pic x(532) occurs 58.            *> 39 chg for sales BO file plus py
  1510       02  File-Defs-Count         binary-short value 58.           *> MUST be the same as above occurs
  1511       02  File-Defs-os-Delimiter  pic x.                           *> if = \ or / then paths have been set.
  1512  *>
ACS Cobol Xref v2.03.18          Dictionary File for PY920    04/04/2026  15:11:45:44                                  Page   29

  1513  *>
  1514   01  To-Day              pic x(10).
  1515  *>
  1516   Report section.
  1517  *>**************
  1518  *>
  1519   RD  Account-File-Report
  1520       control    Final
  1521       Page Limit Page-Lines
  1522       Heading 1
  1523       First Detail 8
  1524       Last  Detail WS-Page-Lines.
  1525  *>
  1526   01  Report-Head-Group Type Page Heading.
  1527  *> Print layouts to 80 cols Portrait
  1528  *>
  1529       03  Line 1.
  1530           05  col  1      pic x(17)   source Prog-Name.
  1531           05  col 33      pic x(19)   value "Account File Report".
  1532           05  col 73      pic x(5)    value "Page ".
  1533           05  col 78      pic zz9     source Page-Counter.
  1534  *>
  1535       03  line 2.
  1536           05  col 33      pic x(19)   value "ACAS Payroll System".
  1537  *>
  1538       03  line 3.
  1539           05  col  1      pic x(40)   source UserA.
  1540           05  col 62      pic x(10)   source U-Date.
  1541           05  col 73      pic x(8)    source WSD-Time.
  1542  *>
  1543       03  line 5.
  1544           05  col  1      pic x(5)     value " Acct".
  1545           05  col 11      pic x(6)     value "IRS/GL".
  1546           05  col 30      pic x(6)     value "IRS/GL".
  1547  *>
  1548       03  line 6.
  1549           05  col  1      pic x(6)     value "Number".
  1550           05  col 11      pic x(7)     value "Account".
  1551           05  col 30      pic x(4)     value "Name".
  1552  *>
  1553   01  Account-Detail type detail.  *> print every line
  1554       03  line plus 1.
  1555           05      col   3 pic z9       source Act-No.
  1556           05      col  12 pic 9(6)     source Act-GL-No.
  1557           05      col  30 pic x(24)    source Act-Desc.
  1558  *>
  1559  *>  Reminder of how, etc also see st010rw-3.02.cbl in RW  or from IRS (RW folders)
  1560   *>    03  WIP-Data    line plus 1
  1561   *>           present when Stock-Services-Flag not = "Y"
  1562   *>                    and (Stock-Construct-Bundle not = zero
  1563   *>                     or Stock-Under-Construction not = zero
  1564   *>                     or Stock-Work-in-Progress not = zero
  1565   *>                     or Stock-Construct-Item not = spaces).
  1566   *>        05  rd-Wip-Data col   1     pic x(132)  value spaces.
ACS Cobol Xref v2.03.18          Dictionary File for PY920    04/04/2026  15:11:45:44                                  Page   30

  1567  *>
  1568   01  type control Footing Final line plus 2.
  1569       03  col 1           pic x(25)    value "Total - Account Records :".
  1570       03  col 25          pic z9       source WS-Rec-Cnt.
  1571  *>
  1572   01  type control Footing Final line plus 2.
  1573       03  col 1           pic x(21)    value "*** End of Report ***".
  1574  *>
  1575   screen section.
  1576  *>
  1577   01  Display-Heads                background-color cob-color-black
  1578                                    foreground-color 3
  1579                                    erase eos.
  1580       03  from  Prog-Name  pic x(15)  line  1 col  1 foreground-color 2.
  1581       03  value "Payroll Parameter Set Up"    col 29.
  1582       03  from  U-Date     pic x(10)          col 71 foreground-color 2.
  1583       03  from  Usera      pic x(32)  line  3 col  1.
  1584  *>
  1585   01  SS-Param-Menu-3    background-color cob-color-black
  1586                          foreground-color cob-color-green
  1587                          erase eos.
  1588       03  from  Prog-Name  pic x(15)  line  1 col  1 foreground-color 2.
  1589       03  value "Account File Set Up"         col 29.
  1590       03  from  U-Date     pic x(10)          col 71 foreground-color 2.
  1591       03  from  Usera      pic x(32)  line  3 col  1.
  1592       03  value "1. Account File Maintenance"
  1593                                       line  5 col  21 erase eos.
  1594       03  value "2. Account File Report "
  1595                                       line  6 col  21.
  1596       03  value "X or Esc to quit menu option"
  1597                                       line  7 col  21.
  1598       03  value "Select Option  [ ]"  line  9 col 30.
  1599       03  using Menu-Reply    pic x   line  9 col 46 foreground-color 3.
  1600  *>
  1601  *>   NEW MENUS Here
  1602  *>
  1603  *> Done 08/11/25
  1604  *>
  1605   01  SS-Param-7-IRS-Nominal-Accounts   background-color cob-color-black
  1606                                         foreground-color cob-color-green
  1607                                         erase eos.
  1608       03  from  Prog-Name  pic x(15)                                    line  1 col  1 foreground-color 2.
  1609       03  value "Parameter Entry 2 - Accounts"                                  col 29.
  1610       03  from  U-Date     pic x(10)                                            col 71 foreground-color 2.
  1611       03  from  Usera      pic x(32)                                    line  3 col  1.
  1612       03  value "    Account Entry"                                     line  4 col 29 erase eol.
  1613       03  value "Record No      [  ] *"                                 Line  6 col  7.
  1614       03  using Act-No    pic 99                                        line  6 col 23 foreground-color 3.
  1615       03  value "Account Number:[      ] **"                            line  8 col  7.
  1616       03  using Act-GL-No pic 9(6)                                      line  8 col 23 foreground-color 3.
  1617       03  value "Account Name:  {                                 }"    line  9 col  7.
  1618       03  using Act-Desc  pic x(24)                                     line  9 col 23 foreground-color 2.
  1619       03  value "* Escape or zeros to quit Entry"                       line 11 col  1 foreground-color 6.
  1620       03  value "** Is taken from the IRS accounts and HAS to have been set up already"
ACS Cobol Xref v2.03.18          Dictionary File for PY920    04/04/2026  15:11:45:44                                  Page   31

  1621                                                                         line 13 col  1 foreground-color 6.
  1622  *>
  1623  *> Done 08/11/25
  1624  *>
  1625   01  SS-Param-7-IRS-Show-Nominal-Accounts   background-color cob-color-black
  1626                                              foreground-color cob-color-green
  1627                                              erase eos.
  1628       03  from  Prog-Name  pic x(15)                                    line  1 col  1 foreground-color 2.
  1629       03  value "Parameter Entry 2 - Accounts"                                  col 29.
  1630       03  from  U-Date     pic x(10)                                            col 71 foreground-color 2.
  1631       03  from  Usera      pic x(32)                                    line  3 col  1.
  1632       03  value "    Account Records"                                   line  4 col 29.
  1633       03  value "Entry #   Acct #   Description"                        line  6 col  1 foreground-color 3.
  1634       03  from  Act-No    pic 99                                        line  7 col  2 foreground-color 3.
  1635       03  from  Act-GL-No pic 9(6)                                      line  7 col 11 foreground-color 3.
  1636       03  from  Act-Desc  pic x(24)                                     line  7 col 20 foreground-color 2.
  1637  *>
  1638       03  Value "* Escape to quit Entry"                                line 22 col  1 foreground-color 6.
  1639  *>
  1640   procedure division using WS-Calling-Data  *> ACAS
  1641                            WS-System-Record *> ACAS
  1642                            To-Day           *> ACAS
  1643                            File-Defs.       *> ACAS
  1644  *>
  1645   aa000-Main                  section.
  1646  *>**********************************
  1647  *> Force Esc, PgUp, PgDown, PrtSC to be detected
  1648       set      ENVIRONMENT "COB_SCREEN_EXCEPTIONS" to "Y".
  1649       set      ENVIRONMENT "COB_SCREEN_ESC" to "Y".
  1650       move     current-Date to WSE-Date-block.
  1651       move     WSE-HH  to  WSD-HH.
  1652       move     WSE-MM  to  WSD-MM.
  1653       move     WSE-SS  to  WSD-SS.
  1654  *>
  1655       perform  forever
  1656                accept   WS-Env-Lines   from lines
  1657                if       WS-Env-Lines < 28
  1658                         display  SY010    at 0101 with erase eos
  1659                         accept   WS-Reply at 0133
  1660                         move     8 to WS-Term-Code
  1661                         exit perform cycle
  1662                end-if
  1663                accept   WS-Env-Columns from Columns
  1664                if       WS-Env-Columns < 80
  1665                         display  SY013    at 0101 with erase eos
  1666                         accept   WS-Reply at 0130
  1667                         move     8 to WS-Term-Code
  1668                         exit perform cycle
  1669                end-if
  1670       end-perform.
  1671  *>
  1672  *> Set up error message areas on screen
  1673  *>
  1674       subtract 2 from WS-Env-Lines giving WS-22-Lines.
ACS Cobol Xref v2.03.18          Dictionary File for PY920    04/04/2026  15:11:45:44                                  Page   32

  1675       subtract 1 from WS-Env-Lines giving WS-23-Lines.
  1676       move     WS-Env-Lines to WS-Lines.
  1677  *>
  1678  *> Pre setup params for acept_numeric routine
  1679  *>
  1680   *>    move     zeros to AN-Error-Code
  1681   *>                      AN-Return-Code.
  1682   *>    SET      AN-FG-IS-Green    to TRUE.
  1683   *>    SET      AN-BG-IS-Black    to TRUE.
  1684   *>    SET      AN-FG2-IS-Cyan    to TRUE.
  1685   *>    SET      AN-Mode-IS-Update to TRUE.    *> could be AN-MODE-IS-NO-UPDATE to
  1686  *>                                             TRUE on first use.
  1687  *>
  1688       move     1 to RRN.
  1689       open     input PY-Param1-File.
  1690       if       PY-PR1-Status not = "00"      *> Does not exist yet so lets create it & write rec
  1691                move     1 to WS-Term-Code
  1692                close    PY-Param1-File
  1693                display  PY125 at line WS-22-Lines col 1 foreground-color 4 erase eos
  1694                display  PY126 at line WS-23-Lines col 1 foreground-color 4
  1695                display  SY001 at line WS-Lines    col 1 foreground-color 2
  1696                accept   Menu-Reply at line WS-Lines col 48
  1697                goback   returning 1   *> == no param file
  1698       end-if.
  1699       read     PY-Param1-File.
  1700       if       PY-PR1-Status not = "00"
  1701                display  PY002  at line WS-23-Lines col 1 foreground-color 6 erase eos
  1702                display  PY-PR1-Status
  1703                                at line WS-23-Lines col 33
  1704                perform  ZZ040-Evaluate-Message
  1705                display  WS-Eval-Msg   at line WS-23-lines col 36
  1706                display  SY001         at line WS-Lines    col 1 foreground-color 2
  1707                accept   Menu-Reply    at line WS-Lines    col 48
  1708                goback   returning 1   *> == no param file
  1709       end-if.
  1710  *>
  1711       move     space to  Menu-Reply
  1712       move     zero  to  Return-Code.
  1713  *>
  1714  *> REMEMBER TO REOPEN PARAM FILE AND CLOSE IT AFTER A REWRITE   <<<<<<<<-------
  1715  *> before all menus other than the first one
  1716  *>
  1717   aa010-Menu.
  1718       if       Return-Code = 16
  1719                close    PY-Param1-File
  1720                go to    aa000-Exit.
  1721       display  space at 0101 with erase eos.
  1722       display  SS-Param-Menu-3.
  1723       accept   SS-Param-Menu-3.
  1724       move     UPPER-CASE (Menu-Reply) to Menu-Reply.
  1725       if       Menu-Reply = "X"
  1726          or    Cob-CRT-Status = Cob-Scr-Esc
  1727                close    PY-Param1-File
  1728                goback.
ACS Cobol Xref v2.03.18          Dictionary File for PY920    04/04/2026  15:11:45:44                                  Page   33

  1729       if       Menu-Reply = 1
  1730                perform  ab020-Py-Nominal-Accounts
  1731                go to    aa010-Menu.
  1732       if       Menu-Reply = 2
  1733                perform  aa050-Report
  1734                go to    aa010-Menu.
  1735       display  PY101 at  line WS-23-Lines col 1 erase eos foreground-color 6.
  1736       go       to aa010-Menu.
  1737  *>
  1738   aa000-Exit.  Exit section.
  1739  *>
  1740   aa050-Report                section.
  1741  *>**********************************
  1742  *>
  1743       open     input  PY-Accounts-File.
  1744       if       PY-Act-Status not = "00"
  1745                close    PY-Accounts-File
  1746                display  PY117 at line WS-23-lines col 1 with foreground-color 4 highlight erase eos
  1747                exit section
  1748       end-if
  1749       open     output Print-File.
  1750  *>
  1751       move     zero to WS-Rec-Cnt.
  1752       subtract 1 from Page-Lines giving WS-Page-Lines.
  1753       move     To-Day to U-Date.
  1754  *>
  1755       initiate Account-File-Report.
  1756       perform  aa060-Produce-Report.
  1757       terminate
  1758                Account-File-Report.
  1759       close    Print-File.
  1760       close    PY-Accounts-File
  1761       call     "SYSTEM" using Print-Report.
  1762  *>
  1763   aa050-Exit.   exit section.
  1764  *>
  1765   aa060-Produce-Report   section.
  1766  *>*****************************
  1767  *>
  1768       move     zero to WS-Rec-Cnt.
  1769       perform  forever
  1770                read     PY-Accounts-File next record
  1771                if       PY-Act-Status not = "00"   *> EOF
  1772                         exit perform
  1773                end-if
  1774                add      1 to WS-Rec-Cnt
  1775                generate Account-Detail
  1776                exit perform cycle
  1777       end-perform.
  1778  *>
  1779   aa060-Exit.  exit section.
  1780  *>
  1781   aa130-Act-File-Error.
  1782       display  PY118 at line WS-23-Lines col 1 erase eos
ACS Cobol Xref v2.03.18          Dictionary File for PY920    04/04/2026  15:11:45:44                                  Page   34

  1783                              foreground-color 6 BEEP.
  1784       display  PY-Act-Status at line WS-23-Lines col 40.
  1785       move     PY-Act-Status to PY-PR1-Status.
  1786       perform  ZZ040-Evaluate-Message.
  1787       display  WS-Eval-Msg   at line WS-23-lines col 42.
  1788       display  SY003 at line WS-lines col 01 with foreground-color cob-color-red
  1789                                                   erase eol BEEP.
  1790       accept   WS-Reply at line WS-lines col 52 AUTO.
  1791  *>
  1792  *>
  1793   ab020-Py-Nominal-Accounts   section.   *> ab code from py900
  1794  *>**********************************
  1795  *>
  1796  *>  Set up delete file for screen save/restore if used via F1 key.
  1797  *>
  1798       move     spaces to Path-Work.
  1799       string   ACAS-Path       delimited by space
  1800                "irs-temp.scr"  delimited by size
  1801                                   into Path-Work.
  1802  *>
  1803  *>  Set up or Amend PY Account file where nominal accts taken
  1804  *>   from (1)  IRS or for GL.
  1805  *>
  1806       if       PY-PR1-IRS-Used = "Y"      *> Primary & only option at this time
  1807                perform  ab030-Using-IRS
  1808       else
  1809        if      PY-PR1-GL-Used = "Y"
  1810            or  IRS-Both-Used           *> from ACAS system rec
  1811                perform  ab050-Using-GL.
  1812   *>             display  PY114   at line WS-Lines col 1 with erase eol foreground-color 4
  1813   *>             display  SY002        at line WS-Lines col 1
  1814   *>             accept   Accept-Reply at line WS-Lines col 33.
  1815  *>
  1816       if       Return-Code = 16
  1817             or WS-Term-Code = 16
  1818                goback.
  1819       go to    ab020-Exit.
  1820  *>
  1821   ab020-Exit.  exit section.
  1822  *>
  1823   ab030-Using-IRS             section.
  1824  *>**********************************
  1825  *>
  1826  *> REMEMBER to save in WS-Dflt Cash (1), Liability (2),
  1827  *>                     WS-Dflt-Cost (4) & WS-Dflt-Expense ( PY-PR1-Dflt-Dist-Acct )
  1828  *>
  1829       move     zero to Return-Code.
  1830       perform  acasirsub1-Open-Input.
  1831       if       WE-Error not = zero
  1832                display  IR912    at line WS-23-lines col 01 with foreground-color cob-color-red erase eol
  1833                display  "21" at line WS-23-lines col 52
  1834                move     21 to PY-PR1-Status
  1835                perform  ZZ040-Evaluate-Message
  1836                display  WS-Eval-Msg at line WS-23-lines col 55
ACS Cobol Xref v2.03.18          Dictionary File for PY920    04/04/2026  15:11:45:44                                  Page   35

  1837                display  SY003    at line WS-lines col 01 with foreground-color cob-color-red erase eol
  1838                accept   WS-Reply at line WS-lines col 52 AUTO
  1839                perform  acasirsub1-Close
  1840                move     16 to Return-Code
  1841                go       to ab030-Exit.                    *> Cannot continue.
  1842  *>
  1843  *>  NL nominal # preset only via IRS but numbers used are suspect.
  1844  *>   we test that these numers exist & if not, abort this function
  1845  *>  do the same if errors exist when writing record
  1846  *>  and if error happened clear the act file.
  1847  *>
  1848  *>  THEREFORE if file is zero size this routined failed regardless of what one of
  1849  *>  the four caused it.   BUT should not be happening :(
  1850  *>
  1851       move     spaces to WS-Account-Table.         *> Init Table
  1852       open     input    PY-Accounts-File.
  1853       if       PY-Act-Status not = "00"
  1854                close    PY-Accounts-File
  1855                open     output PY-Accounts-File   *> set up the default accounts
  1856                move     1 to ACT-No
  1857                move     "Cash" to ACT-Desc
  1858                move     00274  to ACT-GL-No
  1859                perform  ab035-Find-IRS-Nominal-Acct
  1860                if       we-error not = zero
  1861                         move     zeros to ACT-GL-No
  1862                else
  1863                         move     "Y" to WS-Act-Exists (ACT-No)
  1864                end-if
  1865                write    PY-Accounts-Record
  1866                if       PY-Act-Status not = "00"
  1867                         perform  aa130-Act-File-Error
  1868                         move     space to WS-Act-Exists (ACT-No)
  1869                         close    PY-Accounts-File
  1870                         open     output PY-Accounts-File
  1871                         go to    ab030-Continued
  1872                end-if
  1873                move     2 to ACT-No
  1874                move     "Accrued Liability" to ACT-Desc
  1875                move     00180 to ACT-GL-No
  1876                perform  ab035-Find-IRS-Nominal-Acct
  1877                if       we-error not = zero
  1878                         move     zeros to ACT-GL-No
  1879                else
  1880                         move     "Y" to WS-Act-Exists (ACT-No)
  1881                end-if
  1882                write    PY-Accounts-Record
  1883                if       PY-Act-Status not = "00"
  1884                         perform  aa130-Act-File-Error
  1885                         move     space to WS-Act-Exists (ACT-No)
  1886                         close    PY-Accounts-File
  1887                         open     output PY-Accounts-File
  1888                         go to    ab030-Continued
  1889                end-if
  1890                move     3 to ACT-No
ACS Cobol Xref v2.03.18          Dictionary File for PY920    04/04/2026  15:11:45:44                                  Page   36

  1891                move     "Salary Expense" to ACT-Desc
  1892                move     00315 to ACT-GL-No
  1893                perform  ab035-Find-IRS-Nominal-Acct
  1894                if       we-error not = zero
  1895                         move     zeros to ACT-GL-No
  1896                else
  1897                         move     "Y" to WS-Act-Exists (ACT-No)
  1898                end-if
  1899                write    PY-Accounts-Record
  1900                if       PY-Act-Status not = "00"
  1901                         perform  aa130-Act-File-Error
  1902                         move     space to WS-Act-Exists (ACT-No)
  1903                         close    PY-Accounts-File
  1904                         open     output PY-Accounts-File
  1905                         go to    ab030-Continued
  1906                end-if
  1907                move     4 to ACT-No
  1908                move     "Accrued Payroll Cost Lia" to ACT-Desc *> Liability
  1909                move     00298 to ACT-GL-No
  1910                perform  ab035-Find-IRS-Nominal-Acct
  1911                if       we-error not = zero
  1912                         move     zeros to ACT-GL-No
  1913                else
  1914                         move     "Y" to WS-Act-Exists (ACT-No)
  1915                end-if
  1916                write    PY-Accounts-Record
  1917                if       PY-Act-Status not = "00"
  1918                         perform  aa130-Act-File-Error
  1919                         move     space to WS-Act-Exists (ACT-No)
  1920                         close    PY-Accounts-File
  1921                         open     output PY-Accounts-File
  1922                         go to    ab030-Continued
  1923                end-if
  1924                move     4 to WS-Account-Count
  1925  *>
  1926  *> THIS does NOT mean that the nominals actually exist but that the four
  1927  *>  ACT accounts are on file
  1928  *>
  1929       end-if.
  1930  *>
  1931   ab030-Continued.
  1932  *>
  1933       close    PY-Accounts-File.
  1934       open     i-o PY-Accounts-File.
  1935       move     maps-ser-nn to curs2.
  1936       display  Display-Heads.
  1937       display  SS-Param-7-IRS-Nominal-Accounts.
  1938       display  PY003 at 1610 foreground-color 3. *> Warn about using manual
  1939       display  PY004 at 2010 foreground-color 2. *> 2 quit use Escape.
  1940       display  PY005 at 2210 foreground-color 2. *> 2 display current ACT entries.
  1941       move     1 to File-Key-No.                 *> 1 = Primary
  1942  *>
  1943   ab030-Get-Nominal.
  1944       move     zeros to Act-No
ACS Cobol Xref v2.03.18          Dictionary File for PY920    04/04/2026  15:11:45:44                                  Page   37

  1945                         Act-GL-No.
  1946       move     spaces  to Act-Desc.
  1947       perform  Forever
  1948                accept   Act-No    at 0623 foreground-color 3 UPDATE
  1949                if       Cob-CRT-Status = Cob-Scr-Esc
  1950                         exit perform
  1951                end-if
  1952  *>
  1953  *> Save screen, show the defaults then restore the prev. screen.
  1954  *>
  1955                if       Cob-CRT-Status = Cob-Scr-F1
  1956                         move     z"irs-temp.scr"  to wScreenName
  1957                         call     "scr_dump"    using wScreenName
  1958                                                 returning wInt
  1959                         perform  ab040-Show-Accts
  1960                         call     "scr_restore" using wScreenName
  1961                                                 returning wInt
  1962                         call     "CBL_DELETE_FILE" using Path-Work
  1963                         move     zeros to Act-No
  1964                         exit perform cycle
  1965                end-if
  1966  *>
  1967  *> as the 4 have been created not checking for i-o errors
  1968  *>
  1969                read     PY-Accounts-File key Act-No
  1970                accept   Act-GL-No at 0823 foreground-color 3 UPDATE
  1971                if       Cob-CRT-Status = Cob-Scr-Esc
  1972                         exit perform
  1973                end-if
  1974  *>
  1975                perform  ab035-Find-IRS-Nominal-Acct
  1976                if       we-error = zero
  1977                         move     NL-Name to Act-Desc
  1978                else
  1979                         display  PY116 at line WS-23-Lines col 1 foreground-color 6 BEEP erase eos
  1980                         exit perform cycle
  1981                end-if
  1982                display  space at  line WS-23-Lines col 1 erase eol
  1983                display  Act-Desc  at 0923
  1984  *>
  1985                evaluate Act-No
  1986                         when 1 move Act-GL-No to WS-Dflt-Cash
  1987                         when 2 move Act-GL-No to WS-Dflt-Liability
  1988                         when 3 move Act-GL-No to WS-Dflt-Expense  *> ????
  1989                         when 4 move Act-GL-No to WS-Dflt-Cost
  1990                         when other    *> default ?
  1991                                move PY-PR1-Dflt-Dist-Acct to  WS-Dflt-Expense
  1992                end-evaluate
  1993  *>
  1994                rewrite  PY-Accounts-Record
  1995                if       PY-Act-Status not = "00"
  1996                         perform  aa130-Act-File-Error
  1997                         exit perform
  1998                end-if
ACS Cobol Xref v2.03.18          Dictionary File for PY920    04/04/2026  15:11:45:45                                  Page   38

  1999                move     "Y" to WS-Act-Exists (Act-No)
  2000                exit perform cycle
  2001       end-perform.
  2002       close    PY-Accounts-File.
  2003       perform  acasirsub1-Close.
  2004  *>
  2005   ab030-Exit.  exit section.
  2006  *>
  2007   ab035-Find-IRS-Nominal-Acct section.
  2008  *>**********************************
  2009  *>
  2010       move     Act-GL-No to NL-Owning.
  2011       move     zero      to NL-Sub-Nominal.
  2012       perform  acasirsub1-Read-Indexed.
  2013  *>
  2014   ab035-Exit.  exit section.
  2015  *>
  2016   ab040-Show-Accts            section.
  2017  *>**********************************
  2018  *>
  2019       move     maps-ser-nn to curs2.
  2020       display  Display-Heads.
  2021       display  SS-Param-7-IRS-Show-Nominal-Accounts.
  2022       start    PY-Accounts-File First.
  2023       if       PY-Act-Status not = "00"
  2024                display  PY006 at line WS-23-Lines col 1 erase eos
  2025                accept   WS-Reply at line WS-23-Lines col 42 AUTO
  2026                go to ab040-Exit.
  2027       move     6 to A.
  2028       perform  forever
  2029                add      1 to A
  2030                if       A > WS-22-Lines
  2031                         display  SY014 at line WS-23-Lines col 1 erase eol
  2032                         accept   WS-Reply at line WS-23-Lines col 32 AUTO
  2033                         display  Display-Heads
  2034                         display  SS-Param-7-IRS-Show-Nominal-Accounts
  2035                         move     7 to A
  2036                end-if
  2037                read     PY-Accounts-File next record at end
  2038                         display PY007    at line WS-23-Lines col 1
  2039                         accept  WS-Reply at line WS-23-Lines col 47 AUTO
  2040                         close   PY-Accounts-File
  2041                         open    i-o PY-Accounts-File
  2042                         exit perform
  2043                end-read
  2044                display  Act-No    at line A col 2
  2045                display  Act-GL-No at line A col 11
  2046                display  Act-Desc  at line A col 20
  2047                exit perform cycle
  2048       end-perform.
  2049  *>
  2050   ab040-Exit.  exit section.
  2051
  2052   ab050-Using-GL              section.
ACS Cobol Xref v2.03.18          Dictionary File for PY920    04/04/2026  15:11:45:45                                  Page   39

  2053  *>**********************************
  2054  *>
  2055  *> REMEMBER to save in WS-Dflt Cash (1), Liability (2),
  2056  *>                     WS-Dflt-Cost (4) & WS-Dflt-Expense ( PY-PR1-Dflt-Dist-Acct )
  2057  *>
  2058       move     zero to Return-Code.
  2059       perform  GL-Nominal-Open-Input.
  2060       if       FS-Reply not = zero
  2061                display  IR912    at line WS-23-lines col 01 with foreground-color cob-color-red erase eol
  2062                display  "21" at line WS-23-lines col 52
  2063                move     21 to PY-PR1-Status
  2064                perform  ZZ040-Evaluate-Message
  2065                display  WS-Eval-Msg at line WS-23-lines col 55
  2066                display  SY003    at line WS-lines col 01 with foreground-color cob-color-red erase eol
  2067                accept   WS-Reply at line WS-lines col 52 AUTO
  2068                perform  GL-Nominal-Close
  2069                move     16 to Return-Code
  2070                go       to ab030-Exit.                    *> Cannot continue.
  2071  *>
  2072  *>  NL nominal # preset only via IRS but numbers used are suspect.
  2073  *>   we test that these numers exist & if not, abort this function
  2074  *>  do the same if errors exist when writing record
  2075  *>  and if error happened clear the act file.
  2076  *>
  2077  *>  THEREFORE if file is zero size this routined failed regardless of what one of
  2078  *>  the four caused it.   BUT should not be happening :(
  2079  *>
  2080       move     spaces to WS-Account-Table.         *> Init Table
  2081       open     input    PY-Accounts-File.
  2082       if       PY-Act-Status not = "00"
  2083                close    PY-Accounts-File
  2084                open     output PY-Accounts-File   *> set up the default accounts
  2085                move     1 to ACT-No
  2086                move     "Cash" to ACT-Desc
  2087                move     00274  to ACT-GL-No
  2088                perform  ab060-Find-GL-Nominal-Acct
  2089                if       FS-Reply not = zero
  2090                         move     zeros to ACT-GL-No
  2091                else
  2092                         move     "Y" to WS-Act-Exists (ACT-No)
  2093                end-if
  2094                write    PY-Accounts-Record
  2095                if       PY-Act-Status not = "00"
  2096                         perform  aa130-Act-File-Error
  2097                         move     space to WS-Act-Exists (ACT-No)
  2098                         close    PY-Accounts-File
  2099                         open     output PY-Accounts-File
  2100                         go to    ab050-Continued
  2101                end-if
  2102                move     2 to ACT-No
  2103                move     "Accrued Liability" to ACT-Desc
  2104                move     00180 to ACT-GL-No
  2105                perform  ab060-Find-GL-Nominal-Acct
  2106                if       FS-Reply not = zero
ACS Cobol Xref v2.03.18          Dictionary File for PY920    04/04/2026  15:11:45:45                                  Page   40

  2107                         move     zeros to ACT-GL-No
  2108                else
  2109                         move     "Y" to WS-Act-Exists (ACT-No)
  2110                end-if
  2111                write    PY-Accounts-Record
  2112                if       PY-Act-Status not = "00"
  2113                         perform  aa130-Act-File-Error
  2114                         move     space to WS-Act-Exists (ACT-No)
  2115                         close    PY-Accounts-File
  2116                         open     output PY-Accounts-File
  2117                         go to    ab050-Continued
  2118                end-if
  2119                move     3 to ACT-No
  2120                move     "Salary Expense" to ACT-Desc
  2121                move     00315 to ACT-GL-No
  2122                perform  ab060-Find-GL-Nominal-Acct
  2123                if       FS-Reply not = zero
  2124                         move     zeros to ACT-GL-No
  2125                else
  2126                         move     "Y" to WS-Act-Exists (ACT-No)
  2127                end-if
  2128                write    PY-Accounts-Record
  2129                if       PY-Act-Status not = "00"
  2130                         perform  aa130-Act-File-Error
  2131                         move     space to WS-Act-Exists (ACT-No)
  2132                         close    PY-Accounts-File
  2133                         open     output PY-Accounts-File
  2134                         go to    ab050-Continued
  2135                end-if
  2136                move     4 to ACT-No
  2137                move     "Accrued Payroll Cost Lia" to ACT-Desc *> Liability
  2138                move     00298 to ACT-GL-No
  2139                perform  ab060-Find-GL-Nominal-Acct
  2140                if       FS-Reply not = zero
  2141                         move     zeros to ACT-GL-No
  2142                else
  2143                         move     "Y" to WS-Act-Exists (ACT-No)
  2144                end-if
  2145                write    PY-Accounts-Record
  2146                if       PY-Act-Status not = "00"
  2147                         perform  aa130-Act-File-Error
  2148                         move     space to WS-Act-Exists (ACT-No)
  2149                         close    PY-Accounts-File
  2150                         open     output PY-Accounts-File
  2151                         go to    ab050-Continued
  2152                end-if
  2153                move     4 to WS-Account-Count
  2154  *>
  2155  *> THIS does NOT mean that the nominals actually exist but that the four
  2156  *>  ACT accounts are on file but could have zero in ACT-GL-No
  2157  *>
  2158       end-if.
  2159  *>
  2160   ab050-Continued.
ACS Cobol Xref v2.03.18          Dictionary File for PY920    04/04/2026  15:11:45:45                                  Page   41

  2161       close    PY-Accounts-File.
  2162       open     i-o PY-Accounts-File.
  2163       move     maps-ser-nn to curs2.
  2164       display  Display-Heads.
  2165       display  SS-Param-7-IRS-Nominal-Accounts.
  2166       display  PY003 at 1610 foreground-color 3. *> Warn about using manual
  2167       display  PY004 at 2010 foreground-color 2. *> 2 quit use Escape.
  2168       display  PY005 at 2210 foreground-color 2. *> 2 display current ACT entries.
  2169       move     1 to File-Key-No.                 *> 1 = Primary
  2170  *>
  2171   ab050-Get-Nominal.
  2172       move     zeros to Act-No
  2173                         Act-GL-No.
  2174       move     spaces  to Act-Desc.
  2175       perform  Forever
  2176                accept   Act-No    at 0623 foreground-color 3 UPDATE
  2177                if       Cob-CRT-Status = Cob-Scr-Esc
  2178                         exit perform
  2179                end-if
  2180  *>
  2181  *> Save screen, show the defaults then restore the prev. screen.
  2182  *>
  2183                if       Cob-CRT-Status = Cob-Scr-F1
  2184                         move     z"irs-temp.scr"  to wScreenName
  2185                         call     "scr_dump"    using wScreenName
  2186                                                 returning wInt
  2187                         perform  ab040-Show-Accts
  2188                         call     "scr_restore" using wScreenName
  2189                                                 returning wInt
  2190                         call     "CBL_DELETE_FILE" using Path-Work
  2191                         move     zeros to Act-No
  2192                         exit perform cycle
  2193                end-if
  2194  *>
  2195  *> as the 4 have been created not checking for i-o errors
  2196  *>
  2197                read     PY-Accounts-File key Act-No
  2198                accept   Act-GL-No at 0823 foreground-color 3 UPDATE
  2199                if       Cob-CRT-Status = Cob-Scr-Esc
  2200                         exit perform
  2201                end-if
  2202  *>
  2203                perform  ab060-Find-GL-Nominal-Acct
  2204                if       FS-Reply = zero
  2205                         move     Ledger-Name to Act-Desc
  2206                else
  2207                         display  PY116 at line WS-23-Lines col 1 foreground-color 6 BEEP erase eos
  2208                         exit perform cycle
  2209                end-if
  2210                display  space at  line WS-23-Lines col 1 erase eol
  2211                display  Act-Desc  at 0923
  2212  *>
  2213                evaluate Act-No
  2214                         when 1 move Act-GL-No to WS-Dflt-Cash
ACS Cobol Xref v2.03.18          Dictionary File for PY920    04/04/2026  15:11:45:45                                  Page   42

  2215                         when 2 move Act-GL-No to WS-Dflt-Liability
  2216                         when 3 move Act-GL-No to WS-Dflt-Expense  *> ????
  2217                         when 4 move Act-GL-No to WS-Dflt-Cost
  2218                         when other    *> default ?
  2219                                move PY-PR1-Dflt-Dist-Acct to  WS-Dflt-Expense
  2220                end-evaluate
  2221  *>
  2222                rewrite  PY-Accounts-Record
  2223                if       PY-Act-Status not = "00"
  2224                         perform  aa130-Act-File-Error
  2225                         exit perform
  2226                end-if
  2227                move     "Y" to WS-Act-Exists (Act-No)
  2228                exit perform cycle
  2229       end-perform.
  2230       close    PY-Accounts-File.
  2231       perform  GL-Nominal-Close.
  2232  *>
  2233   ab050-Exit.  exit section.
  2234  *>
  2235   ab060-Find-GL-Nominal-Acct  section.
  2236  *>**********************************
  2237  *> result in FS-Reply
  2238  *>
  2239       move     Act-GL-No to WS-Ledger-Nos.
  2240       move     zero      to Ledger-pc.
  2241       perform  GL-Nominal-Read-Indexed.
  2242  *>
  2243   ab060-Exit.  exit section.
  2244  *>
  2245   aa100-Bad-Data-Display.
  2246       display  WS-Err-Msg at line WS-23-Lines col 1.
  2247       display  SY002      at line WS-Lines    col 1.
  2248  *>
  2249   aa110-Act-File-Error.
  2250       display  PY118 at line WS-23-Lines col 1 erase eos
  2251                              foreground-color 6 BEEP.
  2252       display  PY-Act-Status at line WS-23-Lines col 40.
  2253       move     PY-Act-Status to PY-PR1-Status.
  2254       perform  ZZ040-Evaluate-Message.
  2255       display  WS-Eval-Msg   at line WS-23-lines col 42.
  2256       display  SY003 at line WS-lines col 01 with foreground-color cob-color-red
  2257                                                   erase eol BEEP.
  2258       accept   WS-Reply at line WS-lines col 52 AUTO.
  2259  *>
  2260   aa125-Test-PR1-Status.
  2261       if       PY-PR1-Status not = "00"   *> WE have a real problem :(
  2262                perform  ZZ040-Evaluate-Message
  2263                display  PY001         at line WS-23-Lines col 1 with erase eos
  2264                display  PY-PR1-Status at line WS-23-Lines col 37
  2265                display  WS-Eval-Msg   at line WS-23-Lines col 40
  2266                display  SY002         at line WS-Lines    col 1
  2267                accept   WS-Reply      at line WS-Lines    col 33 AUTO
  2268       end-if.
ACS Cobol Xref v2.03.18          Dictionary File for PY920    04/04/2026  15:11:45:45                                  Page   43

  2269  *>
  2270   Dummy-Ex.    exit.
  2271  *>
  2272   ZZ040-Evaluate-Message      Section.
  2273  *>**********************************
  2274  *>
  2275  *> For PY-PR1 parameter file anfd other using PR-PR1-Status.
  2276  *>
  2277  *>C      copy "FileStat-Msgs-2.cpy" replacing MSG    by WS-Eval-Msg
  2278  *>C                                         STATUS by PY-PR1-Status.
  2279  *> ***************************************************************
  2280  *> ** Author: Gary L. Cutler                                    **
  2281  *> **         CutlerGL@gmail.com                                **
  2282  *> ** Amendments Vincent B. Coen                                **
  2283  *> **         vbcoen@gmail.com                                  **
  2284  *> **                                                           **
  2285  *> ** This copybook defines an EVALUATE statement capable of    **
  2286  *> ** translating two-digit FILE-STATUS codes to a message.     **
  2287  *> **                                                           **
  2288  *> ** Use the REPLACING option to COPY to change the names of   **
  2289  *> ** the MSG and STATUS identifiers to                         **
  2290  *> ** the names your program needs.                             **
  2291  *> Such as replacing STATUS by fs-reply msg by exception-msg.   **
  2292  *>                                                              **
  2293  *> ** chg 09/08/23 vbc for missing statuses                     **
  2294  *> ** Chg 11/12/23 vbc for missing statuses                     **
  2295  *> ** Chg 10/04/25 vbc match all quotes & spacing/layout        **
  2296  *> ** chg to FREE format                                        **
  2297  *> ** Chg 24/08/25 vbc #91 description.                         **
  2298  *> ** Chg 15.11.25 vbc Replace all ' for "                      **
  2299  *> ***************************************************************
  2300  *>
  2301   EVALUATE PY-PR1-Status
  2302   WHEN "00" MOVE "Success                  " TO WS-Eval-Msg
  2303   WHEN "02" MOVE "Success Duplicate        " TO WS-Eval-Msg
  2304   WHEN "04" MOVE "Success Incomplete       " TO WS-Eval-Msg
  2305   WHEN "05" MOVE "Success Optional, Missing" TO WS-Eval-Msg
  2306   when "06" move "Multiple Records LS      " TO WS-Eval-Msg
  2307   WHEN "07" MOVE "Success No Unit          " TO WS-Eval-Msg
  2308   when "09" move "Success LS Bad Data      " TO WS-Eval-Msg
  2309   WHEN "10" MOVE "End Of File              " TO WS-Eval-Msg
  2310   WHEN "14" MOVE "Out Of Key Range         " TO WS-Eval-Msg
  2311   WHEN "21" MOVE "Key Invalid              " TO WS-Eval-Msg
  2312   WHEN "22" MOVE "Key Exists               " TO WS-Eval-Msg
  2313   WHEN "23" MOVE "Key Not Exists           " TO WS-Eval-Msg
  2314   WHEN "24" MOVE "Key Boundary violation   " TO WS-Eval-Msg
  2315   WHEN "30" MOVE "Permanent Error          " TO WS-Eval-Msg
  2316   WHEN "31" MOVE "Inconsistent Filename    " TO WS-Eval-Msg
  2317   WHEN "34" MOVE "Boundary Violation       " TO WS-Eval-Msg
  2318   WHEN "35" MOVE "File Not Found           " TO WS-Eval-Msg
  2319   WHEN "37" MOVE "Permission Denied        " TO WS-Eval-Msg
  2320   WHEN "38" MOVE "Closed With Lock         " TO WS-Eval-Msg
  2321   WHEN "39" MOVE "Conflict Attribute       " TO WS-Eval-Msg
  2322   WHEN "41" MOVE "Already Open             " TO WS-Eval-Msg
ACS Cobol Xref v2.03.18          Dictionary File for PY920    04/04/2026  15:11:45:45                                  Page   44

  2323   WHEN "42" MOVE "Not Open                 " TO WS-Eval-Msg
  2324   WHEN "43" MOVE "Read Not Done            " TO WS-Eval-Msg
  2325   WHEN "44" MOVE "Record Overflow          " TO WS-Eval-Msg
  2326   WHEN "46" MOVE "Read Error               " TO WS-Eval-Msg
  2327   WHEN "47" MOVE "Input Denied             " TO WS-Eval-Msg
  2328   WHEN "48" MOVE "Output Denied            " TO WS-Eval-Msg
  2329   WHEN "49" MOVE "I/O Denied               " TO WS-Eval-Msg
  2330   WHEN "51" MOVE "Record Locked            " TO WS-Eval-Msg
  2331   WHEN "52" MOVE "End-Of-Page              " TO WS-Eval-Msg
  2332   WHEN "57" MOVE "I/O Linage               " TO WS-Eval-Msg
  2333   WHEN "61" MOVE "File Sharing Failure     " TO WS-Eval-Msg
  2334   WHEN "71" MOVE "Bad Character LS         " TO WS-Eval-Msg
  2335   WHEN "91" MOVE "Feature Not Available    " TO WS-Eval-Msg
  2336            WHEN OTHER
  2337   MOVE "Unknown File PY-PR1-Status      " TO WS-
  2338  *>
  2339       END-EVALUATE.
  2340
  2341  *>>W Msg29 Caution: One or more replacing sources not found
  2342  *>
  2343       exit     section.
  2344  *>
  2345   *>    copy "an-accept.pl".
  2346  *>
  2347  *>C      copy "Proc-ZZ100-ACAS-IRS-Calls.cob"
  2348  *>C           replacing LEADING ==ZZ100-== by ==ZZ900-==
  2349  *>C                     LEADING ==zz100-== by ==ZZ900-==. *> FOR IRS file handler CoA file.
  2350  *>C *>
  2351  *>C      copy "Proc-ACAS-FH-Calls.cob"                    *> FOR GL  file handler CoA file.
  2352  *>C           replacing LEADING  ==ZZ080-== by ==ZZ910-==
  2353  *>C                     System-Record by WS-System-Record.
  2354  *>
  2355   zz100-ACAS-IRS-Calls  section.
  2356  *>============================
  2357  *>
  2358  *>  USED THROUGHTOUT IRS but Map out by using a dummy 03 all
  2359  *>   unused acasirsubn routines [see 01  Dummies-For-Unused-FH-Calls].
  2360  *>
  2361  *> All of the calls to irsub1 - 5 remapped to acasirsub1 - 5.
  2362  *>        All require changes to code for param etc.
  2363  *>
  2364  *>  Uses messages:  IR911, IR912, IR913, IR915, IR916. (Was IR011 - 16.
  2365  *>
  2366  *>  Note irsub2 is replaced by acas000 with File-Key-No=1
  2367  *> ******************************************************
  2368  *>
  2369  *> acas000     =  System parameter file processing with File-Key-No=1
  2370  *>
  2371  *> Changes:
  2372  *> 29/04/18 vbc - 1.01 - Changed all accessing other than open with 1st line of
  2373  *>                       move zero to Access-Type to keep logging clean.
  2374  *>
  2375   acas000.
  2376  *>
ACS Cobol Xref v2.03.18          Dictionary File for PY920    04/04/2026  15:11:45:45                                  Page   45

  2377       move     1 to File-Key-No.               *> 1 = Primary as only used.
  2378       call     "acas000" using
  2379                                  WS-System-Record
  2380                                  File-Access
  2381                                  File-Defs
  2382                                  ACAS-DAL-Common-data
  2383       end-call.
  2384  *>
  2385  *> acas008     =  SL/PL Posting file processing
  2386  *>
  2387   acas008.
  2388  *>
  2389       move     1 to File-Key-No.               *> 1 = Primary
  2390       call     "acas008" using WS-System-Record
  2391                                WS-IRS-Posting-Record
  2392                                File-Access
  2393                                File-Defs
  2394                                ACAS-DAL-Common-data.
  2395  *>
  2396  *> acasirsub1  =  NL (Nominal Ledger) processing.
  2397  *>
  2398   acasirsub1.
  2399  *>
  2400       move     1 to File-Key-No.               *> 1 = Primary
  2401       call     "acasirsub1" using WS-System-Record
  2402                                   WS-IRSNL-Record
  2403                                   File-Access
  2404                                   File-Defs
  2405                                   ACAS-DAL-Common-data
  2406       end-call.
  2407  *>
  2408  *> acasirsub3  =  Dflit (Default) processing.
  2409  *>
  2410   acasirsub3.
  2411  *>
  2412       move     1 to File-Key-No.               *> 1 = Primary
  2413       call     "acasirsub3" using WS-System-Record
  2414                                   WS-IRS-Default-Record
  2415                                   File-Access
  2416                                   File-Defs
  2417                                   ACAS-DAL-Common-data
  2418       end-call.
  2419  *>
  2420  *> acasirsub4  =  Posting processing.
  2421  *>
  2422   acasirsub4.
  2423  *>
  2424       move     1 to File-Key-No.               *> 1 = Primary
  2425       call     "acasirsub4" using WS-System-Record
  2426                                   Posting-Record
  2427                                   File-Access
  2428                                   File-Defs
  2429                                   ACAS-DAL-Common-data
  2430       end-call.
ACS Cobol Xref v2.03.18          Dictionary File for PY920    04/04/2026  15:11:45:45                                  Page   46

  2431  *>
  2432  *> acasirsub5  =  Final processing.
  2433  *>
  2434   acasirsub5.
  2435  *>
  2436       move     1 to File-Key-No.               *> 1 = Primary
  2437       call     "acasirsub5" using WS-System-Record
  2438                                   Final-Record
  2439                                   File-Access
  2440                                   File-Defs
  2441                                   ACAS-DAL-Common-data
  2442       end-call.
  2443  *>
  2444  *>
  2445   acas000-Open.
  2446       set      fn-open to true.
  2447       set      fn-i-o  to true.
  2448       perform  acas000.
  2449       perform  acas000-Check-4-Errors.
  2450  *>
  2451   acas000-Open-Input.
  2452       set      fn-open  to true.
  2453       set      fn-input to true.
  2454       perform  acas000-Check-4-Errors.
  2455       perform  acas000.
  2456  *>
  2457   acas000-Close.
  2458       move     zero to Access-Type.
  2459       set      fn-Close to true.
  2460       perform  acas000.
  2461  *>
  2462   acas000-Read-Next.
  2463       move     zero to Access-Type.
  2464       set      fn-Read-Next to true.
  2465       perform  acas000.
  2466  *>
  2467   acas000-Read-Indexed.
  2468       move     zero to Access-Type.
  2469       set      fn-Read-Indexed to true.
  2470       perform  acas000.
  2471  *>
  2472   acas000-Write.
  2473       move     zero to Access-Type.
  2474       set      fn-Write to true.
  2475       perform  acas000.
  2476  *>
  2477   acas000-Rewrite.
  2478       move     zero to Access-Type.
  2479       set      fn-re-write to true.
  2480       perform  acas000.
  2481  *>
  2482  *>
  2483   acas008-Open.
  2484       set      fn-open to true.
ACS Cobol Xref v2.03.18          Dictionary File for PY920    04/04/2026  15:11:45:45                                  Page   47

  2485       set      fn-i-o  to true.
  2486       perform  acas008.
  2487       perform  acas008-Check-4-Errors.
  2488  *>
  2489   acas008-Open-Input.
  2490       set      fn-open  to true.
  2491       set      fn-input to true.
  2492       perform  acas008.
  2493       perform  acas008-Check-4-Errors.
  2494  *>
  2495   acas008-Open-Output.
  2496       set      fn-open   to true.
  2497       set      fn-output to true.
  2498       perform  acas008.
  2499       perform  acas008-Check-4-Errors.
  2500  *>
  2501   acas008-Close.
  2502       move     zero to Access-Type.
  2503       set      fn-Close to true.
  2504       perform  acas008.
  2505  *>
  2506   acas008-Read-Next.
  2507       move     zero to Access-Type.
  2508       set      fn-Read-Next to true.
  2509       perform  acas008.
  2510  *>
  2511   acas008-Write.
  2512       move     zero to Access-Type.
  2513       set      fn-Write to true.
  2514       perform  acas008.
  2515  *>
  2516   acas008-Rewrite.
  2517       move     zero to Access-Type.
  2518       set      fn-re-write to true.
  2519       perform  acas008.
  2520  *>
  2521  *>
  2522   acasirsub1-Open.
  2523       set      fn-open to true.
  2524       set      fn-i-o  to true.
  2525       perform  acasirsub1.
  2526       perform  irsub1-Check-4-Errors.
  2527  *>
  2528   acasirsub1-Open-Input.
  2529       set      fn-open  to true.
  2530       set      fn-input to true.
  2531       perform  acasirsub1.
  2532       perform  irsub1-Check-4-Errors.
  2533  *>
  2534   acasirsub1-Open-Output.
  2535       set      fn-open  to true.
  2536       set      fn-output to true.
  2537       perform  acasirsub1.
  2538       perform  irsub1-Check-4-Errors.
ACS Cobol Xref v2.03.18          Dictionary File for PY920    04/04/2026  15:11:45:45                                  Page   48

  2539  *>
  2540   acasirsub1-Close.
  2541       move     zero to Access-Type.
  2542       set      fn-Close to true.
  2543       perform  acasirsub1.
  2544  *>
  2545   acasirsub1-Read-Next.
  2546       move     zero to Access-Type.
  2547       set      fn-Read-Next to true.
  2548       perform  acasirsub1.
  2549  *>
  2550   acasirsub1-Read-Indexed.
  2551       move     zero to Access-Type.
  2552       set      fn-Read-Indexed to true.
  2553       perform  acasirsub1.
  2554  *>
  2555   acasirsub1-Start.
  2556       move     zero to Access-Type.
  2557       set      fn-Start to true.
  2558       perform  acasirsub1.
  2559  *>
  2560   acasirsub1-Write.
  2561       move     zero to Access-Type.
  2562       set      fn-Write to true.
  2563       perform  acasirsub1.
  2564  *>
  2565   acasirsub1-Delete.
  2566       move     zero to Access-Type.
  2567       set      fn-Delete to true.
  2568       perform  acasirsub1.
  2569  *>
  2570   acasirsub1-Rewrite.
  2571       move     zero to Access-Type.
  2572       set      fn-re-write to true.
  2573       perform  acasirsub1.
  2574  *>
  2575  *>
  2576   acasirsub3-Open.
  2577       set      fn-open to true.
  2578       set      fn-i-o  to true.
  2579       perform  acasirsub3.
  2580       perform  irsub3-Check-4-Errors.
  2581  *>
  2582   acasirsub3-Open-Input.
  2583       set      fn-open  to true.
  2584       set      fn-input to true.
  2585       perform  acasirsub3.
  2586       perform  irsub3-Check-4-Errors.
  2587  *>
  2588   acasirsub3-Close.
  2589       move     zero to Access-Type.
  2590       set      fn-Close to true.
  2591       perform  acasirsub3.
  2592  *>
ACS Cobol Xref v2.03.18          Dictionary File for PY920    04/04/2026  15:11:45:45                                  Page   49

  2593   acasirsub3-Read-Next.
  2594       move     zero to Access-Type.
  2595       set      fn-Read-Next to true.
  2596       perform  acasirsub3.
  2597  *>
  2598   acasirsub3-Write.
  2599       move     zero to Access-Type.
  2600       set      fn-Write to true.
  2601       perform  acasirsub3.
  2602  *>
  2603   acasirsub3-ReWrite.
  2604       move     zero to Access-Type.
  2605       set      fn-re-write to true.
  2606       perform  acasirsub3.
  2607  *>
  2608  *>
  2609   acasirsub4-Open.
  2610       set      fn-open to true.
  2611       set      fn-i-o  to true.
  2612       perform  acasirsub4.
  2613  *>
  2614   acasirsub4-Open-Input.
  2615       set      fn-open  to true.
  2616       set      fn-input to true.
  2617       perform  acasirsub4.
  2618  *>
  2619   acasirsub4-Close.
  2620       move     zero to Access-Type.
  2621       set      fn-Close to true.
  2622       perform  acasirsub4.
  2623  *>
  2624   acasirsub4-Read-Next.
  2625       move     zero to Access-Type.
  2626       set      fn-Read-Next to true.
  2627       perform  acasirsub4.
  2628  *>
  2629   acasirsub4-Write.
  2630       move     zero to Access-Type.
  2631       set      fn-Write to true.
  2632       perform  acasirsub4.
  2633  *>
  2634   acasirsub4-Rewrite.
  2635       move     zero to Access-Type.
  2636       set      fn-re-write to true.
  2637       perform  acasirsub4.
  2638  *>
  2639  *>
  2640   acasirsub5-Open.
  2641       set      fn-open to true.
  2642       set      fn-i-o  to true.
  2643       perform  acasirsub5.
  2644       perform  irsub5-Check-4-Errors.
  2645  *>
  2646   acasirsub5-Open-Input.
ACS Cobol Xref v2.03.18          Dictionary File for PY920    04/04/2026  15:11:45:45                                  Page   50

  2647       set      fn-open  to true.
  2648       set      fn-input to true.
  2649       perform  acasirsub5.
  2650       perform  irsub5-Check-4-Errors.
  2651  *>
  2652   acasirsub5-Close.
  2653       move     zero to Access-Type.
  2654       set      fn-Close to true.
  2655       perform  acasirsub5.
  2656  *>
  2657   acasirsub5-Read-Next.
  2658       move     zero to Access-Type.
  2659       set      fn-Read-Next to true.
  2660       perform  acasirsub5.
  2661  *>
  2662   acasirsub5-Write.
  2663       move     zero to Access-Type.
  2664       set      fn-Write to true.
  2665       perform  acasirsub5.
  2666  *>
  2667   acasirsub5-ReWrite.
  2668       move     zero to Access-Type.
  2669       set      fn-re-write to true.
  2670       perform  acasirsub5.
  2671  *>
  2672  *>
  2673   acas000-Check-4-Errors.
  2674       if       fs-reply not = zero
  2675                display IR911            at 0801   *> acas000/systemMT processing
  2676                perform acas000-Close
  2677                go to Open-Error-Continued
  2678       end-if.
  2679  *>
  2680   acas008-Check-4-Errors.
  2681       if       fs-reply not = zero
  2682                display IR916            at 0801   *> acas008/slpostingMT processing
  2683                perform acas008-Close
  2684                go to Open-Error-Continued
  2685       end-if.
  2686  *>
  2687   irsub1-Check-4-Errors.
  2688       if       fs-reply not = zero
  2689                display IR912            at 0801   *> acasirsub1/irsnominalMT processing
  2690                perform  acasirsub1-Close
  2691                go to Open-Error-Continued
  2692       end-if.
  2693  *>
  2694   irsub3-Check-4-Errors.
  2695       if       fs-reply not = zero
  2696                display IR913            at 0801   *> acasirsub3/irsdfltMT processing
  2697                perform  acasirsub3-Close
  2698                go to Open-Error-Continued
  2699       end-if.
  2700  *>
ACS Cobol Xref v2.03.18          Dictionary File for PY920    04/04/2026  15:11:45:45                                  Page   51

  2701   irsub5-Check-4-Errors.
  2702       if       fs-reply not = zero
  2703                display IR915            at 0801   *> acasirsub5/irsfinalMT processing
  2704                perform  acasirsub5-Close
  2705                go to Open-Error-Continued
  2706       end-if.
  2707  *>
  2708   Open-Error-Continued.   *> If here we cannot continue as its a major failure
  2709       display  "Fs-reply = "    at 0901
  2710       display  fs-reply         at 0912
  2711       display  "WE-Error = "    at 1001
  2712       display   WE-Error        at 1012
  2713       display  SQL-Err          at 1101
  2714       display  SQL-Msg          at 1201
  2715       display  SY008            at 1301 with erase eol
  2716       accept   Accept-Reply     at 1335.
  2717       goback.
  2718  *>
  2719   ZZ100-Exit.
  2720       exit section.
  2721  *>>W Msg29 Caution: One or more replacing sources not found
  2722  *>
  2723        *>>>Info: Total Copy Depth Used = 03;  Caution messages issued =   4
ACS Cobol Xref v2.03.18          Dictionary File for PY920    04/04/2026  15:11:45:45                                  Page   52
Symbols of Module: PY920 (PY920)
--------------------------------

Data Section (FILE)             Defn     Locations
-------------------------------+---------------------------------------------------------------

ACCOUNT-FILE-REPORT                391F    1519   1758   1755                                                                 x3
ACT-DESC                           386F    1557   1618   1636   1857   1874   1891   1908   1946   1977   1983   2046   2086
                                           2103   2120   2137   2174   2205   2211                                            x18
ACT-GL-NO                          385F    1556   1616   1635   1945   2173   1858   1861   1875   1878   1892   1895   1909
                                           1912   1970   1986   1987   1988   1989   2010   2045   2087   2090   2104   2107
                                           2121   2124   2138   2141   2198   2214   2215   2216   2217   2239                x34
ACT-NO                             166F     384   1555   1614   1634   1856   1863   1868   1873   1880   1885   1890   1897
                                           1902   1907   1914   1919   1944   1948   1963   1969   1985   1999   2044   2085
                                           2092   2097   2102   2109   2114   2119   2126   2131   2136   2143   2148   2172
                                           2176   2191   2197   2213   2227                                                   x41
FILE-39                            163F    1486                                                                               x1
FILE-47                            153F    1494                                                                               x1
PRINT-FILE                         174F     390   1749   1759                                                                 x3
PY-ACCOUNTS-FILE                   162F     366   1743   1745   1760   1770   1852   1854   1855   1869   1870   1886   1887
                                           1903   1904   1920   1921   1933   1934   1969   2002   2022   2037   2040   2041
                                           2081   2083   2084   2098   2099   2115   2116   2132   2133   2149   2150   2161
                                           2162   2197   2230                                                                 x39
PY-ACCOUNTS-RECORD                 383F    1865   1882   1899   1916   1994   2094   2111   2128   2145   2222                x10
PY-ACT-STATUS                      167F     615   1744   1771   1784   1785   1853   1866   1883   1900   1917   1995   2023
                                           2082   2095   2112   2129   2146   2223   2252   2253                              x20
PY-PARAM1-FILE                     153F     191   1689   1692   1699   1719   1727                                            x6
PY-PARAM1-RECORD                   220F
PY-PR1-B-USED                      262F
PY-PR1-BLOCK                       221F
PY-PR1-CHECK-HISTORY-USED          258F
PY-PR1-CHECK-PRINTING-USED         257F
PY-PR1-CO-ADDRESS-1                225F
PY-PR1-CO-ADDRESS-2                226F
PY-PR1-CO-ADDRESS-3                227F
PY-PR1-CO-ADDRESS-4                228F
PY-PR1-CO-EMAIL                    233F
PY-PR1-CO-NAME                     223F
PY-PR1-CO-PHONE                    232F
PY-PR1-CO-POST-CODE                229F
PY-PR1-CO-STATE                    231F
PY-PR1-CO-ZIP                      230F
PY-PR1-COLOUR-1                    318F
PY-PR1-COLOUR-2                    319F
PY-PR1-COLOUR-RESET                320F
PY-PR1-COMPANY-DATA                222F
PY-PR1-CURRENCY-SIGN               268F
PY-PR1-DATE                        288F
PY-PR1-DATE-DY                     291F
PY-PR1-DATE-FORMAT                 286F
PY-PR1-DATE-MO                     290F
PY-PR1-DATE-YR                     292F
PY-PR1-DEBUGGING                   270F
PY-PR1-DFLT-DIST-ACCT              240F    1991   2219                                                                        x2
PY-PR1-DFLT-GROSS-ACCT             239F
ACS Cobol Xref v2.03.18          Dictionary File for PY920    04/04/2026  15:11:45:45                                  Page   53
Symbols of Module: PY920 (PY920)
--------------------------------

Data Section (FILE)             Defn     Locations
-------------------------------+---------------------------------------------------------------

PY-PR1-DFLT-HS-TYPE                280F
PY-PR1-DFLT-NORM-UNITS             252F
PY-PR1-DFLT-PAY-INTERVAL           266F
PY-PR1-DFLT-PAY-RATE               249F
PY-PR1-DFLT-SL-RATE                251F
PY-PR1-DFLT-VAC-RATE               250F
PY-PR1-DIST-USED                   267F
PY-PR1-FED-ID                      283F
PY-PR1-FONT-NORMAL                 316F
PY-PR1-FONT-RESET                  317F
PY-PR1-FONT-SMALL                  315F
PY-PR1-GL-USED                     264F    1809                                                                               x1
PY-PR1-HARD-DELETE                 271F
PY-PR1-HI-DED-CHK-CAT              305F
PY-PR1-HI-EARN-CHK-CAT             307F
PY-PR1-IRS-USED                    265F    1806                                                                               x1
PY-PR1-JC-USED                     263F
PY-PR1-LAST-DAY-PAY-PERIOD         254F
PY-PR1-LO-DED-CHK-CAT              304F
PY-PR1-LO-EARN-CHK-CAT             306F
PY-PR1-LOCAL-ID                    285F
PY-PR1-M-USED                      260F
PY-PR1-MAX-CHK-CATS                300F
PY-PR1-MAX-DIST-ACCTS              241F
PY-PR1-MAX-ED-CATS                 302F
PY-PR1-MAX-EMP-EDS                 301F
PY-PR1-MAX-PAY-FACTOR              248F
PY-PR1-MAX-SWT-ENTRIES             303F
PY-PR1-MAX-SYS-EDS                 308F
PY-PR1-MIN-WAGE                    243F
PY-PR1-OFFSET-CASH-ACCT            238F
PY-PR1-OS-DELIMITER                269F
PY-PR1-PAGE-LINES-L                294F
PY-PR1-PAGE-LINES-P                293F
PY-PR1-PAGE-WIDTH-L                296F
PY-PR1-PAGE-WIDTH-P                295F
PY-PR1-PRINT-CONTROL               310F
PY-PR1-PRINT-SPOOL-NAME            311F
PY-PR1-PRINT-SPOOL-NAME2           312F
PY-PR1-PRINT-SPOOL-NAME3           313F
PY-PR1-PRNT-CTL-FLAG               314F
PY-PR1-RATE-NAME                   281F
PY-PR1-RATE2-FACTOR                246F
PY-PR1-RATE3-FACTOR                247F
PY-PR1-RATE4-EXCLUSION-TYPE        256F
PY-PR1-S-USED                      259F
PY-PR1-STATE-ID                    284F
PY-PR1-STATUS                      157F     614   1690   1700   1702   1785   1834   2063   2253   2261   2264   2301         x11
PY-PR1-TAX-ID                      234F
ACS Cobol Xref v2.03.18          Dictionary File for PY920    04/04/2026  15:11:45:45                                  Page   54
Symbols of Module: PY920 (PY920)
--------------------------------

Data Section (FILE)             Defn     Locations
-------------------------------+---------------------------------------------------------------

PY-PR1-TRADE-NAME                  224F
PY-PR1-USER-PROG                   298F
PY-PR1-USER-PROG-DESC              299F
PY-PR1-USER-PROG-USED              297F
PY-PR1-VOID-CHECK-AMT              244F
PY-PR1-VOID-CHECKS-OVER-MAX        255F
PY-PR1-W-USED                      261F
PY-PR2-940-PRINTED                 342F
PY-PR2-941-PRINTED                 343F
PY-PR2-BLOCK                       322F
PY-PR2-CHECK-DATE                  333F
PY-PR2-HRS-BATCH-NO                328F
PY-PR2-JUST-CLOSED-YEAR            340F
PY-PR2-LAST-CHECK-NO               346F
PY-PR2-LAST-DAY-LAST-B             330F
PY-PR2-LAST-DAY-LAST-M             332F
PY-PR2-LAST-DAY-LAST-S             331F
PY-PR2-LAST-DAY-LAST-W             329F
PY-PR2-LAST-EMPLOYEE-NO            334F
PY-PR2-LAST-Q-ENDED                345F
PY-PR2-LAST-SM-APPLY-NO            326F
PY-PR2-LAST-WB-APPLY-NO            327F
PY-PR2-LAST-YEAR-ENDED             325F
PY-PR2-NO-ACCTS                    339F
PY-PR2-NO-ACTIVE-EMPS              335F
PY-PR2-NO-EMPLOYEES                336F
PY-PR2-NO-OF-SM-APPLIES            337F
PY-PR2-NO-OF-WB-APPLIES            338F
PY-PR2-W2-PRINTED                  344F
PY-PR2-YEAR                        323F
PY-PR2-YEAR-NEXT                   324F
RRN                                156F     468   1688                                                                        x2
ACS Cobol Xref v2.03.18          Dictionary File for PY920    04/04/2026  15:11:45:45                                  Page   55
Symbols of Module: PY920 (PY920)
--------------------------------

Data Section (WORKING-STORAGE)  Defn     Locations
-------------------------------+---------------------------------------------------------------

A                                  625W    2027   2029   2030   2035   2044   2045   2046                                     x7
ACAS-DAL-COMMON-DATA               569W    2394   2382   2405   2417   2429   2441                                            x6
ACAS-PATH                          482W    1799                                                                               x1
ACCEPT-REPLY                       489W    2716                                                                               x1
ACCESS-TYPE                        551W    2458   2463   2468   2473   2478   2502   2507   2512   2517   2541   2546   2551
                                           2556   2561   2566   2571   2589   2594   2599   2604   2620   2625   2630   2635
                                           2653   2658   2663   2668                                                          x28
B                                  626W
COB-ALLOW-ALL-SCREEN-ACTIONS       793W
COB-ALLOW-LEFT-DOUBLE              785W
COB-ALLOW-LEFT-DOWN                783W
COB-ALLOW-LEFT-UP                  784W
COB-ALLOW-MIDDLE-DOUBLE            788W
COB-ALLOW-MIDDLE-DOWN              786W
COB-ALLOW-MIDDLE-UP                787W
COB-ALLOW-MOUSE-MOVE               792W
COB-ALLOW-RIGHT-DOUBLE             791W
COB-ALLOW-RIGHT-DOWN               789W
COB-ALLOW-RIGHT-UP                 790W
COB-AUTO-MOUSE-HANDLING            782W
COB-COLOR-BLACK                    772W    1577   1585   1605   1625                                                          x4
COB-COLOR-BLUE                     773W
COB-COLOR-CYAN                     775W
COB-COLOR-GREEN                    774W    1586   1606   1626                                                                 x3
COB-COLOR-MAGENTA                  777W
COB-COLOR-RED                      776W    1788   1832   1837   2061   2066   2256                                            x6
COB-COLOR-WHITE                    779W
COB-COLOR-YELLOW                   778W
COB-SCR-ALT-LEFT-DBL-CLICK         916W
COB-SCR-ALT-LEFT-PRESSED           914W
COB-SCR-ALT-LEFT-RELEASED          915W
COB-SCR-ALT-MID-DBL-CLICK          919W
COB-SCR-ALT-MID-PRESSED            917W
COB-SCR-ALT-MID-RELEASED           918W
COB-SCR-ALT-MOVE                   913W
COB-SCR-ALT-RIGHT-DBL-CLICK        922W
COB-SCR-ALT-RIGHT-PRESSED          920W
COB-SCR-ALT-RIGHT-RELEASED         921W
COB-SCR-ALT-WHEEL-DOWN             936W
COB-SCR-ALT-WHEEL-UP               935W
COB-SCR-BACK-TAB                   872W
COB-SCR-BACKSPACE                  879W
COB-SCR-CTRL-LEFT-DBL-CLICK        906W
COB-SCR-CTRL-LEFT-PRESSED          904W
COB-SCR-CTRL-LEFT-RELEASED         905W
COB-SCR-CTRL-MID-DBL-CLICK         909W
COB-SCR-CTRL-MID-PRESSED           907W
COB-SCR-CTRL-MID-RELEASED          908W
COB-SCR-CTRL-MOVE                  903W
ACS Cobol Xref v2.03.18          Dictionary File for PY920    04/04/2026  15:11:45:45                                  Page   56
Symbols of Module: PY920 (PY920)
--------------------------------

Data Section (WORKING-STORAGE)  Defn     Locations
-------------------------------+---------------------------------------------------------------

COB-SCR-CTRL-RIGHT-DBL-CLICK       912W
COB-SCR-CTRL-RIGHT-PRESSED         910W
COB-SCR-CTRL-RIGHT-RELEASED        911W
COB-SCR-CTRL-WHEEL-DOWN            932W
COB-SCR-CTRL-WHEEL-UP              931W
COB-SCR-DELETE                     878W
COB-SCR-ESC                        869W    1726   1949   1971   2177   2199                                                   x5
COB-SCR-F1                         800W    1955   2183                                                                        x2
COB-SCR-F10                        809W
COB-SCR-F11                        810W
COB-SCR-F12                        811W
COB-SCR-F13                        812W
COB-SCR-F14                        813W
COB-SCR-F15                        814W
COB-SCR-F16                        815W
COB-SCR-F17                        816W
COB-SCR-F18                        817W
COB-SCR-F19                        818W
COB-SCR-F2                         801W
COB-SCR-F20                        819W
COB-SCR-F21                        820W
COB-SCR-F22                        821W
COB-SCR-F23                        822W
COB-SCR-F24                        823W
COB-SCR-F25                        824W
COB-SCR-F26                        825W
COB-SCR-F27                        826W
COB-SCR-F28                        827W
COB-SCR-F29                        828W
COB-SCR-F3                         802W
COB-SCR-F30                        829W
COB-SCR-F31                        830W
COB-SCR-F32                        831W
COB-SCR-F33                        832W
COB-SCR-F34                        833W
COB-SCR-F35                        834W
COB-SCR-F36                        835W
COB-SCR-F37                        836W
COB-SCR-F38                        837W
COB-SCR-F39                        838W
COB-SCR-F4                         803W
COB-SCR-F40                        839W
COB-SCR-F41                        840W
COB-SCR-F42                        841W
COB-SCR-F43                        842W
COB-SCR-F44                        843W
COB-SCR-F45                        844W
COB-SCR-F46                        845W
COB-SCR-F47                        846W
ACS Cobol Xref v2.03.18          Dictionary File for PY920    04/04/2026  15:11:45:45                                  Page   57
Symbols of Module: PY920 (PY920)
--------------------------------

Data Section (WORKING-STORAGE)  Defn     Locations
-------------------------------+---------------------------------------------------------------

COB-SCR-F48                        847W
COB-SCR-F49                        848W
COB-SCR-F5                         804W
COB-SCR-F50                        849W
COB-SCR-F51                        850W
COB-SCR-F52                        851W
COB-SCR-F53                        852W
COB-SCR-F54                        853W
COB-SCR-F55                        854W
COB-SCR-F56                        855W
COB-SCR-F57                        856W
COB-SCR-F58                        857W
COB-SCR-F59                        858W
COB-SCR-F6                         805W
COB-SCR-F60                        859W
COB-SCR-F61                        860W
COB-SCR-F62                        861W
COB-SCR-F63                        862W
COB-SCR-F64                        863W
COB-SCR-F7                         806W
COB-SCR-F8                         807W
COB-SCR-F9                         808W
COB-SCR-FATAL                      943W
COB-SCR-INSERT                     877W
COB-SCR-KEY-DOWN                   868W
COB-SCR-KEY-END                    881W
COB-SCR-KEY-HOME                   880W
COB-SCR-KEY-LEFT                   873W
COB-SCR-KEY-RIGHT                  874W
COB-SCR-KEY-UP                     867W
COB-SCR-LEFT-DBL-CLICK             886W
COB-SCR-LEFT-PRESSED               884W
COB-SCR-LEFT-RELEASED              885W
COB-SCR-MAX-FIELD                  944W
COB-SCR-MID-DBL-CLICK              889W
COB-SCR-MID-PRESSED                887W
COB-SCR-MID-RELEASED               888W
COB-SCR-MOUSE-MOVE                 883W
COB-SCR-NO-FIELD                   940W
COB-SCR-OK                         797W
COB-SCR-PAGE-DOWN                  866W
COB-SCR-PAGE-UP                    865W
COB-SCR-PRINT                      870W
COB-SCR-RIGHT-DBL-CLICK            892W
COB-SCR-RIGHT-PRESSED              890W
COB-SCR-RIGHT-RELEASED             891W
COB-SCR-SHIFT-LEFT-DBL-CLICK       896W
COB-SCR-SHIFT-LEFT-PRESSED         894W
COB-SCR-SHIFT-LEFT-RELEASED        895W
ACS Cobol Xref v2.03.18          Dictionary File for PY920    04/04/2026  15:11:45:45                                  Page   58
Symbols of Module: PY920 (PY920)
--------------------------------

Data Section (WORKING-STORAGE)  Defn     Locations
-------------------------------+---------------------------------------------------------------

COB-SCR-SHIFT-MID-DBL-CLICK        899W
COB-SCR-SHIFT-MID-PRESSED          897W
COB-SCR-SHIFT-MID-RELEASED         898W
COB-SCR-SHIFT-MOVE                 893W
COB-SCR-SHIFT-RIGHT-DBL-CLICK      902W
COB-SCR-SHIFT-RIGHT-PRESSED        900W
COB-SCR-SHIFT-RIGHT-RELEASED       901W
COB-SCR-SHIFT-WHEEL-DOWN           928W
COB-SCR-SHIFT-WHEEL-UP             927W
COB-SCR-TAB                        871W
COB-SCR-TIME-OUT                   941W
COB-SCR-WHEEL-DOWN                 924W
COB-SCR-WHEEL-UP                   923W
COL2                               478W
COLE                               474W
CURS                               471W     472                                                                               x1
CURS2                              475W     476   1935   2019   2163                                                          x4
DB-HOST                            504W
DB-PORT                            506W
DB-SCHEMA                          501W
DB-SOCKET                          505W
DB-UNAME                           502W
DB-UPASS                           503W
DEFAULT-RECORD                     587W
DUMMIES-4-UNUSED-ACAS-FH-CALLS     586W
DUMMIES-FOR-UNUSED-FH-CALLS        608W
ERROR-CODE                         745W
ERROR-MESSAGES                     684W
FA-FILE-DUPLICATES-IN-USE          526W
FA-FILE-SYSTEM-USED                517W
FA-FS-COBOL-FILES-USED             518W
FA-FS-DUPLICATE-PROCESSING         527W
FA-FS-RDBMS-USED                   519W
FA-FS-VALID-OPTIONS                525W
FA-RDBMS-FLAT-STATUSES             516W
FILE-ACCESS                        466W    2380   2392   2403   2415   2427   2439                                            x6
FILE-FUNCTION                      532W
FILE-KEY-NO                        490W    1941   2169   2377   2389   2400   2412   2424   2436                              x8
FINAL-RECORD                       588W    2438                                                                               x1
FN-CLOSE                           534W    2459   2503   2542   2590   2621   2654                                            x6
FN-DELETE                          540W    2567                                                                               x1
FN-DELETE-ALL                      538W
FN-EQUAL-TO                        556W
FN-EXTEND                          555W
FN-GREATER-THAN                    558W
FN-I-O                             553W    2447   2485   2524   2578   2611   2642                                            x6
FN-INPUT                           552W    2453   2491   2530   2584   2616   2648                                            x6
FN-LESS-THAN                       557W
FN-NOT-GREATER-THAN                560W
ACS Cobol Xref v2.03.18          Dictionary File for PY920    04/04/2026  15:11:45:45                                  Page   59
Symbols of Module: PY920 (PY920)
--------------------------------

Data Section (WORKING-STORAGE)  Defn     Locations
-------------------------------+---------------------------------------------------------------

FN-NOT-LESS-THAN                   559W
FN-OPEN                            533W    2446   2452   2484   2490   2496   2523   2529   2535   2577   2583   2610   2615
                                           2641   2647                                                                        x14
FN-OUTPUT                          554W    2497   2536                                                                        x2
FN-RE-WRITE                        539W    2479   2518   2572   2605   2636   2669                                            x6
FN-READ-BY-BATCH                   547W
FN-READ-BY-CUST                    548W
FN-READ-BY-NAME                    546W
FN-READ-INDEXED                    536W    2469   2552                                                                        x2
FN-READ-NEXT                       535W    2464   2508   2547   2595   2626   2659                                            x6
FN-READ-NEXT-HEADER                549W
FN-READ-NEXT-RAW                   544W
FN-START                           541W    2557                                                                               x1
FN-WRITE                           537W    2474   2513   2562   2600   2631   2664                                            x6
FN-WRITE-RAW                       543W
FS-ACTION                          485W
FS-REPLY                           469W    2060   2089   2106   2123   2140   2204   2674   2681   2688   2695   2702   2710  x12
IR911                              738W    2675                                                                               x1
IR912                              739W    1832   2061   2689                                                                 x3
IR913                              740W    2696                                                                               x1
IR915                              741W    2703                                                                               x1
IR916                              742W    2682                                                                               x1
LEDGER-BALANCE                    1037W
LEDGER-LAST                       1038W
LEDGER-LEVEL                      1034W
LEDGER-N                          1026W
LEDGER-NAME                       1036W    2205                                                                               x1
LEDGER-PC                         1029W    2240                                                                               x1
LEDGER-PLACE                      1033W
LEDGER-Q                          1045W
LEDGER-Q1                         1040W
LEDGER-Q2                         1041W
LEDGER-Q3                         1042W
LEDGER-Q4                         1043W
LEDGER-S                          1027W
LEDGER-TYPE                       1032W
LIN                                473W
LIN2                               477W
LOG-FILE-REC-WRITTEN               581W
LOGGING-DATA                       488W
MAIN-RECORD-MOVE-FLAG              510W
MAPS03-WS                          419W
MENU-REPLY                         613W    1599   1696   1707   1711   1724   1725   1729   1732                              x8
MRMF-MOVE-FD                       511W
MRMF-MOVE-WS                       512W
NL-AC                             1003W
NL-CR                             1000W
NL-CR-LAST                        1002W
NL-DATA                            997W    1004                                                                               x1
ACS Cobol Xref v2.03.18          Dictionary File for PY920    04/04/2026  15:11:45:46                                  Page   60
Symbols of Module: PY920 (PY920)
--------------------------------

Data Section (WORKING-STORAGE)  Defn     Locations
-------------------------------+---------------------------------------------------------------

NL-DR                              999W
NL-DR-LAST                        1001W
NL-KEY                             991W
NL-NAME                            998W    1977                                                                               x1
NL-OWNING                          992W    2010                                                                               x1
NL-POINTER                        1005W
NL-SUB-NOMINAL                     993W    2011                                                                               x1
NL-TYPE                            994W
OWNER                              995W
PATH-WORK                          483W    1798   1801   1962   2190                                                          x4
POSTING-RECORD                     610W    2426                                                                               x1
PP-NAME                            409W
PP-PRINT-FILE-NAME                 411W
PRINT-REPORT                       404W    1761                                                                               x1
PROG-NAME                          395W    1530   1580   1588   1608   1628                                                   x5
PSN                                408W
PY-ACT-STATUS                      615W    1744   1771   1784   1785   1853   1866   1883   1900   1917   1995   2023   2082
                                           2095   2112   2129   2146   2223   2252   2253                                     x19
PY-PR1-STATUS                      614W    1690   1700   1702   1785   1834   2063   2253   2261   2264   2301                x10
PY001                              699W    2263                                                                               x1
PY002                              700W    1701                                                                               x1
PY003                              701W    1938   2166                                                                        x2
PY004                              702W    1939   2167                                                                        x2
PY005                              703W    1940   2168                                                                        x2
PY006                              704W    2024                                                                               x1
PY007                              705W    2038                                                                               x1
PY101                              709W    1735                                                                               x1
PY116                              724W    1979   2207                                                                        x2
PY117                              725W    1746                                                                               x1
PY118                              726W    1782   2250                                                                        x2
PY125                              733W    1693                                                                               x1
PY126                              734W    1694                                                                               x1
QUARTERS                          1039W    1044                                                                               x1
RDB-DATA                           500W
RRN                                468W    1688                                                                               x1
S1                                 470W
SQL-ERR                            493W    2713                                                                               x1
SQL-MSG                            494W    2714                                                                               x1
SQL-STATE                          495W
SUB                                996W
SW-TESTING                         573W
SW-TESTING-2                       578W
SY001                              686W    1695   1706                                                                        x2
SY002                              687W    2247   2266                                                                        x2
SY003                              688W    1788   1837   2066   2256                                                          x4
SY008                              691W    2715                                                                               x1
SY010                              692W    1658                                                                               x1
SY013                              694W    1665                                                                               x1
SY014                              695W    2031                                                                               x1
ACS Cobol Xref v2.03.18          Dictionary File for PY920    04/04/2026  15:11:45:46                                  Page   61
Symbols of Module: PY920 (PY920)
--------------------------------

Data Section (WORKING-STORAGE)  Defn     Locations
-------------------------------+---------------------------------------------------------------

SYSTEM-RECORD-4                    589W
TESTING-1                          574W
TESTING-2                          579W
U-BIN                              443W
U-CC                               427W
U-DATE                             420W     421    429    435   1540   1582   1590   1610   1630   1753                       x9
U-DAYS                             422W
U-INTL                             435W
U-INTL-CC                          437W
U-INTL-DAYS                        442W
U-INTL-MONTH                       440W
U-INTL-YEAR                        436W
U-INTL-YY                          438W
U-MONTH                            424W
U-UK                               421W
U-USA                              429W
U-USA-DAYS                         432W
U-USA-MONTH                        430W
U-YEAR                             426W
U-YY                               428W
WE-ERROR                           467W    1831   1860   1877   1894   1911   1976   2712                                     x7
WINT                               633W    1958   1961   2186   2189                                                          x4
WS-22-LINES                        622W    1674   1693   2030                                                                 x3
WS-23-LINES                        623W    1675   1694   1701   1703   1705   1735   1746   1782   1784   1787   1832   1833
                                           1836   1979   1982   2024   2025   2031   2032   2038   2039   2061   2062   2065
                                           2207   2210   2246   2250   2252   2255   2263   2264   2265                       x33
WS-ACCOUNT-COUNT                   682W    1924   2153                                                                        x2
WS-ACCOUNT-TABLE                   678W    1851   2080                                                                        x2
WS-ACCOUNT-TABLE-SIZE              681W
WS-ACT-EXISTS                      679W    1863   1868   1880   1885   1897   1902   1914   1919   1999   2092   2097   2109
                                           2114   2126   2131   2143   2148   2227                                            x18
WS-ANALYSIS-RECORD                 599W
WS-BATCH-RECORD                    592W
WS-CONV-DATE                       657W
WS-COUNT-ROWS                      499W
WS-DATA                            612W
WS-DATE                            658W     659    665    671                                                                 x3
WS-DATE-FORMATS                    655W
WS-DAYS                            660W
WS-DEFAULTS                        635W
WS-DEL-INV-NOS-RECORD              600W
WS-DELIVERY-RECORD                 598W
WS-DFLT-CASH                       636W    1986   2214                                                                        x2
WS-DFLT-COST                       640W    1989   2217                                                                        x2
WS-DFLT-EXPENSE                    638W    1988   1991   2216   2219                                                          x4
WS-DFLT-LIABILITY                  637W    1987   2215                                                                        x2
WS-ENV-COLUMNS                     620W    1663   1664                                                                        x2
WS-ENV-LINES                       621W    1656   1657   1674   1675   1676                                                   x5
WS-ERR-MSG                         619W    2246                                                                               x1
ACS Cobol Xref v2.03.18          Dictionary File for PY920    04/04/2026  15:11:45:46                                  Page   62
Symbols of Module: PY920 (PY920)
--------------------------------

Data Section (WORKING-STORAGE)  Defn     Locations
-------------------------------+---------------------------------------------------------------

WS-EVAL-MSG                        618W    1705   1787   1836   2065   2255   2265   2302   2303   2304   2305   2306   2307
                                           2308   2309   2310   2311   2312   2313   2314   2315   2316   2317   2318   2319
                                           2320   2321   2322   2323   2324   2325   2326   2327   2328   2329   2330   2331
                                           2332   2333   2334   2335                                                          x40
WS-FILE-KEY                        496W
WS-INTL                            671W
WS-INTL-DAYS                       676W
WS-INTL-MONTH                      674W
WS-INTL-YEAR                       672W
WS-INVOICE-RECORD                  603W
WS-IRS-DEFAULT-RECORD              609W    2414                                                                               x1
WS-IRS-POSTING-RECORD              593W    2391                                                                               x1
WS-IRSNL-RECORD                    990W    2402                                                                               x1
WS-LEDGER-KEY                     1022W    1030                                                                               x1
WS-LEDGER-KEY9                    1030W
WS-LEDGER-NOS                     1023W    1025   2239                                                                        x2
WS-LEDGER-RECORD                  1021W
WS-LINES                           624W    1676   1695   1696   1706   1707   1788   1790   1837   1838   2066   2067   2247
                                           2256   2258   2266   2267                                                          x16
WS-LOG-FILE-NO                     498W
WS-LOG-SYSTEM                      491W
WS-LOG-WHERE                       497W
WS-MONTH                           662W
WS-NO-PARAGRAPH                    492W
WS-OTM3-RECORD                     604W
WS-OTM5-RECORD                     606W
WS-PAGE-LINES                      627W    1524   1752                                                                        x2
WS-PAY-RECORD                      602W
WS-PINVOICE-RECORD                 605W
WS-POSTING-RECORD                  591W
WS-PR1-DATING                      654W
WS-PURCH-RECORD                    601W
WS-REC-CNT                         628W    1570   1751   1768   1774                                                          x4
WS-REPLY                           617W    1659   1666   1790   1838   2025   2032   2039   2067   2258   2267                x10
WS-SALES-RECORD                    596W
WS-STOCK-AUDIT-RECORD              594W
WS-STOCK-RECORD                    595W
WS-SWAP                            656W
WS-TEMP-ACT-NO                     649W
WS-TEMP-FACTOR                     648W
WS-TEMP-LIMIT                      647W
WS-TEMP-NUMBERS                    644W
WS-TEMP-RATE                       645W
WS-TEMP-USED                       650W
WS-TEST-DATE                       652W
WS-TEST-YMD                        653W
WS-TIME                            949W
WS-UK                              659W
WS-USA                             665W
ACS Cobol Xref v2.03.18          Dictionary File for PY920    04/04/2026  15:11:45:46                                  Page   63
Symbols of Module: PY920 (PY920)
--------------------------------

Data Section (WORKING-STORAGE)  Defn     Locations
-------------------------------+---------------------------------------------------------------

WS-USA-DAYS                        668W
WS-USA-MONTH                       666W
WS-VALUE-RECORD                    597W
WS-YEAR                            664W
WSA-DATE                           950W
WSA-DD                             953W
WSA-MM                             952W
WSA-YY                             951W
WSB-HH                             955W
WSB-MM                             956W
WSB-SS                             957W
WSB-TIME                           954W
WSCREENNAME                        632W    1956   1957   1960   2184   2185   2188                                            x6
WSD-HH                             960W    1651                                                                               x1
WSD-MM                             962W    1652                                                                               x1
WSD-SA                             961W
WSD-SB                             963W
WSD-SS                             964W    1653                                                                               x1
WSD-TIME                           959W    1541                                                                               x1
WSE-DATE                           967W     971                                                                               x1
WSE-DATE-9                         971W
WSE-DATE-BLOCK                     966W    1650                                                                               x1
WSE-DAYS                           970W
WSE-HH                             974W    1651                                                                               x1
WSE-MM                             975W    1652                                                                               x1
WSE-MONTH                          969W
WSE-SS                             976W    1653                                                                               x1
WSE-TIME                           973W
WSE-YEAR                           968W                                                                                       x0
ACS Cobol Xref v2.03.18          Dictionary File for PY920    04/04/2026  15:11:45:46                                  Page   64
Symbols of Module: PY920 (PY920)
--------------------------------

Data Section (LINKAGE)          Defn     Locations
-------------------------------+---------------------------------------------------------------

ADDRESS-1                         1147K
ADDRESS-2                         1148K
ADDRESS-3                         1149K
ADDRESS-4                         1150K
AGE-TO-PAY                        1270K
ARCH                              1235K
ARCHIVING                         1236K
AUTO-VAT                          1245K
B-L                               1161K
BATCH-ID                          1246K
BL-END-CYCLE-DATE                 1268K
BL-NEXT-BATCH                     1269K
BL-PAY-AC                         1265K
BL-PURCH-AC                       1267K
BRANCHES                          1224K
CHARGE                            1311K
CLIENT                            1380K
COMPANY-EMAIL                     1217K
COMPARATIVES                      1230K
COMPARATIVES-ACTIVE               1232K
COMPS                             1229K
COMPS-ACTIVE                      1231K
COUNTRY                           1152K
CURRENT-QUARTER                   1184K
CUST-FLAG                         1291K
CYCLEA                            1136K    1137                                                                               x1
DATA-CAPTURE-USED                 1204K
DATE-FORM                         1202K
DATE-VALID-FORMATS                1203K
DC-COBOL-STANDARD                 1205K
DC-GUI                            1206K
DC-WIDGET                         1207K
DISCOUNT                          1310K
DOS                               1177K
END-DATE                          1143K
ENTRY-LEVEL                       1274K
EXTRA-CHARGE-AC                   1257K
EXTRA-DESC                        1308K
EXTRA-PRINT                       1312K
EXTRA-RATE                        1318K
EXTRA-TYPE                        1309K
FILE-0                            1414K
FILE-10                           1433K
FILE-11                           1435K
FILE-12                           1437K
FILE-13                           1439K
FILE-14                           1441K
FILE-15                           1443K
FILE-16                           1445K
ACS Cobol Xref v2.03.18          Dictionary File for PY920    04/04/2026  15:11:45:46                                  Page   65
Symbols of Module: PY920 (PY920)
--------------------------------

Data Section (LINKAGE)          Defn     Locations
-------------------------------+---------------------------------------------------------------

FILE-17                           1447K
FILE-18                           1449K
FILE-19                           1451K
FILE-2                            1417K
FILE-20                           1453K
FILE-21                           1455K
FILE-22                           1457K
FILE-23                           1459K
FILE-24                           1461K
FILE-26                           1464K
FILE-27                           1466K
FILE-28                           1468K
FILE-29                           1470K
FILE-3                            1419K
FILE-30                           1472K
FILE-31                           1474K
FILE-32                           1476K
FILE-33                           1478K
FILE-34                           1479K
FILE-35                           1480K
FILE-36                           1481K
FILE-37                           1482K
FILE-38                           1483K
FILE-39                           1486K
FILE-4                            1421K
FILE-40                           1487K
FILE-41                           1488K
FILE-42                           1489K
FILE-43                           1490K
FILE-44                           1491K
FILE-45                           1492K
FILE-46                           1493K
FILE-47                           1494K
FILE-48                           1495K
FILE-49                           1497K
FILE-5                            1423K
FILE-50                           1498K
FILE-51                           1499K
FILE-52                           1500K
FILE-53                           1501K
FILE-54                           1502K
FILE-55                           1503K
FILE-56                           1504K
FILE-57                           1506K
FILE-6                            1425K
FILE-7                            1427K
FILE-8                            1429K
FILE-9                            1431K
FILE-DEFS                         1409K    1643   2381   2393   2404   2416   2428   2440                                     x7
ACS Cobol Xref v2.03.18          Dictionary File for PY920    04/04/2026  15:11:45:46                                  Page   66
Symbols of Module: PY920 (PY920)
--------------------------------

Data Section (LINKAGE)          Defn     Locations
-------------------------------+---------------------------------------------------------------

FILE-DEFS-A                       1410K    1508                                                                               x1
FILE-DEFS-COUNT                   1510K
FILE-DEFS-OS-DELIMITER            1511K
FILE-DUPLICATES-IN-USE            1197K
FILE-SYSTEM-USED                  1186K
FILLER-DUMMY4                     1393K
FIRST-SL-BATCH                    1327K
FIRST-SL-INV                      1328K
FS-COBOL-FILES-USED               1187K
FS-DUPLICATE-PROCESSING           1198K
FS-MYSQL-USED                     1188K
FS-RDBMS-USED                     1190K
FS-VALID-OPTIONS                  1196K
FULL-INVOICING                    1294K
G-L                               1159K
GENERAL-LEDGER-BLOCK              1221K
GL-BL-PAY-AC                      1351K
GL-BL-PURCH-AC                    1353K
GL-P-CREDITORS                    1352K
GL-S-DEBTORS                      1355K
GL-SL-PAY-AC                      1354K
GL-SL-SALES-AC                    1356K
GROUPED                           1226K
HEADER-LEVEL                      1241K
HOST                              1172K
I-LEVEL-0                         1304K
I-LEVEL-1                         1305K
I-LEVEL-2                         1306K
INDEX-2                           1249K
INVOICER                          1303K
IRS                               1167K
IRS-BOTH-USED                     1252K    1810                                                                               x1
IRS-DATA-BLOCK                    1392K
IRS-ENTRY-BLOCK                   1392K
IRS-INSTEAD                       1250K
IRS-NO                            1168K
IRS-USED                          1251K
LEDGER-2ND-INDEX                  1248K
LEDGER-SEC                        1253K
LEVEL                             1157K
LEVEL-1                           1158K
LEVEL-2                           1160K
LEVEL-3                           1162K
LEVEL-4                           1164K
LEVEL-5                           1166K
LEVEL-6                           1169K
LINUX                             1182K
M-V                               1233K
MAC                               1179K
ACS Cobol Xref v2.03.18          Dictionary File for PY920    04/04/2026  15:11:45:46                                  Page   67
Symbols of Module: PY920 (PY920)
--------------------------------

Data Section (LINKAGE)          Defn     Locations
-------------------------------+---------------------------------------------------------------

MANDATORY                         1238K
MAPS-SER                          1199K
MAPS-SER-NN                       1201K    1935   2019   2163                                                                 x3
MAPS-SER-XX                       1200K
MINIMUM-VALIDATION                1234K
MULTI-USER                        1173K
NEXT-BATCH                        1256K
NEXT-FOLIO                        1264K
NEXT-INVOICE                      1140K
NEXT-POST                         1381K
NO-OS                             1176K
NOT-INVOICING                     1307K
OI-3-FLAG                         1290K
OI-5-FLAG                         1292K
OP-SYSTEM                         1174K
OS-SINGLE                         1183K
OS2                               1180K
P-C                               1222K
P-C-GROUPED                       1225K
P-C-LEVEL                         1227K
P-CREDITORS                       1266K
P-FLAG-A                          1275K
P-FLAG-I                          1276K
P-FLAG-P                          1277K
P-L-EXISTS                        1272K
PAGE-LINES                        1139K    1521   1752                                                                        x2
PARAM-RESTRICT                    1212K
PASS-VALUE                        1156K
PASS-WORD                         1171K
PAYROLL                           1170K
PERIOD                            1138K
PF-RETENTION                      1326K
PHONE-NO                          1154K
PL-APPROP-AC                      1390K
PL-APPROP-AC6                     1388K
PL-AUTOGEN                        1280K
PL-DELIM                          1273K
PL-NEXT-REC                       1281K
PL-STOCK-LINK                     1278K
POST-CODE                         1151K
POST-TRANS-NAME                   1412K
POSTINGS                          1255K
PRE-TRANS-NAME                    1411K
PRESERVE-BATCH                    1247K
PRINT-SPOOL-NAME                  1153K
PRINT-SPOOL-NAME2                 1259K
PRINT-SPOOL-NAME3                 1279K
PROFIT-CENTRES                    1223K
PURCHASE-LEDGER                   1271K
ACS Cobol Xref v2.03.18          Dictionary File for PY920    04/04/2026  15:11:45:46                                  Page   68
Symbols of Module: PY920 (PY920)
--------------------------------

Data Section (LINKAGE)          Defn     Locations
-------------------------------+---------------------------------------------------------------

PURCHASE-LEDGER-BLOCK             1263K
PURCHASE-RANGE                    1243K
RDBMS-DB-NAME                     1208K
RDBMS-FLAT-STATUSES               1185K
RDBMS-HOST                        1214K
RDBMS-PASSWD                      1210K
RDBMS-PORT                        1213K
RDBMS-SOCKET                      1215K
RDBMS-USER                        1209K
REVENUE-ONLY                      1228K
RUN-DATE                          1141K
S-DEBTORS                         1331K
S-END-CYCLE-DATE                  1333K
S-FLAG-A                          1295K
S-FLAG-I                          1296K
S-FLAG-OI-3                       1293K
S-FLAG-P                          1297K
S-L                               1163K
S-L-EXISTS                        1288K
SALES-LEDGER                      1287K
SALES-LEDGER-BLOCK                1286K
SALES-RANGE                       1242K
SCYCLE                            1137K
SL-AUTOGEN                        1345K
SL-BO-DEFAULT                     1348K
SL-BO-FLAG                        1347K
SL-CHARGES                        1299K
SL-COMP-HEAD-INV                  1336K
SL-COMP-HEAD-LETS                 1340K
SL-COMP-HEAD-PICK                 1334K
SL-COMP-HEAD-STAT                 1338K
SL-COMP-INV                       1337K
SL-COMP-LETS                      1341K
SL-COMP-PICK                      1335K
SL-COMP-STAT                      1339K
SL-CREDIT                         1322K
SL-DAY-BOOK                       1302K
SL-DAYS-1                         1319K
SL-DAYS-2                         1320K
SL-DAYS-3                         1321K
SL-DELIM                          1289K
SL-DISC                           1317K
SL-DUNNING                        1298K
SL-INVOICE-LINES                  1344K
SL-LATE-PER                       1316K
SL-LIMIT                          1329K
SL-MAX                            1325K
SL-MIN                            1324K
SL-NEXT-REC                       1346K
ACS Cobol Xref v2.03.18          Dictionary File for PY920    04/04/2026  15:11:45:46                                  Page   69
Symbols of Module: PY920 (PY920)
--------------------------------

Data Section (LINKAGE)          Defn     Locations
-------------------------------+---------------------------------------------------------------

SL-OWN-NOS                        1300K
SL-PAY-AC                         1330K
SL-SALES-AC                       1332K
SL-STATS-RUN                      1301K
SL-STOCK-AUDIT                    1314K
SL-STOCK-LINK                     1313K
SL-VAT-PRINTED                    1342K
SL-VAT-PRINTS                     1343K
START-DATE                        1142K
STATS-DATE-PERIOD                 1216K
STK-ABREV-REF                     1362K
STK-ACTIVITY-REP-RUN              1375K
STK-AUDIT-NO                      1378K
STK-AUDIT-USED                    1366K
STK-AVERAGING                     1373K
STK-BO-ACTIVE                     1376K
STK-DEBUG                         1363K
STK-MANU-USED                     1364K
STK-MOV-AUDIT                     1367K
STK-OE-USED                       1365K
STK-PAGE-LINES                    1377K
STK-PERIOD-CUR                    1368K
STK-PERIOD-DAT                    1369K
STOCK                             1165K
STOCK-AUDIT-ON                    1315K
STOCK-AVERAGING                   1374K
STOCK-CONTROL                     1371K
STOCK-CONTROL-BLOCK               1361K
STOCK-CONTROL-EXISTS              1372K
SUSER                             1144K
SYSTEM-DATA-BLOCK                 1120K
SYSTEM-FILE-NAMES                 1509K
TO-DAY                            1514K    1642   1753                                                                        x2
TRANS-DONE                        1240K
TRANS-PRINT                       1237K
TRANS-PRINTED                     1239K
UNIX                              1181K
UPDATES                           1254K
USER-CODE                         1146K
USERA                             1145K    1539   1583   1591   1611   1631                                                   x5
VALID-OS-TYPE                     1175K
VAT                               1244K
VAT-AC                            1258K
VAT-GROUP                         1386K
VAT-PSENT                         1387K
VAT-RATE                          1135K
VAT-RATE-1                        1130K
VAT-RATE-2                        1131K
VAT-RATE-3                        1132K
ACS Cobol Xref v2.03.18          Dictionary File for PY920    04/04/2026  15:11:45:46                                  Page   70
Symbols of Module: PY920 (PY920)
--------------------------------

Data Section (LINKAGE)          Defn     Locations
-------------------------------+---------------------------------------------------------------

VAT-RATE-4                        1133K
VAT-RATE-5                        1134K
VAT-RATES                         1129K    1135                                                                               x1
VAT-RATES2                        1382K    1386                                                                               x1
VAT-REG-NUMBER                    1211K
VAT1                              1383K
VAT2                              1384K
VAT3                              1385K
WINDOWS                           1178K
WS-CALLED                         1058K
WS-CALLER                         1059K
WS-CALLING-DATA                   1057K    1640                                                                               x1
WS-CD-ARGS                        1065K
WS-DEL-LINK                       1060K
WS-PROCESS-FUNC                   1063K
WS-SUB-FUNCTION                   1064K
WS-SYSTEM-RECORD                  1116K    1641   2379   2390   2401   2413   2425   2437                                     x7
WS-SYSTEM-RECORD-VERSION-PRIME    1122K
WS-SYSTEM-RECORD-VERSION-SECOND   1127K
WS-TERM-CODE                      1061K    1660   1667   1691   1817                                                          x4
ACS Cobol Xref v2.03.18          Dictionary File for PY920    04/04/2026  15:11:45:46                                  Page   71
Symbols of Module: PY920 (PY920)
--------------------------------

Data Section (REPORT)           Defn     Locations
-------------------------------+---------------------------------------------------------------

ACCOUNT-DETAIL                    1553R    1775                                                                               x1
ACCOUNT-FILE-REPORT               1519R    1758   1755                                                                        x2
ACT-DESC                          1557R    1618   1636   1857   1874   1891   1908   1946   1977   1983   2046   2086   2103
                                           2120   2137   2174   2205   2211                                                   x17
ACT-GL-NO                         1556R    1616   1635   1945   2173   1858   1861   1875   1878   1892   1895   1909   1912
                                           1970   1986   1987   1988   1989   2010   2045   2087   2090   2104   2107   2121
                                           2124   2138   2141   2198   2214   2215   2216   2217   2239                       x33
ACT-NO                            1555R    1614   1634   1856   1863   1868   1873   1880   1885   1890   1897   1902   1907
                                           1914   1919   1944   1948   1963   1969   1985   1999   2044   2085   2092   2097
                                           2102   2109   2114   2119   2126   2131   2136   2143   2148   2172   2176   2191
                                           2197   2213   2227                                                                 x39
PAGE-LINES                        1521R    1752                                                                               x1
PROG-NAME                         1530R    1580   1588   1608   1628                                                          x4
REPORT-HEAD-GROUP                 1526R
U-DATE                            1540R    1582   1590   1610   1630   1753                                                   x5
USERA                             1539R    1583   1591   1611   1631                                                          x4
WS-PAGE-LINES                     1524R    1752                                                                               x1
WS-REC-CNT                        1570R    1751   1768   1774                                                                 x3
WSD-TIME                          1541R                                                                                       x0
ACS Cobol Xref v2.03.18          Dictionary File for PY920    04/04/2026  15:11:45:46                                  Page   72
Symbols of Module: PY920 (PY920)
--------------------------------

Data Section (SCREEN)           Defn     Locations
-------------------------------+---------------------------------------------------------------

ACT-DESC                          1618S    1636   1857   1874   1891   1908   1946   1977   1983   2046   2086   2103   2120
                                           2137   2174   2205   2211                                                          x16
ACT-GL-NO                         1616S    1635   1945   2173   1858   1861   1875   1878   1892   1895   1909   1912   1970
                                           1986   1987   1988   1989   2010   2045   2087   2090   2104   2107   2121   2124
                                           2138   2141   2198   2214   2215   2216   2217   2239                              x32
ACT-NO                            1614S    1634   1856   1863   1868   1873   1880   1885   1890   1897   1902   1907   1914
                                           1919   1944   1948   1963   1969   1985   1999   2044   2085   2092   2097   2102
                                           2109   2114   2119   2126   2131   2136   2143   2148   2172   2176   2191   2197
                                           2213   2227                                                                        x38
COB-COLOR-BLACK                   1577S    1585   1605   1625                                                                 x3
COB-COLOR-GREEN                   1586S    1606   1626                                                                        x2
DISPLAY-HEADS                     1577S    1936   2020   2033   2164                                                          x4
MENU-REPLY                        1599S    1696   1707   1711   1724   1725   1729   1732                                     x7
PROG-NAME                         1580S    1588   1608   1628                                                                 x3
SS-PARAM-7-IRS-NOMINAL-ACCOUNTS   1605S    1937   2165                                                                        x2
SS-PARAM-7-IRS-SHOW-NOMINAL-ACC   1625S    2021   2034                                                                        x2
SS-PARAM-MENU-3                   1585S    1722   1723                                                                        x2
U-DATE                            1582S    1590   1610   1630   1753                                                          x4
USERA                             1583S    1591   1611   1631                                                                 x3
ACS Cobol Xref v2.03.18          Dictionary File for PY920    04/04/2026  15:11:45:46                                  Page   73
Symbols of Module: PY920 (PY920)
--------------------------------
Variable Tested [S]            Symbol (88-Conditions)
--------------------------------------------------------------

ACCESS-TYPE                     FN-INPUT
ACCESS-TYPE                     FN-I-O
ACCESS-TYPE                     FN-OUTPUT
ACCESS-TYPE                     FN-EXTEND
ACCESS-TYPE                     FN-EQUAL-TO
ACCESS-TYPE                     FN-LESS-THAN
ACCESS-TYPE                     FN-GREATER-THAN
ACCESS-TYPE                     FN-NOT-LESS-THAN
ACCESS-TYPE                     FN-NOT-GREATER-THAN
ARCH                            ARCHIVING
BATCH-ID                        PRESERVE-BATCH
COMPS                           COMPARATIVES
COMPS-ACTIVE                    COMPARATIVES-ACTIVE
DATA-CAPTURE-USED               DC-COBOL-STANDARD
DATA-CAPTURE-USED               DC-GUI
DATA-CAPTURE-USED               DC-WIDGET
DATE-FORM                       DATE-VALID-FORMATS
EXTRA-TYPE                      DISCOUNT
EXTRA-TYPE                      CHARGE
FA-FILE-DUPLICATES-IN-USE       FA-FS-DUPLICATE-PROCESSING
FA-FILE-SYSTEM-USED             FA-FS-COBOL-FILES-USED
FA-FILE-SYSTEM-USED             FA-FS-RDBMS-USED
FA-FILE-SYSTEM-USED             FA-FS-VALID-OPTIONS
FILE-DUPLICATES-IN-USE          FS-DUPLICATE-PROCESSING
FILE-FUNCTION                   FN-OPEN
FILE-FUNCTION                   FN-CLOSE
FILE-FUNCTION                   FN-READ-NEXT
FILE-FUNCTION                   FN-READ-INDEXED
FILE-FUNCTION                   FN-WRITE
FILE-FUNCTION                   FN-DELETE-ALL
FILE-FUNCTION                   FN-RE-WRITE
FILE-FUNCTION                   FN-DELETE
FILE-FUNCTION                   FN-START
FILE-FUNCTION                   FN-WRITE-RAW
FILE-FUNCTION                   FN-READ-NEXT-RAW
FILE-FUNCTION                   FN-READ-BY-NAME
FILE-FUNCTION                   FN-READ-BY-BATCH
FILE-FUNCTION                   FN-READ-BY-CUST
FILE-FUNCTION                   FN-READ-NEXT-HEADER
FILE-SYSTEM-USED                FS-COBOL-FILES-USED
FILE-SYSTEM-USED                FS-MYSQL-USED
FILE-SYSTEM-USED                FS-RDBMS-USED
FILE-SYSTEM-USED                FS-VALID-OPTIONS
HOST                            MULTI-USER
INVOICER                        I-LEVEL-0
INVOICER                        I-LEVEL-1
INVOICER                        I-LEVEL-2
INVOICER                        NOT-INVOICING
IRS-INSTEAD                     IRS-USED
IRS-INSTEAD                     IRS-BOTH-USED
ACS Cobol Xref v2.03.18          Dictionary File for PY920    04/04/2026  15:11:45:46                                  Page   74
Symbols of Module: PY920 (PY920)
--------------------------------
Variable Tested [S]            Symbol (88-Conditions)
--------------------------------------------------------------

LEDGER-2ND-INDEX                INDEX-2
LEVEL-1                         G-L
LEVEL-2                         B-L
LEVEL-3                         S-L
LEVEL-4                         STOCK
LEVEL-5                         IRS
LEVEL-5                         IRS-NO
LEVEL-6                         PAYROLL
M-V                             MINIMUM-VALIDATION
MAIN-RECORD-MOVE-FLAG           MRMF-MOVE-FD
MAIN-RECORD-MOVE-FLAG           MRMF-MOVE-WS
NL-TYPE                         OWNER
NL-TYPE                         SUB
OP-SYSTEM                       VALID-OS-TYPE
OP-SYSTEM                       NO-OS
OP-SYSTEM                       DOS
OP-SYSTEM                       WINDOWS
OP-SYSTEM                       MAC
OP-SYSTEM                       OS2
OP-SYSTEM                       UNIX
OP-SYSTEM                       LINUX
OP-SYSTEM                       OS-SINGLE
P-C                             PROFIT-CENTRES
P-C                             BRANCHES
P-C-GROUPED                     GROUPED
P-C-LEVEL                       REVENUE-ONLY
PURCHASE-LEDGER                 P-L-EXISTS
SALES-LEDGER                    S-L-EXISTS
SL-COMP-HEAD-INV                SL-COMP-INV
SL-COMP-HEAD-LETS               SL-COMP-LETS
SL-COMP-HEAD-PICK               SL-COMP-PICK
SL-COMP-HEAD-STAT               SL-COMP-STAT
SL-STOCK-AUDIT                  STOCK-AUDIT-ON
SL-VAT-PRINTED                  SL-VAT-PRINTS
STK-AVERAGING                   STOCK-AVERAGING
STOCK-CONTROL                   STOCK-CONTROL-EXISTS
SW-TESTING                      TESTING-1
SW-TESTING-2                    TESTING-2
TRANS-PRINT                     MANDATORY
TRANS-PRINTED                   TRANS-DONE
VAT                             AUTO-VAT
ACS Cobol Xref v2.03.18          Dictionary File for PY920    04/04/2026  15:11:45:46                                  Page   75
Symbols of Module: PY920 (PY920)
--------------------------------
Variable Tested                Symbol (88-Conditions) [S]
--------------------------------------------------------------

ARCH                            ARCHIVING
VAT                             AUTO-VAT
LEVEL-2                         B-L
P-C                             BRANCHES
EXTRA-TYPE                      CHARGE
COMPS                           COMPARATIVES
COMPS-ACTIVE                    COMPARATIVES-ACTIVE
DATE-FORM                       DATE-VALID-FORMATS
DATA-CAPTURE-USED               DC-COBOL-STANDARD
DATA-CAPTURE-USED               DC-GUI
DATA-CAPTURE-USED               DC-WIDGET
EXTRA-TYPE                      DISCOUNT
OP-SYSTEM                       DOS
FA-FILE-SYSTEM-USED             FA-FS-COBOL-FILES-USED
FA-FILE-DUPLICATES-IN-USE       FA-FS-DUPLICATE-PROCESSING
FA-FILE-SYSTEM-USED             FA-FS-RDBMS-USED
FA-FILE-SYSTEM-USED             FA-FS-VALID-OPTIONS
FILE-FUNCTION                   FN-CLOSE
FILE-FUNCTION                   FN-DELETE
FILE-FUNCTION                   FN-DELETE-ALL
ACCESS-TYPE                     FN-EQUAL-TO
ACCESS-TYPE                     FN-EXTEND
ACCESS-TYPE                     FN-GREATER-THAN
ACCESS-TYPE                     FN-I-O
ACCESS-TYPE                     FN-INPUT
ACCESS-TYPE                     FN-LESS-THAN
ACCESS-TYPE                     FN-NOT-GREATER-THAN
ACCESS-TYPE                     FN-NOT-LESS-THAN
FILE-FUNCTION                   FN-OPEN
ACCESS-TYPE                     FN-OUTPUT
FILE-FUNCTION                   FN-RE-WRITE
FILE-FUNCTION                   FN-READ-BY-BATCH
FILE-FUNCTION                   FN-READ-BY-CUST
FILE-FUNCTION                   FN-READ-BY-NAME
FILE-FUNCTION                   FN-READ-INDEXED
FILE-FUNCTION                   FN-READ-NEXT
FILE-FUNCTION                   FN-READ-NEXT-HEADER
FILE-FUNCTION                   FN-READ-NEXT-RAW
FILE-FUNCTION                   FN-START
FILE-FUNCTION                   FN-WRITE
FILE-FUNCTION                   FN-WRITE-RAW
FILE-SYSTEM-USED                FS-COBOL-FILES-USED
FILE-DUPLICATES-IN-USE          FS-DUPLICATE-PROCESSING
FILE-SYSTEM-USED                FS-MYSQL-USED
FILE-SYSTEM-USED                FS-RDBMS-USED
FILE-SYSTEM-USED                FS-VALID-OPTIONS
LEVEL-1                         G-L
P-C-GROUPED                     GROUPED
INVOICER                        I-LEVEL-0
INVOICER                        I-LEVEL-1
ACS Cobol Xref v2.03.18          Dictionary File for PY920    04/04/2026  15:11:45:46                                  Page   76
Symbols of Module: PY920 (PY920)
--------------------------------
Variable Tested                Symbol (88-Conditions) [S]
--------------------------------------------------------------

INVOICER                        I-LEVEL-2
LEDGER-2ND-INDEX                INDEX-2
LEVEL-5                         IRS
IRS-INSTEAD                     IRS-BOTH-USED
LEVEL-5                         IRS-NO
IRS-INSTEAD                     IRS-USED
OP-SYSTEM                       LINUX
OP-SYSTEM                       MAC
TRANS-PRINT                     MANDATORY
M-V                             MINIMUM-VALIDATION
MAIN-RECORD-MOVE-FLAG           MRMF-MOVE-FD
MAIN-RECORD-MOVE-FLAG           MRMF-MOVE-WS
HOST                            MULTI-USER
OP-SYSTEM                       NO-OS
INVOICER                        NOT-INVOICING
OP-SYSTEM                       OS-SINGLE
OP-SYSTEM                       OS2
NL-TYPE                         OWNER
PURCHASE-LEDGER                 P-L-EXISTS
LEVEL-6                         PAYROLL
BATCH-ID                        PRESERVE-BATCH
P-C                             PROFIT-CENTRES
P-C-LEVEL                       REVENUE-ONLY
LEVEL-3                         S-L
SALES-LEDGER                    S-L-EXISTS
SL-COMP-HEAD-INV                SL-COMP-INV
SL-COMP-HEAD-LETS               SL-COMP-LETS
SL-COMP-HEAD-PICK               SL-COMP-PICK
SL-COMP-HEAD-STAT               SL-COMP-STAT
SL-VAT-PRINTED                  SL-VAT-PRINTS
LEVEL-4                         STOCK
SL-STOCK-AUDIT                  STOCK-AUDIT-ON
STK-AVERAGING                   STOCK-AVERAGING
STOCK-CONTROL                   STOCK-CONTROL-EXISTS
NL-TYPE                         SUB
SW-TESTING                      TESTING-1
SW-TESTING-2                    TESTING-2
TRANS-PRINTED                   TRANS-DONE
OP-SYSTEM                       UNIX
OP-SYSTEM                       VALID-OS-TYPE
OP-SYSTEM                       WINDOWS
ACS Cobol Xref v2.03.18          Dictionary File for PY920    04/04/2026  15:11:45:46                                  Page   77
Symbols of Module: PY920 (PY920)
--------------------------------
Functions                       Defn     Locations
-------------------------------+---------------------------------------------------------------

CURRENT-DATE                      1650I
UPPER-CASE                        1724I                                                                                       x0
ACS Cobol Xref v2.03.18          Dictionary File for PY920    04/04/2026  15:11:45:46                                  Page   78
Symbols of Module: PY920 (PY920)
--------------------------------
Called Procedures               Type   Locations
-------------------------------+--------------------------------------------------------

ACAS000                         USER     2378                                                                                 x1
ACAS008                         USER     2390                                                                                 x1
ACASIRSUB1                      USER     2401                                                                                 x1
ACASIRSUB3                      USER     2413                                                                                 x1
ACASIRSUB4                      USER     2425                                                                                 x1
ACASIRSUB5                      USER     2437                                                                                 x1
CBL_DELETE_FILE                 SYSTEM   1962   2190                                                                          x2
SCR_DUMP                        USER     1957   2185                                                                          x2
SCR_RESTORE                     USER     1960   2188                                                                          x2
SYSTEM                          SYSTEM   1761                                                                                 x1
ACS Cobol Xref v2.03.18          Dictionary File for PY920    04/04/2026  15:11:45:46                                  Page   79
Symbols of Module: PY920 (PY920)
--------------------------------
Procedure                       Defn     Locations
-------------------------------+---------------------------------------------------------------

AA000-EXIT                        1738P    1720                                                                               x1
AA000-MAIN                        1645S
AA010-MENU                        1717P    1731   1734   1736                                                                 x3
AA050-EXIT                        1763P
AA050-REPORT                      1740S    1733                                                                               x1
AA060-EXIT                        1779P
AA060-PRODUCE-REPORT              1765S    1756                                                                               x1
AA100-BAD-DATA-DISPLAY            2245P
AA110-ACT-FILE-ERROR              2249P
AA125-TEST-PR1-STATUS             2260P
AA130-ACT-FILE-ERROR              1781P    1867   1884   1901   1918   1996   2096   2113   2130   2147   2224                x10
AB020-EXIT                        1821P    1819                                                                               x1
AB020-PY-NOMINAL-ACCOUNTS         1793S    1730                                                                               x1
AB030-CONTINUED                   1931P    1871   1888   1905   1922                                                          x4
AB030-EXIT                        2005P    1841   2070                                                                        x2
AB030-GET-NOMINAL                 1943P
AB030-USING-IRS                   1823S    1807                                                                               x1
AB035-EXIT                        2014P
AB035-FIND-IRS-NOMINAL-ACCT       2007S    1859   1876   1893   1910   1975                                                   x5
AB040-EXIT                        2050P    2026                                                                               x1
AB040-SHOW-ACCTS                  2016S    1959   2187                                                                        x2
AB050-CONTINUED                   2160P    2100   2117   2134   2151                                                          x4
AB050-EXIT                        2233P
AB050-GET-NOMINAL                 2171P
AB050-USING-GL                    2052S    1811                                                                               x1
AB060-EXIT                        2243P
AB060-FIND-GL-NOMINAL-ACCT        2235S    2088   2105   2122   2139   2203                                                   x5
ACAS000-CHECK-4-ERRORS            2673P    2449   2454                                                                        x2
ACAS000-CLOSE                     2457P    2676                                                                               x1
ACAS000-OPEN                      2445P
ACAS000-OPEN-INPUT                2451P
ACAS000-READ-INDEXED              2467P
ACAS000-READ-NEXT                 2462P
ACAS000-REWRITE                   2477P
ACAS000-WRITE                     2472P
ACAS008-CHECK-4-ERRORS            2680P    2487   2493   2499                                                                 x3
ACAS008-CLOSE                     2501P    2683                                                                               x1
ACAS008-OPEN                      2483P
ACAS008-OPEN-INPUT                2489P
ACAS008-OPEN-OUTPUT               2495P
ACAS008-READ-NEXT                 2506P
ACAS008-REWRITE                   2516P
ACAS008-WRITE                     2511P
ACASIRSUB1-CLOSE                  2540P    1839   2003   2690                                                                 x3
ACASIRSUB1-DELETE                 2565P
ACASIRSUB1-OPEN                   2522P
ACASIRSUB1-OPEN-INPUT             2528P    1830                                                                               x1
ACASIRSUB1-OPEN-OUTPUT            2534P
ACASIRSUB1-READ-INDEXED           2550P    2012                                                                               x1
ACASIRSUB1-READ-NEXT              2545P
ACS Cobol Xref v2.03.18          Dictionary File for PY920    04/04/2026  15:11:45:46                                  Page   80
Symbols of Module: PY920 (PY920)
--------------------------------
Procedure                       Defn     Locations
-------------------------------+---------------------------------------------------------------

ACASIRSUB1-REWRITE                2570P
ACASIRSUB1-START                  2555P
ACASIRSUB1-WRITE                  2560P
ACASIRSUB3-CLOSE                  2588P    2697                                                                               x1
ACASIRSUB3-OPEN                   2576P
ACASIRSUB3-OPEN-INPUT             2582P
ACASIRSUB3-READ-NEXT              2593P
ACASIRSUB3-REWRITE                2603P
ACASIRSUB3-WRITE                  2598P
ACASIRSUB4-CLOSE                  2619P
ACASIRSUB4-OPEN                   2609P
ACASIRSUB4-OPEN-INPUT             2614P
ACASIRSUB4-READ-NEXT              2624P
ACASIRSUB4-REWRITE                2634P
ACASIRSUB4-WRITE                  2629P
ACASIRSUB5-CLOSE                  2652P    2704                                                                               x1
ACASIRSUB5-OPEN                   2640P
ACASIRSUB5-OPEN-INPUT             2646P
ACASIRSUB5-READ-NEXT              2657P
ACASIRSUB5-REWRITE                2667P
ACASIRSUB5-WRITE                  2662P
DUMMY-EX                          2270P
GL-NOMINAL-CLOSE                  2068P    2231                                                                               x1
GL-NOMINAL-OPEN-INPUT             2059P
GL-NOMINAL-READ-INDEXED           2241P
IRSUB1-CHECK-4-ERRORS             2687P    2526   2532   2538                                                                 x3
IRSUB3-CHECK-4-ERRORS             2694P    2580   2586                                                                        x2
IRSUB5-CHECK-4-ERRORS             2701P    2644   2650                                                                        x2
OPEN-ERROR-CONTINUED              2708P    2677   2684   2691   2698   2705                                                   x5
WS-                               2337P
ZZ040-EVALUATE-MESSAGE            2272S    1704   1786   1835   2064   2254   2262                                            x6
ZZ100-ACAS-IRS-CALLS              2355S
ZZ100-EXIT                        2719P                                                                                       x0
ACS Cobol Xref v2.03.18          Dictionary File for PY920    04/04/2026  15:11:45:46                                  Page   81
Symbols of Module: PY920 (PY920)
--------------------------------
Unreferenced Working Storage Symbols

ADDRESS-1                         1147K
ADDRESS-2                         1148K
ADDRESS-3                         1149K
ADDRESS-4                         1150K
AGE-TO-PAY                        1270K
ARCH                              1235K
ARCHIVING                         1236K
AUTO-VAT                          1245K
B                                  626W
B-L                               1161K
BATCH-ID                          1246K
BL-END-CYCLE-DATE                 1268K
BL-NEXT-BATCH                     1269K
BL-PAY-AC                         1265K
BL-PURCH-AC                       1267K
BRANCHES                          1224K
CHARGE                            1311K
CLIENT                            1380K
COB-ALLOW-ALL-SCREEN-ACTIONS       793W
COB-ALLOW-LEFT-DOUBLE              785W
COB-ALLOW-LEFT-DOWN                783W
COB-ALLOW-LEFT-UP                  784W
COB-ALLOW-MIDDLE-DOUBLE            788W
COB-ALLOW-MIDDLE-DOWN              786W
COB-ALLOW-MIDDLE-UP                787W
COB-ALLOW-MOUSE-MOVE               792W
COB-ALLOW-RIGHT-DOUBLE             791W
COB-ALLOW-RIGHT-DOWN               789W
COB-ALLOW-RIGHT-UP                 790W
COB-AUTO-MOUSE-HANDLING            782W
COB-COLOR-BLUE                     773W
COB-COLOR-CYAN                     775W
COB-COLOR-MAGENTA                  777W
COB-COLOR-WHITE                    779W
COB-COLOR-YELLOW                   778W
COB-SCR-ALT-LEFT-DBL-CLICK         916W
COB-SCR-ALT-LEFT-PRESSED           914W
COB-SCR-ALT-LEFT-RELEASED          915W
COB-SCR-ALT-MID-DBL-CLICK          919W
COB-SCR-ALT-MID-PRESSED            917W
COB-SCR-ALT-MID-RELEASED           918W
COB-SCR-ALT-MOVE                   913W
COB-SCR-ALT-RIGHT-DBL-CLICK        922W
COB-SCR-ALT-RIGHT-PRESSED          920W
COB-SCR-ALT-RIGHT-RELEASED         921W
COB-SCR-ALT-WHEEL-DOWN             936W
COB-SCR-ALT-WHEEL-UP               935W
COB-SCR-BACK-TAB                   872W
COB-SCR-BACKSPACE                  879W
COB-SCR-CTRL-LEFT-DBL-CLICK        906W
COB-SCR-CTRL-LEFT-PRESSED          904W
ACS Cobol Xref v2.03.18          Dictionary File for PY920    04/04/2026  15:11:45:46                                  Page   82
Symbols of Module: PY920 (PY920)
--------------------------------
Unreferenced Working Storage Symbols

COB-SCR-CTRL-LEFT-RELEASED         905W
COB-SCR-CTRL-MID-DBL-CLICK         909W
COB-SCR-CTRL-MID-PRESSED           907W
COB-SCR-CTRL-MID-RELEASED          908W
COB-SCR-CTRL-MOVE                  903W
COB-SCR-CTRL-RIGHT-DBL-CLICK       912W
COB-SCR-CTRL-RIGHT-PRESSED         910W
COB-SCR-CTRL-RIGHT-RELEASED        911W
COB-SCR-CTRL-WHEEL-DOWN            932W
COB-SCR-CTRL-WHEEL-UP              931W
COB-SCR-DELETE                     878W
COB-SCR-F10                        809W
COB-SCR-F11                        810W
COB-SCR-F12                        811W
COB-SCR-F13                        812W
COB-SCR-F14                        813W
COB-SCR-F15                        814W
COB-SCR-F16                        815W
COB-SCR-F17                        816W
COB-SCR-F18                        817W
COB-SCR-F19                        818W
COB-SCR-F2                         801W
COB-SCR-F20                        819W
COB-SCR-F21                        820W
COB-SCR-F22                        821W
COB-SCR-F23                        822W
COB-SCR-F24                        823W
COB-SCR-F25                        824W
COB-SCR-F26                        825W
COB-SCR-F27                        826W
COB-SCR-F28                        827W
COB-SCR-F29                        828W
COB-SCR-F3                         802W
COB-SCR-F30                        829W
COB-SCR-F31                        830W
COB-SCR-F32                        831W
COB-SCR-F33                        832W
COB-SCR-F34                        833W
COB-SCR-F35                        834W
COB-SCR-F36                        835W
COB-SCR-F37                        836W
COB-SCR-F38                        837W
COB-SCR-F39                        838W
COB-SCR-F4                         803W
COB-SCR-F40                        839W
COB-SCR-F41                        840W
COB-SCR-F42                        841W
COB-SCR-F43                        842W
COB-SCR-F44                        843W
COB-SCR-F45                        844W
COB-SCR-F46                        845W
ACS Cobol Xref v2.03.18          Dictionary File for PY920    04/04/2026  15:11:45:46                                  Page   83
Symbols of Module: PY920 (PY920)
--------------------------------
Unreferenced Working Storage Symbols

COB-SCR-F47                        846W
COB-SCR-F48                        847W
COB-SCR-F49                        848W
COB-SCR-F5                         804W
COB-SCR-F50                        849W
COB-SCR-F51                        850W
COB-SCR-F52                        851W
COB-SCR-F53                        852W
COB-SCR-F54                        853W
COB-SCR-F55                        854W
COB-SCR-F56                        855W
COB-SCR-F57                        856W
COB-SCR-F58                        857W
COB-SCR-F59                        858W
COB-SCR-F6                         805W
COB-SCR-F60                        859W
COB-SCR-F61                        860W
COB-SCR-F62                        861W
COB-SCR-F63                        862W
COB-SCR-F64                        863W
COB-SCR-F7                         806W
COB-SCR-F8                         807W
COB-SCR-F9                         808W
COB-SCR-FATAL                      943W
COB-SCR-INSERT                     877W
COB-SCR-KEY-DOWN                   868W
COB-SCR-KEY-END                    881W
COB-SCR-KEY-HOME                   880W
COB-SCR-KEY-LEFT                   873W
COB-SCR-KEY-RIGHT                  874W
COB-SCR-KEY-UP                     867W
COB-SCR-LEFT-DBL-CLICK             886W
COB-SCR-LEFT-PRESSED               884W
COB-SCR-LEFT-RELEASED              885W
COB-SCR-MAX-FIELD                  944W
COB-SCR-MID-DBL-CLICK              889W
COB-SCR-MID-PRESSED                887W
COB-SCR-MID-RELEASED               888W
COB-SCR-MOUSE-MOVE                 883W
COB-SCR-NO-FIELD                   940W
COB-SCR-OK                         797W
COB-SCR-PAGE-DOWN                  866W
COB-SCR-PAGE-UP                    865W
COB-SCR-PRINT                      870W
COB-SCR-RIGHT-DBL-CLICK            892W
COB-SCR-RIGHT-PRESSED              890W
COB-SCR-RIGHT-RELEASED             891W
COB-SCR-SHIFT-LEFT-DBL-CLICK       896W
COB-SCR-SHIFT-LEFT-PRESSED         894W
COB-SCR-SHIFT-LEFT-RELEASED        895W
COB-SCR-SHIFT-MID-DBL-CLICK        899W
ACS Cobol Xref v2.03.18          Dictionary File for PY920    04/04/2026  15:11:45:46                                  Page   84
Symbols of Module: PY920 (PY920)
--------------------------------
Unreferenced Working Storage Symbols

COB-SCR-SHIFT-MID-PRESSED          897W
COB-SCR-SHIFT-MID-RELEASED         898W
COB-SCR-SHIFT-MOVE                 893W
COB-SCR-SHIFT-RIGHT-DBL-CLICK      902W
COB-SCR-SHIFT-RIGHT-PRESSED        900W
COB-SCR-SHIFT-RIGHT-RELEASED       901W
COB-SCR-SHIFT-WHEEL-DOWN           928W
COB-SCR-SHIFT-WHEEL-UP             927W
COB-SCR-TAB                        871W
COB-SCR-TIME-OUT                   941W
COB-SCR-WHEEL-DOWN                 924W
COB-SCR-WHEEL-UP                   923W
COL2                               478W
COLE                               474W
COMPANY-EMAIL                     1217K
COMPARATIVES                      1230K
COMPARATIVES-ACTIVE               1232K
COMPS                             1229K
COMPS-ACTIVE                      1231K
COUNTRY                           1152K
CURRENT-QUARTER                   1184K
CUST-FLAG                         1291K
DATA-CAPTURE-USED                 1204K
DATE-FORM                         1202K
DATE-VALID-FORMATS                1203K
DB-HOST                            504W
DB-PORT                            506W
DB-SCHEMA                          501W
DB-SOCKET                          505W
DB-UNAME                           502W
DB-UPASS                           503W
DC-COBOL-STANDARD                 1205K
DC-GUI                            1206K
DC-WIDGET                         1207K
DEFAULT-RECORD                     587W
DISCOUNT                          1310K
DOS                               1177K
DUMMIES-4-UNUSED-ACAS-FH-CALLS     586W
DUMMIES-FOR-UNUSED-FH-CALLS        608W
END-DATE                          1143K
ENTRY-LEVEL                       1274K
ERROR-CODE                         745W
ERROR-MESSAGES                     684W
EXTRA-CHARGE-AC                   1257K
EXTRA-DESC                        1308K
EXTRA-PRINT                       1312K
EXTRA-RATE                        1318K
EXTRA-TYPE                        1309K
FA-FILE-DUPLICATES-IN-USE          526W
FA-FILE-SYSTEM-USED                517W
FA-FS-COBOL-FILES-USED             518W
ACS Cobol Xref v2.03.18          Dictionary File for PY920    04/04/2026  15:11:45:46                                  Page   85
Symbols of Module: PY920 (PY920)
--------------------------------
Unreferenced Working Storage Symbols

FA-FS-DUPLICATE-PROCESSING         527W
FA-FS-RDBMS-USED                   519W
FA-FS-VALID-OPTIONS                525W
FA-RDBMS-FLAT-STATUSES             516W
FILE-0                            1414K
FILE-10                           1433K
FILE-11                           1435K
FILE-12                           1437K
FILE-13                           1439K
FILE-14                           1441K
FILE-15                           1443K
FILE-16                           1445K
FILE-17                           1447K
FILE-18                           1449K
FILE-19                           1451K
FILE-2                            1417K
FILE-20                           1453K
FILE-21                           1455K
FILE-22                           1457K
FILE-23                           1459K
FILE-24                           1461K
FILE-26                           1464K
FILE-27                           1466K
FILE-28                           1468K
FILE-29                           1470K
FILE-3                            1419K
FILE-30                           1472K
FILE-31                           1474K
FILE-32                           1476K
FILE-33                           1478K
FILE-34                           1479K
FILE-35                           1480K
FILE-36                           1481K
FILE-37                           1482K
FILE-38                           1483K
FILE-4                            1421K
FILE-40                           1487K
FILE-41                           1488K
FILE-42                           1489K
FILE-43                           1490K
FILE-44                           1491K
FILE-45                           1492K
FILE-46                           1493K
FILE-48                           1495K
FILE-49                           1497K
FILE-5                            1423K
FILE-50                           1498K
FILE-51                           1499K
FILE-52                           1500K
FILE-53                           1501K
FILE-54                           1502K
ACS Cobol Xref v2.03.18          Dictionary File for PY920    04/04/2026  15:11:45:46                                  Page   86
Symbols of Module: PY920 (PY920)
--------------------------------
Unreferenced Working Storage Symbols

FILE-55                           1503K
FILE-56                           1504K
FILE-57                           1506K
FILE-6                            1425K
FILE-7                            1427K
FILE-8                            1429K
FILE-9                            1431K
FILE-DEFS-COUNT                   1510K
FILE-DEFS-OS-DELIMITER            1511K
FILE-DUPLICATES-IN-USE            1197K
FILE-FUNCTION                      532W
FILE-SYSTEM-USED                  1186K
FILLER-DUMMY4                     1393K
FIRST-SL-BATCH                    1327K
FIRST-SL-INV                      1328K
FN-DELETE-ALL                      538W
FN-EQUAL-TO                        556W
FN-EXTEND                          555W
FN-GREATER-THAN                    558W
FN-LESS-THAN                       557W
FN-NOT-GREATER-THAN                560W
FN-NOT-LESS-THAN                   559W
FN-READ-BY-BATCH                   547W
FN-READ-BY-CUST                    548W
FN-READ-BY-NAME                    546W
FN-READ-NEXT-HEADER                549W
FN-READ-NEXT-RAW                   544W
FN-WRITE-RAW                       543W
FS-ACTION                          485W
FS-COBOL-FILES-USED               1187K
FS-DUPLICATE-PROCESSING           1198K
FS-MYSQL-USED                     1188K
FS-RDBMS-USED                     1190K
FS-VALID-OPTIONS                  1196K
FULL-INVOICING                    1294K
G-L                               1159K
GENERAL-LEDGER-BLOCK              1221K
GL-BL-PAY-AC                      1351K
GL-BL-PURCH-AC                    1353K
GL-P-CREDITORS                    1352K
GL-S-DEBTORS                      1355K
GL-SL-PAY-AC                      1354K
GL-SL-SALES-AC                    1356K
GROUPED                           1226K
HEADER-LEVEL                      1241K
HOST                              1172K
I-LEVEL-0                         1304K
I-LEVEL-1                         1305K
I-LEVEL-2                         1306K
INDEX-2                           1249K
INVOICER                          1303K
ACS Cobol Xref v2.03.18          Dictionary File for PY920    04/04/2026  15:11:45:46                                  Page   87
Symbols of Module: PY920 (PY920)
--------------------------------
Unreferenced Working Storage Symbols

IRS                               1167K
IRS-DATA-BLOCK                    1392K
IRS-ENTRY-BLOCK                   1392K
IRS-INSTEAD                       1250K
IRS-NO                            1168K
IRS-USED                          1251K
LEDGER-2ND-INDEX                  1248K
LEDGER-BALANCE                    1037W
LEDGER-LAST                       1038W
LEDGER-LEVEL                      1034W
LEDGER-N                          1026W
LEDGER-PLACE                      1033W
LEDGER-Q                          1045W
LEDGER-Q1                         1040W
LEDGER-Q2                         1041W
LEDGER-Q3                         1042W
LEDGER-Q4                         1043W
LEDGER-S                          1027W
LEDGER-SEC                        1253K
LEDGER-TYPE                       1032W
LEVEL                             1157K
LEVEL-1                           1158K
LEVEL-2                           1160K
LEVEL-3                           1162K
LEVEL-4                           1164K
LEVEL-5                           1166K
LEVEL-6                           1169K
LIN                                473W
LIN2                               477W
LINUX                             1182K
LOG-FILE-REC-WRITTEN               581W
LOGGING-DATA                       488W
M-V                               1233K
MAC                               1179K
MAIN-RECORD-MOVE-FLAG              510W
MANDATORY                         1238K
MAPS-SER                          1199K
MAPS-SER-XX                       1200K
MAPS03-WS                          419W
MINIMUM-VALIDATION                1234K
MRMF-MOVE-FD                       511W
MRMF-MOVE-WS                       512W
MULTI-USER                        1173K
NEXT-BATCH                        1256K
NEXT-FOLIO                        1264K
NEXT-INVOICE                      1140K
NEXT-POST                         1381K
NL-AC                             1003W
NL-CR                             1000W
NL-CR-LAST                        1002W
NL-DR                              999W
ACS Cobol Xref v2.03.18          Dictionary File for PY920    04/04/2026  15:11:45:46                                  Page   88
Symbols of Module: PY920 (PY920)
--------------------------------
Unreferenced Working Storage Symbols

NL-DR-LAST                        1001W
NL-KEY                             991W
NL-POINTER                        1005W
NL-TYPE                            994W
NO-OS                             1176K
NOT-INVOICING                     1307K
OI-3-FLAG                         1290K
OI-5-FLAG                         1292K
OP-SYSTEM                         1174K
OS-SINGLE                         1183K
OS2                               1180K
OWNER                              995W
P-C                               1222K
P-C-GROUPED                       1225K
P-C-LEVEL                         1227K
P-CREDITORS                       1266K
P-FLAG-A                          1275K
P-FLAG-I                          1276K
P-FLAG-P                          1277K
P-L-EXISTS                        1272K
PARAM-RESTRICT                    1212K
PASS-VALUE                        1156K
PASS-WORD                         1171K
PAYROLL                           1170K
PERIOD                            1138K
PF-RETENTION                      1326K
PHONE-NO                          1154K
PL-APPROP-AC                      1390K
PL-APPROP-AC6                     1388K
PL-AUTOGEN                        1280K
PL-DELIM                          1273K
PL-NEXT-REC                       1281K
PL-STOCK-LINK                     1278K
POST-CODE                         1151K
POST-TRANS-NAME                   1412K
POSTINGS                          1255K
PP-NAME                            409W
PP-PRINT-FILE-NAME                 411W
PRE-TRANS-NAME                    1411K
PRESERVE-BATCH                    1247K
PRINT-SPOOL-NAME                  1153K
PRINT-SPOOL-NAME2                 1259K
PRINT-SPOOL-NAME3                 1279K
PROFIT-CENTRES                    1223K
PSN                                408W
PURCHASE-LEDGER                   1271K
PURCHASE-LEDGER-BLOCK             1263K
PURCHASE-RANGE                    1243K
PY-PARAM1-RECORD                   220F
PY-PR1-B-USED                      262F
PY-PR1-BLOCK                       221F
ACS Cobol Xref v2.03.18          Dictionary File for PY920    04/04/2026  15:11:45:46                                  Page   89
Symbols of Module: PY920 (PY920)
--------------------------------
Unreferenced Working Storage Symbols

PY-PR1-CHECK-HISTORY-USED          258F
PY-PR1-CHECK-PRINTING-USED         257F
PY-PR1-CO-ADDRESS-1                225F
PY-PR1-CO-ADDRESS-2                226F
PY-PR1-CO-ADDRESS-3                227F
PY-PR1-CO-ADDRESS-4                228F
PY-PR1-CO-EMAIL                    233F
PY-PR1-CO-NAME                     223F
PY-PR1-CO-PHONE                    232F
PY-PR1-CO-POST-CODE                229F
PY-PR1-CO-STATE                    231F
PY-PR1-CO-ZIP                      230F
PY-PR1-COLOUR-1                    318F
PY-PR1-COLOUR-2                    319F
PY-PR1-COLOUR-RESET                320F
PY-PR1-COMPANY-DATA                222F
PY-PR1-CURRENCY-SIGN               268F
PY-PR1-DATE                        288F
PY-PR1-DATE-DY                     291F
PY-PR1-DATE-FORMAT                 286F
PY-PR1-DATE-MO                     290F
PY-PR1-DATE-YR                     292F
PY-PR1-DEBUGGING                   270F
PY-PR1-DFLT-GROSS-ACCT             239F
PY-PR1-DFLT-HS-TYPE                280F
PY-PR1-DFLT-NORM-UNITS             252F
PY-PR1-DFLT-PAY-INTERVAL           266F
PY-PR1-DFLT-PAY-RATE               249F
PY-PR1-DFLT-SL-RATE                251F
PY-PR1-DFLT-VAC-RATE               250F
PY-PR1-DIST-USED                   267F
PY-PR1-FED-ID                      283F
PY-PR1-FONT-NORMAL                 316F
PY-PR1-FONT-RESET                  317F
PY-PR1-FONT-SMALL                  315F
PY-PR1-HARD-DELETE                 271F
PY-PR1-HI-DED-CHK-CAT              305F
PY-PR1-HI-EARN-CHK-CAT             307F
PY-PR1-JC-USED                     263F
PY-PR1-LAST-DAY-PAY-PERIOD         254F
PY-PR1-LO-DED-CHK-CAT              304F
PY-PR1-LO-EARN-CHK-CAT             306F
PY-PR1-LOCAL-ID                    285F
PY-PR1-M-USED                      260F
PY-PR1-MAX-CHK-CATS                300F
PY-PR1-MAX-DIST-ACCTS              241F
PY-PR1-MAX-ED-CATS                 302F
PY-PR1-MAX-EMP-EDS                 301F
PY-PR1-MAX-PAY-FACTOR              248F
PY-PR1-MAX-SWT-ENTRIES             303F
PY-PR1-MAX-SYS-EDS                 308F
ACS Cobol Xref v2.03.18          Dictionary File for PY920    04/04/2026  15:11:45:46                                  Page   90
Symbols of Module: PY920 (PY920)
--------------------------------
Unreferenced Working Storage Symbols

PY-PR1-MIN-WAGE                    243F
PY-PR1-OFFSET-CASH-ACCT            238F
PY-PR1-OS-DELIMITER                269F
PY-PR1-PAGE-LINES-L                294F
PY-PR1-PAGE-LINES-P                293F
PY-PR1-PAGE-WIDTH-L                296F
PY-PR1-PAGE-WIDTH-P                295F
PY-PR1-PRINT-CONTROL               310F
PY-PR1-PRINT-SPOOL-NAME            311F
PY-PR1-PRINT-SPOOL-NAME2           312F
PY-PR1-PRINT-SPOOL-NAME3           313F
PY-PR1-PRNT-CTL-FLAG               314F
PY-PR1-RATE-NAME                   281F
PY-PR1-RATE2-FACTOR                246F
PY-PR1-RATE3-FACTOR                247F
PY-PR1-RATE4-EXCLUSION-TYPE        256F
PY-PR1-S-USED                      259F
PY-PR1-STATE-ID                    284F
PY-PR1-TAX-ID                      234F
PY-PR1-TRADE-NAME                  224F
PY-PR1-USER-PROG                   298F
PY-PR1-USER-PROG-DESC              299F
PY-PR1-USER-PROG-USED              297F
PY-PR1-VOID-CHECK-AMT              244F
PY-PR1-VOID-CHECKS-OVER-MAX        255F
PY-PR1-W-USED                      261F
PY-PR2-940-PRINTED                 342F
PY-PR2-941-PRINTED                 343F
PY-PR2-BLOCK                       322F
PY-PR2-CHECK-DATE                  333F
PY-PR2-HRS-BATCH-NO                328F
PY-PR2-JUST-CLOSED-YEAR            340F
PY-PR2-LAST-CHECK-NO               346F
PY-PR2-LAST-DAY-LAST-B             330F
PY-PR2-LAST-DAY-LAST-M             332F
PY-PR2-LAST-DAY-LAST-S             331F
PY-PR2-LAST-DAY-LAST-W             329F
PY-PR2-LAST-EMPLOYEE-NO            334F
PY-PR2-LAST-Q-ENDED                345F
PY-PR2-LAST-SM-APPLY-NO            326F
PY-PR2-LAST-WB-APPLY-NO            327F
PY-PR2-LAST-YEAR-ENDED             325F
PY-PR2-NO-ACCTS                    339F
PY-PR2-NO-ACTIVE-EMPS              335F
PY-PR2-NO-EMPLOYEES                336F
PY-PR2-NO-OF-SM-APPLIES            337F
PY-PR2-NO-OF-WB-APPLIES            338F
PY-PR2-W2-PRINTED                  344F
PY-PR2-YEAR                        323F
PY-PR2-YEAR-NEXT                   324F
RDB-DATA                           500W
ACS Cobol Xref v2.03.18          Dictionary File for PY920    04/04/2026  15:11:45:46                                  Page   91
Symbols of Module: PY920 (PY920)
--------------------------------
Unreferenced Working Storage Symbols

RDBMS-DB-NAME                     1208K
RDBMS-FLAT-STATUSES               1185K
RDBMS-HOST                        1214K
RDBMS-PASSWD                      1210K
RDBMS-PORT                        1213K
RDBMS-SOCKET                      1215K
RDBMS-USER                        1209K
REPORT-HEAD-GROUP                 1526R
REVENUE-ONLY                      1228K
RUN-DATE                          1141K
S-DEBTORS                         1331K
S-END-CYCLE-DATE                  1333K
S-FLAG-A                          1295K
S-FLAG-I                          1296K
S-FLAG-OI-3                       1293K
S-FLAG-P                          1297K
S-L                               1163K
S-L-EXISTS                        1288K
S1                                 470W
SALES-LEDGER                      1287K
SALES-LEDGER-BLOCK                1286K
SALES-RANGE                       1242K
SCYCLE                            1137K
SL-AUTOGEN                        1345K
SL-BO-DEFAULT                     1348K
SL-BO-FLAG                        1347K
SL-CHARGES                        1299K
SL-COMP-HEAD-INV                  1336K
SL-COMP-HEAD-LETS                 1340K
SL-COMP-HEAD-PICK                 1334K
SL-COMP-HEAD-STAT                 1338K
SL-COMP-INV                       1337K
SL-COMP-LETS                      1341K
SL-COMP-PICK                      1335K
SL-COMP-STAT                      1339K
SL-CREDIT                         1322K
SL-DAY-BOOK                       1302K
SL-DAYS-1                         1319K
SL-DAYS-2                         1320K
SL-DAYS-3                         1321K
SL-DELIM                          1289K
SL-DISC                           1317K
SL-DUNNING                        1298K
SL-INVOICE-LINES                  1344K
SL-LATE-PER                       1316K
SL-LIMIT                          1329K
SL-MAX                            1325K
SL-MIN                            1324K
SL-NEXT-REC                       1346K
SL-OWN-NOS                        1300K
SL-PAY-AC                         1330K
ACS Cobol Xref v2.03.18          Dictionary File for PY920    04/04/2026  15:11:45:46                                  Page   92
Symbols of Module: PY920 (PY920)
--------------------------------
Unreferenced Working Storage Symbols

SL-SALES-AC                       1332K
SL-STATS-RUN                      1301K
SL-STOCK-AUDIT                    1314K
SL-STOCK-LINK                     1313K
SL-VAT-PRINTED                    1342K
SL-VAT-PRINTS                     1343K
SQL-STATE                          495W
START-DATE                        1142K
STATS-DATE-PERIOD                 1216K
STK-ABREV-REF                     1362K
STK-ACTIVITY-REP-RUN              1375K
STK-AUDIT-NO                      1378K
STK-AUDIT-USED                    1366K
STK-AVERAGING                     1373K
STK-BO-ACTIVE                     1376K
STK-DEBUG                         1363K
STK-MANU-USED                     1364K
STK-MOV-AUDIT                     1367K
STK-OE-USED                       1365K
STK-PAGE-LINES                    1377K
STK-PERIOD-CUR                    1368K
STK-PERIOD-DAT                    1369K
STOCK                             1165K
STOCK-AUDIT-ON                    1315K
STOCK-AVERAGING                   1374K
STOCK-CONTROL                     1371K
STOCK-CONTROL-BLOCK               1361K
STOCK-CONTROL-EXISTS              1372K
SUB                                996W
SUSER                             1144K
SW-TESTING                         573W
SW-TESTING-2                       578W
SYSTEM                            1761C
SYSTEM-DATA-BLOCK                 1120K
SYSTEM-FILE-NAMES                 1509K
SYSTEM-RECORD-4                    589W
TESTING-1                          574W
TESTING-2                          579W
TRANS-DONE                        1240K
TRANS-PRINT                       1237K
TRANS-PRINTED                     1239K
U-BIN                              443W
U-CC                               427W
U-DAYS                             422W
U-INTL                             435W
U-INTL-CC                          437W
U-INTL-DAYS                        442W
U-INTL-MONTH                       440W
U-INTL-YEAR                        436W
U-INTL-YY                          438W
U-MONTH                            424W
ACS Cobol Xref v2.03.18          Dictionary File for PY920    04/04/2026  15:11:45:46                                  Page   93
Symbols of Module: PY920 (PY920)
--------------------------------
Unreferenced Working Storage Symbols

U-UK                               421W
U-USA                              429W
U-USA-DAYS                         432W
U-USA-MONTH                        430W
U-YEAR                             426W
U-YY                               428W
UNIX                              1181K
UPDATES                           1254K
USER-CODE                         1146K
VALID-OS-TYPE                     1175K
VAT                               1244K
VAT-AC                            1258K
VAT-GROUP                         1386K
VAT-PSENT                         1387K
VAT-RATE                          1135K
VAT-RATE-1                        1130K
VAT-RATE-2                        1131K
VAT-RATE-3                        1132K
VAT-RATE-4                        1133K
VAT-RATE-5                        1134K
VAT-REG-NUMBER                    1211K
VAT1                              1383K
VAT2                              1384K
VAT3                              1385K
WINDOWS                           1178K
WS-ACCOUNT-TABLE-SIZE              681W
WS-ANALYSIS-RECORD                 599W
WS-BATCH-RECORD                    592W
WS-CALLED                         1058K
WS-CALLER                         1059K
WS-CD-ARGS                        1065K
WS-CONV-DATE                       657W
WS-COUNT-ROWS                      499W
WS-DATA                            612W
WS-DATE-FORMATS                    655W
WS-DAYS                            660W
WS-DEFAULTS                        635W
WS-DEL-INV-NOS-RECORD              600W
WS-DEL-LINK                       1060K
WS-DELIVERY-RECORD                 598W
WS-FILE-KEY                        496W
WS-INTL                            671W
WS-INTL-DAYS                       676W
WS-INTL-MONTH                      674W
WS-INTL-YEAR                       672W
WS-INVOICE-RECORD                  603W
WS-LEDGER-KEY9                    1030W
WS-LEDGER-RECORD                  1021W
WS-LOG-FILE-NO                     498W
WS-LOG-SYSTEM                      491W
WS-LOG-WHERE                       497W
ACS Cobol Xref v2.03.18          Dictionary File for PY920    04/04/2026  15:11:45:46                                  Page   94
Symbols of Module: PY920 (PY920)
--------------------------------
Unreferenced Working Storage Symbols

WS-MONTH                           662W
WS-NO-PARAGRAPH                    492W
WS-OTM3-RECORD                     604W
WS-OTM5-RECORD                     606W
WS-PAY-RECORD                      602W
WS-PINVOICE-RECORD                 605W
WS-POSTING-RECORD                  591W
WS-PR1-DATING                      654W
WS-PROCESS-FUNC                   1063K
WS-PURCH-RECORD                    601W
WS-SALES-RECORD                    596W
WS-STOCK-AUDIT-RECORD              594W
WS-STOCK-RECORD                    595W
WS-SUB-FUNCTION                   1064K
WS-SWAP                            656W
WS-SYSTEM-RECORD-VERSION-PRIME    1122K
WS-SYSTEM-RECORD-VERSION-SECOND   1127K
WS-TEMP-ACT-NO                     649W
WS-TEMP-FACTOR                     648W
WS-TEMP-LIMIT                      647W
WS-TEMP-NUMBERS                    644W
WS-TEMP-RATE                       645W
WS-TEMP-USED                       650W
WS-TEST-DATE                       652W
WS-TEST-YMD                        653W
WS-TIME                            949W
WS-UK                              659W
WS-USA                             665W
WS-USA-DAYS                        668W
WS-USA-MONTH                       666W
WS-VALUE-RECORD                    597W
WS-YEAR                            664W
WSA-DATE                           950W
WSA-DD                             953W
WSA-MM                             952W
WSA-YY                             951W
WSB-HH                             955W
WSB-MM                             956W
WSB-SS                             957W
WSB-TIME                           954W
WSD-SA                             961W
WSD-SB                             963W
WSE-DATE-9                         971W
WSE-DAYS                           970W
WSE-MONTH                          969W
WSE-TIME                           973W
WSE-YEAR                           968W
ACS Cobol Xref v2.03.18          Dictionary File for PY920    04/04/2026  15:11:45:46                                  Page   95
Symbols of Module: PY920 (PY920)
--------------------------------
Unreferenced Procedures

AA000-MAIN                        1645S
AA050-EXIT                        1763P
AA060-EXIT                        1779P
AA100-BAD-DATA-DISPLAY            2245P
AA110-ACT-FILE-ERROR              2249P
AA125-TEST-PR1-STATUS             2260P
AB030-GET-NOMINAL                 1943P
AB035-EXIT                        2014P
AB050-EXIT                        2233P
AB050-GET-NOMINAL                 2171P
AB060-EXIT                        2243P
ACAS000-OPEN                      2445P
ACAS000-OPEN-INPUT                2451P
ACAS000-READ-INDEXED              2467P
ACAS000-READ-NEXT                 2462P
ACAS000-REWRITE                   2477P
ACAS000-WRITE                     2472P
ACAS008-OPEN                      2483P
ACAS008-OPEN-INPUT                2489P
ACAS008-OPEN-OUTPUT               2495P
ACAS008-READ-NEXT                 2506P
ACAS008-REWRITE                   2516P
ACAS008-WRITE                     2511P
ACASIRSUB1-DELETE                 2565P
ACASIRSUB1-OPEN                   2522P
ACASIRSUB1-OPEN-OUTPUT            2534P
ACASIRSUB1-READ-NEXT              2545P
ACASIRSUB1-REWRITE                2570P
ACASIRSUB1-START                  2555P
ACASIRSUB1-WRITE                  2560P
ACASIRSUB3-OPEN                   2576P
ACASIRSUB3-OPEN-INPUT             2582P
ACASIRSUB3-READ-NEXT              2593P
ACASIRSUB3-REWRITE                2603P
ACASIRSUB3-WRITE                  2598P
ACASIRSUB4-CLOSE                  2619P
ACASIRSUB4-OPEN                   2609P
ACASIRSUB4-OPEN-INPUT             2614P
ACASIRSUB4-READ-NEXT              2624P
ACASIRSUB4-REWRITE                2634P
ACASIRSUB4-WRITE                  2629P
ACASIRSUB5-OPEN                   2640P
ACASIRSUB5-OPEN-INPUT             2646P
ACASIRSUB5-READ-NEXT              2657P
ACASIRSUB5-REWRITE                2667P
ACASIRSUB5-WRITE                  2662P
DUMMY-EX                          2270P
GL-NOMINAL-OPEN-INPUT             2059P
GL-NOMINAL-READ-INDEXED           2241P
WS-                               2337P
ZZ100-ACAS-IRS-CALLS              2355S
ACS Cobol Xref v2.03.18          Dictionary File for PY920    04/04/2026  15:11:45:46                                  Page   96
Symbols of Module: PY920 (PY920)
--------------------------------
Unreferenced Procedures

ZZ100-EXIT                        2719P
