
ACS Cobol Xref v2.03.18          Dictionary File for PYJOURN    19/04/2026  23:25:56:40                                Page    1

     1         >>source free
     2  *>****************************************************************
     3  *>               Employee Journal Detail Report                  *
     4  *>                                                               *
     5  *>                 Employee Detailed                             *
     6  *>                                                               *
     7  *>            pyjourn1 used for summary report                   *
     8  *>                                                               *
     9  *>            Uses RW (Report writer for prints)                 *
    10  *>                                                               *
    11  *>          Program names will be changed to pynnn               *
    12  *>                                                               *
    13  *>****************************************************************
    14  *>
    15   identification          division.
    16  *>================================
    17  *>
    18        program-id.       pyjourn.  *> to be renamed pynnn later.
    19  *>**
    20  *>    Author.           Vincent B Coen FBCS, FIDM, FIDPM, 14/04/2026.
    21  *>**
    22  *>    Security.         Copyright (C) 2025 - 2026 & later, Vincent Bryan Coen.
    23  *>                      Distributed under the GNU General Public License.
    24  *>                      See the file COPYING for details.
    25  *>**
    26  *>    Remarks.          Employee Journal Detail Report.
    27  *>                       This program uses RW (Report Writer)
    28  *>
    29  *>                      Semi-sourced from Basic code from pyjourn.
    30  *>**
    31  *>    Version.          See Prog-Name In Ws.
    32  *>**
    33  *>    Called Modules.    IS IT ??
    34  *>                      (CBL_) ACCEPT_NUMERIC.c as static.
    35  *>
    36  *>**
    37  *>    Functions Used:
    38  *>                      None.
    39  *>    Files used :
    40  *>                      pypr1.   Params
    41  *>                      pyemp.   Employee Master.
    42  *>
    43  *>    Error messages used.
    44  *> System wide:
    45  *>                      SY001, 10 & 13
    46  *> Program specific:
    47  *>                      PY001 - 3.
    48  *>
    49  *>**
    50  *> Changes:
    51  *> 14/04/2026 vbc - 1.0.00 Created - Started coding from pyjourn.
    52  *>
    53  *>**
    54  *>*************************************************************************
ACS Cobol Xref v2.03.18          Dictionary File for PYJOURN    19/04/2026  23:25:56:40                                Page    2

    55  *>
    56  *> Copyright Notice.
    57  *> ****************
    58  *>
    59  *> This notice supersedes all prior copyright notices & was updated 2024-04-16.
    60  *>
    61  *> These files and programs are part of the Applewood Computers Accounting
    62  *> System and is Copyright (c) Vincent B Coen. 1979-2026 and later.
    63  *>
    64  *> This program is now free software; you can redistribute it and/or modify it
    65  *> under the terms listed here and of the GNU General Public License as
    66  *> published by the Free Software Foundation; version 3 and later as revised
    67  *> for PERSONAL USAGE ONLY and that includes for use within a business but
    68  *> EXCLUDES repackaging or for Resale, Rental or Hire in ANY way.
    69  *>
    70  *> Persons interested in repackaging, redevelopment for the purpose of resale or
    71  *> distribution in a rental or hire mode must get in touch with the copyright
    72  *> with your commercial plans and proposals to vbcoen@gmail.com.
    73  *>
    74  *> ACAS is distributed in the hope that it will be useful, but WITHOUT
    75  *> ANY WARRANTY; without even the implied warranty of MERCHANTABILITY or
    76  *> FITNESS FOR A PARTICULAR PURPOSE.  See the GNU General Public License
    77  *> for more details. If it breaks, you own both pieces but I will endeavour
    78  *> to fix it, providing you tell me about the problem.
    79  *>
    80  *> You should have received a copy of the GNU General Public License along
    81  *> with ACAS; see the file COPYING.  If not, write to the Free Software
    82  *> Foundation, 59 Temple Place, Suite 330, Boston, MA 02111-1307 USA.
    83  *>
    84  *>*************************************************************************
    85  *>
    86   environment             division.
    87  *>================================
    88  *>
    89  *>C  copy "envdiv.cob".
    90   configuration section.
    91   source-computer.      Linux.
    92   object-computer.      Linux.
    93  *> special-names.
    94  *>     console is crt.
    95   SPECIAL-NAMES.
    96         CRT STATUS is COB-CRT-STATUS.
    97   REPOSITORY.
    98         FUNCTION ALL INTRINSIC.
    99  *>
   100   input-output            section.
   101   file-control.
   102  *>C  copy "selpyparam1.cob".
   103  *>
   104  *> Payroll param-1 (USA)
   105  *>
   106       select  PY-Param1-File  assign        File-47
   107                               access        dynamic
   108                               organization  is relative
ACS Cobol Xref v2.03.18          Dictionary File for PYJOURN    19/04/2026  23:25:56:40                                Page    3

   109                               relative key  is RRN
   110                               status        PY-PR1-Status.
   111  *>C  copy "selpyemp.cob".
   112  *>
   113  *> Payroll Employee (USA)
   114  *>
   115       select  PY-Employee-File
   116                               assign               File-43
   117                               access               dynamic
   118                               organization         indexed
   119                               record key is        Emp-No
   120                               alternate record key Emp-Search-Name with duplicates
   121                               status               PY-Emp-Status.
   122  *>
   123  *>C  copy "selpypay.cob".
   124  *>
   125  *> Payroll Pay
   126  *>
   127       select  PY-Pay-File
   128                               assign        File-46
   129                               access        dynamic
   130                               organization  indexed
   131                               record key is Pay-Emp-No
   132                               status        PY-Pay-Status.
   133  *>
   134  *>C  copy "selpyact.cob".
   135  *>
   136  *> Payroll Accounts
   137  *>
   138       select  PY-Accounts-File
   139                               assign        File-39
   140                               access        dynamic
   141                               organization  indexed
   142                               record key is Act-No
   143                               status        PY-Act-Status.
   144  *>
   145  *>C  copy "selpyded.cob".
   146  *>
   147  *> Payroll Deductions (USA)
   148  *>
   149       select  PY-System-Deduction-File
   150                               assign        File-42
   151                               access        dynamic
   152                               organization  is relative
   153                               relative key  is RRN
   154                               status        PY-Ded-Status.
   155  *>
   156  *>C  copy "selpychk.cob".
   157  *>
   158  *> Payroll Check
   159  *>
   160       select  PY-Check-File
   161                               assign        File-40
   162                               access        dynamic
ACS Cobol Xref v2.03.18          Dictionary File for PYJOURN    19/04/2026  23:25:56:40                                Page    4

   163                               organization  indexed
   164                               record key is Chk-Emp-No
   165                               status        PY-Chk-Status.
   166  *>
   167
   168  *>
   169  *>C  copy "selprint.cob".    *> 132
   170  *>
   171  *> removed org line seq as causing double line printing in OC CE
   172  *>
   173         select  print-file     assign        "prt-1"
   174                                organization line sequential.
   175  *>
   176   data                    division.
   177  *>================================
   178  *>
   179   file section.
   180  *>
   181  *>C  copy "fdpyparam1.cob".
   182  *>*******************************************
   183  *>                                          *
   184  *>  File Definition For Payroll Param  File *
   185  *>                                          *
   186  *>*******************************************
   187  *>   Record Size 1024 Bytes (13/10/25)
   188  *>   see wspyparam1.cob for later updates
   189  *>
   190   fd  PY-Param1-File.
   191  *>
   192  *>C  copy "wspyparam1.cob".
   193  *>*******************************************
   194  *>                                          *
   195  *>  Record Definition For Py param1 File    *
   196  *>     Uses RRN = 1                         *
   197  *>                                          *
   198  *>  If moved to ACAS system file will be    *
   199  *>    record 5 and if split for PR1 rec 6.  *
   200  *>     amd only the FH will need a change & *
   201  *>      possibly the DAL if all of Payroll  *
   202  *>      is to be supported in Mysql         *
   203  *> A decision to be made after testing.     *
   204  *>                                          *
   205  *>*******************************************
   206  *>
   207  *>  File size 767 bytes padded to 1024 by filler.
   208  *>
   209  *> 13/10/25 vbc - Created.
   210  *>  Consider adding to system file as rec #5 after basic testing
   211  *> 08/11/25 vbc - Rec  changed still 1024.
   212  *> 11/11/25 vbc - Moved PR2 fields embedded within PR1 area to PR2 rec size the same.
   213  *> 26/11/25 vbc - Added new field PY-PR2-Last-Employee-no - filler adjusted.
   214  *> 28/11/25 vbc - Added new field PY-PR1-Tax-ID  to ident employer with IRS set
   215  *>                as x(24) as format not known.
   216  *> 09/03/26 vbc - PR2 fields changed from x to bin-short unsigned.
ACS Cobol Xref v2.03.18          Dictionary File for PYJOURN    19/04/2026  23:25:56:40                                Page    5

   217  *> 27/03/26 vbc - Just-closed-year-ended chg unsign bin to x (Y/N)
   218  *> 12/04/26 vbc - New fields added see note at end of copybook.
   219  *>
   220   01  PY-Param1-Record.
   221       03  PY-PR1-Block.                         *> Size = 906
   222           05  PY-PR1-Company-Data.                 *> size 300
   223               07  PY-PR1-Co-Name       pic x(60). *> Applewood Computers  [ 60 ] ?
   224               07  PY-PR1-Trade-Name    pic x(32).
   225               07  PY-PR1-Co-Address-1  pic x(32). *> 17 Stag Green Avenue [ 30 ]
   226               07  PY-PR1-Co-Address-2  pic x(32). *> Hatfield             [ 30 ]
   227               07  PY-PR1-Co-Address-3  pic x(32). *> Hertfordshire        [ 30 ]
   228               07  PY-PR1-Co-Address-4  pic x(32). *> spaces
   229               07  PY-PR1-Co-Post-Code.
   230                   09  PY-PR1-Co-Zip    pic x(10).
   231                   09  PY-PR1-Co-State  pic xx.
   232               07  PY-PR1-Co-Phone      pic x(12). *> 01234-123456
   233               07  PY-PR1-Co-Email      pic x(30). *> vbcoen@gmail.com
   234               07  PY-PR1-Pay-Method    pic x.     *> C = Check or B Bank to Bank Transfer.
   235               07  PY-PR1-Payslip-Md    pic x.     *> P = Printed or E = Email attachment.
   236               07  PY-PR1-Tax-ID        pic x(24). *> Used for Employer ID for IRS  NEW 27/11/25
   237  *>
   238  *> Only set if PY-PR1-IRS-Used or PY-PR1-GL-Used  = "Y" <<<<<<<<<<<<<<<<<<<<<<<<<<
   239  *>
   240           05  PY-PR1-Offset-Cash-Acct  binary-char unsigned.    *> def 1  another file rec 5 or 6 digits
   241           05  PY-PR1-Dflt-Gross-Acct   binary-char unsigned.    *>   DITTO
   242           05  PY-PR1-Dflt-Dist-Acct    binary-char unsigned.    *>  def 3
   243           05  PY-PR1-Max-Dist-Accts    binary-char unsigned.   *> rem 11/06/79 these aren't in pr1 file, Are now!
   244  *>
   245           05  PY-PR1-Min-Wage          pic 9(5)v99    comp-3.  *>  def 0
   246           05  PY-PR1-Void-Check-Amt    pic 9(5)v99    comp-3.  *>  Applies to check and B2B { not issued - subject to validation ].
   247  *>
   248           05  PY-PR1-Rate2-Factor      pic 9(5)v99    comp-3.  *> def 1.5
   249           05  PY-PR1-Rate3-Factor      pic 9(5)v99    comp-3.  *> def 2.0
   250           05  PY-PR1-Max-Pay-Factor    pic 9(5)v99    comp-3.  *> def 3.0
   251           05  PY-PR1-Dflt-Pay-Rate     pic 9(5)v99    comp-3.  *> def 1.0
   252           05  PY-PR1-Dflt-Vac-Rate     pic 9(5)v99    comp-3.  *> def 0.42
   253           05  PY-PR1-Dflt-SL-Rate      pic 9(5)v99    comp-3.  *> def 0.21
   254           05  PY-PR1-Dflt-Norm-Units   pic 9(5)v99    comp-3.  *> def 1  Regular
   255  *>
   256           05  PY-PR1-Last-Day-Pay-Period  pic 9(8). *> temp entry ? from param entry *nix format
   257           05  PY-PR1-Void-Checks-Over-Max pic x.    *> def N      - Y or N
   258           05  PY-PR1-Rate4-Exclusion-Type pic 9.    *> def 1  (1..4)
   259           05  PY-PR1-Check-Printing-Used  pic x.    *> def Y (or N)
   260           05  PY-PR1-Check-History-Used   pic x.    *> def N      - or Y - WB (oundary)
   261           05  PY-PR1-S-Used               pic x.    *> def N      - or N Semi M
   262           05  PY-PR1-M-Used               pic x.    *> def Y      - Y  Month
   263           05  PY-PR1-W-Used               pic x.    *> Def N   "  - Y  Weekly
   264           05  PY-PR1-B-Used               pic x.    *> def N   "  - Y  Bi Month - WB
   265           05  PY-PR1-JC-Used              pic x.    *> def N      - Y
   266           05  PY-PR1-GL-Used              pic x.    *> def N      - or Y
   267           05  PY-PR1-IRS-Used             pic x.    *> del Y      - or N  - WB
   268           05  PY-PR1-Dflt-Pay-Interval    pic x.    *> def S  could be SMBW - S=Salary,W=Weekly, M=Monthly & B=Bi-Monthly
   269           05  PY-PR1-Dist-Used            pic x.    *> def N  was binary-char unsigned.    *> def Y ????? what
   270           05  PY-PR1-Currency-Sign        pic x.    *> Def "$"  --  NOT USED YET
ACS Cobol Xref v2.03.18          Dictionary File for PYJOURN    19/04/2026  23:25:56:40                                Page    6

   271           05  PY-PR1-OS-Delimiter         pic x.    *>   / for *nix and \ for windows Used via ACAS param - WB
   272           05  PY-PR1-Debugging            pic x.    *> Def N (or Y !
   273           05  PY-PR1-Hard-Delete          pic x.    *> Def N (or Y)
   274  *>
   275  *>  Where are these stored, if anywhere ?
   276  *>
   277  *> interval$(1)="SEMI-MONTHLY"
   278  *> interval$(2)="MONTHLY"
   279  *> interval$(3)="BIWEEKLY"
   280  *> interval$(4)="WEEKLY"
   281  *>
   282           05  PY-PR1-Dflt-HS-Type      pic x.     *> def S  Dflt-Pay-Type ??
   283           05  PY-PR1-B2B-File-Type     pic x.     *> C = CSV comma delimited) or T = Text file
   284           05  PY-PR1-Rate-Name         pic x(15)       occurs 4.   *> def  "REGULAR" "OVERTIME"
   285                                                                    *> def  "SPEC. OVERTIME" "COMMISSION"
   286           05  PY-PR1-Fed-ID            pic x(15). *> "FEDERAL ID"
   287           05  PY-PR1-State-ID          pic x(15). *> "STATE ID"
   288           05  PY-PR1-Local-ID          pic x(15). *> "LOCAL ID"
   289           05  PY-PR1-Date-Format       pic 9.     *> Def: 2=mm/dd/ccyy,  1=dd/mm/ccyy
   290  *>                                                  ( Value reversed from BASIC code to match ACAS.
   291           05  PY-PR1-Date.                        *> WHAT IS THIS FOR ? - will ASSUME today for the BUT NEEDED - SO FAR NO.
   292  *>                                                  moment defaulting to USA mode - ditto for other dates
   293               07  PY-PR1-Date-Mo       pic 99.    *> def 1
   294               07  PY-PR1-Date-Dy       pic 99.    *> def 2
   295               07  PY-PR1-Date-Yr       pic 9(4).  *> def 3 Added CC
   296           05  PY-PR1-Page-Lines-P      pic 99.    *> def 60  Portrait
   297           05  PY-PR1-Page-Lines-L      pic 99.    *> def 60  Landscape
   298           05  PY-PR1-Page-Width-P      pic 999.   *> def 132  -- Portrait paper = 80
   299           05  PY-PR1-Page-Width-L      pic 999.   *> def 132  -- landscape paper = 120
   300           05  PY-PR1-User-Prog-Used    pic x.     *>  N   ----  These three not used
   301           05  PY-PR1-User-Prog         pic x(8).  *> spaces
   302           05  PY-PR1-User-Prog-Desc    pic x(20). *> spaces
   303           05  PY-PR1-Max-Chk-Cats      binary-char.  *>     This block values to be determined
   304           05  PY-PR1-Max-Emp-Eds       binary-char.  *>  3  NEEDED <<   a number but not really neeeded as fields are exact #
   305           05  PY-PR1-Max-Ed-Cats       binary-char.  *>  55 NEEDS TO BE SET UP in param  SETUP NOT YET DONE - same for all these.
   306           05  PY-PR1-Max-Swt-Entries   binary-char.  *>            A / marks in use for any one line
   307           05  PY-PR1-Lo-Ded-Chk-Cat    binary-char.  *>
   308           05  PY-PR1-Hi-Ded-Chk-Cat    binary-char.  *>
   309           05  PY-PR1-Lo-Earn-Chk-Cat   binary-char.  *>
   310           05  PY-PR1-Hi-Earn-Chk-Cat   binary-char.  *>
   311           05  PY-PR1-Max-Sys-Eds       binary-char.  *> 5
   312  *> filler here for WB alignment if needed,
   313           05  PY-PR1-Print-Control.
   314               07  PY-PR1-Print-Spool-Name  pic x(48). *> All 3 from ACAS system params
   315               07  PY-PR1-Print-Spool-Name2 pic x(48). *> but only 1st used (or is it)
   316               07  PY-PR1-Print-Spool-Name3 pic x(48). *>  consider creating a pdf file from prt-1
   317               07  PY-PR1-Print-Ctl-Flag    pic x.        *>  Font etc control needed/used (Def N)
   318               07  PY-PR1-Font-Small        pic x(32).
   319               07  PY-PR1-Font-Normal       pic x(32).
   320               07  PY-PR1-Font-Reset        pic x(32). *> + 97
   321               07  PY-PR1-Colour-1          pic x(32). *> + 129
   322               07  PY-PR1-Colour-2          pic x(32). *> + 161
   323               07  PY-PR1-Colour-Reset      pic x(32). *> + 193
   324  *>
ACS Cobol Xref v2.03.18          Dictionary File for PYJOURN    19/04/2026  23:25:56:40                                Page    7

   325           05  PY-PR1-Quote-Char            pic x.    *> " or '
   326  *> B2B field order : - etc
   327           05  PY-PR1-B2B-Fields.
   328               07  PY-PR1-B2B-Field-Order  pic 99   occurs 20.  *> 01 through 20  --  + 40 bytes
   329  *> for fields ->
   330  *>  Fixed Names -
   331  *>   Co Acct #, Transfer Date,   Emp-No, Emp-Name, Emp-Addr1, 2, 3, 4, State, Zip
   332  *>   Emo-SSN, Bank A/C. Pay Amount =  13 - Any more ?
   333  *>
   334  *>
   335       03  PY-PR2-Block.                        *> Size = 88  COULD BE REC 2 ? (+ filler = 640 or 768 etc) (RRN = 2). sizes wrong
   336           05  PY-PR2-Year              pic 9(4).  *> current year
   337           05  PY-PR2-Year-Next         pic 9(4).  *> Year + 1  --- New field
   338           05  PY-PR2-Last-Year-Ended   pic 9(4).  *> Used in pyperend only so far?????? { if no where else can kill it }
   339           05  PY-PR2-Last-SM-Apply-No  pic 9(4).  *> def 0
   340           05  PY-PR2-Last-WB-Apply-No  pic 9(4).  *> def 0
   341           05  PY-PR2-Hrs-Batch-No      pic 9(4).  *> def 0
   342           05  PY-PR2-Last-Day-Last-W   pic 9(8).  *> }
   343           05  PY-PR2-Last-Day-Last-B   pic 9(8).  *> }
   344           05  PY-PR2-Last-Day-Last-S   pic 9(8).  *> }  use todays to yyyymmdd
   345           05  PY-PR2-Last-Day-Last-M   pic 9(8).  *> }       error,  may be not ??????
   346           05  PY-PR2-Check-Date        pic 9(8).  *> }
   347           05  PY-PR2-Last-Employee-No  pic 9(8)   comp.    *>  ?? NEW for py010 data entry EXCLUDES check digit. allows for # = 64k
   348           05  PY-PR2-No-Active-Emps    binary-short unsigned.   *> def 0
   349           05  PY-PR2-No-Employees      binary-short unsigned.   *> def 0 - NEEDED ??
   350           05  PY-PR2-No-Of-SM-Applies  binary-short unsigned.   *> SIZE emough 65k ?  - 12/02/79 pr2.no.of.xx.applies% = number of sm, wb applies this quarter
   351           05  PY-PR2-No-Of-WB-Applies  binary-short unsigned.   *> SIZE emough 65k ?    DITTO
   352           05  PY-PR2-No-Accts          binary-char  unsigned.    *> def 4 = 4 accounts ? is it needed ??
   353           05  PY-PR2-Just-Closed-Year  pic x. *> pyperpend - wrong ? binary-short unsigned.
   354  *>                    - 12/02/79 pr2.just.closed.year% = no applies run since year end close THIS DOES NOT MATCH UP - FIND THIS!!!!!!
   355           05  PY-PR2-940-Printed       pic x.     *> N  (or Y)
   356           05  PY-PR2-941-Printed       pic x.     *> N  (or Y)
   357           05  PY-PR2-W2-Printed        pic x.     *> N  (or Y)
   358           05  PY-PR2-Last-Q-Ended      pic 9.     *> 4 ( vals 1, 2, 3 or 4 )
   359           05  PY-PR2-Last-Check-No     pic 9(6). *> 000000     - 12/02/79 pr2.last.check.no$    = last check number written by PYCHECKS
   360  *>
   361  *> Chg this for resized file.
   362  *>
   363       03  filler                       pic x(29).
   364  *>
   365  *> IPYPR2 - payroll chainging parameter record description
   366  *>        12/02/79 pr2.no.of.xx.applies% number of sm, wb applies this quarter
   367  *>        12/02/79 pr2.just.closed.year% no applies run since year end close
   368  *>        12/02/79 pr2.last.check.no$    last check number written by PYCHECKS
   369  *>
   370  *> These need to be set up in py900 paran setup:::: === DONE
   371  *>  Payroll param changes:
   372  *>        2026/04/01 PY-PR1-Print-Ctl-Flag
   373  *>        2026/04/01 PY-PR1-Font-Small
   374  *>        2026/04/01 PY-PR1-Font-Normal
   375  *>        2026/04/01 PY-PR1-Font-Reset
   376  *>        2026/04/01 PY-PR1-Colour-1
   377  *>        2026/04/01 PY-PR1-Colour-2
   378  *>        2026/04/01 PY-PR1-Colour-Reset
ACS Cobol Xref v2.03.18          Dictionary File for PYJOURN    19/04/2026  23:25:56:40                                Page    8

   379  *>
   380  *>  Payroll param changes:    DONE
   381  *>        2026/04/12 PY-PR1-Pay-Method
   382  *>        2026/04/12 PY-PR1-Payslip-Md
   383  *>        2026/04/12 PY-PR1-B2B-File-Type
   384  *>        2026/04/12 PY-PR1-Quote-Char
   385  *>        2026/04/12 B2B field layouts in fixed field orders
   386  *>
   387  *>
   388  *>C  copy "fdpyemp.cob".
   389  *>*******************************************
   390  *>                                          *
   391  *>  File Definition For PY Employee File    *
   392  *>                                          *
   393  *>*******************************************
   394  *>   Record Size 508 Bytes
   395  *>   see wspyemp.cob for later updates
   396  *>
   397   fd  PY-Employee-File.
   398  *>
   399  *>C  copy "wspyemp.cob".
   400  *>*******************************************
   401  *>                                          *
   402  *>  Record Definition For Employee          *
   403  *>           File                           *
   404  *>     Uses Emp-No as key                   *
   405  *>*******************************************
   406  *>  File size 508 bytes.
   407  *>
   408  *> THESE FIELDS DEFINITIONS MAY NEED CHANGING - Needs WB alignments 12/04/26
   409  *>
   410  *> 29/10/25 vbc - Created.
   411  *> 10/11/25 vbc - Field changes.
   412  *> 20/11/25 vbc - Phone# 12 -> 13 reduced filler to 14 & removed dup phone field.
   413  *> 28/11/25 vbc - Zip code, SSN sizes chg.  Date fiormats are all ccyymmdd.
   414  *> 02/12/25 vbc - Fields with -Allow chgd from x to 99.size will be the same.
   415  *> 17/03/26 vbc - Mcare-Exempt added - File size change ?
   416  *>
   417   01  PY-Employee-Record.
   418       03  Emp-No                pic 9(7)   comp.
   419       03  Emp-Status            pic x.     *> A = Active, T = Terminated, L = On leave & Hidden D = Deleted
   420       03  Emp-HS-Type           pic x.     *> H = Hourly or S = Salaried
   421       03  Emp-Pay-Interval      pic x.     *> W, M, B ( Bi weekly), S (semi-monthly
   422       03  Emp-Taxing-State      pic xx.    *> USA state code
   423       03  Emp-Job-Code          pic xxx.   *> information only
   424       03  Emp-Start-Date        pic 9(8)   comp. *> date started ccyymmdd
   425       03  Emp-Birth-Date        pic 9(8)   comp. *> ccyymmdd
   426       03  Emp-Term-Date         pic 9(8)   comp. *> date left  ccyymmdd - (last date of pay ?)
   427       03  Emp-Sex               pic x.     *> M, F
   428       03  Emp-Marital           pic x.     *> S, M
   429       03  Emp-Pay-Freq          binary-char.     *> 52, 24 or same / 2 = 26 / 12 Subject to change when looking at basic code
   430       03  Emp-Next-Del          pic x.     *> No idea yet
   431       03  Emp-SSN               pic 9(9)   comp.  *> 000-00-0000 & one spare for growth Excludes "-"
   432       03  Emp-Cur-Apply-No      pic 99.    *>  9  or ??  2 bytes
ACS Cobol Xref v2.03.18          Dictionary File for PYJOURN    19/04/2026  23:25:56:40                                Page    9

   433       03  Emp-Name              pic x(32). *> last 1st & middle init -NO> 1st middle last (middle can be initial only
   434       03  Emp-Search-Name       pic x(32). *> Uses Emp-Name to create Last, Middle & First Name - INDEX 2
   435       03  Emp-Address-1         pic x(32).
   436       03  Emp-Address-2         pic x(32).
   437       03  Emp-Address-3         pic x(32).
   438       03  Emp-Address-4         pic x(32).
   439       03  Emp-Post-Code.                   *> UK = 8 Canada 7 incl space,
   440           05  Emp-Zip           pic x(10).  *> 5 & + 5
   441           05  Emp-State         pic xx.
   442       03  Emp-Phone-No          pic 9(11). *> 01234-123456 / (123)-456-7890 09/12/25 reduced from 13
   443       03  Emp-Email             pic x(30). *> vbcoen@btconnect.com  + 10
   444       03  Emp-Bank-Acct-No      pic x(24). *> Allows also for sortcode/acct # (6+8) & - between numbers )
   445       03  Emp-Rate4-Exclusion   pic 9.     *> 1 = all taxes, 2 = All taxes except FICA,
   446                                            *> 3 = All except FICA,SWT, LWT 4 = none
   447       03  Emp-Cal-Head-Of-House pic x.     *> Y or N for all these
   448       03  Emp-Cal-Ded-Allow     pic 99    comp.
   449       03  Emp-FWT-Allow         pic 99    comp.
   450       03  Emp-SWT-Allow         pic 99    comp.
   451       03  Emp-LWT-Allow         pic 99    comp.
   452       03  Emp-Pension-Used      pic x. *> Y or N
   453       03  Emp-Eic-Used          pic x. *> all Y or N
   454       03  Emp-FWT-Exempt        pic x. *>
   455       03  Emp-SWT-Exempt        pic x. *>
   456       03  Emp-LWT-Exempt        pic x. *>
   457       03  Emp-FICA-Exempt       pic x. *>
   458       03  Emp-SDI-Exempt        pic x. *>
   459       03  Emp-Co-FUTA-Exempt    pic x. *>
   460       03  Emp-Co-SUI-Exempt     pic x. *>
   461       03  Emp-Mcare-Exempt      pic x. *>
   462       03  Emp-Sys-Exempt        pic x    occurs 5.
   463       03  Emp-Rate              pic 9(5)v99   comp-3  occurs 4.
   464       03  Emp-Auto-Units        pic 999       comp-3.
   465       03  Emp-Normal-Units      pic 999       comp-3.
   466       03  Emp-Max-Pay           pic 9(6)v99   comp-3.
   467       03  Emp-Vac-Rate          pic 9(5)v99   comp-3.
   468       03  Emp-Vac-Accum         pic 9(5)v99   comp-3.
   469       03  Emp-Vac-Used          pic 9(5)v99   comp-3.
   470       03  Emp-SL-Rate           pic 9(5)v99   comp-3.
   471       03  Emp-SL-Accum          pic 9(5)v99   comp-3.
   472       03  Emp-SL-Used           pic 9(5)v99   comp-3.
   473       03  Emp-Comp-Accum        pic 9(5)v99   comp-3.
   474       03  Emp-Comp-Used         pic 9(5)v99   comp-3.
   475       03  Emp-Dist-Grp                   occurs 5.   *> Distribution account and %
   476           05  Emp-Dist-Acct     binary-char  unsigned.
   477           05  Emp-Dist-Pcent    pic 999v99      comp-3.
   478       03  Emp-ED-Grp                     occurs 3.  *> Should this be 5 or even 10 ?
   479           05  Emp-Ed-Used       pic x.   *> Y or N /
   480           05  Emp-Ed-Group.
   481               07  Emp-ED-Factor     pic 9(6)v99   comp-3.
   482               07  Emp-ED-Limit      pic 9(6)v99   comp-3.
   483               07  Emp-ED-Amt-Pcent  pic x.   *> A  or P /
   484               07  Emp-ED-Acct-No    binary-char  unsigned. *> /
   485               07  Emp-ED-Desc       pic x(15).  *> /
   486               07  Emp-ED-Earn-Ded   pic x.   *> D or E /
ACS Cobol Xref v2.03.18          Dictionary File for PYJOURN    19/04/2026  23:25:56:40                                Page   10

   487               07  Emp-ED-Exclusion  pic 9.   *> /
   488               07  Emp-ED-Limit-Used pic x.   *> Y or N
   489               07  Emp-ED-Chk-Cat    pic 99   comp.  *> /
   490       03  filler                    pic x(11).
   491  *>
   492  *>
   493  *>C  copy "fdpypay.cob".
   494  *>*******************************************
   495  *>                                          *
   496  *>  File Definition For PY Pay File         *
   497  *>                                          *
   498  *>*******************************************
   499  *>   Record Size 28 Bytes
   500  *>   see wspypay.cob for later updates
   501  *>
   502   fd  PY-Pay-File.
   503  *>
   504  *>C  copy "wspypay.cob".
   505  *>*******************************************
   506  *>                                          *
   507  *>  Record Definition For Pay File          *
   508  *>                                          *
   509  *>     Uses Pay-Emp-No as key               *
   510  *>*******************************************
   511  *>  File size 24 bytes.
   512  *>
   513  *> THESE FIELD DEFINITIONS MAY NEED CHANGING
   514  *>
   515  *> 29/10/25 vbc - Created.
   516  *> 10/04/26 vbc - Added xtra comments.
   517  *> 14/04/26 vbc - Chg Interval to x, Extended to x from xx, Cat to 9 frm xx
   518  *>                & repos size now 24.
   519  *>
   520   01  PY-Pay-Record.
   521       03  Pay-Emp-No                   pic 9(7).
   522       03  Pay-Interval                 pic x.              *> w, m
   523       03  Pay-EFf-Date                 pic 9(8)      comp. *> ccyymmdd
   524       03  Pay-Apply-No                 pic 9(4)      comp.
   525       03  Pay-Reporting-Cat            pic 99        comp.  *> 01 - 50 via pyjourn, check its right ? for both see APPLY1, 2 & 3.
   526       03  Pay-Extended                 pic x.               *> is this right ? N or Y - false / true
   527       03  Pay-Units                    pic s9(5)v99  comp-3.
   528       03  Pay-Amt                      pic s9(5)v99  comp-3.
   529  *>
   530   01  PY-Pay-Header.
   531       03  Pay-Hdr-No                   pic 9(7).           *> value zero.
   532       03  Pay-Hdr-Interval             pic x.              *> w, m
   533       03  Pay-Hdr-Last-Apply-No        pic 9(4)      comp.
   534       03  Pay-Hdr-Last-Day-of-Last-Per pic 9(8)      comp. *> ccyymmdd
   535       03  Pay-Hdr-Journal-Printed      pic x.              *> Y / N
   536       03  FILLER                       pic x(9).
   537  *>
   538  *>C  copy "fdpyact.cob".
   539  *>*******************************************
   540  *>                                          *
ACS Cobol Xref v2.03.18          Dictionary File for PYJOURN    19/04/2026  23:25:56:40                                Page   11

   541  *>  File Definition For PY Account File     *
   542  *>              Via IRS                     *
   543  *>*******************************************
   544  *>   Record Size 32 Bytes
   545  *>   see wspyact.cob for later updates
   546  *>
   547   fd  PY-Accounts-File.
   548  *>
   549  *>C  copy "wspyact.cob".
   550  *>*******************************************
   551  *>                                          *
   552  *>  Record Definition For Accounts File     *
   553  *>     Uses Act-No as key                   *
   554  *>*******************************************
   555  *>  File size 34 bytes.
   556  *>
   557  *> 29/10/25 vbc - Created.
   558  *> 31/10/25 vbc - Renamed act-no to act-gl-no & added act-no.
   559  *>                This subject to using py account info instead
   560  *>                of direct to GL. Note IRS uses 5 and GL 6 digits.
   561  *> 05/11/25 vbc   Chg Act-No to pic 99.
   562  *> 12/11/25 vbc - Chg Gl-No  to display from comp.
   563  *> 16/04/26 vbc - Added Type & 1 char Cat/filler. where type / Cat
   564  *>                is 0 = Cash/C, 1 = Liability/L & 4 = Expense/E.
   565  *>
   566   01  PY-Accounts-Record.
   567       03  Act-No              pic 99.
   568       03  Act-Type            pic 9.       *> 0=Cash, 1=Liability, 4=Expense.
   569       03  Act-Cat             pic x.       *> C=Cash, L=Liability, E=Expense
   570  *>                                           Otherwise used as a filler
   571       03  Act-GL-No           pic 9(6).
   572       03  Act-Desc            pic x(24).
   573  *>
   574  *>
   575  *>C  copy "fdpyded.cob".
   576  *>*******************************************
   577  *>                                          *
   578  *>  File Definition For PY Deductions File  *
   579  *>                                          *
   580  *>*******************************************
   581  *>   Record Size 438 Bytes
   582  *>   see wspyded.cob for later updates
   583  *>
   584   fd  PY-System-Deduction-File.
   585  *>
   586  *>C  copy "wspyded.cob".
   587  *>*******************************************
   588  *>                                          *
   589  *>  Record Definition For Py Deduction File *
   590  *>     Uses RRN = 1                         *
   591  *>*******************************************
   592  *>  File size 374 bytes 14/04/26
   593  *> 25/10/25 vbc - Created.
   594  *> 08/11/25 vbc - Rec size changed
ACS Cobol Xref v2.03.18          Dictionary File for PYJOURN    19/04/2026  23:25:56:40                                Page   12

   595  *> 12/11/25 vbc - and again - less.
   596  *> 15/11/25 vbc - again more + 9.
   597  *> 28/12/25 vbc - Consider increasing table to support a.n.other new ded rates.
   598  *> 16/01/26 vbc - Increased size by 2.
   599  *> 14/04/26 vbc - Added flds Mcare, other-1 & 2 (incase) & repos for WB ?
   600  *> 19/04/26 vbc - Removed others 1/2 replaced with Extras for -
   601  *>                Used, Acct-No, Rate & Limit. File size increased.
   602  *>
   603   01  PY-System-Deduction-Record.
   604       03  Ded-Services-Used.
   605           05  Ded-FWT-Used             pic x.    *> Y NEEDED ?
   606           05  Ded-SWT-Used             pic x.    *> Y needed ?
   607           05  Ded-LWT-Used             pic x.   *>  N
   608           05  Ded-FICA-Used            pic x.   *>  Y
   609           05  Ded-CO-FICA-Used         pic x.   *>
   610           05  Ded-SDI-Used             pic x.   *>
   611           05  Ded-CO-FUTA-Used         pic x.   *>
   612           05  Ded-CO-SUI-Used          pic x.   *>
   613           05  Ded-EIC-Used             pic x.   *>
   614           05  Ded-Mcare-Used           pic x.   *>
   615           05  Ded-Extras-Used          pic x   occurs 10.   *> Allows expansion
   616  *>
   617       03  Ded-Acct-Numbers.
   618           05  Ded-FWT-Acct-No          pic 99.
   619           05  Ded-SWT-Acct-No          pic 99.
   620           05  Ded-LWT-Acct-No          pic 99.
   621           05  Ded-FICA-Acct-No         pic 99.
   622           05  Ded-CO-FICA-Acct-No      pic 99.
   623           05  Ded-SDI-Acct-No          pic 99.
   624           05  Ded-CO-FUTA-Acct-No      pic 99.
   625           05  Ded-CO-SUI-Acct-No       pic 99.
   626           05  Ded-EIC-Acct-No          pic 99.
   627           05  Ded-Mcare-Acct-No        pic 99.
   628           05  Ded-Extras-Acct-No       pic 99   occurs 10.    *> Allows expansion
   629  *>
   630       03  Ded-Rates.
   631           05  Ded-FICA-Rate            pic 99v99    comp-3.
   632           05  Ded-CO-FICA-Rate         pic 99v99    comp-3.
   633           05  Ded-SDI-Rate             pic 99v99    comp-3.
   634           05  Ded-CO-FUTA-Rate         pic 99v99    comp-3.
   635           05  Ded-CO-SUI-Rate          pic 99v99    comp-3.
   636           05  Ded-EIC-Rate             pic 99v99    comp-3.
   637           05  Ded-EIC-Excess-Rate      pic 99v99    comp-3.
   638           05  Ded-Mcare-Rate           pic 99v99    comp-3.
   639           05  Ded-Extras-Rate          pic 99v99    comp-3  occurs 10.
   640  *>
   641       03  Ded-FWT-Allowance-Amt        pic S9(5)v99   comp-3.
   642  *>
   643       03  Ded-Limits.
   644           05  Ded-FICA-Limit           pic 9(5)v99  comp-3.
   645           05  Ded-CO-FICA-Limit        pic 9(5)v99  comp-3.
   646           05  Ded-SDI-Limit            pic 9(5)v99  comp-3.
   647           05  Ded-CO-FUTA-Limit        pic 9(5)v99  comp-3.
   648           05  Ded-CO-FUTA-Max-Credit   pic 9(5)v99  comp-3.
ACS Cobol Xref v2.03.18          Dictionary File for PYJOURN    19/04/2026  23:25:56:40                                Page   13

   649           05  Ded-CO-SUI-Limit         pic 9(5)v99  comp-3.
   650           05  Ded-EIC-Limit            pic 9(5)v99  comp-3.
   651           05  Ded-EIC-Excess-Limit     pic 9(5)v99  comp-3.
   652           05  Ded-Mcare-Limit          pic 9(5)v99  comp-3.
   653           05  Ded-Extras-Limit         pic 9(5)v99  comp-3  occurs 10.   *> Allows for expansion.
   654  *>
   655       03  Ded-FWT-Mar              occurs 7.
   656           05  Ded-FWT-Mar-Cutoff       pic 9(5)v99  comp-3.
   657           05  Ded-FWT-Mar-Percent      pic 9(3)v99  comp-3.
   658  *>
   659       03  Ded-FWT-Sin              occurs 7.
   660           05  Ded-FWT-Sin-Cutoff       pic 9(5)v99  comp-3.
   661           05  Ded-FWT-Sin-Percent      pic 9(3)v99  comp-3.
   662  *>
   663       03  Ded-Sys-Entries-Used         pic 99.  *> allow for this block to be > 10
   664       03  Ded-Sys-Data-Blocks      occurs 5.
   665           05  Ded-Sys-Amt-Percent      pic x.   *>  A
   666           05  Ded-Sys-Chk-Cat          pic 99.  *>  7 ( 2 - 7 if Earn-Ded = E. 9 - 16 if Earn-Ded = D
   667           05  Ded-Sys-Earn-Ded         pic x.   *>  E
   668           05  Ded-Sys-Exclusion        pic 9.   *>  1 ( 1 - 4)
   669           05  Ded-Sys-Limit-Used       pic x.   *>  Y
   670           05  Ded-Sys-Used             pic x.   *>  N
   671           05  Ded-Sys-Desc             pic x(15).
   672           05  Ded-Sys-Acct-No          binary-char  unsigned.
   673           05  filler                   pic x.
   674           05  Ded-Sys-Factor           pic 9(5)v99  comp-3.
   675           05  Ded-Sys-Limit            pic 9(5)v99  comp-3.
   676  *>
   677  *>
   678  *>C  copy "fdpychk.cob".
   679  *>*******************************************
   680  *>                                          *
   681  *>  File Definition For PY Check File       *
   682  *>                                          *
   683  *>*******************************************
   684  *>   Record Size 76 Bytes
   685  *>   see wspychk.cob for later updates
   686  *>
   687   fd  PY-Check-File.
   688  *>
   689  *>C  copy "wspychk.cob".
   690  *>*******************************************
   691  *>                                          *
   692  *>  Record Definition For Chk File          *
   693  *>                                          *
   694  *>     Uses Chk-Emp-No as key               *
   695  *>*******************************************
   696  *>  File size 76 bytes.
   697  *>
   698  *> THESE FIELD DEFINITIONS MAY NEED CHANGING
   699  *>
   700  *> 29/10/25 vbc - Created.
   701  *> 02/02/26 vbc - One more Amt occurance = 16.
   702  *> 11/04/26 vbc - Interval x -> 9.
ACS Cobol Xref v2.03.18          Dictionary File for PYJOURN    19/04/2026  23:25:56:40                                Page   14

   703  *>
   704   01  PY-Chk-Record.
   705       03  Chk-Emp-No        pic 9(7).
   706       03  Chk-Check-No      pic 9(6)     comp.
   707       03  Chk-Amt           pic 9(5)v99  comp-3  occurs 16.
   708  *>
   709   01  PY-Chk-Hdr-Record.
   710       03  Chk-Hdr-No               pic 9(7).   *> value zero
   711       03  Chk-hdr-Interval         pic 9.
   712       03  Chk-hdr-Apply-No         pic 9(4)    comp.
   713       03  Chk-hdr-Slow-From-Date   pic 9(8)    comp.  *> ccyymmdd
   714       03  Chk-hdr-Fast-From-Date   pic 9(8)    comp.  *> ccyymmdd
   715       03  Chk-hdr-To-Date          pic 9(8)    comp.  *> ccyymmdd
   716       03  Chk-hdr-Register-Printed pic x.
   717       03  Chk-hdr-Checks-Printed   pic x.
   718  *> 24 ?
   719       03  FILLER                   pic x(52).
   720  *>
   721
   722  *>
   723   fd  Print-File
   724       reports are Employee-Detailed-Journal-Report
   725                   Company-Summary
   726                   Ledger-Account-Summary.
   727  *>
   728   working-storage section.
   729  *>-----------------------
   730   77  prog-name               pic x(17) value "pyjourn (1.0.00)".  *> First release pre testing.
   731  *>
   732  *>  This will print 1 copy to CUPS print spool specified on line 3 override via setup at SOJ
   733  *>
   734  *>C  copy "print-spool-command.cob".     *> CHECK PRN file for content Landscape mode
   735  *>
   736  *> 2023/02/18 vbc - Added PP-Name and Print-File-Name - Landscape
   737  *>
   738   01  Print-Report.
   739       03  filler          pic x(117)     value
   740       "lpr -r -o 'orientation-requested=4 page-left=21 page-top=24 " &   *> was 48 - 28/4/24 18mm from Top of page
   741       "page-right=10 sides=two-sided-long-edge cpi=12 lpi=8' -P ".
   742       03  PSN             pic x(48)      value "Smart_Tank_7300 ".  *> This is the Cups print spool, change it for yours
   743       03  PP-Name         pic x(24)      value "prt-1".      *> Don't change this line 18/02/23 was X(15)
   744  *>
   745   01  PP-Print-File-Name  pic x(24)      value "prt-1".
   746  *>
   747  *>C  copy "wsmaps03.cob".
   748         >>source free
   749  *>*********
   750  *> maps03 *
   751  *>*********
   752  *> 23/04/09 vbc - Support for UK, USA, Intl formats
   753   01  maps03-ws.
   754       03  u-date          pic x(10).
   755       03  u-UK redefines u-date.
   756           05  u-days      pic 99.
ACS Cobol Xref v2.03.18          Dictionary File for PYJOURN    19/04/2026  23:25:56:40                                Page   15

   757           05  filler      pic x.
   758           05  u-month     pic 99.
   759           05  filler      pic x.
   760           05  u-year.
   761               07  u-cc    pic 99.
   762               07  u-yy    pic 99.
   763       03  u-USA redefines u-date.
   764           05  u-usa-month pic 99.
   765           05  filler      pic x.
   766           05  u-usa-days  pic 99.
   767           05  filler      pic x.
   768           05  filler      pic x(4).
   769       03  u-Intl redefines u-date.
   770           05  u-intl-year.
   771               07  u-intl-cc pic 99.
   772               07  u-intl-yy pic 99.
   773           05  filler        pic x.
   774           05  u-intl-month  pic 99.
   775           05  filler        pic x.
   776           05  u-intl-days   pic 99.
   777       03  u-bin           binary-long.
   778  *>C  copy "wsfnctn.cob".
   779  *>**********************************
   780  *>                                 *
   781  *>  File Access Control Functions  *
   782  *>                                 *
   783  *>**********************************
   784  *> 28/05/16 vbc - Added RDB setup fields - socket, host, port to user, passwd, schema.
   785  *> 25/08/16 vbc - Amended size of RDBMS-Socket from 32 to 64 chars.
   786  *> 01/10/16 vbc - Changed WE-Error & Rrn to pic 999 / 9.  To see if it is the cause
   787  *>                of No data in SYSTOT-REC bug after running sys4LD.
   788  *> 29/10/16 vbc - FS-Action increased size from 20 to 22 for logest msg in sys002.
   789  *>  7/12/16 vbc - Increased Access-Type to 99 from 9 for extra adhoc functions
   790  *>                such as select x ORDER BY etc.
   791  *>                Not used yet.
   792  *> 22/12/16 vbc - Oops, previous chg should have been for File-Function.
   793  *>                next-read-raw changed to 13.
   794  *> 06/01/17 vbc - Increased size of rrn for GL. System to be recompiled.
   795  *> 18/04/17 vbc - Added function Read-Next-Header (34) for SL020, 50, 140.
   796  *> 21/04/18 vbc - Added ACAS-Path and Path-Work for scr save/dumps delete files).
   797  *> 20/05/23 vbc - Added notes for read header for sl820.
   798  *> 06/08/23 vbc - Activated  fn-not-greater-than (for Stock file).
   799  *>
   800   01  File-Access.
   801       03  We-Error        pic 999.
   802       03  Rrn             pic 9(5)   comp.     *> increased from 9 for GL.
   803       03  Fs-Reply        pic 99.
   804       03  s1              pic x.               *> this is USED for some programs 28.05.18.
   805       03  Curs            pic 9(4).
   806       03  filler redefines Curs.
   807           05  Lin         pic 99.
   808           05  Cole        pic 99.
   809       03  Curs2           pic 9(4).
   810       03  filler redefines Curs2.
ACS Cobol Xref v2.03.18          Dictionary File for PYJOURN    19/04/2026  23:25:56:40                                Page   16

   811           05  Lin2        pic 99.
   812           05  Col2        pic 99.
   813  *>
   814  *> Holds path to current working dir - used for screen dump & restores.
   815  *>
   816       03  ACAS-Path       pic x(525)     value spaces.
   817       03  Path-Work       pic x(525)     value spaces.
   818  *>
   819       03  FS-Action       pic x(22)  value spaces.
   820  *> current range 1 thru 3
   821  *>     1 = Stock-Key (or only key), 2 = Stock-Abrev-Key, 3 = Stock-Desc
   822       03  Logging-Data.
   823           05  Accept-Reply    pic x      value space.
   824           05  File-Key-No     pic 9.
   825           05  ws-Log-System   pic 9      value zero.       *> loaded by caller of FHlogger
   826           05  ws-No-Paragraph pic 999.
   827           05  SQL-Err         pic x(5).
   828           05  SQL-Msg         pic x(512) value spaces.
   829           05  SQL-State       pic x(5).
   830           05  WS-File-Key     pic x(64)  value spaces.     *> loaded by caller of FHlogging increased to 64-- 30/12/16
   831           05  WS-Log-Where    pic x(231) value spaces.
   832           05  WS-Log-File-No  pic 99     value zeroes.     *> loaded by caller of FHlogger
   833           05  WS-Count-Rows   pic 9(7)   value zeroes.     *> used in Delete-All in valueMT
   834       03  RDB-Data.
   835           05  DB-Schema   pic x(12)  value spaces.
   836           05  DB-UName    pic x(12)  value spaces.
   837           05  DB-UPass    pic x(12)  value spaces.
   838           05  DB-Host     pic x(32)  value spaces.
   839           05  DB-Socket   pic x(64)  value spaces.
   840           05  DB-Port     pic x(5)   value spaces.
   841  *>
   842  *>  Helps to tell MT to move file record from the FD or the WS record. NOT YET USED
   843  *>
   844       03  Main-Record-Move-Flag pic 9 value zero.
   845           88  MRMF-Move-FD           value 1.
   846           88  MRMF-Move-WS           value 2.
   847  *>
   848  *>   need to change next one if used in the DAL, e.g., move "66" ...
   849  *>
   850       03  FA-RDBMS-Flat-Statuses.                        *> Comes from System-Record via acas0nn
   851           07  FA-File-System-Used  pic 9.
   852               88  FA-FS-Cobol-Files-Used        value zero.
   853               88  FA-FS-RDBMS-Used              value 1.
   854  *>                 88  FA-FS-MySql-Used          value 1.  *> ditto
   855  *>                 88  FA-FS-Oracle-Used         value 2.  *> THESE NOT IN USE
   856  *>                 88  FA-FS-Postgres-Used       value 3.  *> ditto
   857  *>                 88  FA-FS-DB2-Used            value 4.  *> ditto
   858  *>                 88  FA-FS-MS-SQL-Used         value 5.  *> ditto
   859               88  FA-FS-Valid-Options           values 0 thru 1.    *> 5. (not in use unless 1-5)
   860           07  FA-File-Duplicates-In-Use pic 9.                      *> NO LONGER USED other than for a '6' = rdb.
   861               88  FA-FS-Duplicate-Processing    value 1.
   862  *>
   863  *> Block for File/table access via acas000 thru acas033 for IS files and rdbms
   864  *> Also see RDBMS-Flat-Statuses in System-Record
ACS Cobol Xref v2.03.18          Dictionary File for PYJOURN    19/04/2026  23:25:56:41                                Page   17

   865  *>
   866       03  File-Function   pic 99.
   867           88  fn-open            value 1.
   868           88  fn-close           value 2.
   869           88  fn-read-next       value 3.
   870           88  fn-read-indexed    value 4.
   871           88  fn-write           value 5.
   872           88  fn-Delete-All      value 6.       *> 10/10/16 - Delete all records.
   873           88  fn-re-write        value 7.
   874           88  fn-delete          value 8.
   875           88  fn-start           value 9.
   876  *>
   877           88  fn-Write-Raw       value 15.
   878           88  fn-Read-Next-Raw   value 13.       *> 14/11/16 - Special 4 LD.
   879  *>
   880           88  fn-Read-By-Name    value 31.       *> 15/01/17 for Salesled (SL160), could be used for GL ledger?
   881           88  fn-Read-By-Batch   value 32.       *> 08/02/17 for OTM3/5 (sl095/pl095)
   882           88  fn-Read-By-Cust    value 33.       *> 09/02/17 for OTM3 (sl110, 120, 190)
   883           88  fn-Read-Next-Header value 34.      *> 18/04/17 for Invoice (sl020, 50, 140, 820)
   884  *>
   885       03  Access-Type     pic 9.                *> For rdbms 2 should cover all !!!
   886           88  fn-input           value 1.
   887           88  fn-i-o             value 2.
   888           88  fn-output          value 3.
   889           88  fn-extend          value 4.       *> not valid for ISAM
   890           88  fn-equal-to        value 5.
   891           88  fn-less-than       value 6.
   892           88  fn-greater-than    value 7.
   893           88  fn-not-less-than   value 8.
   894           88  fn-not-greater-than value 9.
   895  *>
   896  *>
   897  *>C  copy "Test-Data-Flags.cob".           *> set sw-Testing to zero to stop logging.
   898  *>
   899  *>  This data is present in ALL ACAS modules.
   900  *>   When testing comlete you can set SW-Testing to zero
   901  *>    to stop the logging file being produced.
   902  *>
   903   01 ACAS-DAL-Common-data.     *> For DAL processing.
   904  *>
   905  *> log file reporting for testing otherwise zero
   906  *>
   907       03  SW-Testing               pic 9   value 1.    *>   zero.
   908           88  Testing-1                    value 1.
   909  *>
   910  *>  Testing only for displays ws-where etc  otherwise zero
   911  *>
   912       03  SW-Testing-2             pic 9   value zero.
   913           88  Testing-2                    value 1.
   914  *>
   915       03  Log-File-Rec-Written     pic 9(6) value zero.    *> in both acas0nn and a DAL.
   916  *>
   917  *>                                        ABOVE SHOULD BE OFF
   918  *> WS area for file layouts for headers etc
ACS Cobol Xref v2.03.18          Dictionary File for PYJOURN    19/04/2026  23:25:56:41                                Page   18

   919  *>
   920  *> Need the header fields from PAY rec, Gets updated
   921  *>
   922   01  WS-Pay-Header-Record.
   923       03  WS-Pay-Hdr-No                   pic 9(7).           *> value zero.
   924       03  WS-Pay-Hdr-Interval             pic x.              *> w, m
   925       03  WS-Pay-Hdr-Last-Apply-No        pic 9(4)      comp.
   926       03  WS-Pay-Hdr-Last-Day-of-Last-Per pic 9(8)      comp. *> ccyymmdd
   927       03  WS-Pay-Hdr-Journal-Printed      pic x.              *> Y / N
   928       03  filler                          pic x(9).
   929  *>  More ?
   930
   931  *>
   932   01  WS-Data.
   933       03  WS-Reply            pic x.
   934       03  WS-Eval-Msg         pic x(25)    value spaces.
   935       03  WS-Env-Columns      pic 999      value zero.
   936       03  WS-Env-Lines        pic 999      value zero.
   937       03  WS-22-Lines         pic 99.
   938       03  WS-23-Lines         pic 99.
   939       03  WS-Lines            pic 99.
   940       03  A                   pic 99       value zero.
   941       03  B                   pic 99       value zero.
   942       03  C                   pic 99       value zero.
   943       03  D                   pic 999      value zero.    *> to set up accounts table with "Unknown" in desc
   944       03  F                   pic 9        value zero.
   945       03  WS-Page-Lines       binary-char unsigned value 56.   *> Narrow reports as system is for Landscape used.
   946       03  WS-Rec-Cnt          pic 99       value zero.
   947       03  WS-Page-Cnt         pic 999      value zero.
   948       03  WS-Line-Cnt         pic 999      value 90.   *> Force heads at start
   949  *>
   950   01  WS-File-Statuses.       *> from all file operations.
   951       03  PY-PR1-Status       pic xx.
   952       03  PY-Emp-Status       pic xx.
   953       03  PY-Pay-Status       pic xx.
   954       03  PY-Act-Status       pic xx.
   955       03  PY-Ded-Status       pic xx.
   956       03  PY-Chk-Status       pic xx.
   957
   958   01  WS-Test-YMD             pic 9(8).
   959   01  WS-Test-Date.
   960       03  WS-Test-Month       pic 99.
   961       03  WS-Test-Days        pic 99.
   962       03  WS-Test-Year        pic 9(4).
   963   01  WS-Test-Date9 redefines WS-Test-Date
   964                               pic 9(8).
   965  *>
   966   01  WS-Temp-Date.
   967       03  WS-Temp-Year        pic 9(4).
   968       03  WS-Temp-Month       pic 99.
   969       03  WS-Temp-Days        pic 99.
   970   01  WS-Temp-Date9  redefines WS-Temp-Date
   971                               pic 9(8).  *> For direct moving 9(8) to Date.
   972  *>
ACS Cobol Xref v2.03.18          Dictionary File for PYJOURN    19/04/2026  23:25:56:41                                Page   19

   973   01  WS-Accumulators-1.                        *> From Pay fields accumed
   974       03  WS-Reg-Wages             pic s9(7)v99.
   975       03  WS-Other-Earn            pic s9(7)v99.
   976       03  WS-Gross                 pic s9(7)v99.
   977       03  WS-Fwt                   pic s9(7)v99.
   978       03  WS-Swt                   pic s9(7)v99.
   979       03  WS-Lwt                   pic s9(7)v99.
   980       03  WS-Fica                  pic s9(7)v99.
   981       03  WS-Sdi                   pic s9(7)v99.
   982       03  WS-Eic                   pic s9(7)v99.
   983       03  WS-Other-Ded             pic s9(7)v99.
   984       03  WS-Net                   pic s9(7)v99.
   985       03  WS-Employer-Cost         pic s9(7)v99.
   986       03  WS-Tips                  pic s9(7)v99.
   987       03  WS-Tips-Reported         pic s9(7)v99.
   988       03  WS-Co-Fica               pic s9(7)v99.
   989       03  WS-Co-Futa               pic s9(7)v99.
   990       03  WS-Co-SUI                pic s9(7)v99.
   991       03  WS-Comp-Earned           pic s9(7)v99.
   992       03  WS-Comp-Taken            pic s9(7)v99.
   993       03  WS-SL-Taken              pic s9(7)v99.
   994       03  WS-Vac-Taken             pic s9(7)v99.
   995       03  WS-MCare                 pic s9(7)v99.   *> NEW
   996  *>
   997       03  WS-Sys                   pic s9(7)v99     occurs 5.
   998       03  WS-Emp                   pic s9(7)v99     occurs 3.
   999       03  WS-Units                 pic s9(7)v99     occurs 4.
  1000
  1001       03  WS-Temp-Acct-Amt         pic s9(8)v99.
  1002
  1003       03  WS-Rep-From-Date         pic x(10).   *> HAS TO BE SET UP
  1004       03  WS-Rep-To-Date           pic x(10).
  1005       03  WS-Check-Date            pic x(10).
  1006       03  WS-Detail-Line           pic x.
  1007       03  WS-Fast-and-Slow         pic x.
  1008       03  WS-DR-CR                 pic xx.
  1009       03  WS-First-Detail-Line     pic x.
  1010       03  WS-Emp-From-No           pic 9(7).  *> } final footing totals
  1011       03  WS-Emp-To-No             pic 9(7).  *> } ditto for Emp Detail
  1012       03  WS-Exemptions            pic x(256).
  1013
  1014   01  WS-Accumulators-2.
  1015       03  WS-Dist-Out              pic s9(7)v99.        *> (1)     ditto ?
  1016  *>
  1017       03  WS-Batch-Total           pic s9(7)v99.
  1018  *>
  1019       03  WS-Total-Reg-Wages       pic s9(7)v99.  *> PY Co Summary part 1
  1020       03  WS-Total-Other-Earn      pic s9(7)v99.
  1021       03  WS-Total-Tips            pic s9(7)v99.
  1022       03  WS-Total-Fwt             pic s9(7)v99.
  1023       03  WS-Total-Swt             pic s9(7)v99.
  1024       03  WS-Total-Lwt             pic s9(7)v99.
  1025       03  WS-Total-Fica            pic s9(7)v99.
  1026       03  WS-Total-Sdi             pic s9(7)v99.
ACS Cobol Xref v2.03.18          Dictionary File for PYJOURN    19/04/2026  23:25:56:41                                Page   20

  1027       03  WS-Total-Other-Ded       pic s9(7)v99.
  1028       03  WS-Total-Net             pic s9(7)v99.
  1029  *>
  1030       03  WS-Total-Tips-Reported   pic s9(7)v99.  *> PY Co Summary part 2
  1031       03  WS-Total-Co-Fica         pic s9(7)v99.
  1032       03  WS-Total-Co-Futa         pic s9(7)v99.
  1033       03  WS-Total-Co-Sui          pic s9(7)v99.
  1034       03  WS-Total-Vac-Taken       pic s9(7)v99.
  1035       03  WS-Total-SL-Taken        pic s9(7)v99.
  1036       03  WS-Total-Comp-Taken      pic s9(7)v99.
  1037       03  WS-Total-Comp-Earned     pic s9(7)v99.
  1038       03  WS-Total-Eic             pic s9(7)v99.
  1039       03  WS-Total-MCare           pic s9(7)v99.   *> NEW
  1040       03  WS-Total-Units           pic s9(7)v99       occurs 4.  *> Vie PY-PR1-Rate-Name occcurs 4
  1041  *>
  1042   01  WS-File-Status.  *> Set when opening file as can not exist
  1043       03  WS-Chk-Exists            pic x  value "N".
  1044  *>
  1045   01  WS-Date-Formats.
  1046       03  WS-Swap             pic 99.
  1047       03  WS-Conv-Date        pic x(10).
  1048       03  WS-Date             pic x(10)   value "99/99/9999".
  1049       03  WS-UK redefines WS-Date.   *> Other optional format
  1050           05  WS-Days         pic 99.
  1051           05  filler          pic x.
  1052           05  WS-Month        pic 99.
  1053           05  filler          pic x.
  1054           05  WS-Year         pic 9(4).
  1055       03  WS-USA redefines WS-Date.  *> Default format
  1056           05  WS-USA-Month    pic 99.
  1057           05  filler          pic x.
  1058           05  WS-USA-Days     pic 99.
  1059           05  filler          pic x.
  1060           05  filler          pic 9(4).
  1061       03  WS-Intl redefines WS-Date.   *> Not used.
  1062           05  WS-Intl-Year    pic 9(4).
  1063           05  filler          pic x.
  1064           05  WS-Intl-Month   pic 99.
  1065           05  filler          pic x.
  1066           05  WS-Intl-Days    pic 99.
  1067  *>
  1068   01  hdtime                            value spaces.
  1069       03  hd-hh               pic xx.
  1070       03  hd-mm               pic xx.
  1071       03  hd-ss               pic xx.
  1072       03  hd-uu               pic xx.
  1073  *>
  1074   01  WS-Table1.
  1075  *>
  1076  *>       1=earning
  1077  *>       2=deduction
  1078  *>       3=other
  1079       03  WS-Desc-Table.
  1080           05  WS-ED-Descs    occurs 50.
ACS Cobol Xref v2.03.18          Dictionary File for PYJOURN    19/04/2026  23:25:56:41                                Page   21

  1081               07  WS-EDO      pic 9.
  1082               07  WS-ED-Desc  pic x(15).
  1083       03  filler redefines WS-Desc-Table.
  1084           05  filler          pic x(16) value "1REGULAR PAY".
  1085           05  filler          pic x(16) value "1OVERTIME PAY".
  1086           05  filler          pic x(16) value "1SPECIAL OT PAY".
  1087           05  filler          pic x(16) value "1COMMISSION".
  1088           05  filler          pic x(16) value "3VACATION TAKEN".  *>  NOT ON CHECKS
  1089           05  filler          pic x(16) value "3SICK LVE TAKEN".  *>  NOT ON CHECKS
  1090           05  filler          pic x(16) value "3COMP TIME TAKEN". *>  NOT ON CHECKS
  1091           05  filler          pic x(16) value "3COMP TIME EARND". *>  NOT ON CHECKS
  1092           05  filler          pic x(16) value "1BONUS".
  1093           05  filler          pic x(16) value "1TIPS COLLECTED".
  1094           05  filler          pic x(16) value "3ADVANCE".
  1095           05  filler          pic x(16) value "1SICK PAY".
  1096           05  filler          pic x(16) value "1VACATION PAY".
  1097           05  filler          pic x(16) value "1OTHER EXCLD PAY".
  1098           05  filler          pic x(16) value "3EXPENSE REIMB".
  1099           05  filler          pic x(16) value "1EIC".
  1100           05  filler          pic x(16) value "1OTHER PAY".
  1101           05  filler          pic x(16) value "1TIPS REPORTED".
  1102           05  filler          pic x(16) value "3".
  1103           05  filler          pic x(16) value "2FWT".
  1104           05  filler          pic x(16) value "2SWT".
  1105           05  filler          pic x(16) value "2LWT".
  1106           05  filler          pic x(16) value "2FICA".
  1107           05  filler          pic x(16) value "2SDI".
  1108           05  filler          pic x(16) value "3".
  1109           05  filler          pic x(16) value "3".
  1110           05  filler          pic x(16) value "2ADVANCE REPAY".
  1111           05  filler          pic x(16) value "2FWT ADD-ON".
  1112           05  filler          pic x(16) value "2SWT ADD-ON".
  1113           05  filler          pic x(16) value "2LWT ADD-ON".
  1114           05  filler          pic x(16) value "2FICA ADD-ON".
  1115           05  filler          pic x(16) value "3".
  1116           05  filler          pic x(16) value "0SYS1".           *>  from sys1   FROM DED FILE
  1117           05  filler          pic x(16) value "0SYS2".           *>  from sys2   FROM DED FILE
  1118           05  filler          pic x(16) value "0SYS3".           *>  from sys3   FROM DED FILE
  1119           05  filler          pic x(16) value "0SYS4".           *>  from sys4   FROM DED FILE
  1120           05  filler          pic x(16) value "0SYS5".           *>  from sys5   FROM DED FILE
  1121           05  filler          pic x(16) value "0EMP1".           *>  from emp1   FROM EMP FILE
  1122           05  filler          pic x(16) value "0EMP2".           *>  from emp2   FROM EMP FILE
  1123           05  filler          pic x(16) value "0EMP3".           *>  from emp3   FROM EMP FILE
  1124           05  filler          pic x(16) value "3".
  1125           05  filler          pic x(16) value "3COMPANY FICA".   *> NOT ON CHECKS
  1126           05  filler          pic x(16) value "3COMPANY FUTA".   *> NOT ON CHECKS
  1127           05  filler          pic x(16) value "3COMPANY SUI".    *> NOT ON CHECKS
  1128           05  filler          pic x(16) value "3".
  1129           05  filler          pic x(16) value "3OTHER CO COST".  *> NOT ON CHECKS
  1130           05  filler          pic x(16) value "3".
  1131           05  filler          pic x(16) value "3".
  1132           05  filler          pic x(16) value "3".
  1133           05  filler          pic x(16) value "2OTHER DED".
  1134  *>
ACS Cobol Xref v2.03.18          Dictionary File for PYJOURN    19/04/2026  23:25:56:41                                Page   22

  1135
  1136   01  WS-Account-Table                  value zero.
  1137       03  WS-Account-Grp            occurs 99.
  1138           05  WS-Acct-No      pic 99       comp.
  1139           05  WS-Acct-GL      pic 9(6)     comp.
  1140           05  WS-Acct-Amt     pic s9(9)v99 comp-3.       *> Yes well oversized.
  1141  *>
  1142
  1143
  1144
  1145   01  Error-Messages.   *> ANY NEEDED ???
  1146  *> System Wide
  1147       03  SY000           pic x(30) value "SY000 Completed Unsuccessfully".
  1148       03  SY001           pic x(46) value "SY001 Aborting run - Note error and hit Return".
  1149       03  SY002           pic x(31) value "SY002 Note error and hit Return".
  1150       03  SY010           pic x(46) value "SY010 Terminal program not set to length => 28".
  1151       03  SY013           pic x(47) value "SY013 Terminal program not set to Columns => 80".
  1152  *>
  1153  *> Module General
  1154  *>
  1155       03  PY001           pic x(45) value "PY001 Payroll Parameter file does not exist -".
  1156       03  PY002           pic x(32) value "PY002 Read PARAM record Error = ".
  1157       03  PY003           pic x(31) value "PY003 Employee File not Found -".
  1158  *>
  1159  *> Module specific
  1160  *>
  1161       03  PY760           pic x(24) value "PY760 Chk file not found".
  1162       03  PY761           pic x(24) value "PY761 Pay file not found".
  1163       03  PY762           pic x(24) value "PY762 Emp file not found".
  1164       03  PY763           pic x(24) value "PY763 Act file not found".
  1165       03  PY764           pic x(24) value "PY764 Ded file not found".
  1166       03  PY765           pic x(54) value "PY765 Net pay exceeds system max. check will be voided".
  1167       03  PY766           pic x(26) value "PY766 Batch total not zero".
  1168       03  PY767           pic x(50) value "PY767 Net pay less than zero. check will be voided".
  1169  *>
  1170       03  PY768           pic x(31) value "PY768 Error Reading Pay file - ".
  1171       03  PY769           pic x(31) value "PY769 Error Reading Emp file - ".
  1172       03  PY770           pic x(31) value "PY770 Error Reading Act file - ".
  1173       03  PY771           pic x(31) value "PY771 Error Reading Ded file - ".
  1174       03  PY772           pic x(32) value "PY772 Unexpected eof on Pay file".   *> pyjourn1
  1175       03  PY773           pic x(38) value "PY773 Error Accounts records exceed 99".
  1176       03  PY774           pic x(31) value "PY774 Error Reading Chk file - ".
  1177       03  PY775           pic x(40) value "PY775 Error Reading Act Header Record - ".
  1178  *>
  1179   01  Error-Code          pic 999.
  1180  *>
  1181   01  COB-CRT-Status      pic 9(4)         value zero.
  1182  *>C      copy "screenio.cpy".
  1183        *>  Copyright (C) 2008-2012, 2015-2016, 2019, 2021
  1184        *>  Free Software Foundation, Inc.
  1185        *>  Written by Roger While, Simon Sobisch
  1186        *>
  1187        *>  This file is part of GnuCOBOL.
  1188        *>
ACS Cobol Xref v2.03.18          Dictionary File for PYJOURN    19/04/2026  23:25:56:41                                Page   23

  1189        *>  The GnuCOBOL compiler is free software: you can redistribute
  1190        *>  it and/or modify it under the terms of the GNU General Public
  1191        *>  License as published by the Free Software Foundation, either
  1192        *>  version 3 of the License, or (at your option) any later
  1193        *>  version.
  1194        *>
  1195        *>  GnuCOBOL is distributed in the hope that it will be useful,
  1196        *>  but WITHOUT ANY WARRANTY; without even the implied warranty of
  1197        *>  MERCHANTABILITY or FITNESS FOR A PARTICULAR PURPOSE.  See the
  1198        *>  GNU General Public License for more details.
  1199        *>
  1200        *>  You should have received a copy of the GNU General Public
  1201        *>  License along with GnuCOBOL.
  1202        *>  If not, see <https://www.gnu.org/licenses/>.
  1203
  1204
  1205        *>   Colors
  1206         78  COB-COLOR-BLACK                  VALUE 0.
  1207         78  COB-COLOR-BLUE                   VALUE 1.
  1208         78  COB-COLOR-GREEN                  VALUE 2.
  1209         78  COB-COLOR-CYAN                   VALUE 3.
  1210         78  COB-COLOR-RED                    VALUE 4.
  1211         78  COB-COLOR-MAGENTA                VALUE 5.
  1212         78  COB-COLOR-YELLOW                 VALUE 6.
  1213         78  COB-COLOR-WHITE                  VALUE 7.
  1214
  1215        *>   mouse mask, apply to COB-MOUSE-FLAGS
  1216         78  COB-AUTO-MOUSE-HANDLING          VALUE 1.
  1217         78  COB-ALLOW-LEFT-DOWN              VALUE 2.
  1218         78  COB-ALLOW-LEFT-UP                VALUE 4.
  1219         78  COB-ALLOW-LEFT-DOUBLE            VALUE 8.
  1220         78  COB-ALLOW-MIDDLE-DOWN            VALUE 16.
  1221         78  COB-ALLOW-MIDDLE-UP              VALUE 32.
  1222         78  COB-ALLOW-MIDDLE-DOUBLE          VALUE 64.
  1223         78  COB-ALLOW-RIGHT-DOWN             VALUE 128.
  1224         78  COB-ALLOW-RIGHT-UP               VALUE 256.
  1225         78  COB-ALLOW-RIGHT-DOUBLE           VALUE 512.
  1226         78  COB-ALLOW-MOUSE-MOVE             VALUE 1024.
  1227         78  COB-ALLOW-ALL-SCREEN-ACTIONS     VALUE 16384. *> reserved
  1228
  1229        *> Values that may be returned in CRT STATUS (or COB-CRT-STATUS)
  1230        *> Normal return - Value 0000
  1231         78  COB-SCR-OK                       VALUE  0.
  1232
  1233        *>  Function keys - Values 1xxx
  1234         78  COB-SCR-F1                       VALUE  1001.
  1235         78  COB-SCR-F2                       VALUE  1002.
  1236         78  COB-SCR-F3                       VALUE  1003.
  1237         78  COB-SCR-F4                       VALUE  1004.
  1238         78  COB-SCR-F5                       VALUE  1005.
  1239         78  COB-SCR-F6                       VALUE  1006.
  1240         78  COB-SCR-F7                       VALUE  1007.
  1241         78  COB-SCR-F8                       VALUE  1008.
  1242         78  COB-SCR-F9                       VALUE  1009.
ACS Cobol Xref v2.03.18          Dictionary File for PYJOURN    19/04/2026  23:25:56:41                                Page   24

  1243         78  COB-SCR-F10                      VALUE  1010.
  1244         78  COB-SCR-F11                      VALUE  1011.
  1245         78  COB-SCR-F12                      VALUE  1012.
  1246         78  COB-SCR-F13                      VALUE  1013.
  1247         78  COB-SCR-F14                      VALUE  1014.
  1248         78  COB-SCR-F15                      VALUE  1015.
  1249         78  COB-SCR-F16                      VALUE  1016.
  1250         78  COB-SCR-F17                      VALUE  1017.
  1251         78  COB-SCR-F18                      VALUE  1018.
  1252         78  COB-SCR-F19                      VALUE  1019.
  1253         78  COB-SCR-F20                      VALUE  1020.
  1254         78  COB-SCR-F21                      VALUE  1021.
  1255         78  COB-SCR-F22                      VALUE  1022.
  1256         78  COB-SCR-F23                      VALUE  1023.
  1257         78  COB-SCR-F24                      VALUE  1024.
  1258         78  COB-SCR-F25                      VALUE  1025.
  1259         78  COB-SCR-F26                      VALUE  1026.
  1260         78  COB-SCR-F27                      VALUE  1027.
  1261         78  COB-SCR-F28                      VALUE  1028.
  1262         78  COB-SCR-F29                      VALUE  1029.
  1263         78  COB-SCR-F30                      VALUE  1030.
  1264         78  COB-SCR-F31                      VALUE  1031.
  1265         78  COB-SCR-F32                      VALUE  1032.
  1266         78  COB-SCR-F33                      VALUE  1033.
  1267         78  COB-SCR-F34                      VALUE  1034.
  1268         78  COB-SCR-F35                      VALUE  1035.
  1269         78  COB-SCR-F36                      VALUE  1036.
  1270         78  COB-SCR-F37                      VALUE  1037.
  1271         78  COB-SCR-F38                      VALUE  1038.
  1272         78  COB-SCR-F39                      VALUE  1039.
  1273         78  COB-SCR-F40                      VALUE  1040.
  1274         78  COB-SCR-F41                      VALUE  1041.
  1275         78  COB-SCR-F42                      VALUE  1042.
  1276         78  COB-SCR-F43                      VALUE  1043.
  1277         78  COB-SCR-F44                      VALUE  1044.
  1278         78  COB-SCR-F45                      VALUE  1045.
  1279         78  COB-SCR-F46                      VALUE  1046.
  1280         78  COB-SCR-F47                      VALUE  1047.
  1281         78  COB-SCR-F48                      VALUE  1048.
  1282         78  COB-SCR-F49                      VALUE  1049.
  1283         78  COB-SCR-F50                      VALUE  1050.
  1284         78  COB-SCR-F51                      VALUE  1051.
  1285         78  COB-SCR-F52                      VALUE  1052.
  1286         78  COB-SCR-F53                      VALUE  1053.
  1287         78  COB-SCR-F54                      VALUE  1054.
  1288         78  COB-SCR-F55                      VALUE  1055.
  1289         78  COB-SCR-F56                      VALUE  1056.
  1290         78  COB-SCR-F57                      VALUE  1057.
  1291         78  COB-SCR-F58                      VALUE  1058.
  1292         78  COB-SCR-F59                      VALUE  1059.
  1293         78  COB-SCR-F60                      VALUE  1060.
  1294         78  COB-SCR-F61                      VALUE  1061.
  1295         78  COB-SCR-F62                      VALUE  1062.
  1296         78  COB-SCR-F63                      VALUE  1063.
ACS Cobol Xref v2.03.18          Dictionary File for PYJOURN    19/04/2026  23:25:56:41                                Page   25

  1297         78  COB-SCR-F64                      VALUE  1064.
  1298        *>  Exception keys - Values 2xxx
  1299         78  COB-SCR-PAGE-UP                  VALUE  2001.
  1300         78  COB-SCR-PAGE-DOWN                VALUE  2002.
  1301         78  COB-SCR-KEY-UP                   VALUE  2003.
  1302         78  COB-SCR-KEY-DOWN                 VALUE  2004.
  1303         78  COB-SCR-ESC                      VALUE  2005.
  1304         78  COB-SCR-PRINT                    VALUE  2006.
  1305         78  COB-SCR-TAB                      VALUE  2007.
  1306         78  COB-SCR-BACK-TAB                 VALUE  2008.
  1307         78  COB-SCR-KEY-LEFT                 VALUE  2009.
  1308         78  COB-SCR-KEY-RIGHT                VALUE  2010.
  1309        *>  The following exception keys are currently *only* returned
  1310        *>  on ACCEPT OMITTED
  1311         78  COB-SCR-INSERT                   VALUE  2011.
  1312         78  COB-SCR-DELETE                   VALUE  2012.
  1313         78  COB-SCR-BACKSPACE                VALUE  2013.
  1314         78  COB-SCR-KEY-HOME                 VALUE  2014.
  1315         78  COB-SCR-KEY-END                  VALUE  2015.
  1316        *>  Exception keys for mouse handling
  1317         78  COB-SCR-MOUSE-MOVE               VALUE  2040.
  1318         78  COB-SCR-LEFT-PRESSED             VALUE  2041.
  1319         78  COB-SCR-LEFT-RELEASED            VALUE  2042.
  1320         78  COB-SCR-LEFT-DBL-CLICK           VALUE  2043.
  1321         78  COB-SCR-MID-PRESSED              VALUE  2044.
  1322         78  COB-SCR-MID-RELEASED             VALUE  2045.
  1323         78  COB-SCR-MID-DBL-CLICK            VALUE  2046.
  1324         78  COB-SCR-RIGHT-PRESSED            VALUE  2047.
  1325         78  COB-SCR-RIGHT-RELEASED           VALUE  2048.
  1326         78  COB-SCR-RIGHT-DBL-CLICK          VALUE  2049.
  1327         78  COB-SCR-SHIFT-MOVE               VALUE  2050.
  1328         78  COB-SCR-SHIFT-LEFT-PRESSED       VALUE  2051.
  1329         78  COB-SCR-SHIFT-LEFT-RELEASED      VALUE  2052.
  1330         78  COB-SCR-SHIFT-LEFT-DBL-CLICK     VALUE  2053.
  1331         78  COB-SCR-SHIFT-MID-PRESSED        VALUE  2054.
  1332         78  COB-SCR-SHIFT-MID-RELEASED       VALUE  2055.
  1333         78  COB-SCR-SHIFT-MID-DBL-CLICK      VALUE  2056.
  1334         78  COB-SCR-SHIFT-RIGHT-PRESSED      VALUE  2057.
  1335         78  COB-SCR-SHIFT-RIGHT-RELEASED     VALUE  2058.
  1336         78  COB-SCR-SHIFT-RIGHT-DBL-CLICK    VALUE  2059.
  1337         78  COB-SCR-CTRL-MOVE                VALUE  2060.
  1338         78  COB-SCR-CTRL-LEFT-PRESSED        VALUE  2061.
  1339         78  COB-SCR-CTRL-LEFT-RELEASED       VALUE  2062.
  1340         78  COB-SCR-CTRL-LEFT-DBL-CLICK      VALUE  2063.
  1341         78  COB-SCR-CTRL-MID-PRESSED         VALUE  2064.
  1342         78  COB-SCR-CTRL-MID-RELEASED        VALUE  2065.
  1343         78  COB-SCR-CTRL-MID-DBL-CLICK       VALUE  2066.
  1344         78  COB-SCR-CTRL-RIGHT-PRESSED       VALUE  2067.
  1345         78  COB-SCR-CTRL-RIGHT-RELEASED      VALUE  2068.
  1346         78  COB-SCR-CTRL-RIGHT-DBL-CLICK     VALUE  2069.
  1347         78  COB-SCR-ALT-MOVE                 VALUE  2070.
  1348         78  COB-SCR-ALT-LEFT-PRESSED         VALUE  2071.
  1349         78  COB-SCR-ALT-LEFT-RELEASED        VALUE  2072.
  1350         78  COB-SCR-ALT-LEFT-DBL-CLICK       VALUE  2073.
ACS Cobol Xref v2.03.18          Dictionary File for PYJOURN    19/04/2026  23:25:56:41                                Page   26

  1351         78  COB-SCR-ALT-MID-PRESSED          VALUE  2074.
  1352         78  COB-SCR-ALT-MID-RELEASED         VALUE  2075.
  1353         78  COB-SCR-ALT-MID-DBL-CLICK        VALUE  2076.
  1354         78  COB-SCR-ALT-RIGHT-PRESSED        VALUE  2077.
  1355         78  COB-SCR-ALT-RIGHT-RELEASED       VALUE  2078.
  1356         78  COB-SCR-ALT-RIGHT-DBL-CLICK      VALUE  2079.
  1357         78  COB-SCR-WHEEL-UP                 VALUE  2080.
  1358         78  COB-SCR-WHEEL-DOWN               VALUE  2081.
  1359        *>78 COB-SCR-WHEEL-LEFT               VALUE  2082.  *reserved*
  1360        *>78 COB-SCR-WHEEL-RIGHT              VALUE  2083.  *reserved*
  1361         78  COB-SCR-SHIFT-WHEEL-UP           VALUE  2084.
  1362         78  COB-SCR-SHIFT-WHEEL-DOWN         VALUE  2085.
  1363        *>78 COB-SCR-SHIFT-WHEEL-LEFT         VALUE  2086.  *reserved*
  1364        *>78 COB-SCR-SHIFT-WHEEL-RIGHT        VALUE  2087.  *reserved*
  1365         78  COB-SCR-CTRL-WHEEL-UP            VALUE  2088.
  1366         78  COB-SCR-CTRL-WHEEL-DOWN          VALUE  2089.
  1367        *>78 COB-SCR-CTRL-WHEEL-LEFT          VALUE  2090.  *reserved*
  1368        *>78 COB-SCR-CTRL-WHEEL-RIGHT         VALUE  2091.  *reserved*
  1369         78  COB-SCR-ALT-WHEEL-UP             VALUE  2092.
  1370         78  COB-SCR-ALT-WHEEL-DOWN           VALUE  2093.
  1371        *>78 COB-SCR-ALT-WHEEL-LEFT           VALUE  2094.  *reserved*
  1372        *>78 COB-SCR-ALT-WHEEL-RIGHT          VALUE  2095.  *reserved*
  1373        *>  Input validation - Values 8xxx
  1374         78  COB-SCR-NO-FIELD                 VALUE  8000.
  1375         78  COB-SCR-TIME-OUT                 VALUE  8001.
  1376        *>  Other errors - Values 9xxx
  1377         78  COB-SCR-FATAL                    VALUE  9000.
  1378         78  COB-SCR-MAX-FIELD                VALUE  9001.
  1379  *>
  1380  *>C  copy "wstime.cob".
  1381   01  ws-time.
  1382       03  wsa-date.
  1383         05  wsa-yy        pic 99.
  1384         05  wsa-mm        pic 99.
  1385         05  wsa-dd        pic 99.
  1386       03  wsb-time.
  1387         05  wsb-hh        pic 99.
  1388         05  wsb-mm        pic 99.
  1389         05  wsb-ss        pic 99.
  1390         05  filler        pic xx.
  1391       03  wsd-time.
  1392         05  wsd-hh        pic 99.
  1393         05  wsd-sa        pic x  value ":".
  1394         05  wsd-mm        pic 99.
  1395         05  wsd-sb        pic x  value ":".
  1396         05  wsd-ss        pic 99.
  1397  *>
  1398   01  wse-date-block.
  1399       03  wse-date.
  1400           05  wse-year    pic 9(4).
  1401           05  wse-month   pic 99.
  1402           05  wse-days    pic 99.
  1403       03  WSE-Date-9 redefines wse-date
  1404                           pic 9(8).
ACS Cobol Xref v2.03.18          Dictionary File for PYJOURN    19/04/2026  23:25:56:41                                Page   27

  1405       03  wse-time.
  1406           05  wse-hh      pic 99.
  1407           05  wse-mm      pic 99.
  1408           05  wse-ss      pic 99.
  1409       03  filler          pic x(7).
  1410  *>
  1411
  1412  *>
  1413   linkage section.
  1414  *>***************
  1415  *>
  1416  >>LISTING OFF   *> Just in case one day it works !!!
  1417  *>C  copy "wscall.cob".
  1418  *> 14/03/18 vbc - 1.01   WS-CD-Args for passing extra info to called process
  1419  *>                        that will help in a cron call by time via menu
  1420  *>                        program. picked by position within WS-Args.
  1421  *> 14/11/25 vbc - 1.02 - Chg WS-Term-Code from 9 to 99.
  1422  *>
  1423   01  WS-Calling-Data.
  1424       03  WS-Called       pic x(8).
  1425       03  WS-Caller       pic x(8).
  1426       03  WS-Del-Link     pic x(8).
  1427       03  WS-Term-Code    pic 99.
  1428  *>                                 new 18/5/13
  1429       03  WS-Process-Func pic 9.
  1430       03  WS-Sub-Function pic 9.
  1431       03  WS-CD-Args      pic x(13).    *> Changed / Added 14/03/18
  1432  *>
  1433  *>C  copy "wssystem.cob"   replacing System-Record by WS-System-Record.
  1434  *>
  1435  *>*******************************************
  1436  *>                                          *
  1437  *>  Record Definition For The System File   *
  1438  *>                                          *
  1439  *>*******************************************
  1440  *>  File size 1024 with fillers
  1441  *>   Cleared down update details 01/02/09 to 12/06/13
  1442  *>
  1443  *> 22/09/15 vbc - Added Param-Restrict (Access) within a current filler.
  1444  *>                Set this will stop display of option Z in sub-system menus.
  1445  *>                Need to detect actual user though when setup or could just use
  1446  *>                chown for sys002 to admin user?
  1447  *> 25/06/16 vbc - Added RDBMS-Port & needs RDBMS-Host, RDBMS-Socket.
  1448  *>                Increased 'System-data' from 384 to 512 bytes & removed O/E
  1449  *>                  Block (128) as it is unused.
  1450  *> 26/06/16 vbc - Updated MySQL Load scripts ACASDB.sql in ACAS/mysql.
  1451  *>                  Prima is yet to be done !!!
  1452  *> 19/10/16 vbc - Changed PL-Approp-AC in IRS block from 9(5) to 9(6) for GL
  1453  *>                support & reduced filler by 1.
  1454  *>                With IRS data mapped into ACAS the IRS block can reduce to 32 bytes
  1455  *>                Just need to change all of the IRS programs to use ACAS fields but
  1456  *>                also NEED to change the date processing to use same in rest of ACAS
  1457  *>                and not binary days since 01/01/2000 and hold dates in dd/mm/yy form.
  1458  *>                Added 2 88s to Op-System for IRS.
ACS Cobol Xref v2.03.18          Dictionary File for PYJOURN    19/04/2026  23:25:56:41                                Page   28

  1459  *> 27/10/16 vbc - Changed level-5 to IRS instead of omitted O/E.
  1460  *> 15/01/18 vbc - Added Stats-Date-Period with a filler & vers = 14.
  1461  *> 02/02/18 vbc - Replaced file-statuses with filler x(32).
  1462  *> 10/02/18 vbc - For PL-Approp-AC6 move filler to beginning of field as irs
  1463  *>                does not need the leading digit (uses only 5).
  1464  *> 17/03/18 vbc - Added SL-Invoice-Lines within last filler so gone from 45 to 43.
  1465  *> 18/03/18 vbc - Added false for Level-5 & 6, e.g., zero.
  1466  *> 06/06/18 vbc - Added six new fields as bin-long to support for G-L and IRS used at same time.
  1467  *>                RDBMS needs to be updated. Done 06/06/16 -> Mariadb backups.
  1468  *>                sys002 needs to be updated if implemented.
  1469  *>                systemMT needs to be updated (in un/load moves).
  1470  *> 03/06/20 vbc - Changes to some RDBMS values.
  1471  *> 10/12/22 vbc - Remove File-Duplicates-In-Use - not used.
  1472  *> 14/04/23 vbc - SL-Autogen added (& PL-Autogen) both using FILLER space.
  1473  *> 15/05/23 vbc - SL-Next-Rec and PL-Next-Rec bin-short unsigned for next Autogen record key.
  1474  *> 26/06/23 vbc - Added Company-Email repacing filler.
  1475  *> 09/09/23 vbc - Pre support for OE but as comments for now as will not be used in ACAS - pointless.
  1476  *> 10/09/23 vbc - Removed condition Payroll-No as not used.
  1477  *> 13/03/24 vbc - In fillers added fields SL-BO-Flag and Stk-BO-Active,
  1478  *> 18/12/24 vbc - Clean up remd out texts & added Co. Phone No reducing filler.
  1479  *> 14/11/25 vbc - Support for Payroll in use that replaces OE usage as not needed.
  1480  *>
  1481   01
  1482   WS-System-Record.
  1483  *>******************
  1484  *>   System Data   *
  1485  *>******************
  1486       03  System-Data-Block.               *>  512 bytes (25/06/16)
  1487   05
  1488   WS-System-Record-Version-Prime
  1489
  1490
  1491   binary-char.
  1492   05
  1493   WS-System-Record-Version-Secondary
  1494   binary-char.
  1495           05  Vat-Rates                    comp.
  1496               07 Vat-Rate-1   pic 99v99.   *> Standard rate
  1497               07 Vat-Rate-2   pic 99v99.   *> Reduced rate
  1498               07 Vat-Rate-3   pic 99v99.   *> Minimal or exempt
  1499               07 Vat-Rate-4   pic 99v99.   *> 2b used for local sales tax   Not UK
  1500               07 Vat-Rate-5   pic 99v99.   *> 2b used for local sales tax   Not UK
  1501           05  Vat-Rate redefines Vat-Rates pic 99v99 comp occurs 5.
  1502           05  Cyclea          binary-char.  *> 99.
  1503           05  Scycle Redefines cyclea  binary-char.
  1504           05  Period          binary-char.  *> 99.
  1505           05  Page-Lines      binary-char  unsigned. *> 999. Portrait / default
  1506           05  Next-Invoice    binary-long. *> 9(8) comp.
  1507           05  Run-Date        binary-long. *> 9(8) comp.
  1508           05  Start-Date      binary-long. *> 9(8) comp.
  1509           05  End-Date        binary-long. *> 9(8) comp.
  1510           05  Suser.                       *> IRS
  1511               07  Usera       pic x(32).
  1512           05  User-Code       pic x(32).   *> encrypted username not used on OS versions so also b 4 client?
ACS Cobol Xref v2.03.18          Dictionary File for PYJOURN    19/04/2026  23:25:56:41                                Page   29

  1513           05  Address-1       pic x(24).
  1514           05  Address-2       pic x(24).
  1515           05  Address-3       pic x(24).
  1516           05  Address-4       pic x(24).
  1517           05  Post-Code       pic x(12).   *> or ZipCode size should cover all countries
  1518           05  Country         pic x(24).
  1519           05  Print-Spool-Name pic x(48).
  1520           05  Phone-No        pic x(12).  *> added 21/10/25 reducing filler.
  1521           05  FILLER          pic x(20).
  1522           05  Pass-Value      pic 9.
  1523           05  Level.
  1524               07  Level-1     pic 9.
  1525                   88  G-L                    value 1.    *> General (Nominal) ledger
  1526               07  Level-2     pic 9.
  1527                   88  B-L                    value 1.    *> Purchase (Payables) ledger
  1528               07  Level-3     pic 9.
  1529                   88  S-L                    value 1.    *> Sales (Receivables) ledger
  1530               07  Level-4     pic 9.
  1531                   88  Stock                  value 1.    *> Stock Control (Inventory)
  1532               07  Level-5     pic 9.
  1533                   88  IRS                    value 1.    *> IRS used (instead of General).
  1534                   88  IRS-No                 value zero. *> IRS NOT Used.
  1535               07  Level-6     pic 9.
  1536                   88  Payroll                value 1.    *> Payroll - USA
  1537           05  Pass-Word       pic x(4).
  1538           05  Host            pic 9.
  1539               88  Multi-User                 value 1.
  1540           05  Op-System       pic 9.
  1541               88  valid-os-type              values 1 2 3 4 5 6.
  1542               88  No-OS                      value zero.
  1543               88  Dos                        value 1.
  1544               88  Windows                    value 2.
  1545               88  Mac                        value 3.
  1546               88  Os2                        value 4.
  1547               88  Unix                       value 5.
  1548               88  Linux                      value 6.
  1549               88  OS-Single                  values 1 2 4.
  1550           05  Current-Quarter pic 9.
  1551           05  RDBMS-Flat-Statuses.
  1552               07  File-System-Used  pic 9.
  1553                   88  FS-Cobol-Files-Used    value zero.
  1554                   88  FS-MySql-Used          value 1.
  1555                                            *> THESE NOT IN USE at this time
  1556                   88  FS-RDBMS-Used          value 1.  *> Was generic
  1557  *>                 88  FS-Oracle-Used         value 3.  *> ditto   -  change values to order in which
  1558  *>                 88  FS-Postgres-Used       value 2.  *> ditto       they are implemented
  1559  *>                 88  FS-DB2-Used            value 4.  *> ditto        or made available
  1560  *>                 88  FS-MS-SQL-Used         value 5.  *> ditto
  1561  *>                 88  FS-ODBC-Used           value 6.  *> ditto
  1562                   88  FS-Valid-Options       values 0 thru 1.    *> 5. (not in use unless 1-5)
  1563               07  File-Duplicates-In-Use pic 9.           *> No longer in use
  1564                   88  FS-Duplicate-Processing value 1.    *>  Ditto
  1565           05  Maps-Ser.      *> Not needed in OpenSource version, = 9999 (No Maintenance Contract]
  1566               07  Maps-Ser-xx pic xx.        *> Allows for 36^2  customers = 60,466,176
ACS Cobol Xref v2.03.18          Dictionary File for PYJOURN    19/04/2026  23:25:56:41                                Page   30

  1567               07  Maps-Ser-nn binary-short.  *>     x  129600 - 2  - Very very large.
  1568           05  Date-Form       pic 9.
  1569               88  Date-Valid-Formats         values 1 2 3.
  1570           05  Data-Capture-Used pic 9.
  1571               88  DC-Cobol-Standard          value zero.
  1572               88  DC-GUI                     value 1.
  1573               88  DC-Widget                  value 2.
  1574           05  RDBMS-DB-Name   pic x(12)      value "ACASDB".     *> change in setup
  1575           05  RDBMS-User      pic x(12)      value "ACAS-User".  *> change in setup
  1576           05  RDBMS-Passwd    pic x(12)      value "PaSsWoRd".   *> change in setup
  1577           05  VAT-Reg-Number  pic x(11)      value spaces.
  1578           05  Param-Restrict  pic x.                             *> Only via ACAS?
  1579           05  RDBMS-Port      pic x(5)       value "3306".       *> change in setup
  1580           05  RDBMS-Host      pic x(32)      value spaces.       *> change in setup
  1581           05  RDBMS-Socket    pic x(64)      value spaces.       *> change in setup v3
  1582           05  Stats-Date-Period pic 9(4).                      *> added 15/01/18.
  1583           05  Company-Email   pic x(30).                         *> changed from filler 26/06/23
  1584  *>***************
  1585  *>   G/L Data   *
  1586  *>***************
  1587       03  General-Ledger-Block.               *> 80 bytes
  1588           05  P-C             pic x.
  1589               88  Profit-Centres             value "P".
  1590               88  Branches                   value "B".
  1591           05  P-C-Grouped     pic x.
  1592               88  Grouped                    value "Y".
  1593           05  P-C-Level       pic x.
  1594               88  Revenue-Only               value "R".
  1595           05  Comps           pic x.
  1596               88  Comparatives               value "Y".
  1597           05  Comps-Active    pic x.
  1598               88  Comparatives-Active        value "Y".
  1599           05  M-V             pic x.
  1600               88  Minimum-Validation         value "Y".
  1601           05  Arch            pic x.
  1602               88  Archiving                  value "Y".
  1603           05  Trans-Print     pic x.
  1604               88  Mandatory                  value "Y".
  1605           05  Trans-Printed   pic x.
  1606               88  Trans-Done                 value "Y".
  1607           05  Header-Level    pic 9.                      *> Not directly used in sys002 but anywhere ?
  1608           05  Sales-Range     pic 9.
  1609           05  Purchase-Range  pic 9.
  1610           05  Vat             pic x.
  1611               88  Auto-Vat                   value "Y".
  1612           05  Batch-Id        pic x.
  1613               88  Preserve-Batch             value "Y".
  1614           05  Ledger-2nd-Index pic x.                     *> But file uses SINGLE INDEX only & gl030 uses a table.
  1615               88  Index-2                    value "Y".
  1616           05  IRS-Instead     pic x.
  1617               88  IRS-Used                   value "Y".
  1618               88  IRS-Both-Used              value "B".   *> 26/11/16
  1619           05  Ledger-Sec      binary-short.  *> 9(4) comp
  1620           05  Updates         binary-short.  *> 9(4) comp
ACS Cobol Xref v2.03.18          Dictionary File for PYJOURN    19/04/2026  23:25:56:41                                Page   31

  1621           05  Postings        binary-short.  *> 9(4) comp
  1622           05  Next-Batch      binary-short.  *> 9(4) comp  should be unsigned used for all ledgers
  1623           05  Extra-Charge-Ac binary-long.   *> 9(8) comp        NOTHING IS USING THIS FIELD IN SALES or PURCHASE
  1624           05  Vat-Ac          binary-long.   *> 9(8) comp
  1625           05  Print-Spool-Name2 pic x(48).
  1626  *>******************
  1627  *>   P(B)/L Data   *
  1628  *>******************
  1629       03  Purchase-Ledger-Block.             *> 88 bytes
  1630           05  Next-Folio      binary-long.   *> 9(8) comp
  1631           05  BL-Pay-Ac       binary-long.   *> 9(8) comp
  1632           05  P-Creditors     binary-long.   *> 9(8) comp
  1633           05  BL-Purch-Ac     binary-long.   *> 9(8) comp
  1634           05  BL-End-Cycle-Date binary-long. *> 9(8) comp
  1635           05  BL-Next-Batch   binary-short.  *> 9(4) comp  should be unsigned - unused ?
  1636           05  Age-To-Pay      binary-char.   *> 9(4) comp should be unsigned
  1637           05  Purchase-Ledger pic x.
  1638               88  P-L-Exists                 value "Y".
  1639           05  PL-Delim        pic x.
  1640           05  Entry-Level     pic 9.
  1641           05  P-Flag-A        pic 9.
  1642           05  P-Flag-I        pic 9.
  1643           05  P-Flag-P        pic 9.
  1644           05  PL-Stock-Link   pic x.
  1645           05  Print-Spool-Name3 pic x(48).
  1646           05  PL-Autogen      pic x          value space.        *> added 14/04/23 NOT USED YET
  1647           05  PL-Next-Rec     binary-short unsigned.            *> 2 bytes 0 - 65k
  1648           05  FILLER          pic x(7).
  1649  *>***************
  1650  *>   S/L Data   *
  1651  *>***************
  1652       03  Sales-Ledger-Block.                *> 128 bytes
  1653           05  Sales-Ledger    pic x.
  1654               88  S-L-Exists                 value "Y".
  1655           05  SL-Delim        pic x.
  1656           05  Oi-3-Flag       pic x.         *> 'Y' used in sl060 why?
  1657           05  Cust-Flag       pic x.
  1658           05  Oi-5-Flag       pic x.
  1659           05  S-Flag-Oi-3     pic x.         *> 'Z' when otm3 created, used in sl060 why? NO LONGER USED
  1660           05  Full-Invoicing  pic 9.
  1661           05  S-Flag-A        pic 9.         *> '1' used in sl060 why?
  1662           05  S-Flag-I        pic 9.         *> '2' used in sl060 why?
  1663           05  S-Flag-P        pic 9.
  1664           05  SL-Dunning      pic 9.
  1665           05  SL-Charges      pic 9.
  1666           05  Sl-Own-Nos      pic x.
  1667           05  SL-Stats-Run    pic 9.
  1668           05  Sl-Day-Book     pic 9.
  1669           05  invoicer        pic 9.
  1670               88  I-Level-0                  value 0.  *> show totals only (no net & vat) not used?
  1671               88  I-Level-1                  value 1.  *> Show net, vat
  1672               88  I-Level-2                  value 2.  *> show Details + vat etc looks wrong in sl910 totals only (no net & vat)
  1673               88  Not-Invoicing              value 9.  *> show totals only (no net & vat) but not found yet nor level 3 (see sl900)
  1674           05  Extra-Desc      pic x(14).
ACS Cobol Xref v2.03.18          Dictionary File for PYJOURN    19/04/2026  23:25:56:41                                Page   32

  1675           05  Extra-Type      pic x.
  1676               88  Discount                   value "D".
  1677               88  Charge                     value "C".
  1678           05  Extra-Print     pic x.
  1679           05  SL-Stock-Link   pic x.
  1680           05  SL-Stock-Audit  pic x.
  1681               88  Stock-Audit-On             value "Y".   *> Invoicing will create an audit record (15/05/13)
  1682           05  SL-Late-Per     pic 99v99    comp.
  1683           05  SL-Disc         pic 99v99    comp.
  1684           05  Extra-Rate      pic 99v99    comp.
  1685           05  SL-Days-1       binary-char.    *> 999  comp.
  1686           05  SL-Days-2       binary-char.    *> 999  comp.
  1687           05  SL-Days-3       binary-char.    *> 999  comp.
  1688           05  SL-Credit       binary-char.    *> 999  comp.
  1689           05  FILLER          binary-short.   *> No longer used.
  1690           05  SL-Min          binary-short.   *> 9999  comp.
  1691           05  SL-Max          binary-short.   *> 9999  comp.
  1692           05  PF-Retention    binary-short.   *> 9999  comp.
  1693           05  First-Sl-Batch  binary-short.   *> 9999  comp.   *>unused ?
  1694           05  First-Sl-Inv    binary-long.    *> 9(8) comp.
  1695           05  SL-Limit        binary-long.    *> 9(8) comp.
  1696           05  SL-Pay-Ac       binary-long.    *> 9(8) comp.
  1697           05  S-Debtors       binary-long.    *> 9(8) comp.
  1698           05  SL-Sales-Ac     binary-long.    *> 9(8) comp.
  1699           05  S-End-Cycle-Date binary-long.   *> 9(8) comp.
  1700           05  SL-Comp-Head-Pick Pic x.
  1701               88  SL-Comp-Pick               value "Y".
  1702           05  SL-Comp-Head-Inv  pic x.
  1703               88  SL-Comp-Inv                value "Y".
  1704           05  SL-Comp-Head-Stat pic x.
  1705               88  SL-Comp-Stat               value "Y".
  1706           05  SL-Comp-Head-Lets pic x.
  1707               88  SL-Comp-Lets               value "Y".
  1708           05  SL-VAT-Printed  pic x.
  1709               88  SL-VAT-Prints              value "Y".
  1710           05  SL-Invoice-Lines pic 99.
  1711           05  SL-Autogen      pic x          value space.        *> added 14/04/23
  1712           05  SL-Next-Rec     binary-short unsigned.             *> 2 bytes 0 - 65k
  1713           05  SL-BO-Flag      pic x          value space.      *> support for Back Ordering - may be = Y for true.
  1714           05  SL-BO-Default   pic x.
  1715           05  FILLER          pic X(14).                       *> was x (16)
  1716  *> GL overflow
  1717           05  GL-BL-Pay-Ac    binary-long.    *> 9(8) comp    THESE 6 ADDED 06/06/18 to poss. support GL and IRS
  1718           05  GL-P-Creditors  binary-long.    *> 9(8) comp    RUNNING at same time.
  1719           05  GL-BL-Purch-Ac  binary-long.    *> 9(8) comp
  1720           05  GL-SL-Pay-Ac    binary-long.    *> 9(8) comp.
  1721           05  GL-S-Debtors    binary-long.    *> 9(8) comp.
  1722           05  GL-SL-Sales-Ac  binary-long.    *> 9(8) comp.
  1723  *>***************
  1724  *> Stock Data   *
  1725  *>***************
  1726  *>
  1727       03  Stock-Control-Block.                *> 88 bytes
  1728           05  Stk-Abrev-Ref   pic x(6).
ACS Cobol Xref v2.03.18          Dictionary File for PYJOURN    19/04/2026  23:25:56:42                                Page   33

  1729           05  Stk-Debug       pic 9.          *> T/F (1/0).
  1730           05  Stk-Manu-Used   pic 9.          *> T/F (Bomp/Wip)
  1731           05  Stk-OE-Used     pic 9.          *> T/F.
  1732           05  Stk-Audit-Used  pic 9.          *> T/F.
  1733           05  Stk-Mov-Audit   pic 9.          *> T/F.
  1734           05  Stk-Period-Cur  pic x.          *> M=Monthly, Q=Quarterly, Y=Yearly
  1735           05  Stk-Period-dat  pic x.          *>  --  ditto  --
  1736           05  FILLER          pic x.          *> was stk-date-form
  1737           05  Stock-Control   pic x.
  1738               88  Stock-Control-Exists   value "Y".
  1739           05  Stk-Averaging   pic 9.          *> T/F.
  1740               88  Stock-Averaging        value 1.
  1741           05  Stk-Activity-Rep-Run pic 9.     *> T/F.  =17 bytes 0=no, 1=add, 2=del, 3=both
  1742           05  Stk-BO-Active   pic x.          *> was filler 13/03/24
  1743           05  Stk-Page-Lines  binary-char unsigned.  *> 9999 comp. Taken from Print-Lines
  1744           05  Stk-Audit-No    binary-char unsigned.  *> 9999 comp.
  1745           05  FILLER          pic x(68).             *> 64    (just in case)
  1746           05  Client             pic x(24). 	*> 		24      *> Not needed as will use suser
  1747           05  Next-Post          pic 9(5).  	*> 		29                                                  N   5
  1748           05  Vat-Rates2.                                             *> these can be replaced by the other VAT blk
  1749               07  vat1           pic 99v99. 	*> 		33   *> Standard  changed from vat (11/06/13)
  1750               07  vat2           pic 99v99. 	*> 		37   *> reduced 1 [not yet used]
  1751               07  vat3           pic 99v99. 	*> 		41   *> reduced 2 [not yet used]
  1752           05  Vat-Group redefines Vat-Rates2.
  1753               07  Vat-Psent      pic 99v99    occurs 3.
  1754           05  FILLER redefines PL-Approp-AC6.
  1755               07  FILLER         pic 9.           *>                   loose leading char for IRS
  1756               07  PL-Approp-AC   pic 9(5).        *>                   For IRS
  1757           05  FILLER             pic x(59).       *>             128  Old fn-1 to 5 files
  1758       03  IRS-Data-Block redefines IRS-Entry-Block.
  1759           05  FILLER-Dummy4   pic x(128).
  1760  *>
  1761  *>>W Msg29 Caution: One or more replacing sources not found
  1762  *>C  copy "wsnames.cob".
  1763  *>
  1764  *> Sales, Purchase, Stock, General & now IRS for v3.3 with integrated IRS
  1765  *>    for use in xl150 and ??
  1766  *>
  1767  *>  Files used in Sales, Stock, Purchase, General & IRS
  1768  *> 17/11/16 vbc - Added IRS files + their renaming with irs prefix.
  1769  *> 04/12/16 vbc - Added irs055 sort file as file-38.
  1770  *> 09/05/23 vbc - Added PL & SL autogen (files04, 30 increased count to 38
  1771  *> 16/03/24 vbc - Added Sales Bo-Stk-Itm as file31  increased count to 39
  1772  *> 21/10/25 vbc - Added Payroll - USA/Canada - other files needed for elsewhere
  1773  *>                inc UK / Europe etc.
  1774  *>
  1775   01  File-Defs.
  1776       02  file-defs-a.
  1777           03  pre-trans-name   pic x(532)  value "pretrans.tmp". *> gl071
  1778           03  post-trans-name  pic x(532)  value "postrans.tmp". *> gl071
  1779  *>C  copy "file00.cob".    *> "system"
  1780       03  file-0         pic x(532)        value "system.dat".
  1781  *>                        No file 1
  1782  *>C  copy "file02.cob".    *> "archive".
ACS Cobol Xref v2.03.18          Dictionary File for PYJOURN    19/04/2026  23:25:56:42                                Page   34

  1783       03  file-2         pic x(532)        value "archive.dat".
  1784  *>C  copy "file03.cob".    *> "final".
  1785       03  file-3         pic x(532)        value "final.dat".
  1786  *>C  copy "file04.cob".    *> "SLautogen"
  1787       03  file-4         pic x(532)        value "slautogen.dat".
  1788  *>C  copy "file05.cob".    *> "ledger".
  1789       03  file-5         pic x(532)        value "ledger.dat".
  1790  *>C  copy "file06.cob".    *> "posting".
  1791       03  file-6         pic x(532)        value "posting.dat".
  1792  *>C  copy "file07.cob".    *> "batch".
  1793       03  file-7         pic x(532)        value "batch.dat".
  1794  *>C  copy "file08.cob".    *> "postings2irs.dat"
  1795       03  file-8         pic x(532)        value "postings2irs.dat".
  1796  *>C  copy "file09.cob".    *> "tmp-stock".
  1797       03  file-9         pic x(532)        value "tmp-stock.dat".
  1798  *>C  copy "file10.cob".    *> "staudit".
  1799       03  file-10        pic x(532)        value "staudit.dat".
  1800  *>C  copy "file11.cob".    *> "stockctl".
  1801       03  file-11        pic x(532)        value "stockctl.dat".
  1802  *>C  copy "file12.cob".    *> "salesled".
  1803       03  file-12        pic x(532)        value "salesled.dat".
  1804  *>C  copy "file13.cob".    *> "value.dat"
  1805       03  file-13        pic x(532)        value "value.dat".
  1806  *>C  copy "file14.cob".    *> "delivery.dat"
  1807       03  file-14        pic x(532)        value "delivery.dat".
  1808  *>C  copy "file15.cob".    *> "analysis.dat"
  1809       03  file-15        pic x(532)        value "analysis.dat".
  1810  *>C  copy "file16.cob".    *> "invoice ".
  1811       03  file-16        pic x(532)        value "invoice.dat".
  1812  *>C  copy "file17.cob".    *> "delinvno".
  1813       03  file-17        pic x(532)        value "delinvno.dat".
  1814  *>C  copy "file18.cob".    *> "openitm2".
  1815       03  file-18        pic x(532)        value "openitm2.dat".
  1816  *>C  copy "file19.cob".    *> "openitm3".
  1817       03  file-19        pic x(532)        value "openitm3.dat".
  1818  *>C  copy "file20.cob".    *> "oisort".
  1819       03  file-20        pic x(532)        value "oisort.wrk".
  1820  *>C  copy "file21.cob".    *> "work.tmp"
  1821       03  file-21        pic x(532)        value "work.tmp".
  1822  *>C  copy "file22.cob".    *> "purchled"
  1823       03  file-22        pic x(532)        value "purchled.dat".
  1824  *>C  copy "file23.cob".    *> "delfolio.dat"
  1825       03  file-23        pic x(532)        value "delfolio.dat".
  1826  *>C  copy "file24.cob".    *> dummy to build file-02
  1827       03  file-24        pic x(532)        value spaces.
  1828  *>                        No file 25
  1829  *>C  copy "file26.cob".    *> "pinvoice"
  1830       03  file-26        pic x(532)        value "pinvoice.dat".
  1831  *>C  copy "file27.cob".    *> "poisort"
  1832       03  file-27        pic x(532)        value "poisort.wrk".
  1833  *>C  copy "file28.cob".    *> "openitm4"
  1834       03  file-28        pic x(532)        value "openitm4.dat".
  1835  *>C  copy "file29.cob".    *> "openitm5"
  1836       03  file-29        pic x(532)        value "openitm5.dat".
ACS Cobol Xref v2.03.18          Dictionary File for PYJOURN    19/04/2026  23:25:56:42                                Page   35

  1837  *>C  copy "file30.cob".    *> "PLautogen.dat"
  1838       03  file-30        pic x(532)        value "plautogen.dat".
  1839  *>C  copy "file31.cob".    *> "boStkitm.dat" NEw 16/03/24
  1840       03  file-31        pic x(532)        value "bostkitm.dat".
  1841  *>C  copy "file32.cob".    *> "pay.dat"
  1842       03  file-32        pic x(532)        value "pay.dat".
  1843  *>C  copy "file33.cob".    *> "cheque.dat"
  1844       03  file-33        pic x(532)        value "cheque.dat".
  1845           03  file-34          pic x(532)  value "irsacnts.dat".        *> IRS ex file 1  These 4 added 19/10/16 for IRS integration
  1846           03  file-35          pic x(532)  value "irsdflt.dat".         *> IRS ex file 3  all name have 'irs' prefix.
  1847           03  file-36          pic x(532)  value "irspost.dat".         *> IRS ex file 4
  1848           03  file-37          pic x(532)  value "irsfinal.dat".        *> IRS ex file 5
  1849           03  file-38          pic x(532)  value "postsort.dat".        *> IRS ex irs055 sort file.
  1850
  1851  *> Code for Payroll  AND INCREASE occurs both times
  1852           03  file-39          pic x(532)  value "pyact.dat".               *> PY account
  1853           03  file-40          pic x(532)  value "pychk.dat".               *> PY check / bacs
  1854           03  file-41          pic x(532)  value "pycoh.dat".               *> PY company history
  1855           03  file-42          pic x(532)  value "pyded.dat".               *> PY deduction {/ earnings}
  1856           03  file-43          pic x(532)  value "pyemp.dat".               *> PY employee master
  1857           03  file-44          pic x(532)  value "pyhis.dat".               *> PY employee (pay) history
  1858           03  file-45          pic x(532)  value "pyhrs.dat".               *> PY pay trans
  1859           03  file-46          pic x(532)  value "pypay.dat".               *> PY pay detail jrn + header ???
  1860           03  file-47          pic x(532)  value "pypr1.dat".               *> PY param 1
  1861           03  file-48          pic x(532)  value "pypr2.dat".               *> PY param 2
  1862  *> TABLES Blk 1
  1863           03  file-49          pic x(532)  value "pycalm.dat".              *> PY  calx - x = s,m,h, x?
  1864           03  file-50          pic x(532)  value "pycals.dat".              *> PY
  1865           03  file-51          pic x(532)  value "pycalh.dat".              *> PY
  1866           03  file-52          pic x(532)  value "pycalx.dat".              *> PY  california special tables ???
  1867           03  file-53          pic x(532)  value "pylwt.dat".               *> PY  tax table ???
  1868           03  file-54          pic x(532)  value "pyswtaa.dat".             *> PY  swt aa = State abbrev. code Only one used
  1869           03  file-55          pic x(532)  value "pyglcoann.dat".           *> PY gl CoA transfer ??
  1870           03  file-56          pic x(532)  value "pyglgjbss.dat".           *> PY  ???
  1871  *> Not sure about these two up/down
  1872             03  file-57          pic x(532)  value "pycal.dat".             *> PY  ??? calm,s,h etc
  1873  *>
  1874       02  filler         redefines file-defs-a.
  1875           03  System-File-Names   pic x(532) occurs 58.            *> 39 chg for sales BO file plus py
  1876       02  File-Defs-Count         binary-short value 58.           *> MUST be the same as above occurs
  1877       02  File-Defs-os-Delimiter  pic x.                           *> if = \ or / then paths have been set.
  1878  *>
  1879  >>LISTING ON
  1880  *>
  1881   01  To-Day              pic x(10).
  1882  *>
  1883   Report section.    *> All MAY NEED CHANGING
  1884  *>**************
  1885  *>
  1886  *> Print layouts to 132 cols Landscape lpr settings
  1887  *>
  1888  *>     reports are Employee-Detailed-Journal-Report
  1889  *>                 Company-Summary
  1890  *>                 Ledger-Account-Summary.
ACS Cobol Xref v2.03.18          Dictionary File for PYJOURN    19/04/2026  23:25:56:42                                Page   36

  1891  *>
  1892   RD  Employee-Detailed-Journal-Report
  1893       control      Final
  1894       Page Limit   WS-Page-Lines
  1895       Heading      1
  1896       First Detail 6
  1897       Last  Detail WS-Page-Lines.
  1898  *>
  1899   01  Employee-Detailed-Journal-Head  Type Page Heading.
  1900       03  line  1.
  1901           05  col  50     pic x(40)         source UserA.
  1902           05  col 108     pic x(10)         source U-Date.
  1903           05  col 120     pic x(8)          source WSD-Time.
  1904       03  line  2.
  1905           05  col   1     pic x(17)         source Prog-Name.
  1906           05  col  56     pic x(19)         value "ACAS Payroll System".
  1907           05  col 124     pic x(5)          value "Page ".
  1908           05  col 129     pic zz9           source Page-Counter.
  1909       03  Line  3.
  1910           05  col  54     pic x(22)         value "Payroll Journal Report".
  1911       03  line  4.
  1912           05  col   1     pic x(10)         value "Interval: ".
  1913           05  col  10     pic x             source  WS-Pay-Hdr-Interval.   *> Hdr needs reading and store in WS
  1914           05  col  54     pic x(23)         value "Employee Payroll Detail".
  1915           05  col  98                       value "From: ".
  1916           05  col 104     pic x(10)         source  WS-Rep-From-Date.
  1917           05  col 116                       value "To: ".
  1918           05  col 120     pic x(10)         source  WS-Rep-To-Date.
  1919       03  line  5.
  1920           05  col 108     pic x(12)         value "Check Date: ".
  1921           05  col 120     pic x(10)         source  WS-Check-Date.
  1922  *>
  1923   01  Employee-Detailed type is detail.
  1924       03  line  6.
  1925           05  col   1                       value "#".   *> Original looks to be a "*" but why ?
  1926           05  col   2     pic 9(7)          source   Emp-No.
  1927           05  col  10     pic x(32)         source   Emp-Search-Name.   *> but could be  Emp-Name.
  1928
  1929
  1930       03  line + 2.
  1931           05  col   1     pic 9(7)          source Emp-No.
  1932           05  col  10     pic x(32)         source Emp-Name.
  1933           05  col  39     pic zz,zz9.99     source Emp-Vac-Rate.
  1934           05  col  48     pic zz,zz9.99     source Emp-Vac-Accum.
  1935           05  col  62     pic zz,zz9.99     source Emp-Vac-Used.
  1936           05  col  78     pic zz,zz9.99     source Emp-SL-Rate.
  1937           05  col  86     pic zz,zz9.99     source Emp-SL-Accum.
  1938           05  col 100     pic zz,zz9.99     source Emp-SL-Used.
  1939       03  line + 2.
  1940           05  col  15     pic x(12)         value "(Active)    "   present when Emp-Status = "A".
  1941           05  col  15     pic x(12)         value "(Terminated)"   present when Emp-Status = "T".
  1942           05  col  15     pic x(12)         value "(On-Leave)  "   present when Emp-Status = "L".
  1943           05  col  15     pic x(12)         value "(Deleted)   "   present when Emp-Status = "D".
  1944           05  col  40                       value "Comp. Time Accumulated:".
ACS Cobol Xref v2.03.18          Dictionary File for PYJOURN    19/04/2026  23:25:56:42                                Page   37

  1945           05  col  61     pic zz,zz9.99     source Emp-Comp-Accum.
  1946           05  col  84                       value "Comp. Time Used:".
  1947           05  col  99     pic zz,zz9.99     source Emp-Comp-Used.
  1948  *>
  1949  *>
  1950   01  type control Footing Final line plus 2.
  1951       03  col 1           pic x(34)         value "Total - Employee Account Records :".
  1952       03  col 36          pic zzz9          source WS-Rec-Cnt.
  1953       03  col 51                            value "Employee no range From: ".
  1954       03  col 78          pic z(6)9         source WS-Emp-From-No.
  1955       03  col 86                            value "To: ".
  1956       03  col 89          pic Z(6)9         source WS-Emp-To-No.
  1957  *>
  1958   RD  Company-Summary
  1959       control      Final
  1960       Page Limit   WS-Page-Lines
  1961       Heading      1
  1962       First Detail 6
  1963       Last  Detail WS-Page-Lines.
  1964  *>
  1965   01  Company-Summary-Head Type Page Heading.
  1966       03  line  1.
  1967           05  col  50     pic x(40)         source UserA.
  1968           05  col 108     pic x(10)         source U-Date.
  1969           05  col 120     pic x(8)          source WSD-Time.
  1970       03  line  2.
  1971           05  col   1     pic x(17)         source Prog-Name.
  1972           05  col  56     pic x(19)         value "ACAS Payroll System".
  1973           05  col 124     pic x(5)          value "Page ".
  1974           05  col 129     pic zz9           source Page-Counter.
  1975       03  Line  3.
  1976           05  col  54     pic x(22)         value "Payroll Journal Report".
  1977       03  line  4.
  1978           05  col   1     pic x(10)         value "Interval: ".
  1979           05  col  10     pic x             source  WS-Pay-Hdr-Interval.   *> Hdr needs reading and store in WS
  1980           05  col  58     pic x(23)         value "Company Payroll Summary".
  1981           05  col  98                       value "From: ".
  1982           05  col 104     pic x(10)         source  WS-Rep-From-Date.
  1983           05  col 116                       value "To: ".
  1984           05  col 120     pic x(10)         source  WS-Rep-To-Date.
  1985       03  line  5.
  1986           05  col 108     pic x(12)         value "Check Date: ".
  1987           05  col 120     pic x(10)         source  WS-Check-Date.
  1988  *>
  1989   01  Company-Summary-Detail type is detail.
  1990       03  line + 3.
  1991           05  col   5                       value "Total".
  1992           05  col  18                       value "Total".
  1993           05  col  31                       value "Total".
  1994           05  col  44                       value "Total".
  1995           05  col  57                       value "Total".
  1996           05  col  70                       value "Total".
  1997           05  col  83                       value "Total".
  1998           05  col  96                       value "Total".
ACS Cobol Xref v2.03.18          Dictionary File for PYJOURN    19/04/2026  23:25:56:42                                Page   38

  1999           05  col 109                       value "Total".
  2000           05  col 122                       value "Total".
  2001       03  line + 1.
  2002           05  col   3                       value "Reg Wages".
  2003           05  col  15                       value "Other Earn".
  2004           05  col  32                       value "Tips".
  2005           05  col  45                       value "FWT".
  2006           05  col  58                       value "SWT".
  2007           05  col  71                       value "LWT".
  2008           05  col  84                       value "Fica".
  2009           05  col  97                       value "SDI".
  2010           05  col 106                       value "Other Deds".
  2011           05  col 123                       value "Net".
  2012       03  line + 1.
  2013           05  col   3 pic zzz,zz9.99        source WS-Total-Reg-Wages.
  2014           05  col  13 pic zzz,zz9.99        source WS-Total-Other-Earn.
  2015           05  col  26 pic zzz,zz9.99        source WS-Total-Tips.
  2016           05  col  39 pic zzz,zz9.99        source WS-Total-Fwt.
  2017           05  col  52 pic zzz,zz9.99        source WS-Total-Swt.
  2018           05  col  65 pic zzz,zz9.99        source WS-Total-Lwt.
  2019           05  col  78 pic zzz,zz9.99        source WS-Total-Fica.
  2020           05  col  91 pic zzz,zz9.99        source WS-Total-Sdi.
  2021           05  col 104 pic zzz,zz9.99        source WS-Total-Other-Ded.
  2022           05  col 117 pic zzz,zz9.99        source WS-Total-Net.
  2023  *>
  2024       03  line + 2.
  2025           05  col   5                       value "Total".
  2026           05  col  18                       value "Total".
  2027           05  col  31                       value "Total".
  2028           05  col  44                       value "Total".
  2029           05  col  57                       value "Total".
  2030           05  col  70                       value "Total".
  2031           05  col  83                       value "Total".
  2032           05  col  96                       value "Total".
  2033           05  col 109                       value "Total".
  2034           05  col 122                       value "Total".
  2035       03  line + 1.
  2036           05  col   2                       value "Tips Report".
  2037           05  col  17                       value "Co Fica".
  2038           05  col  30                       value "Co Futa".
  2039           05  col  44                       value "Co SUI".
  2040           05  col  55                       value "Vac Taken".
  2041           05  col  68                       value "SL Taken".
  2042           05  col  80                       value "Comp Taken".
  2043           05  col  93                       value "Comp Earned".
  2044           05  col 108                       value "EIC".
  2045           05  col 123                       value "MCare".    *> NEW
  2046       03  line + 1.
  2047           05  col   3 pic zzz,zz9.99        source WS-Total-Tips-Reported.
  2048           05  col  13 pic zzz,zz9.99        source WS-Total-Co-Fica.
  2049           05  col  26 pic zzz,zz9.99        source WS-Total-Co-Futa.
  2050           05  col  39 pic zzz,zz9.99        source WS-Total-Co-Sui.
  2051           05  col  52 pic zzz,zz9.99        source WS-Total-Vac-Taken.
  2052           05  col  65 pic zzz,zz9.99        source WS-Total-Sl-Taken.
ACS Cobol Xref v2.03.18          Dictionary File for PYJOURN    19/04/2026  23:25:56:42                                Page   39

  2053           05  col  78 pic zzz,zz9.99        source WS-Total-Comp-Taken.
  2054           05  col  91 pic zzz,zz9.99        source WS-Total-Comp-Earned.
  2055           05  col 104 pic zzz,zz9.99        source WS-Total-Eic.
  2056           05  col 117 pic zzz,zz9.99        source WS-Total-MCare.  *> NEW
  2057  *>
  2058       03  line + 2.             *> ALL CHECK ALIGNMENTS etc
  2059           05  col   7                       value "Total Units:".
  2060           05  col  20 pic x(15)             source PY-PR1-Rate-Name (1).  *> Regular  But bus can chg it - ditto other 3.
  2061           05  col  40 pic zz,zz9.99         source WS-Total-Units (1).
  2062       03  line + 1.
  2063           05  col  20 pic x(15)             source PY-PR1-Rate-Name (2).  *> Overtime
  2064           05  col  40 pic zz,zz9.99         source WS-Total-Units (2).
  2065       03  line + 1.
  2066           05  col  20 pic x(15)             source PY-PR1-Rate-Name (3).  *> Spec. Overtime
  2067           05  col  40 pic zz,zz9.99         source WS-Total-Units (3).
  2068       03  line + 1.
  2069           05  col  20 pic x(15)             source PY-PR1-Rate-Name (4).  *> Commission ADDED from the cbasic version
  2070           05  col  40 pic zz,zz9.99         source WS-Total-Units (4).
  2071  *>
  2072       03  line + 1.
  2073           05  col  20                       value "Grd Total Units".
  2074           05  col  39 pic zzz,zz9.99        SUM  WS-Total-Units (1)
  2075                                                  WS-Total-Units (2)
  2076                                                  WS-Total-Units (3)
  2077                                                  WS-Total-Units (4).
  2078  *>
  2079   RD  Ledger-Account-Summary
  2080       control      Final
  2081       Page Limit   WS-Page-Lines
  2082       Heading      1
  2083       First Detail 9
  2084       Last  Detail WS-Page-Lines.
  2085  *>
  2086   01  Ledger-Account-Summary-Head Type Page Heading.
  2087       03  line  1.
  2088           05  col  50     pic x(40)     source UserA.
  2089           05  col 108     pic x(10)     source U-Date.
  2090           05  col 120     pic x(8)      source WSD-Time.
  2091       03  line  2.
  2092           05  col   1     pic x(17)     source Prog-Name.
  2093           05  col  56     pic x(19)     value "ACAS Payroll System".
  2094           05  col 124     pic x(5)      value "Page ".
  2095           05  col 129     pic zz9       source Page-Counter.
  2096       03  Line  3.
  2097           05  col  54     pic x(22)     value "Payroll Journal Report".
  2098       03  line  4.
  2099           05  col   1     pic x(10)     value "Interval: ".
  2100           05  col  10     pic x         source  WS-Pay-Hdr-Interval.   *> Hdr needs reading and store in WS
  2101           05  col  59     pic x(23)     value "Ledger Account Summary".
  2102           05  col  98                   value "From: ".
  2103           05  col 104     pic x(10)     source  WS-Rep-From-Date.
  2104           05  col 116                   value "To: ".
  2105           05  col 120     pic x(10)     source  WS-Rep-To-Date.
  2106       03  line  5.
ACS Cobol Xref v2.03.18          Dictionary File for PYJOURN    19/04/2026  23:25:56:42                                Page   40

  2107           05  col 108     pic x(12)     value "Check Date: ".
  2108           05  col 120     pic x(10)     source  WS-Check-Date.
  2109       03  line  6.
  2110           05  col  31                   value "Acct".
  2111           05  col  42                   value "GL".
  2112           05  col  59                   value "Account".
  2113           05  col  92                   value "Posted".
  2114       03  line 7.
  2115           05  col  32                   value "No".
  2116           05  col  41                   value "Acct".
  2117           05  col  62                   value "Name".
  2118           05  col  92                   value "Total".
  2119           05  col 102                   value "CD".
  2120       03  line 9.
  2121           05  col 1                     value " ".
  2122  *>
  2123   01  Ledger-Account-Summary-Detail type is detail.
  2124       03  line + 1.
  2125           05  col  31  pic z9           source Act-No.
  2126           05  col  40  pic 9(6)         source Act-GL-No.
  2127           05  col  52  pic x(24)        source Act-Desc.
  2128           05  col  88  pic z,zzz,zz9.99 source WS-Temp-Acct-Amt. *> from ???
  2129           05  col 102  pic xx           source WS-DR-CR.         *> needs to be set after reading recs ?
  2130  *>
  2131   01  type control Footing Final line plus 2.    *> Need to accumulate post amts to batch-totals with sign - truncated.
  2132       03  col 70       pic x(34)         value "Batch Total :".
  2133       03  col 87       pic zz,zzz,zz9.99 source WS-Batch-Total.
  2134       03  col 99       pic xx            value "CR" present when WS-Batch-Total < zero.
  2135       03  col 99       pic xx            value "DR" present when WS-Batch-Total > zero.
  2136  *>
  2137  *>
  2138   procedure division using WS-Calling-Data  *> ACAS
  2139                            WS-System-Record *> ACAS
  2140                            To-Day           *> ACAS
  2141                            File-Defs.       *> ACAS
  2142  *>
  2143   aa000-Main                  section.
  2144  *>**********************************
  2145  *> Force Esc, PgUp, PgDown, PrtSC to be detected
  2146       set      ENVIRONMENT "COB_SCREEN_EXCEPTIONS" to "Y".
  2147       set      ENVIRONMENT "COB_SCREEN_ESC" to "Y".
  2148       move     CURRENT-DATE to WSE-Date-block.
  2149       move     WSE-HH  to  WSD-HH.
  2150       move     WSE-MM  to  WSD-MM.
  2151       move     WSE-SS  to  WSD-SS.  *> WSD-Time
  2152       move     Print-Spool-Name to PSN.  *> set ACAS prt spool for o/p
  2153  *>
  2154  *> Get current-date into locale format for display and printing
  2155  *>
  2156       perform  ZZ070-Convert-Date.
  2157       move     WS-Date to WS-Conv-Date.  *> Use for reporting etc.
  2158  *>
  2159  *> Terminal-Sizing.
  2160  *>
ACS Cobol Xref v2.03.18          Dictionary File for PYJOURN    19/04/2026  23:25:56:42                                Page   41

  2161       perform  forever
  2162                accept   WS-Env-Lines   from lines
  2163                if       WS-Env-Lines < 28
  2164                         display  SY010    at 0101 with erase eos
  2165                         accept   WS-Reply at 0133
  2166                         move     8 to WS-Term-Code
  2167                         exit perform cycle
  2168                end-if
  2169                accept   WS-Env-Columns from Columns
  2170                if       WS-Env-Columns < 80
  2171                         display  SY013    at 0101 with erase eos
  2172                         accept   WS-Reply at 0130
  2173                         move     8 to WS-Term-Code
  2174                         exit perform cycle
  2175                end-if
  2176       end-perform.
  2177  *>
  2178  *> Set up error message areas on screen - assumes terninal set for => 28 deep
  2179  *>  and must be 80 wide   BUT only needs depth of 24 or more.
  2180  *>
  2181       subtract 2 from WS-Env-Lines giving WS-22-Lines.
  2182       subtract 1 from WS-Env-Lines giving WS-23-Lines.
  2183       move     WS-Env-Lines to WS-Lines.
  2184       move     zero         to WS-Term-Code.
  2185       initialise
  2186                WS-Account-Table
  2187                WS-Accumulators-2
  2188                WS-Accumulators-1.
  2189  *>
  2190   aa010-Open-PY-Files.
  2191  *>
  2192  *> Check for files and Quit if any are missing or there is no data for Emp.
  2193  *>
  2194  *>  Param file not really needed for this program ?
  2195  *>
  2196       open     input PY-Param1-File.
  2197       if       PY-PR1-Status not = "00"      *> Does not exist yet so lets create it & write rec
  2198                perform  ZZ040-Evaluate-Message
  2199                display  PY001         at line WS-23-Lines col 1 foreground-color 4 erase eos
  2200                display  PY-PR1-Status at line WS-23-Lines col 47
  2201                display  WS-Eval-Msg   at line WS-23-Lines col 50
  2202                display  SY001         at line WS-Lines    col 1 foreground-color 2
  2203                accept   WS-Reply      at line WS-Lines    col 48 AUTO
  2204                close    PY-Param1-File
  2205                move     1 to WS-Term-Code
  2206                goback   returning 1        *> == no param file
  2207       end-if.
  2208  *>
  2209  *> Get PY params data for line count etc
  2210  *>
  2211       move     1        to RRN.
  2212       read     PY-Param1-File key RRN
  2213       if       PY-PR1-Status not = "00"
  2214                perform  ZZ040-Evaluate-Message
ACS Cobol Xref v2.03.18          Dictionary File for PYJOURN    19/04/2026  23:25:56:42                                Page   42

  2215                display  PY002         at line WS-23-Lines col 1 with erase eos
  2216                display  PY-PR1-Status at line WS-23-Lines col 33
  2217                display  WS-Eval-Msg   at line WS-23-Lines col 36
  2218                display  SY001         at line WS-Lines    col 1
  2219                accept   WS-Reply      at line WS-Lines    col 48 AUTO
  2220                close    PY-Param1-File
  2221                move     1 to WS-Term-Code
  2222                goback   returning 11
  2223       end-if.
  2224  *>
  2225   *>     close    PY-Param1-File.             *> Record still in WS area - LEAVE OPEN
  2226       move     zero  to  Return-Code.
  2227  *>
  2228       open     input    PY-Employee-File.    *> Now OPEN
  2229       if       PY-Emp-Status not = zero
  2230                move     PY-Emp-Status to PY-PR1-Status
  2231                perform  ZZ040-Evaluate-Message
  2232                display  PY003         at line WS-23-Lines col 1 foreground-color 4 erase eos
  2233                display  PY-Emp-Status at line WS-23-Lines col 33 foreground-color 4
  2234                display  WS-Eval-Msg   at line WS-23-Lines col 36
  2235                display  SY001         at line WS-Lines    col 1
  2236                accept   WS-Reply      at line WS-Lines    col 48 auto
  2237                close    PY-Employee-File
  2238                         PY-Param1-File
  2239                move     1 to WS-Term-Code
  2240                goback   returning 2.
  2241  *>
  2242       open     i-o PY-Accounts-File.   *> O/P only for header update - Pay-Hdr-Journal-Printed ( = "Y" ) - REMINDER
  2243       if       PY-Act-Status not = zero
  2244                display  PY763         at line WS-23-Lines col 1 foreground-color 4 erase eos
  2245                display  SY001         at line WS-Lines    col 1
  2246                accept   WS-Reply      at line WS-Lines    col 48 auto
  2247                close    PY-Accounts-File
  2248                         PY-Employee-File
  2249                         PY-Param1-File
  2250                move     1 to WS-Term-Code
  2251                goback   returning 3.
  2252  *>
  2253       open     input PY-System-Deduction-File.
  2254       if       PY-Ded-Status not = zero
  2255                display  PY764         at line WS-23-Lines col 1 foreground-color 4 erase eos
  2256                display  SY001         at line WS-Lines    col 1
  2257                accept   WS-Reply      at line WS-Lines    col 48 auto
  2258                close    PY-System-Deduction-File
  2259                         PY-Accounts-File
  2260                         PY-Employee-File
  2261                         PY-Param1-File
  2262                move     1 to WS-Term-Code
  2263                goback   returning 4.
  2264       move     1 to RRN.
  2265       read     PY-System-Deduction-File.
  2266       if       PY-Ded-Status not = zero
  2267                move     PY-Ded-Status to PY-PR1-Status
  2268                perform  ZZ040-Evaluate-Message
ACS Cobol Xref v2.03.18          Dictionary File for PYJOURN    19/04/2026  23:25:56:42                                Page   43

  2269                display  PY771         at line WS-23-Lines col 1 foreground-color 4 erase eos
  2270                display  PY-Chk-Status at line WS-23-Lines col 32 foreground-color 4
  2271                display  WS-Eval-Msg   at line WS-23-Lines col 35
  2272                display  SY001         at line WS-Lines    col 1
  2273                accept   WS-Reply      at line WS-Lines    col 48 auto
  2274                close    PY-Check-File
  2275                         PY-System-Deduction-File
  2276                         PY-Accounts-File
  2277                         PY-Employee-File
  2278                         PY-Param1-File
  2279                move     1 to WS-Term-Code
  2280                goback   returning 14.
  2281  *>
  2282       open     input PY-Check-File.
  2283       if       PY-Chk-Status not = zero
  2284                display  PY760        at line WS-23-Lines col 1 foreground-color 4 erase eos
  2285                display  SY001         at line WS-Lines    col 1
  2286                accept   WS-Reply      at line WS-Lines    col 48 auto
  2287                close    PY-Check-File
  2288                         PY-System-Deduction-File
  2289                         PY-Accounts-File
  2290                         PY-Employee-File
  2291                         PY-Param1-File
  2292                move     1 to WS-Term-Code
  2293                goback   returning 5.
  2294       move     "Y" to WS-Chk-Exists.
  2295       move     zeros to Chk-Hdr-No.
  2296       read     PY-Check-File.
  2297       if       PY-Chk-Status not = zero
  2298                move     PY-Chk-Status to PY-PR1-Status
  2299                perform  ZZ040-Evaluate-Message
  2300                display  PY774         at line WS-23-Lines col 1 foreground-color 4 erase eos
  2301                display  PY-Chk-Status at line WS-23-Lines col 32 foreground-color 4
  2302                display  WS-Eval-Msg   at line WS-23-Lines col 35
  2303                display  SY001         at line WS-Lines    col 1
  2304                accept   WS-Reply      at line WS-Lines    col 48 auto
  2305                close    PY-Check-File
  2306                         PY-System-Deduction-File
  2307                         PY-Accounts-File
  2308                         PY-Employee-File
  2309                         PY-Param1-File
  2310                move     1 to WS-Term-Code
  2311                goback   returning 15.
  2312  *>
  2313       open     i-o PY-Pay-File.
  2314       if       PY-Pay-Status not = zero
  2315                display  PY761         at line WS-23-Lines col 1 foreground-color 4 erase eos
  2316                display  SY001         at line WS-Lines    col 1
  2317                accept   WS-Reply      at line WS-Lines    col 48 auto
  2318                close    PY-Pay-File
  2319                         PY-Check-File
  2320                         PY-System-Deduction-File
  2321                         PY-Accounts-File
  2322                         PY-Employee-File
ACS Cobol Xref v2.03.18          Dictionary File for PYJOURN    19/04/2026  23:25:56:42                                Page   44

  2323                         PY-Param1-File
  2324                move     1 to WS-Term-Code
  2325                goback   returning 6.
  2326  *>
  2327  *> Read & store header to update Pay-Hdr-Journal-Printed
  2328  *>   and need Pay-Hdr-Interval & 4 reports
  2329  *>
  2330       move     zeros to Pay-Hdr-No.
  2331       read     PY-Pay-File into WS-Pay-Header-Record.
  2332       if       PY-Pay-Status not = "00"
  2333                move     PY-Pay-Status to PY-PR1-Status
  2334                perform  ZZ040-Evaluate-Message
  2335                display  PY775         at line WS-23-Lines col 1 with erase eos
  2336                display  PY-PR1-Status at line WS-23-Lines col 41
  2337                display  WS-Eval-Msg   at line WS-23-Lines col 44
  2338                display  SY001         at line WS-Lines    col 1
  2339                accept   WS-Reply      at line WS-Lines    col 48 AUTO
  2340                close    PY-Pay-File
  2341                         PY-Check-File
  2342                         PY-System-Deduction-File
  2343                         PY-Accounts-File
  2344                         PY-Employee-File
  2345                         PY-Param1-File
  2346                move     1 to WS-Term-Code
  2347                goback   returning 16.
  2348  *>
  2349  *> load up Acct table ready to take on posted Amounts for the year
  2350  *>
  2351       perform  forever
  2352                read     PY-Accounts-File at end
  2353                         exit perform
  2354                end-read
  2355                add      1 to D
  2356                if       D > 99
  2357                         display  PY773  at line WS-23-Lines col 1 foreground-color 4 erase eos
  2358                         display  SY001         at line WS-Lines    col 1
  2359                         accept   WS-Reply      at line WS-Lines    col 48 auto
  2360                         close    PY-System-Deduction-File
  2361                                  PY-Check-File
  2362                                  PY-Accounts-File
  2363                                  PY-Employee-File
  2364                                  PY-Param1-File
  2365                         move     1 to WS-Term-Code
  2366                         goback   returning 13
  2367                end-if
  2368                move     Act-GL-No to WS-Acct-No  (Act-No)
  2369                move     Act-Desc  to WS-Acct-GL  (Act-No)
  2370                move     zeros     to WS-Acct-Amt (Act-No)
  2371                exit perform cycle
  2372       end-perform.
  2373       close    PY-Accounts-File.   *> REMEMBER IT IS CLOSED when closing the other files.
  2374  *>
  2375       open     output Print-File.   *> Used for all three reports
  2376  *>
ACS Cobol Xref v2.03.18          Dictionary File for PYJOURN    19/04/2026  23:25:56:42                                Page   45

  2377  *> MORE FILE OPEN etc ?   <<<<<<<<<<
  2378  *>
  2379       move     zeros to WS-Page-Cnt.
  2380       move     90    to WS-Line-Cnt.  *> Force heads 4 rep 1.
  2381  *>
  2382       perform  ca020-From-Date-2-Formatted.
  2383       start    PY-Pay-File FIRST.
  2384       perform  forever
  2385                read     PY-Pay-File at end
  2386                         exit perform
  2387                end-read
  2388                move     Pay-Emp-No to Emp-No
  2389                read     PY-Employee-File
  2390                if       PY-Emp-Status not = "00"
  2391                         exit perform
  2392                end-if
  2393
  2394
  2395
  2396       end-perform.
  2397
  2398
  2399
  2400  *> CHANGES HERE
  2401
  2402   *>     perform  aa050-Report-Vacation.
  2403
  2404
  2405       close    PY-Employee-File  *> and all the others
  2406
  2407       if       Page-Counter > zero           *> Don't print a empty report
  2408                close Print-File
  2409                call     "SYSTEM" using Print-Report.  *> Landscape
  2410       go to aa000-EOJ.
  2411  *>
  2412
  2413   aa000-EOJ.
  2414       if       WS-Batch-Total not = zero
  2415                display  PY766    at line WS-23-Lines col 1 foreground-color 4 erase eos
  2416                display  " Completed Unsuccessfully" at line ws-Lines col 1
  2417                display  SY002    at line WS-Lines col 1
  2418                accept   WS-Reply at line WS-Lines col 33
  2419                goback   returning 16.
  2420       goback.
  2421  *>
  2422   ca000-Routines               section.  *> May be enbedded ??
  2423  *>***********************************
  2424  *>
  2425   ca000-6100                   section.
  2426  *>***********************************
  2427       move     "Exempt from: " to WS-Exemptions.
  2428       move     14  to C.
  2429       if       Emp-FWT-Exempt = "Y"
  2430                string   "FWT," into WS-Exemptions pointer C.
ACS Cobol Xref v2.03.18          Dictionary File for PYJOURN    19/04/2026  23:25:56:42                                Page   46

  2431       if       Emp-SWT-Exempt = "Y"
  2432                string   "SWT," into WS-Exemptions pointer C.
  2433       if       Emp-LWT-Exempt = "Y"
  2434                string   "LWT," into WS-Exemptions pointer C.
  2435       if       Emp-FICA-Exempt = "Y"
  2436                string   "FICA," into WS-Exemptions pointer C.
  2437       if       Emp-SDI-Exempt = "Y"
  2438                string   "SDI," into WS-Exemptions pointer C.
  2439       if       Emp-CO-FUTA-Exempt = "Y"
  2440                string   "CO-FUTA," into WS-Exemptions pointer C.
  2441       if       Emp-CO-SUI-Exempt = "Y"
  2442                string   "CO-SUI," into WS-Exemptions pointer C.
  2443       perform  varying F from 1 by 1 until F > 5
  2444                if       Emp-SYS-Exempt (F) = "Y"
  2445                         string   "SYS"
  2446                                   F
  2447                                   ","
  2448                                  into WS-Exemptions pointer C
  2449                         end-string
  2450       end-perform.
  2451       if       C > 14
  2452           and  WS-Exemptions (C - 1:1) = ","
  2453                move     space to  WS-Exemptions (C - 1:1).  *> remove last comma
  2454       if       C = 14
  2455                move     spaces to WS-Exemptions (1:12)
  2456       end-if.
  2457  *>
  2458   ca000-7000                   section.
  2459  *>***********************************
  2460  *> Clear accumulators
  2461       move     zeros to WS-Reg-Wages
  2462                         WS-Other-Earn
  2463                         WS-Gross
  2464                         WS-FWT
  2465                         WS-SWT
  2466                         WS-LWT
  2467                         WS-FICA
  2468                         WS-SDI
  2469                         WS-EIC
  2470                         WS-Other-Ded
  2471                         WS-Net
  2472                         WS-Employer-Cost
  2473                         WS-Tips
  2474                         WS-Tips-Reported
  2475                         WS-Co-Fica
  2476                         WS-Co-Futa
  2477                         WS-Co-SUI
  2478                         WS-Comp-Earned
  2479                         WS-Comp-Taken
  2480                         WS-SL-Taken
  2481                         WS-Vac-Taken.
  2482       perform  varying F from 1 by 1 until F > 5
  2483                move     zeros to  WS-SYS (F)
  2484       end-perform.
ACS Cobol Xref v2.03.18          Dictionary File for PYJOURN    19/04/2026  23:25:56:43                                Page   47

  2485       perform  varying F from 1 by 1 until F > 3
  2486                move     zeros to  WS-EMP (F)
  2487       end-perform.
  2488       perform  varying F from 1 by 1 until F > 4
  2489                move     zeros to  WS-Units (F)
  2490       end-perform.
  2491       move     "Y" to WS-Detail-Line.
  2492  *>
  2493   ca000-8100                   section.
  2494  *>***********************************
  2495  *>
  2496  *> This routine will accumulate the pay-amt & Units that has just been read in.
  2497  *>
  2498  *> Accumulation is based on the value of the PAY.REPORTING.CAT% variable.
  2499  *> Note that there is no rate zero, but all other VALID rates are accumulated.
  2500  *>
  2501       evaluate Pay-Reporting-Cat
  2502       when = 1  add     Pay-Units to WS-Units (1)
  2503                 add     Pay-Amt   to WS-Reg-Wages
  2504  *>
  2505       when = 2 or = 3 or = 4
  2506                 add     Pay-Amt   to WS-Other-Earn
  2507
  2508       when = 5  add     Pay-Units to WS-Vac-Taken
  2509       when = 6  add     Pay-Units to WS-SL-Taken
  2510       when = 7  add     Pay-Units to WS-Comp-Taken
  2511       when = 8  add     Pay-Units to WS-Comp-Earned
  2512       when = 9 or = 11 or = 12 or = 13 or = 14 or = 15 or = 17
  2513                 add     Pay-Amt   to WS-Other-Earn
  2514       when = 10 add     Pay-Amt   to WS-Tips
  2515       when = 16 add     Pay-Amt   to WS-EIC
  2516       when = 18 add     Pay-Amt   to WS-Tips
  2517                                      WS-Tips-Reported
  2518                                      WS-Other-Ded
  2519
  2520       when = 20 or = 28
  2521                 add     Pay-Amt   to WS-FWT
  2522       when = 21 or = 29
  2523                 add     Pay-Amt   to WS-SWT
  2524       when = 22 or = 30
  2525                 add     Pay-Amt   to WS-LWT
  2526       when = 23 or = 31
  2527                 add     Pay-Amt   to WS-FICA
  2528       when = 24 add     Pay-Amt   to WS-SDI
  2529       when = 27 add     Pay-Amt   to WS-Other-Ded
  2530       when = 33 or 34 or 35 or 36 or 37
  2531                 add     Pay-Amt   to WS-Sys (Pay-Reporting-Cat - 32)
  2532                 if      Ded-Sys-Earn-Ded (Pay-Reporting-Cat - 32) = "E"
  2533                         add  Pay-Amt  to WS-Other-Earn
  2534                 else
  2535                         add  Pay-Amt  to WS-Other-Ded
  2536                 end-if
  2537       when = 38 or 39 or 40
  2538                 add     Pay-Amt   to WS-Emp (Pay-Reporting-Cat - 37)
ACS Cobol Xref v2.03.18          Dictionary File for PYJOURN    19/04/2026  23:25:56:43                                Page   48

  2539                 if      Emp-Ed-Earn-Ded (Pay-Reporting-Cat - 37) = "E"
  2540                         add  Pay-Amt  to WS-Other-Earn
  2541                 else
  2542                         add  Pay-Amt  to WS-Other-Ded
  2543                 end-if
  2544       when = 42 add  Pay-Amt  to WS-CO-Fica
  2545                                  WS-Employer-Cost
  2546       when = 43 add  Pay-Amt  to WS-CO-Futa
  2547                                  WS-Employer-Cost
  2548       when = 44 add  Pay-Amt  to WS-CO-SUI
  2549                                  WS-Employer-Cost
  2550       end-evaluate.
  2551  *>
  2552   ca000-12700                  section.
  2553  *>***********************************
  2554  *>
  2555  *> Accumulate company totals
  2556  *>
  2557       add      WS-Reg-Wages      to WS-Total-Reg-Wages.
  2558       add      WS-Other-Earn     to WS-Total-Other-Earn.
  2559       add      WS-Tips           to WS-Total-Tips.
  2560       add      WS-Tips-Reported  to WS-Total-Tips-Reported.
  2561       add      WS-FWT            to WS-Total-FWT.
  2562       add      WS-SWT            to WS-Total-SWT.
  2563       add      WS-LWT            to WS-Total-SWT.
  2564       add      WS-FICA           to WS-Total-FICA.
  2565       add      WS-SDI            to WS-Total-SDI.
  2566       add      WS-Other-Ded      to WS-Total-Other-Ded.
  2567       add      WS-Net            to WS-Total-Net.
  2568       add      WS-Eic            to WS-Total-Eic.
  2569       add      WS-Co-Fica        to WS-Total-Co-Fica.
  2570       add      WS-Co-Futa        to WS-Total-Co-Futa.
  2571       add      WS-Co-Sui         to WS-Total-Co-Sui.
  2572       add      WS-Vac-Taken      to WS-Total-Vac-Taken.
  2573       add      WS-SL-Taken       to WS-Total-SL-Taken.
  2574       add      WS-Comp-Taken     to WS-Total-Comp-Taken.
  2575       add      WS-Comp-Earned    to WS-Total-Comp-Earned.
  2576       perform  varying A from 1 by 1 until A > 4
  2577                add      WS-Units (A) to WS-Total-Units (A)
  2578       end-perform.
  2579  *>
  2580
  2581
  2582
  2583   ca010-Check-Date-2-Formatted section.
  2584       move     PY-PR2-Check-Date to WS-Temp-Date9.
  2585       perform  zz070-Convert-Date.
  2586       move     WS-Date to WS-Check-Date.
  2587  *>
  2588   ca020-From-Date-2-Formatted  section.
  2589  *>***********************************
  2590  *> 6250
  2591       if       (PY-PR1-S-Used = "Y" and   PY-PR1-M-Used = "Y")
  2592          or    (PY-PR1-W-Used = "Y" and   PY-PR1-B-Used = "Y")
ACS Cobol Xref v2.03.18          Dictionary File for PYJOURN    19/04/2026  23:25:56:43                                Page   49

  2593                move     "Y" to WS-Fast-and-Slow
  2594       else
  2595                move     "N" to WS-Fast-and-Slow.
  2596  *>
  2597       if       WS-Fast-and-Slow = "N" *> 6255
  2598                if       Pay-Hdr-Interval = "S" or = "W"
  2599                         move     Chk-Hdr-Fast-From-Date to WS-Temp-Date9
  2600                end-if
  2601                if       Pay-Hdr-Interval = "B" or = "M"
  2602                         move     Chk-Hdr-Slow-From-Date to WS-Temp-Date9
  2603                end-if
  2604                perform  zz070-Convert-Date
  2605                move     WS-Date to WS-Check-Date
  2606                go to ca020-exit
  2607       end-if
  2608       if       Pay-Hdr-Interval = "M" and PY-PR1-S-Used = "Y"
  2609          or    Pay-Hdr-Interval = "B" and PY-PR1-W-Used = "Y"
  2610                move     Chk-Hdr-Slow-From-Date to WS-Temp-Date9
  2611       else
  2612                move     Chk-Hdr-Fast-From-Date to WS-Temp-Date9
  2613       end-if
  2614       perform  zz070-Convert-Date.
  2615       move     WS-Date to WS-Rep-From-Date.
  2616  *>
  2617   ca020-Exit.  exit section.
  2618  *>
  2619   ca030-To-Date-2-Formatted    section.
  2620  *>***********************************
  2621       move     Chk-Hdr-To-Date to WS-Temp-Date9.
  2622       perform  zz070-Convert-Date.
  2623       move     WS-Date to WS-Rep-To-Date.
  2624  *>
  2625   ZZ040-Evaluate-Message      Section.
  2626  *>**********************************
  2627  *>
  2628  *> For PY-PR1 parameter file anfd other using PR-PR1-Status.
  2629  *>
  2630  *>C      copy "FileStat-Msgs-2.cpy" replacing MSG    by WS-Eval-Msg
  2631  *>C                                         STATUS by PY-PR1-Status.
  2632  *> ***************************************************************
  2633  *> ** Author: Gary L. Cutler                                    **
  2634  *> **         CutlerGL@gmail.com                                **
  2635  *> ** Amendments Vincent B. Coen                                **
  2636  *> **         vbcoen@gmail.com                                  **
  2637  *> **                                                           **
  2638  *> ** This copybook defines an EVALUATE statement capable of    **
  2639  *> ** translating two-digit FILE-STATUS codes to a message.     **
  2640  *> **                                                           **
  2641  *> ** Use the REPLACING option to COPY to change the names of   **
  2642  *> ** the MSG and STATUS identifiers to                         **
  2643  *> ** the names your program needs.                             **
  2644  *> Such as replacing STATUS by fs-reply msg by exception-msg.   **
  2645  *>                                                              **
  2646  *> ** chg 09/08/23 vbc for missing statuses                     **
ACS Cobol Xref v2.03.18          Dictionary File for PYJOURN    19/04/2026  23:25:56:43                                Page   50

  2647  *> ** Chg 11/12/23 vbc for missing statuses                     **
  2648  *> ** Chg 10/04/25 vbc match all quotes & spacing/layout        **
  2649  *> ** chg to FREE format                                        **
  2650  *> ** Chg 24/08/25 vbc #91 description.                         **
  2651  *> ** Chg 15.11.25 vbc Replace all ' for "                      **
  2652  *> ***************************************************************
  2653  *>
  2654   EVALUATE PY-PR1-Status
  2655   WHEN "00" MOVE "Success                  " TO WS-Eval-Msg
  2656   WHEN "02" MOVE "Success Duplicate        " TO WS-Eval-Msg
  2657   WHEN "04" MOVE "Success Incomplete       " TO WS-Eval-Msg
  2658   WHEN "05" MOVE "Success Optional, Missing" TO WS-Eval-Msg
  2659   when "06" move "Multiple Records LS      " TO WS-Eval-Msg
  2660   WHEN "07" MOVE "Success No Unit          " TO WS-Eval-Msg
  2661   when "09" move "Success LS Bad Data      " TO WS-Eval-Msg
  2662   WHEN "10" MOVE "End Of File              " TO WS-Eval-Msg
  2663   WHEN "14" MOVE "Out Of Key Range         " TO WS-Eval-Msg
  2664   WHEN "21" MOVE "Key Invalid              " TO WS-Eval-Msg
  2665   WHEN "22" MOVE "Key Exists               " TO WS-Eval-Msg
  2666   WHEN "23" MOVE "Key Not Exists           " TO WS-Eval-Msg
  2667   WHEN "24" MOVE "Key Boundary violation   " TO WS-Eval-Msg
  2668   WHEN "30" MOVE "Permanent Error          " TO WS-Eval-Msg
  2669   WHEN "31" MOVE "Inconsistent Filename    " TO WS-Eval-Msg
  2670   WHEN "34" MOVE "Boundary Violation       " TO WS-Eval-Msg
  2671   WHEN "35" MOVE "File Not Found           " TO WS-Eval-Msg
  2672   WHEN "37" MOVE "Permission Denied        " TO WS-Eval-Msg
  2673   WHEN "38" MOVE "Closed With Lock         " TO WS-Eval-Msg
  2674   WHEN "39" MOVE "Conflict Attribute       " TO WS-Eval-Msg
  2675   WHEN "41" MOVE "Already Open             " TO WS-Eval-Msg
  2676   WHEN "42" MOVE "Not Open                 " TO WS-Eval-Msg
  2677   WHEN "43" MOVE "Read Not Done            " TO WS-Eval-Msg
  2678   WHEN "44" MOVE "Record Overflow          " TO WS-Eval-Msg
  2679   WHEN "46" MOVE "Read Error               " TO WS-Eval-Msg
  2680   WHEN "47" MOVE "Input Denied             " TO WS-Eval-Msg
  2681   WHEN "48" MOVE "Output Denied            " TO WS-Eval-Msg
  2682   WHEN "49" MOVE "I/O Denied               " TO WS-Eval-Msg
  2683   WHEN "51" MOVE "Record Locked            " TO WS-Eval-Msg
  2684   WHEN "52" MOVE "End-Of-Page              " TO WS-Eval-Msg
  2685   WHEN "57" MOVE "I/O Linage               " TO WS-Eval-Msg
  2686   WHEN "61" MOVE "File Sharing Failure     " TO WS-Eval-Msg
  2687   WHEN "71" MOVE "Bad Character LS         " TO WS-Eval-Msg
  2688   WHEN "91" MOVE "Feature Not Available    " TO WS-Eval-Msg
  2689            WHEN OTHER
  2690   MOVE "Unknown File PY-PR1-Status      " TO WS-
  2691  *>
  2692       END-EVALUATE.
  2693
  2694  *>>W Msg29 Caution: One or more replacing sources not found
  2695  *>
  2696   ZZ040-Eval-Msg-Exit.
  2697       exit     section.
  2698  *>
  2699  *> aa050-Report-Vacation     section.   *> REPLACE ALL
  2700  *>********************************
ACS Cobol Xref v2.03.18          Dictionary File for PYJOURN    19/04/2026  23:25:56:43                                Page   51

  2701  *>
  2702  *> At this point Emp is opened for input and Print-File for output.
  2703  *>
  2704  *>     move     zero to WS-Rec-Cnt.
  2705  *>     subtract 1 from Page-Lines giving WS-Page-Lines.  *> Could be the same ??  <<<<
  2706  *>
  2707   *>    initiate Employee-Detailed-Journal-Report.
  2708   *>    perform  forever
  2709   *>             read     PY-Employee-File next record
  2710   *>             if       PY-Emp-Status not = "00"   *> EOF
  2711   *>                      exit perform
  2712   *>             end-if
  2713   *>             add      1 to WS-Rec-Cnt
  2714   *>             generate Emp-Detail
  2715   *>    end-perform.
  2716   *>    terminate
  2717   *>             Employee-Detailed-Journal-Report.
  2718  *>
  2719   *> aa050-Exit.  exit section.
  2720  *>
  2721   zz070-Convert-Date          section.
  2722  *>**********************************
  2723  *>   Routine changed for program
  2724  *>
  2725  *>  Input:  WS-Temp-Date9 in ccyymmdd.
  2726  *> Output:  WS-Date      in locale format defined by PY-PR1-Date-Format
  2727  *>
  2728       move     WS-Temp-Year  to WS-Year.
  2729       if       PY-PR1-Date-Format = 2   *> USA
  2730                move     WS-Temp-Month to WS-USA-Month
  2731                move     WS-Temp-Days  to WS-USA-Days
  2732       else                               *> UK - dd/mm/ccyy
  2733                move     WS-Temp-Month to WS-Month
  2734                move     WS-Temp-Days  to WS-Days.
  2735  *>
  2736   zz070-Exit.
  2737       exit     section.
  2738  *>
  2739        *>>>Info: Total Copy Depth Used = 03;  Caution messages issued =   2
ACS Cobol Xref v2.03.18          Dictionary File for PYJOURN    19/04/2026  23:25:56:43                                Page   52
Symbols of Module: PYJOURN (PYJOURN)
------------------------------------

Data Section (FILE)             Defn     Locations
-------------------------------+---------------------------------------------------------------

ACT-CAT                            569F
ACT-DESC                           572F    2127   2369                                                                        x2
ACT-GL-NO                          571F    2126   2368                                                                        x2
ACT-NO                             142F     567   2125   2368   2369   2370                                                   x5
ACT-TYPE                           568F
CHK-AMT                            707F
CHK-CHECK-NO                       706F
CHK-EMP-NO                         164F     705                                                                               x1
CHK-HDR-APPLY-NO                   712F
CHK-HDR-CHECKS-PRINTED             717F
CHK-HDR-FAST-FROM-DATE             714F    2599   2612                                                                        x2
CHK-HDR-INTERVAL                   711F
CHK-HDR-NO                         710F    2295                                                                               x1
CHK-HDR-REGISTER-PRINTED           716F
CHK-HDR-SLOW-FROM-DATE             713F    2602   2610                                                                        x2
CHK-HDR-TO-DATE                    715F    2621                                                                               x1
COMPANY-SUMMARY                    725F    1958                                                                               x1
DED-ACCT-NUMBERS                   617F
DED-CO-FICA-ACCT-NO                622F
DED-CO-FICA-LIMIT                  645F
DED-CO-FICA-RATE                   632F
DED-CO-FICA-USED                   609F
DED-CO-FUTA-ACCT-NO                624F
DED-CO-FUTA-LIMIT                  647F
DED-CO-FUTA-MAX-CREDIT             648F
DED-CO-FUTA-RATE                   634F
DED-CO-FUTA-USED                   611F
DED-CO-SUI-ACCT-NO                 625F
DED-CO-SUI-LIMIT                   649F
DED-CO-SUI-RATE                    635F
DED-CO-SUI-USED                    612F
DED-EIC-ACCT-NO                    626F
DED-EIC-EXCESS-LIMIT               651F
DED-EIC-EXCESS-RATE                637F
DED-EIC-LIMIT                      650F
DED-EIC-RATE                       636F
DED-EIC-USED                       613F
DED-EXTRAS-ACCT-NO                 628F
DED-EXTRAS-LIMIT                   653F
DED-EXTRAS-RATE                    639F
DED-EXTRAS-USED                    615F
DED-FICA-ACCT-NO                   621F
DED-FICA-LIMIT                     644F
DED-FICA-RATE                      631F
DED-FICA-USED                      608F
DED-FWT-ACCT-NO                    618F
DED-FWT-ALLOWANCE-AMT              641F
DED-FWT-MAR                        655F
DED-FWT-MAR-CUTOFF                 656F
ACS Cobol Xref v2.03.18          Dictionary File for PYJOURN    19/04/2026  23:25:56:43                                Page   53
Symbols of Module: PYJOURN (PYJOURN)
------------------------------------

Data Section (FILE)             Defn     Locations
-------------------------------+---------------------------------------------------------------

DED-FWT-MAR-PERCENT                657F
DED-FWT-SIN                        659F
DED-FWT-SIN-CUTOFF                 660F
DED-FWT-SIN-PERCENT                661F
DED-FWT-USED                       605F
DED-LIMITS                         643F
DED-LWT-ACCT-NO                    620F
DED-LWT-USED                       607F
DED-MCARE-ACCT-NO                  627F
DED-MCARE-LIMIT                    652F
DED-MCARE-RATE                     638F
DED-MCARE-USED                     614F
DED-RATES                          630F
DED-SDI-ACCT-NO                    623F
DED-SDI-LIMIT                      646F
DED-SDI-RATE                       633F
DED-SDI-USED                       610F
DED-SERVICES-USED                  604F
DED-SWT-ACCT-NO                    619F
DED-SWT-USED                       606F
DED-SYS-ACCT-NO                    672F
DED-SYS-AMT-PERCENT                665F
DED-SYS-CHK-CAT                    666F
DED-SYS-DATA-BLOCKS                664F
DED-SYS-DESC                       671F
DED-SYS-EARN-DED                   667F    2532                                                                               x1
DED-SYS-ENTRIES-USED               663F
DED-SYS-EXCLUSION                  668F
DED-SYS-FACTOR                     674F
DED-SYS-LIMIT                      675F
DED-SYS-LIMIT-USED                 669F
DED-SYS-USED                       670F
EMP-ADDRESS-1                      435F
EMP-ADDRESS-2                      436F
EMP-ADDRESS-3                      437F
EMP-ADDRESS-4                      438F
EMP-AUTO-UNITS                     464F
EMP-BANK-ACCT-NO                   444F
EMP-BIRTH-DATE                     425F
EMP-CAL-DED-ALLOW                  448F
EMP-CAL-HEAD-OF-HOUSE              447F
EMP-CO-FUTA-EXEMPT                 459F    2439                                                                               x1
EMP-CO-SUI-EXEMPT                  460F    2441                                                                               x1
EMP-COMP-ACCUM                     473F    1945                                                                               x1
EMP-COMP-USED                      474F    1947                                                                               x1
EMP-CUR-APPLY-NO                   432F
EMP-DIST-ACCT                      476F
EMP-DIST-GRP                       475F
EMP-DIST-PCENT                     477F
ACS Cobol Xref v2.03.18          Dictionary File for PYJOURN    19/04/2026  23:25:56:43                                Page   54
Symbols of Module: PYJOURN (PYJOURN)
------------------------------------

Data Section (FILE)             Defn     Locations
-------------------------------+---------------------------------------------------------------

EMP-ED-ACCT-NO                     484F
EMP-ED-AMT-PCENT                   483F
EMP-ED-CHK-CAT                     489F
EMP-ED-DESC                        485F
EMP-ED-EARN-DED                    486F    2539                                                                               x1
EMP-ED-EXCLUSION                   487F
EMP-ED-FACTOR                      481F
EMP-ED-GROUP                       480F
EMP-ED-GRP                         478F
EMP-ED-LIMIT                       482F
EMP-ED-LIMIT-USED                  488F
EMP-ED-USED                        479F
EMP-EIC-USED                       453F
EMP-EMAIL                          443F
EMP-FICA-EXEMPT                    457F    2435                                                                               x1
EMP-FWT-ALLOW                      449F
EMP-FWT-EXEMPT                     454F    2429                                                                               x1
EMP-HS-TYPE                        420F
EMP-JOB-CODE                       423F
EMP-LWT-ALLOW                      451F
EMP-LWT-EXEMPT                     456F    2433                                                                               x1
EMP-MARITAL                        428F
EMP-MAX-PAY                        466F
EMP-MCARE-EXEMPT                   461F
EMP-NAME                           433F    1932                                                                               x1
EMP-NEXT-DEL                       430F
EMP-NO                             119F     418   1926   1931   2388                                                          x4
EMP-NORMAL-UNITS                   465F
EMP-PAY-FREQ                       429F
EMP-PAY-INTERVAL                   421F
EMP-PENSION-USED                   452F
EMP-PHONE-NO                       442F
EMP-POST-CODE                      439F
EMP-RATE                           463F
EMP-RATE4-EXCLUSION                445F
EMP-SDI-EXEMPT                     458F    2437                                                                               x1
EMP-SEARCH-NAME                    120F     434   1927                                                                        x2
EMP-SEX                            427F
EMP-SL-ACCUM                       471F    1937                                                                               x1
EMP-SL-RATE                        470F    1936                                                                               x1
EMP-SL-USED                        472F    1938                                                                               x1
EMP-SSN                            431F
EMP-START-DATE                     424F
EMP-STATE                          441F
EMP-STATUS                         419F    1940   1941   1942   1943                                                          x4
EMP-SWT-ALLOW                      450F
EMP-SWT-EXEMPT                     455F    2431                                                                               x1
EMP-SYS-EXEMPT                     462F    2444                                                                               x1
EMP-TAXING-STATE                   422F
ACS Cobol Xref v2.03.18          Dictionary File for PYJOURN    19/04/2026  23:25:56:43                                Page   55
Symbols of Module: PYJOURN (PYJOURN)
------------------------------------

Data Section (FILE)             Defn     Locations
-------------------------------+---------------------------------------------------------------

EMP-TERM-DATE                      426F
EMP-VAC-ACCUM                      468F    1934                                                                               x1
EMP-VAC-RATE                       467F    1933                                                                               x1
EMP-VAC-USED                       469F    1935                                                                               x1
EMP-ZIP                            440F
EMPLOYEE-DETAILED-JOURNAL-REPOR    724F    1892                                                                               x1
FILE-39                            139F    1852                                                                               x1
FILE-40                            161F    1853                                                                               x1
FILE-42                            150F    1855                                                                               x1
FILE-43                            116F    1856                                                                               x1
FILE-46                            128F    1859                                                                               x1
FILE-47                            106F    1860                                                                               x1
LEDGER-ACCOUNT-SUMMARY             726F    2079                                                                               x1
PAY-AMT                            528F    2503   2506   2513   2514   2515   2516   2521   2523   2525   2527   2528   2529
                                           2531   2533   2535   2538   2540   2542   2544   2546   2548                       x21
PAY-APPLY-NO                       524F
PAY-EFF-DATE                       523F
PAY-EMP-NO                         131F     521   2388                                                                        x2
PAY-EXTENDED                       526F
PAY-HDR-INTERVAL                   532F    2598   2601   2608   2609                                                          x4
PAY-HDR-JOURNAL-PRINTED            535F
PAY-HDR-LAST-APPLY-NO              533F
PAY-HDR-LAST-DAY-OF-LAST-PER       534F
PAY-HDR-NO                         531F    2330                                                                               x1
PAY-INTERVAL                       522F
PAY-REPORTING-CAT                  525F    2501   2531   2532   2538   2539                                                   x5
PAY-UNITS                          527F    2502   2508   2509   2510   2511                                                   x5
PRINT-FILE                         173F     723   2375   2408                                                                 x3
PY-ACCOUNTS-FILE                   138F     547   2242   2247   2259   2276   2289   2307   2321   2343   2352   2362   2373  x12
PY-ACCOUNTS-RECORD                 566F
PY-ACT-STATUS                      143F     954   2243                                                                        x2
PY-CHECK-FILE                      160F     687   2274   2282   2287   2296   2305   2319   2341   2361                       x9
PY-CHK-HDR-RECORD                  709F
PY-CHK-RECORD                      704F
PY-CHK-STATUS                      165F     956   2270   2283   2297   2298   2301                                            x6
PY-DED-STATUS                      154F     955   2254   2266   2267                                                          x4
PY-EMP-STATUS                      121F     952   2229   2230   2233   2390                                                   x5
PY-EMPLOYEE-FILE                   115F     397   2228   2237   2248   2260   2277   2290   2308   2322   2344   2363   2389
                                           2405                                                                               x13
PY-EMPLOYEE-RECORD                 417F
PY-PARAM1-FILE                     106F     190   2196   2204   2212   2220   2238   2249   2261   2278   2291   2309   2323
                                           2345   2364                                                                        x14
PY-PARAM1-RECORD                   220F
PY-PAY-FILE                        127F     502   2313   2318   2331   2340   2383   2385                                     x7
PY-PAY-HEADER                      530F
PY-PAY-RECORD                      520F
PY-PAY-STATUS                      132F     953   2314   2332   2333                                                          x4
PY-PR1-B-USED                      264F    2592                                                                               x1
PY-PR1-B2B-FIELD-ORDER             328F
ACS Cobol Xref v2.03.18          Dictionary File for PYJOURN    19/04/2026  23:25:56:43                                Page   56
Symbols of Module: PYJOURN (PYJOURN)
------------------------------------

Data Section (FILE)             Defn     Locations
-------------------------------+---------------------------------------------------------------

PY-PR1-B2B-FIELDS                  327F
PY-PR1-B2B-FILE-TYPE               283F
PY-PR1-BLOCK                       221F
PY-PR1-CHECK-HISTORY-USED          260F
PY-PR1-CHECK-PRINTING-USED         259F
PY-PR1-CO-ADDRESS-1                225F
PY-PR1-CO-ADDRESS-2                226F
PY-PR1-CO-ADDRESS-3                227F
PY-PR1-CO-ADDRESS-4                228F
PY-PR1-CO-EMAIL                    233F
PY-PR1-CO-NAME                     223F
PY-PR1-CO-PHONE                    232F
PY-PR1-CO-POST-CODE                229F
PY-PR1-CO-STATE                    231F
PY-PR1-CO-ZIP                      230F
PY-PR1-COLOUR-1                    321F
PY-PR1-COLOUR-2                    322F
PY-PR1-COLOUR-RESET                323F
PY-PR1-COMPANY-DATA                222F
PY-PR1-CURRENCY-SIGN               270F
PY-PR1-DATE                        291F
PY-PR1-DATE-DY                     294F
PY-PR1-DATE-FORMAT                 289F    2729                                                                               x1
PY-PR1-DATE-MO                     293F
PY-PR1-DATE-YR                     295F
PY-PR1-DEBUGGING                   272F
PY-PR1-DFLT-DIST-ACCT              242F
PY-PR1-DFLT-GROSS-ACCT             241F
PY-PR1-DFLT-HS-TYPE                282F
PY-PR1-DFLT-NORM-UNITS             254F
PY-PR1-DFLT-PAY-INTERVAL           268F
PY-PR1-DFLT-PAY-RATE               251F
PY-PR1-DFLT-SL-RATE                253F
PY-PR1-DFLT-VAC-RATE               252F
PY-PR1-DIST-USED                   269F
PY-PR1-FED-ID                      286F
PY-PR1-FONT-NORMAL                 319F
PY-PR1-FONT-RESET                  320F
PY-PR1-FONT-SMALL                  318F
PY-PR1-GL-USED                     266F
PY-PR1-HARD-DELETE                 273F
PY-PR1-HI-DED-CHK-CAT              308F
PY-PR1-HI-EARN-CHK-CAT             310F
PY-PR1-IRS-USED                    267F
PY-PR1-JC-USED                     265F
PY-PR1-LAST-DAY-PAY-PERIOD         256F
PY-PR1-LO-DED-CHK-CAT              307F
PY-PR1-LO-EARN-CHK-CAT             309F
PY-PR1-LOCAL-ID                    288F
ACS Cobol Xref v2.03.18          Dictionary File for PYJOURN    19/04/2026  23:25:56:43                                Page   57
Symbols of Module: PYJOURN (PYJOURN)
------------------------------------

Data Section (FILE)             Defn     Locations
-------------------------------+---------------------------------------------------------------

PY-PR1-M-USED                      262F    2591                                                                               x1
PY-PR1-MAX-CHK-CATS                303F
PY-PR1-MAX-DIST-ACCTS              243F
PY-PR1-MAX-ED-CATS                 305F
PY-PR1-MAX-EMP-EDS                 304F
PY-PR1-MAX-PAY-FACTOR              250F
PY-PR1-MAX-SWT-ENTRIES             306F
PY-PR1-MAX-SYS-EDS                 311F
PY-PR1-MIN-WAGE                    245F
PY-PR1-OFFSET-CASH-ACCT            240F
PY-PR1-OS-DELIMITER                271F
PY-PR1-PAGE-LINES-L                297F
PY-PR1-PAGE-LINES-P                296F
PY-PR1-PAGE-WIDTH-L                299F
PY-PR1-PAGE-WIDTH-P                298F
PY-PR1-PAY-METHOD                  234F
PY-PR1-PAYSLIP-MD                  235F
PY-PR1-PRINT-CONTROL               313F
PY-PR1-PRINT-CTL-FLAG              317F
PY-PR1-PRINT-SPOOL-NAME            314F
PY-PR1-PRINT-SPOOL-NAME2           315F
PY-PR1-PRINT-SPOOL-NAME3           316F
PY-PR1-QUOTE-CHAR                  325F
PY-PR1-RATE-NAME                   284F    2060   2063   2066   2069                                                          x4
PY-PR1-RATE2-FACTOR                248F
PY-PR1-RATE3-FACTOR                249F
PY-PR1-RATE4-EXCLUSION-TYPE        258F
PY-PR1-S-USED                      261F    2591   2608                                                                        x2
PY-PR1-STATE-ID                    287F
PY-PR1-STATUS                      110F     951   2197   2200   2213   2216   2230   2267   2298   2333   2336   2654         x11
PY-PR1-TAX-ID                      236F
PY-PR1-TRADE-NAME                  224F
PY-PR1-USER-PROG                   301F
PY-PR1-USER-PROG-DESC              302F
PY-PR1-USER-PROG-USED              300F
PY-PR1-VOID-CHECK-AMT              246F
PY-PR1-VOID-CHECKS-OVER-MAX        257F
PY-PR1-W-USED                      263F    2592   2609                                                                        x2
PY-PR2-940-PRINTED                 355F
PY-PR2-941-PRINTED                 356F
PY-PR2-BLOCK                       335F
PY-PR2-CHECK-DATE                  346F    2584                                                                               x1
PY-PR2-HRS-BATCH-NO                341F
PY-PR2-JUST-CLOSED-YEAR            353F
PY-PR2-LAST-CHECK-NO               359F
PY-PR2-LAST-DAY-LAST-B             343F
PY-PR2-LAST-DAY-LAST-M             345F
PY-PR2-LAST-DAY-LAST-S             344F
PY-PR2-LAST-DAY-LAST-W             342F
ACS Cobol Xref v2.03.18          Dictionary File for PYJOURN    19/04/2026  23:25:56:43                                Page   58
Symbols of Module: PYJOURN (PYJOURN)
------------------------------------

Data Section (FILE)             Defn     Locations
-------------------------------+---------------------------------------------------------------

PY-PR2-LAST-EMPLOYEE-NO            347F
PY-PR2-LAST-Q-ENDED                358F
PY-PR2-LAST-SM-APPLY-NO            339F
PY-PR2-LAST-WB-APPLY-NO            340F
PY-PR2-LAST-YEAR-ENDED             338F
PY-PR2-NO-ACCTS                    352F
PY-PR2-NO-ACTIVE-EMPS              348F
PY-PR2-NO-EMPLOYEES                349F
PY-PR2-NO-OF-SM-APPLIES            350F
PY-PR2-NO-OF-WB-APPLIES            351F
PY-PR2-W2-PRINTED                  357F
PY-PR2-YEAR                        336F
PY-PR2-YEAR-NEXT                   337F
PY-SYSTEM-DEDUCTION-FILE           149F     584   2253   2258   2265   2275   2288   2306   2320   2342   2360                x10
PY-SYSTEM-DEDUCTION-RECORD         603F
RRN                                109F     153    802   2211   2212   2264                                                   x5
ACS Cobol Xref v2.03.18          Dictionary File for PYJOURN    19/04/2026  23:25:56:43                                Page   59
Symbols of Module: PYJOURN (PYJOURN)
------------------------------------

Data Section (WORKING-STORAGE)  Defn     Locations
-------------------------------+---------------------------------------------------------------

A                                  940W    2576   2577                                                                        x2
ACAS-DAL-COMMON-DATA               903W
ACAS-PATH                          816W
ACCEPT-REPLY                       823W
ACCESS-TYPE                        885W
B                                  941W
COB-ALLOW-ALL-SCREEN-ACTIONS      1227W
COB-ALLOW-LEFT-DOUBLE             1219W
COB-ALLOW-LEFT-DOWN               1217W
COB-ALLOW-LEFT-UP                 1218W
COB-ALLOW-MIDDLE-DOUBLE           1222W
COB-ALLOW-MIDDLE-DOWN             1220W
COB-ALLOW-MIDDLE-UP               1221W
COB-ALLOW-MOUSE-MOVE              1226W
COB-ALLOW-RIGHT-DOUBLE            1225W
COB-ALLOW-RIGHT-DOWN              1223W
COB-ALLOW-RIGHT-UP                1224W
COB-AUTO-MOUSE-HANDLING           1216W
COB-COLOR-BLACK                   1206W
COB-COLOR-BLUE                    1207W
COB-COLOR-CYAN                    1209W
COB-COLOR-GREEN                   1208W
COB-COLOR-MAGENTA                 1211W
COB-COLOR-RED                     1210W
COB-COLOR-WHITE                   1213W
COB-COLOR-YELLOW                  1212W
COB-SCR-ALT-LEFT-DBL-CLICK        1350W
COB-SCR-ALT-LEFT-PRESSED          1348W
COB-SCR-ALT-LEFT-RELEASED         1349W
COB-SCR-ALT-MID-DBL-CLICK         1353W
COB-SCR-ALT-MID-PRESSED           1351W
COB-SCR-ALT-MID-RELEASED          1352W
COB-SCR-ALT-MOVE                  1347W
COB-SCR-ALT-RIGHT-DBL-CLICK       1356W
COB-SCR-ALT-RIGHT-PRESSED         1354W
COB-SCR-ALT-RIGHT-RELEASED        1355W
COB-SCR-ALT-WHEEL-DOWN            1370W
COB-SCR-ALT-WHEEL-UP              1369W
COB-SCR-BACK-TAB                  1306W
COB-SCR-BACKSPACE                 1313W
COB-SCR-CTRL-LEFT-DBL-CLICK       1340W
COB-SCR-CTRL-LEFT-PRESSED         1338W
COB-SCR-CTRL-LEFT-RELEASED        1339W
COB-SCR-CTRL-MID-DBL-CLICK        1343W
COB-SCR-CTRL-MID-PRESSED          1341W
COB-SCR-CTRL-MID-RELEASED         1342W
COB-SCR-CTRL-MOVE                 1337W
COB-SCR-CTRL-RIGHT-DBL-CLICK      1346W
COB-SCR-CTRL-RIGHT-PRESSED        1344W
ACS Cobol Xref v2.03.18          Dictionary File for PYJOURN    19/04/2026  23:25:56:43                                Page   60
Symbols of Module: PYJOURN (PYJOURN)
------------------------------------

Data Section (WORKING-STORAGE)  Defn     Locations
-------------------------------+---------------------------------------------------------------

COB-SCR-CTRL-RIGHT-RELEASED       1345W
COB-SCR-CTRL-WHEEL-DOWN           1366W
COB-SCR-CTRL-WHEEL-UP             1365W
COB-SCR-DELETE                    1312W
COB-SCR-ESC                       1303W
COB-SCR-F1                        1234W
COB-SCR-F10                       1243W
COB-SCR-F11                       1244W
COB-SCR-F12                       1245W
COB-SCR-F13                       1246W
COB-SCR-F14                       1247W
COB-SCR-F15                       1248W
COB-SCR-F16                       1249W
COB-SCR-F17                       1250W
COB-SCR-F18                       1251W
COB-SCR-F19                       1252W
COB-SCR-F2                        1235W
COB-SCR-F20                       1253W
COB-SCR-F21                       1254W
COB-SCR-F22                       1255W
COB-SCR-F23                       1256W
COB-SCR-F24                       1257W
COB-SCR-F25                       1258W
COB-SCR-F26                       1259W
COB-SCR-F27                       1260W
COB-SCR-F28                       1261W
COB-SCR-F29                       1262W
COB-SCR-F3                        1236W
COB-SCR-F30                       1263W
COB-SCR-F31                       1264W
COB-SCR-F32                       1265W
COB-SCR-F33                       1266W
COB-SCR-F34                       1267W
COB-SCR-F35                       1268W
COB-SCR-F36                       1269W
COB-SCR-F37                       1270W
COB-SCR-F38                       1271W
COB-SCR-F39                       1272W
COB-SCR-F4                        1237W
COB-SCR-F40                       1273W
COB-SCR-F41                       1274W
COB-SCR-F42                       1275W
COB-SCR-F43                       1276W
COB-SCR-F44                       1277W
COB-SCR-F45                       1278W
COB-SCR-F46                       1279W
COB-SCR-F47                       1280W
COB-SCR-F48                       1281W
COB-SCR-F49                       1282W
ACS Cobol Xref v2.03.18          Dictionary File for PYJOURN    19/04/2026  23:25:56:43                                Page   61
Symbols of Module: PYJOURN (PYJOURN)
------------------------------------

Data Section (WORKING-STORAGE)  Defn     Locations
-------------------------------+---------------------------------------------------------------

COB-SCR-F5                        1238W
COB-SCR-F50                       1283W
COB-SCR-F51                       1284W
COB-SCR-F52                       1285W
COB-SCR-F53                       1286W
COB-SCR-F54                       1287W
COB-SCR-F55                       1288W
COB-SCR-F56                       1289W
COB-SCR-F57                       1290W
COB-SCR-F58                       1291W
COB-SCR-F59                       1292W
COB-SCR-F6                        1239W
COB-SCR-F60                       1293W
COB-SCR-F61                       1294W
COB-SCR-F62                       1295W
COB-SCR-F63                       1296W
COB-SCR-F64                       1297W
COB-SCR-F7                        1240W
COB-SCR-F8                        1241W
COB-SCR-F9                        1242W
COB-SCR-FATAL                     1377W
COB-SCR-INSERT                    1311W
COB-SCR-KEY-DOWN                  1302W
COB-SCR-KEY-END                   1315W
COB-SCR-KEY-HOME                  1314W
COB-SCR-KEY-LEFT                  1307W
COB-SCR-KEY-RIGHT                 1308W
COB-SCR-KEY-UP                    1301W
COB-SCR-LEFT-DBL-CLICK            1320W
COB-SCR-LEFT-PRESSED              1318W
COB-SCR-LEFT-RELEASED             1319W
COB-SCR-MAX-FIELD                 1378W
COB-SCR-MID-DBL-CLICK             1323W
COB-SCR-MID-PRESSED               1321W
COB-SCR-MID-RELEASED              1322W
COB-SCR-MOUSE-MOVE                1317W
COB-SCR-NO-FIELD                  1374W
COB-SCR-OK                        1231W
COB-SCR-PAGE-DOWN                 1300W
COB-SCR-PAGE-UP                   1299W
COB-SCR-PRINT                     1304W
COB-SCR-RIGHT-DBL-CLICK           1326W
COB-SCR-RIGHT-PRESSED             1324W
COB-SCR-RIGHT-RELEASED            1325W
COB-SCR-SHIFT-LEFT-DBL-CLICK      1330W
COB-SCR-SHIFT-LEFT-PRESSED        1328W
COB-SCR-SHIFT-LEFT-RELEASED       1329W
COB-SCR-SHIFT-MID-DBL-CLICK       1333W
COB-SCR-SHIFT-MID-PRESSED         1331W
ACS Cobol Xref v2.03.18          Dictionary File for PYJOURN    19/04/2026  23:25:56:43                                Page   62
Symbols of Module: PYJOURN (PYJOURN)
------------------------------------

Data Section (WORKING-STORAGE)  Defn     Locations
-------------------------------+---------------------------------------------------------------

COB-SCR-SHIFT-MID-RELEASED        1332W
COB-SCR-SHIFT-MOVE                1327W
COB-SCR-SHIFT-RIGHT-DBL-CLICK     1336W
COB-SCR-SHIFT-RIGHT-PRESSED       1334W
COB-SCR-SHIFT-RIGHT-RELEASED      1335W
COB-SCR-SHIFT-WHEEL-DOWN          1362W
COB-SCR-SHIFT-WHEEL-UP            1361W
COB-SCR-TAB                       1305W
COB-SCR-TIME-OUT                  1375W
COB-SCR-WHEEL-DOWN                1358W
COB-SCR-WHEEL-UP                  1357W
COL2                               812W
COLE                               808W
CURS                               805W     806                                                                               x1
CURS2                              809W     810                                                                               x1
D                                  943W    2355   2356                                                                        x2
DB-HOST                            838W
DB-PORT                            840W
DB-SCHEMA                          835W
DB-SOCKET                          839W
DB-UNAME                           836W
DB-UPASS                           837W
ERROR-CODE                        1179W
ERROR-MESSAGES                    1145W
FA-FILE-DUPLICATES-IN-USE          860W
FA-FILE-SYSTEM-USED                851W
FA-FS-COBOL-FILES-USED             852W
FA-FS-DUPLICATE-PROCESSING         861W
FA-FS-RDBMS-USED                   853W
FA-FS-VALID-OPTIONS                859W
FA-RDBMS-FLAT-STATUSES             850W
FILE-ACCESS                        800W
FILE-FUNCTION                      866W
FILE-KEY-NO                        824W
FN-CLOSE                           868W
FN-DELETE                          874W
FN-DELETE-ALL                      872W
FN-EQUAL-TO                        890W
FN-EXTEND                          889W
FN-GREATER-THAN                    892W
FN-I-O                             887W
FN-INPUT                           886W
FN-LESS-THAN                       891W
FN-NOT-GREATER-THAN                894W
FN-NOT-LESS-THAN                   893W
FN-OPEN                            867W
FN-OUTPUT                          888W
FN-RE-WRITE                        873W
FN-READ-BY-BATCH                   881W
ACS Cobol Xref v2.03.18          Dictionary File for PYJOURN    19/04/2026  23:25:56:43                                Page   63
Symbols of Module: PYJOURN (PYJOURN)
------------------------------------

Data Section (WORKING-STORAGE)  Defn     Locations
-------------------------------+---------------------------------------------------------------

FN-READ-BY-CUST                    882W
FN-READ-BY-NAME                    880W
FN-READ-INDEXED                    870W
FN-READ-NEXT                       869W
FN-READ-NEXT-HEADER                883W
FN-READ-NEXT-RAW                   878W
FN-START                           875W
FN-WRITE                           871W
FN-WRITE-RAW                       877W
FS-ACTION                          819W
FS-REPLY                           803W
HD-HH                             1069W
HD-MM                             1070W
HD-SS                             1071W
HD-UU                             1072W
HDTIME                            1068W
LIN                                807W
LIN2                               811W
LOG-FILE-REC-WRITTEN               915W
LOGGING-DATA                       822W
MAIN-RECORD-MOVE-FLAG              844W
MAPS03-WS                          753W
MRMF-MOVE-FD                       845W
MRMF-MOVE-WS                       846W
PATH-WORK                          817W
PP-NAME                            743W
PP-PRINT-FILE-NAME                 745W
PRINT-REPORT                       738W    2409                                                                               x1
PROG-NAME                          730W    1905   1971   2092                                                                 x3
PSN                                742W    2152                                                                               x1
PY-ACT-STATUS                      954W    2243                                                                               x1
PY-CHK-STATUS                      956W    2270   2283   2297   2298   2301                                                   x5
PY-DED-STATUS                      955W    2254   2266   2267                                                                 x3
PY-EMP-STATUS                      952W    2229   2230   2233   2390                                                          x4
PY-PAY-STATUS                      953W    2314   2332   2333                                                                 x3
PY-PR1-STATUS                      951W    2197   2200   2213   2216   2230   2267   2298   2333   2336   2654                x10
PY001                             1155W    2199                                                                               x1
PY002                             1156W    2215                                                                               x1
PY003                             1157W    2232                                                                               x1
PY760                             1161W    2284                                                                               x1
PY761                             1162W    2315                                                                               x1
PY762                             1163W
PY763                             1164W    2244                                                                               x1
PY764                             1165W    2255                                                                               x1
PY765                             1166W
PY766                             1167W    2415                                                                               x1
PY767                             1168W
PY768                             1170W
PY769                             1171W
ACS Cobol Xref v2.03.18          Dictionary File for PYJOURN    19/04/2026  23:25:56:43                                Page   64
Symbols of Module: PYJOURN (PYJOURN)
------------------------------------

Data Section (WORKING-STORAGE)  Defn     Locations
-------------------------------+---------------------------------------------------------------

PY770                             1172W
PY771                             1173W    2269                                                                               x1
PY772                             1174W
PY773                             1175W    2357                                                                               x1
PY774                             1176W    2300                                                                               x1
PY775                             1177W    2335                                                                               x1
RDB-DATA                           834W
RRN                                802W    2211   2212   2264                                                                 x3
S1                                 804W
SQL-ERR                            827W
SQL-MSG                            828W
SQL-STATE                          829W
SW-TESTING                         907W
SW-TESTING-2                       912W
SY000                             1147W
SY001                             1148W    2202   2218   2235   2245   2256   2272   2285   2303   2316   2338   2358         x11
SY002                             1149W    2417                                                                               x1
SY010                             1150W    2164                                                                               x1
SY013                             1151W    2171                                                                               x1
TESTING-1                          908W
TESTING-2                          913W
U-BIN                              777W
U-CC                               761W
U-DATE                             754W     755    763    769   1902   1968   2089                                            x6
U-DAYS                             756W
U-INTL                             769W
U-INTL-CC                          771W
U-INTL-DAYS                        776W
U-INTL-MONTH                       774W
U-INTL-YEAR                        770W
U-INTL-YY                          772W
U-MONTH                            758W
U-UK                               755W
U-USA                              763W
U-USA-DAYS                         766W
U-USA-MONTH                        764W
U-YEAR                             760W
U-YY                               762W
WE-ERROR                           801W
WS-22-LINES                        937W    2181                                                                               x1
WS-23-LINES                        938W    2182   2199   2200   2201   2215   2216   2217   2232   2233   2234   2244   2255
                                           2269   2270   2271   2284   2300   2301   2302   2315   2335   2336   2337   2357
                                           2415                                                                               x25
WS-ACCOUNT-GRP                    1137W
WS-ACCOUNT-TABLE                  1136W    2186                                                                               x1
WS-ACCT-AMT                       1140W    2370                                                                               x1
WS-ACCT-GL                        1139W    2369                                                                               x1
WS-ACCT-NO                        1138W    2368                                                                               x1
WS-ACCUMULATORS-1                  973W    2188                                                                               x1
ACS Cobol Xref v2.03.18          Dictionary File for PYJOURN    19/04/2026  23:25:56:43                                Page   65
Symbols of Module: PYJOURN (PYJOURN)
------------------------------------

Data Section (WORKING-STORAGE)  Defn     Locations
-------------------------------+---------------------------------------------------------------

WS-ACCUMULATORS-2                 1014W    2187                                                                               x1
WS-BATCH-TOTAL                    1017W    2133   2134   2135   2414                                                          x4
WS-CHECK-DATE                     1005W    1921   1987   2108   2586   2605                                                   x5
WS-CHK-EXISTS                     1043W    2294                                                                               x1
WS-CO-FICA                         988W    2475   2544   2569                                                                 x3
WS-CO-FUTA                         989W    2476   2546   2570                                                                 x3
WS-CO-SUI                          990W    2477   2548   2571                                                                 x3
WS-COMP-EARNED                     991W    2478   2511   2575                                                                 x3
WS-COMP-TAKEN                      992W    2479   2510   2574                                                                 x3
WS-CONV-DATE                      1047W    2157                                                                               x1
WS-COUNT-ROWS                      833W
WS-DATA                            932W
WS-DATE                           1048W    1049   1055   1061   2157   2586   2605   2615   2623                              x8
WS-DATE-FORMATS                   1045W
WS-DAYS                           1050W    2734                                                                               x1
WS-DESC-TABLE                     1079W    1083                                                                               x1
WS-DETAIL-LINE                    1006W    2491                                                                               x1
WS-DIST-OUT                       1015W
WS-DR-CR                          1008W    2129                                                                               x1
WS-ED-DESC                        1082W
WS-ED-DESCS                       1080W
WS-EDO                            1081W
WS-EIC                             982W    2469   2515   2568                                                                 x3
WS-EMP                             998W    2486   2538                                                                        x2
WS-EMP-FROM-NO                    1010W    1954                                                                               x1
WS-EMP-TO-NO                      1011W    1956                                                                               x1
WS-EMPLOYER-COST                   985W    2472   2545   2547   2549                                                          x4
WS-ENV-COLUMNS                     935W    2169   2170                                                                        x2
WS-ENV-LINES                       936W    2162   2163   2181   2182   2183                                                   x5
WS-EVAL-MSG                        934W    2201   2217   2234   2271   2302   2337   2655   2656   2657   2658   2659   2660
                                           2661   2662   2663   2664   2665   2666   2667   2668   2669   2670   2671   2672
                                           2673   2674   2675   2676   2677   2678   2679   2680   2681   2682   2683   2684
                                           2685   2686   2687   2688                                                          x40
WS-EXEMPTIONS                     1012W    2427   2430   2432   2434   2436   2438   2440   2442   2448   2452   2453   2455  x12
WS-FAST-AND-SLOW                  1007W    2593   2595   2597                                                                 x3
WS-FICA                            980W    2467   2527   2564                                                                 x3
WS-FILE-KEY                        830W
WS-FILE-STATUS                    1042W
WS-FILE-STATUSES                   950W
WS-FIRST-DETAIL-LINE              1009W
WS-FWT                             977W    2464   2521   2561                                                                 x3
WS-GROSS                           976W    2463                                                                               x1
WS-INTL                           1061W
WS-INTL-DAYS                      1066W
WS-INTL-MONTH                     1064W
WS-INTL-YEAR                      1062W
WS-LINE-CNT                        948W    2380                                                                               x1
WS-LINES                           939W    2183   2202   2203   2218   2219   2235   2236   2245   2246   2256   2257   2272
                                           2273   2285   2286   2303   2304   2316   2317   2338   2339   2358   2359   2416
ACS Cobol Xref v2.03.18          Dictionary File for PYJOURN    19/04/2026  23:25:56:43                                Page   66
Symbols of Module: PYJOURN (PYJOURN)
------------------------------------

Data Section (WORKING-STORAGE)  Defn     Locations
-------------------------------+---------------------------------------------------------------

                                           2417   2418                                                                        x26
WS-LOG-FILE-NO                     832W
WS-LOG-SYSTEM                      825W
WS-LOG-WHERE                       831W
WS-LWT                             979W    2466   2525   2563                                                                 x3
WS-MCARE                           995W
WS-MONTH                          1052W    2733                                                                               x1
WS-NET                             984W    2471   2567                                                                        x2
WS-NO-PARAGRAPH                    826W
WS-OTHER-DED                       983W    2470   2518   2529   2535   2542   2566                                            x6
WS-OTHER-EARN                      975W    2462   2506   2513   2533   2540   2558                                            x6
WS-PAGE-CNT                        947W    2379                                                                               x1
WS-PAGE-LINES                      945W    1894   1897   1960   1963   2081   2084                                            x6
WS-PAY-HDR-INTERVAL                924W    1913   1979   2100                                                                 x3
WS-PAY-HDR-JOURNAL-PRINTED         927W
WS-PAY-HDR-LAST-APPLY-NO           925W
WS-PAY-HDR-LAST-DAY-OF-LAST-PER    926W
WS-PAY-HDR-NO                      923W
WS-PAY-HEADER-RECORD               922W    2331                                                                               x1
WS-REC-CNT                         946W    1952                                                                               x1
WS-REG-WAGES                       974W    2461   2503   2557                                                                 x3
WS-REP-FROM-DATE                  1003W    1916   1982   2103   2615                                                          x4
WS-REP-TO-DATE                    1004W    1918   1984   2105   2623                                                          x4
WS-REPLY                           933W    2165   2172   2203   2219   2236   2246   2257   2273   2286   2304   2317   2339
                                           2359   2418                                                                        x14
WS-SDI                             981W    2468   2528   2565                                                                 x3
WS-SL-TAKEN                        993W    2480   2509   2573                                                                 x3
WS-SWAP                           1046W
WS-SWT                             978W    2465   2523   2562                                                                 x3
WS-SYS                             997W    2483   2531                                                                        x2
WS-TABLE1                         1074W
WS-TEMP-ACCT-AMT                  1001W    2128                                                                               x1
WS-TEMP-DATE                       966W     970                                                                               x1
WS-TEMP-DATE9                      970W    2584   2599   2602   2610   2612   2621                                            x6
WS-TEMP-DAYS                       969W    2731   2734                                                                        x2
WS-TEMP-MONTH                      968W    2730   2733                                                                        x2
WS-TEMP-YEAR                       967W    2728                                                                               x1
WS-TEST-DATE                       959W     963                                                                               x1
WS-TEST-DATE9                      963W
WS-TEST-DAYS                       961W
WS-TEST-MONTH                      960W
WS-TEST-YEAR                       962W
WS-TEST-YMD                        958W
WS-TIME                           1381W
WS-TIPS                            986W    2473   2514   2516   2559                                                          x4
WS-TIPS-REPORTED                   987W    2474   2517   2560                                                                 x3
WS-TOTAL-CO-FICA                  1031W    2048   2569                                                                        x2
WS-TOTAL-CO-FUTA                  1032W    2049   2570                                                                        x2
WS-TOTAL-CO-SUI                   1033W    2050   2571                                                                        x2
ACS Cobol Xref v2.03.18          Dictionary File for PYJOURN    19/04/2026  23:25:56:43                                Page   67
Symbols of Module: PYJOURN (PYJOURN)
------------------------------------

Data Section (WORKING-STORAGE)  Defn     Locations
-------------------------------+---------------------------------------------------------------

WS-TOTAL-COMP-EARNED              1037W    2054   2575                                                                        x2
WS-TOTAL-COMP-TAKEN               1036W    2053   2574                                                                        x2
WS-TOTAL-EIC                      1038W    2055   2568                                                                        x2
WS-TOTAL-FICA                     1025W    2019   2564                                                                        x2
WS-TOTAL-FWT                      1022W    2016   2561                                                                        x2
WS-TOTAL-LWT                      1024W    2018                                                                               x1
WS-TOTAL-MCARE                    1039W    2056                                                                               x1
WS-TOTAL-NET                      1028W    2022   2567                                                                        x2
WS-TOTAL-OTHER-DED                1027W    2021   2566                                                                        x2
WS-TOTAL-OTHER-EARN               1020W    2014   2558                                                                        x2
WS-TOTAL-REG-WAGES                1019W    2013   2557                                                                        x2
WS-TOTAL-SDI                      1026W    2020   2565                                                                        x2
WS-TOTAL-SL-TAKEN                 1035W    2052   2573                                                                        x2
WS-TOTAL-SWT                      1023W    2017   2562   2563                                                                 x3
WS-TOTAL-TIPS                     1021W    2015   2559                                                                        x2
WS-TOTAL-TIPS-REPORTED            1030W    2047   2560                                                                        x2
WS-TOTAL-UNITS                    1040W    2061   2064   2067   2070   2074   2075   2076   2077   2577                       x9
WS-TOTAL-VAC-TAKEN                1034W    2051   2572                                                                        x2
WS-UK                             1049W
WS-UNITS                           999W    2489   2502   2577                                                                 x3
WS-USA                            1055W
WS-USA-DAYS                       1058W    2731                                                                               x1
WS-USA-MONTH                      1056W    2730                                                                               x1
WS-VAC-TAKEN                       994W    2481   2508   2572                                                                 x3
WS-YEAR                           1054W    2728                                                                               x1
WSA-DATE                          1382W
WSA-DD                            1385W
WSA-MM                            1384W
WSA-YY                            1383W
WSB-HH                            1387W
WSB-MM                            1388W
WSB-SS                            1389W
WSB-TIME                          1386W
WSD-HH                            1392W    2149                                                                               x1
WSD-MM                            1394W    2150                                                                               x1
WSD-SA                            1393W
WSD-SB                            1395W
WSD-SS                            1396W    2151                                                                               x1
WSD-TIME                          1391W    1903   1969   2090                                                                 x3
WSE-DATE                          1399W    1403                                                                               x1
WSE-DATE-9                        1403W
WSE-DATE-BLOCK                    1398W    2148                                                                               x1
WSE-DAYS                          1402W
WSE-HH                            1406W    2149                                                                               x1
WSE-MM                            1407W    2150                                                                               x1
WSE-MONTH                         1401W
WSE-SS                            1408W    2151                                                                               x1
WSE-TIME                          1405W
WSE-YEAR                          1400W                                                                                       x0
ACS Cobol Xref v2.03.18          Dictionary File for PYJOURN    19/04/2026  23:25:56:43                                Page   68
Symbols of Module: PYJOURN (PYJOURN)
------------------------------------

Data Section (WORKING-STORAGE)  Defn     Locations
-------------------------------+---------------------------------------------------------------

ACS Cobol Xref v2.03.18          Dictionary File for PYJOURN    19/04/2026  23:25:56:43                                Page   69
Symbols of Module: PYJOURN (PYJOURN)
------------------------------------

Data Section (LINKAGE)          Defn     Locations
-------------------------------+---------------------------------------------------------------

ADDRESS-1                         1513K
ADDRESS-2                         1514K
ADDRESS-3                         1515K
ADDRESS-4                         1516K
AGE-TO-PAY                        1636K
ARCH                              1601K
ARCHIVING                         1602K
AUTO-VAT                          1611K
B-L                               1527K
BATCH-ID                          1612K
BL-END-CYCLE-DATE                 1634K
BL-NEXT-BATCH                     1635K
BL-PAY-AC                         1631K
BL-PURCH-AC                       1633K
BRANCHES                          1590K
CHARGE                            1677K
CLIENT                            1746K
COMPANY-EMAIL                     1583K
COMPARATIVES                      1596K
COMPARATIVES-ACTIVE               1598K
COMPS                             1595K
COMPS-ACTIVE                      1597K
COUNTRY                           1518K
CURRENT-QUARTER                   1550K
CUST-FLAG                         1657K
CYCLEA                            1502K    1503                                                                               x1
DATA-CAPTURE-USED                 1570K
DATE-FORM                         1568K
DATE-VALID-FORMATS                1569K
DC-COBOL-STANDARD                 1571K
DC-GUI                            1572K
DC-WIDGET                         1573K
DISCOUNT                          1676K
DOS                               1543K
END-DATE                          1509K
ENTRY-LEVEL                       1640K
EXTRA-CHARGE-AC                   1623K
EXTRA-DESC                        1674K
EXTRA-PRINT                       1678K
EXTRA-RATE                        1684K
EXTRA-TYPE                        1675K
FILE-0                            1780K
FILE-10                           1799K
FILE-11                           1801K
FILE-12                           1803K
FILE-13                           1805K
FILE-14                           1807K
FILE-15                           1809K
FILE-16                           1811K
ACS Cobol Xref v2.03.18          Dictionary File for PYJOURN    19/04/2026  23:25:56:43                                Page   70
Symbols of Module: PYJOURN (PYJOURN)
------------------------------------

Data Section (LINKAGE)          Defn     Locations
-------------------------------+---------------------------------------------------------------

FILE-17                           1813K
FILE-18                           1815K
FILE-19                           1817K
FILE-2                            1783K
FILE-20                           1819K
FILE-21                           1821K
FILE-22                           1823K
FILE-23                           1825K
FILE-24                           1827K
FILE-26                           1830K
FILE-27                           1832K
FILE-28                           1834K
FILE-29                           1836K
FILE-3                            1785K
FILE-30                           1838K
FILE-31                           1840K
FILE-32                           1842K
FILE-33                           1844K
FILE-34                           1845K
FILE-35                           1846K
FILE-36                           1847K
FILE-37                           1848K
FILE-38                           1849K
FILE-39                           1852K
FILE-4                            1787K
FILE-40                           1853K
FILE-41                           1854K
FILE-42                           1855K
FILE-43                           1856K
FILE-44                           1857K
FILE-45                           1858K
FILE-46                           1859K
FILE-47                           1860K
FILE-48                           1861K
FILE-49                           1863K
FILE-5                            1789K
FILE-50                           1864K
FILE-51                           1865K
FILE-52                           1866K
FILE-53                           1867K
FILE-54                           1868K
FILE-55                           1869K
FILE-56                           1870K
FILE-57                           1872K
FILE-6                            1791K
FILE-7                            1793K
FILE-8                            1795K
FILE-9                            1797K
FILE-DEFS                         1775K    2141                                                                               x1
ACS Cobol Xref v2.03.18          Dictionary File for PYJOURN    19/04/2026  23:25:56:43                                Page   71
Symbols of Module: PYJOURN (PYJOURN)
------------------------------------

Data Section (LINKAGE)          Defn     Locations
-------------------------------+---------------------------------------------------------------

FILE-DEFS-A                       1776K    1874                                                                               x1
FILE-DEFS-COUNT                   1876K
FILE-DEFS-OS-DELIMITER            1877K
FILE-DUPLICATES-IN-USE            1563K
FILE-SYSTEM-USED                  1552K
FILLER-DUMMY4                     1759K
FIRST-SL-BATCH                    1693K
FIRST-SL-INV                      1694K
FS-COBOL-FILES-USED               1553K
FS-DUPLICATE-PROCESSING           1564K
FS-MYSQL-USED                     1554K
FS-RDBMS-USED                     1556K
FS-VALID-OPTIONS                  1562K
FULL-INVOICING                    1660K
G-L                               1525K
GENERAL-LEDGER-BLOCK              1587K
GL-BL-PAY-AC                      1717K
GL-BL-PURCH-AC                    1719K
GL-P-CREDITORS                    1718K
GL-S-DEBTORS                      1721K
GL-SL-PAY-AC                      1720K
GL-SL-SALES-AC                    1722K
GROUPED                           1592K
HEADER-LEVEL                      1607K
HOST                              1538K
I-LEVEL-0                         1670K
I-LEVEL-1                         1671K
I-LEVEL-2                         1672K
INDEX-2                           1615K
INVOICER                          1669K
IRS                               1533K
IRS-BOTH-USED                     1618K
IRS-DATA-BLOCK                    1758K
IRS-ENTRY-BLOCK                   1758K
IRS-INSTEAD                       1616K
IRS-NO                            1534K
IRS-USED                          1617K
LEDGER-2ND-INDEX                  1614K
LEDGER-SEC                        1619K
LEVEL                             1523K
LEVEL-1                           1524K
LEVEL-2                           1526K
LEVEL-3                           1528K
LEVEL-4                           1530K
LEVEL-5                           1532K
LEVEL-6                           1535K
LINUX                             1548K
M-V                               1599K
MAC                               1545K
ACS Cobol Xref v2.03.18          Dictionary File for PYJOURN    19/04/2026  23:25:56:43                                Page   72
Symbols of Module: PYJOURN (PYJOURN)
------------------------------------

Data Section (LINKAGE)          Defn     Locations
-------------------------------+---------------------------------------------------------------

MANDATORY                         1604K
MAPS-SER                          1565K
MAPS-SER-NN                       1567K
MAPS-SER-XX                       1566K
MINIMUM-VALIDATION                1600K
MULTI-USER                        1539K
NEXT-BATCH                        1622K
NEXT-FOLIO                        1630K
NEXT-INVOICE                      1506K
NEXT-POST                         1747K
NO-OS                             1542K
NOT-INVOICING                     1673K
OI-3-FLAG                         1656K
OI-5-FLAG                         1658K
OP-SYSTEM                         1540K
OS-SINGLE                         1549K
OS2                               1546K
P-C                               1588K
P-C-GROUPED                       1591K
P-C-LEVEL                         1593K
P-CREDITORS                       1632K
P-FLAG-A                          1641K
P-FLAG-I                          1642K
P-FLAG-P                          1643K
P-L-EXISTS                        1638K
PAGE-LINES                        1505K
PARAM-RESTRICT                    1578K
PASS-VALUE                        1522K
PASS-WORD                         1537K
PAYROLL                           1536K
PERIOD                            1504K
PF-RETENTION                      1692K
PHONE-NO                          1520K
PL-APPROP-AC                      1756K
PL-APPROP-AC6                     1754K
PL-AUTOGEN                        1646K
PL-DELIM                          1639K
PL-NEXT-REC                       1647K
PL-STOCK-LINK                     1644K
POST-CODE                         1517K
POST-TRANS-NAME                   1778K
POSTINGS                          1621K
PRE-TRANS-NAME                    1777K
PRESERVE-BATCH                    1613K
PRINT-SPOOL-NAME                  1519K    2152                                                                               x1
PRINT-SPOOL-NAME2                 1625K
PRINT-SPOOL-NAME3                 1645K
PROFIT-CENTRES                    1589K
PURCHASE-LEDGER                   1637K
ACS Cobol Xref v2.03.18          Dictionary File for PYJOURN    19/04/2026  23:25:56:43                                Page   73
Symbols of Module: PYJOURN (PYJOURN)
------------------------------------

Data Section (LINKAGE)          Defn     Locations
-------------------------------+---------------------------------------------------------------

PURCHASE-LEDGER-BLOCK             1629K
PURCHASE-RANGE                    1609K
RDBMS-DB-NAME                     1574K
RDBMS-FLAT-STATUSES               1551K
RDBMS-HOST                        1580K
RDBMS-PASSWD                      1576K
RDBMS-PORT                        1579K
RDBMS-SOCKET                      1581K
RDBMS-USER                        1575K
REVENUE-ONLY                      1594K
RUN-DATE                          1507K
S-DEBTORS                         1697K
S-END-CYCLE-DATE                  1699K
S-FLAG-A                          1661K
S-FLAG-I                          1662K
S-FLAG-OI-3                       1659K
S-FLAG-P                          1663K
S-L                               1529K
S-L-EXISTS                        1654K
SALES-LEDGER                      1653K
SALES-LEDGER-BLOCK                1652K
SALES-RANGE                       1608K
SCYCLE                            1503K
SL-AUTOGEN                        1711K
SL-BO-DEFAULT                     1714K
SL-BO-FLAG                        1713K
SL-CHARGES                        1665K
SL-COMP-HEAD-INV                  1702K
SL-COMP-HEAD-LETS                 1706K
SL-COMP-HEAD-PICK                 1700K
SL-COMP-HEAD-STAT                 1704K
SL-COMP-INV                       1703K
SL-COMP-LETS                      1707K
SL-COMP-PICK                      1701K
SL-COMP-STAT                      1705K
SL-CREDIT                         1688K
SL-DAY-BOOK                       1668K
SL-DAYS-1                         1685K
SL-DAYS-2                         1686K
SL-DAYS-3                         1687K
SL-DELIM                          1655K
SL-DISC                           1683K
SL-DUNNING                        1664K
SL-INVOICE-LINES                  1710K
SL-LATE-PER                       1682K
SL-LIMIT                          1695K
SL-MAX                            1691K
SL-MIN                            1690K
SL-NEXT-REC                       1712K
ACS Cobol Xref v2.03.18          Dictionary File for PYJOURN    19/04/2026  23:25:56:43                                Page   74
Symbols of Module: PYJOURN (PYJOURN)
------------------------------------

Data Section (LINKAGE)          Defn     Locations
-------------------------------+---------------------------------------------------------------

SL-OWN-NOS                        1666K
SL-PAY-AC                         1696K
SL-SALES-AC                       1698K
SL-STATS-RUN                      1667K
SL-STOCK-AUDIT                    1680K
SL-STOCK-LINK                     1679K
SL-VAT-PRINTED                    1708K
SL-VAT-PRINTS                     1709K
START-DATE                        1508K
STATS-DATE-PERIOD                 1582K
STK-ABREV-REF                     1728K
STK-ACTIVITY-REP-RUN              1741K
STK-AUDIT-NO                      1744K
STK-AUDIT-USED                    1732K
STK-AVERAGING                     1739K
STK-BO-ACTIVE                     1742K
STK-DEBUG                         1729K
STK-MANU-USED                     1730K
STK-MOV-AUDIT                     1733K
STK-OE-USED                       1731K
STK-PAGE-LINES                    1743K
STK-PERIOD-CUR                    1734K
STK-PERIOD-DAT                    1735K
STOCK                             1531K
STOCK-AUDIT-ON                    1681K
STOCK-AVERAGING                   1740K
STOCK-CONTROL                     1737K
STOCK-CONTROL-BLOCK               1727K
STOCK-CONTROL-EXISTS              1738K
SUSER                             1510K
SYSTEM-DATA-BLOCK                 1486K
SYSTEM-FILE-NAMES                 1875K
TO-DAY                            1881K    2140                                                                               x1
TRANS-DONE                        1606K
TRANS-PRINT                       1603K
TRANS-PRINTED                     1605K
UNIX                              1547K
UPDATES                           1620K
USER-CODE                         1512K
USERA                             1511K    1901   1967   2088                                                                 x3
VALID-OS-TYPE                     1541K
VAT                               1610K
VAT-AC                            1624K
VAT-GROUP                         1752K
VAT-PSENT                         1753K
VAT-RATE                          1501K
VAT-RATE-1                        1496K
VAT-RATE-2                        1497K
VAT-RATE-3                        1498K
ACS Cobol Xref v2.03.18          Dictionary File for PYJOURN    19/04/2026  23:25:56:43                                Page   75
Symbols of Module: PYJOURN (PYJOURN)
------------------------------------

Data Section (LINKAGE)          Defn     Locations
-------------------------------+---------------------------------------------------------------

VAT-RATE-4                        1499K
VAT-RATE-5                        1500K
VAT-RATES                         1495K    1501                                                                               x1
VAT-RATES2                        1748K    1752                                                                               x1
VAT-REG-NUMBER                    1577K
VAT1                              1749K
VAT2                              1750K
VAT3                              1751K
WINDOWS                           1544K
WS-CALLED                         1424K
WS-CALLER                         1425K
WS-CALLING-DATA                   1423K    2138                                                                               x1
WS-CD-ARGS                        1431K
WS-DEL-LINK                       1426K
WS-PROCESS-FUNC                   1429K
WS-SUB-FUNCTION                   1430K
WS-SYSTEM-RECORD                  1482K    2139                                                                               x1
WS-SYSTEM-RECORD-VERSION-PRIME    1488K
WS-SYSTEM-RECORD-VERSION-SECOND   1493K
WS-TERM-CODE                      1427K    2166   2173   2184   2205   2221   2239   2250   2262   2279   2292   2310   2324
                                           2346   2365                                                                        x14
ACS Cobol Xref v2.03.18          Dictionary File for PYJOURN    19/04/2026  23:25:56:43                                Page   76
Symbols of Module: PYJOURN (PYJOURN)
------------------------------------

Data Section (REPORT)           Defn     Locations
-------------------------------+---------------------------------------------------------------

<                                 2134R
=                                 1940R    1941   1942   1943                                                                 x3
>                                 2135R
ACT-DESC                          2127R    2369                                                                               x1
ACT-GL-NO                         2126R    2368                                                                               x1
ACT-NO                            2125R    2369   2370                                                                        x2
COMPANY-SUMMARY                   1958R
COMPANY-SUMMARY-DETAIL            1989R
COMPANY-SUMMARY-HEAD              1965R
EMP-COMP-ACCUM                    1945R
EMP-COMP-USED                     1947R
EMP-NAME                          1932R
EMP-NO                            1926R    1931   2388                                                                        x2
EMP-SEARCH-NAME                   1927R
EMP-SL-ACCUM                      1937R
EMP-SL-RATE                       1936R
EMP-SL-USED                       1938R
EMP-STATUS                        1940R    1941   1942   1943                                                                 x3
EMP-VAC-ACCUM                     1934R
EMP-VAC-RATE                      1933R
EMP-VAC-USED                      1935R
EMPLOYEE-DETAILED                 1923R
EMPLOYEE-DETAILED-JOURNAL-HEAD    1899R
EMPLOYEE-DETAILED-JOURNAL-REPOR   1892R
LEDGER-ACCOUNT-SUMMARY            2079R
LEDGER-ACCOUNT-SUMMARY-DETAIL     2123R
LEDGER-ACCOUNT-SUMMARY-HEAD       2086R
PROG-NAME                         1905R    1971   2092                                                                        x2
PY-PR1-RATE-NAME                  2060R    2063   2066   2069                                                                 x3
U-DATE                            1902R    1968   2089                                                                        x2
USERA                             1901R    1967   2088                                                                        x2
WS-BATCH-TOTAL                    2133R    2134   2135   2414                                                                 x3
WS-CHECK-DATE                     1921R    1987   2108   2586   2605                                                          x4
WS-DR-CR                          2129R
WS-EMP-FROM-NO                    1954R
WS-EMP-TO-NO                      1956R
WS-PAGE-LINES                     1894R    1897   1960   1963   2081   2084                                                   x5
WS-PAY-HDR-INTERVAL               1913R    1979   2100                                                                        x2
WS-REC-CNT                        1952R
WS-REP-FROM-DATE                  1916R    1982   2103   2615                                                                 x3
WS-REP-TO-DATE                    1918R    1984   2105   2623                                                                 x3
WS-TEMP-ACCT-AMT                  2128R
WS-TOTAL-CO-FICA                  2048R    2569                                                                               x1
WS-TOTAL-CO-FUTA                  2049R    2570                                                                               x1
WS-TOTAL-CO-SUI                   2050R    2571                                                                               x1
WS-TOTAL-COMP-EARNED              2054R    2575                                                                               x1
WS-TOTAL-COMP-TAKEN               2053R    2574                                                                               x1
WS-TOTAL-EIC                      2055R    2568                                                                               x1
WS-TOTAL-FICA                     2019R    2564                                                                               x1
ACS Cobol Xref v2.03.18          Dictionary File for PYJOURN    19/04/2026  23:25:56:43                                Page   77
Symbols of Module: PYJOURN (PYJOURN)
------------------------------------

Data Section (REPORT)           Defn     Locations
-------------------------------+---------------------------------------------------------------

WS-TOTAL-FWT                      2016R    2561                                                                               x1
WS-TOTAL-LWT                      2018R
WS-TOTAL-MCARE                    2056R
WS-TOTAL-NET                      2022R    2567                                                                               x1
WS-TOTAL-OTHER-DED                2021R    2566                                                                               x1
WS-TOTAL-OTHER-EARN               2014R    2558                                                                               x1
WS-TOTAL-REG-WAGES                2013R    2557                                                                               x1
WS-TOTAL-SDI                      2020R    2565                                                                               x1
WS-TOTAL-SL-TAKEN                 2052R    2573                                                                               x1
WS-TOTAL-SWT                      2017R    2562   2563                                                                        x2
WS-TOTAL-TIPS                     2015R    2559                                                                               x1
WS-TOTAL-TIPS-REPORTED            2047R    2560                                                                               x1
WS-TOTAL-UNITS                    2061R    2064   2067   2070   2074   2075   2076   2077   2577                              x8
WS-TOTAL-VAC-TAKEN                2051R    2572                                                                               x1
WSD-TIME                          1903R    1969   2090                                                                        x2
ACS Cobol Xref v2.03.18          Dictionary File for PYJOURN    19/04/2026  23:25:56:43                                Page   78
Symbols of Module: PYJOURN (PYJOURN)
------------------------------------
Variable Tested [S]            Symbol (88-Conditions)
--------------------------------------------------------------

ACCESS-TYPE                     FN-INPUT
ACCESS-TYPE                     FN-I-O
ACCESS-TYPE                     FN-OUTPUT
ACCESS-TYPE                     FN-EXTEND
ACCESS-TYPE                     FN-EQUAL-TO
ACCESS-TYPE                     FN-LESS-THAN
ACCESS-TYPE                     FN-GREATER-THAN
ACCESS-TYPE                     FN-NOT-LESS-THAN
ACCESS-TYPE                     FN-NOT-GREATER-THAN
ARCH                            ARCHIVING
BATCH-ID                        PRESERVE-BATCH
COMPS                           COMPARATIVES
COMPS-ACTIVE                    COMPARATIVES-ACTIVE
DATA-CAPTURE-USED               DC-COBOL-STANDARD
DATA-CAPTURE-USED               DC-GUI
DATA-CAPTURE-USED               DC-WIDGET
DATE-FORM                       DATE-VALID-FORMATS
EXTRA-TYPE                      DISCOUNT
EXTRA-TYPE                      CHARGE
FA-FILE-DUPLICATES-IN-USE       FA-FS-DUPLICATE-PROCESSING
FA-FILE-SYSTEM-USED             FA-FS-COBOL-FILES-USED
FA-FILE-SYSTEM-USED             FA-FS-RDBMS-USED
FA-FILE-SYSTEM-USED             FA-FS-VALID-OPTIONS
FILE-DUPLICATES-IN-USE          FS-DUPLICATE-PROCESSING
FILE-FUNCTION                   FN-OPEN
FILE-FUNCTION                   FN-CLOSE
FILE-FUNCTION                   FN-READ-NEXT
FILE-FUNCTION                   FN-READ-INDEXED
FILE-FUNCTION                   FN-WRITE
FILE-FUNCTION                   FN-DELETE-ALL
FILE-FUNCTION                   FN-RE-WRITE
FILE-FUNCTION                   FN-DELETE
FILE-FUNCTION                   FN-START
FILE-FUNCTION                   FN-WRITE-RAW
FILE-FUNCTION                   FN-READ-NEXT-RAW
FILE-FUNCTION                   FN-READ-BY-NAME
FILE-FUNCTION                   FN-READ-BY-BATCH
FILE-FUNCTION                   FN-READ-BY-CUST
FILE-FUNCTION                   FN-READ-NEXT-HEADER
FILE-SYSTEM-USED                FS-COBOL-FILES-USED
FILE-SYSTEM-USED                FS-MYSQL-USED
FILE-SYSTEM-USED                FS-RDBMS-USED
FILE-SYSTEM-USED                FS-VALID-OPTIONS
HOST                            MULTI-USER
INVOICER                        I-LEVEL-0
INVOICER                        I-LEVEL-1
INVOICER                        I-LEVEL-2
INVOICER                        NOT-INVOICING
IRS-INSTEAD                     IRS-USED
IRS-INSTEAD                     IRS-BOTH-USED
ACS Cobol Xref v2.03.18          Dictionary File for PYJOURN    19/04/2026  23:25:56:43                                Page   79
Symbols of Module: PYJOURN (PYJOURN)
------------------------------------
Variable Tested [S]            Symbol (88-Conditions)
--------------------------------------------------------------

LEDGER-2ND-INDEX                INDEX-2
LEVEL-1                         G-L
LEVEL-2                         B-L
LEVEL-3                         S-L
LEVEL-4                         STOCK
LEVEL-5                         IRS
LEVEL-5                         IRS-NO
LEVEL-6                         PAYROLL
M-V                             MINIMUM-VALIDATION
MAIN-RECORD-MOVE-FLAG           MRMF-MOVE-FD
MAIN-RECORD-MOVE-FLAG           MRMF-MOVE-WS
OP-SYSTEM                       VALID-OS-TYPE
OP-SYSTEM                       NO-OS
OP-SYSTEM                       DOS
OP-SYSTEM                       WINDOWS
OP-SYSTEM                       MAC
OP-SYSTEM                       OS2
OP-SYSTEM                       UNIX
OP-SYSTEM                       LINUX
OP-SYSTEM                       OS-SINGLE
P-C                             PROFIT-CENTRES
P-C                             BRANCHES
P-C-GROUPED                     GROUPED
P-C-LEVEL                       REVENUE-ONLY
PURCHASE-LEDGER                 P-L-EXISTS
SALES-LEDGER                    S-L-EXISTS
SL-COMP-HEAD-INV                SL-COMP-INV
SL-COMP-HEAD-LETS               SL-COMP-LETS
SL-COMP-HEAD-PICK               SL-COMP-PICK
SL-COMP-HEAD-STAT               SL-COMP-STAT
SL-STOCK-AUDIT                  STOCK-AUDIT-ON
SL-VAT-PRINTED                  SL-VAT-PRINTS
STK-AVERAGING                   STOCK-AVERAGING
STOCK-CONTROL                   STOCK-CONTROL-EXISTS
SW-TESTING                      TESTING-1
SW-TESTING-2                    TESTING-2
TRANS-PRINT                     MANDATORY
TRANS-PRINTED                   TRANS-DONE
VAT                             AUTO-VAT
ACS Cobol Xref v2.03.18          Dictionary File for PYJOURN    19/04/2026  23:25:56:43                                Page   80
Symbols of Module: PYJOURN (PYJOURN)
------------------------------------
Variable Tested                Symbol (88-Conditions) [S]
--------------------------------------------------------------

ARCH                            ARCHIVING
VAT                             AUTO-VAT
LEVEL-2                         B-L
P-C                             BRANCHES
EXTRA-TYPE                      CHARGE
COMPS                           COMPARATIVES
COMPS-ACTIVE                    COMPARATIVES-ACTIVE
DATE-FORM                       DATE-VALID-FORMATS
DATA-CAPTURE-USED               DC-COBOL-STANDARD
DATA-CAPTURE-USED               DC-GUI
DATA-CAPTURE-USED               DC-WIDGET
EXTRA-TYPE                      DISCOUNT
OP-SYSTEM                       DOS
FA-FILE-SYSTEM-USED             FA-FS-COBOL-FILES-USED
FA-FILE-DUPLICATES-IN-USE       FA-FS-DUPLICATE-PROCESSING
FA-FILE-SYSTEM-USED             FA-FS-RDBMS-USED
FA-FILE-SYSTEM-USED             FA-FS-VALID-OPTIONS
FILE-FUNCTION                   FN-CLOSE
FILE-FUNCTION                   FN-DELETE
FILE-FUNCTION                   FN-DELETE-ALL
ACCESS-TYPE                     FN-EQUAL-TO
ACCESS-TYPE                     FN-EXTEND
ACCESS-TYPE                     FN-GREATER-THAN
ACCESS-TYPE                     FN-I-O
ACCESS-TYPE                     FN-INPUT
ACCESS-TYPE                     FN-LESS-THAN
ACCESS-TYPE                     FN-NOT-GREATER-THAN
ACCESS-TYPE                     FN-NOT-LESS-THAN
FILE-FUNCTION                   FN-OPEN
ACCESS-TYPE                     FN-OUTPUT
FILE-FUNCTION                   FN-RE-WRITE
FILE-FUNCTION                   FN-READ-BY-BATCH
FILE-FUNCTION                   FN-READ-BY-CUST
FILE-FUNCTION                   FN-READ-BY-NAME
FILE-FUNCTION                   FN-READ-INDEXED
FILE-FUNCTION                   FN-READ-NEXT
FILE-FUNCTION                   FN-READ-NEXT-HEADER
FILE-FUNCTION                   FN-READ-NEXT-RAW
FILE-FUNCTION                   FN-START
FILE-FUNCTION                   FN-WRITE
FILE-FUNCTION                   FN-WRITE-RAW
FILE-SYSTEM-USED                FS-COBOL-FILES-USED
FILE-DUPLICATES-IN-USE          FS-DUPLICATE-PROCESSING
FILE-SYSTEM-USED                FS-MYSQL-USED
FILE-SYSTEM-USED                FS-RDBMS-USED
FILE-SYSTEM-USED                FS-VALID-OPTIONS
LEVEL-1                         G-L
P-C-GROUPED                     GROUPED
INVOICER                        I-LEVEL-0
INVOICER                        I-LEVEL-1
ACS Cobol Xref v2.03.18          Dictionary File for PYJOURN    19/04/2026  23:25:56:43                                Page   81
Symbols of Module: PYJOURN (PYJOURN)
------------------------------------
Variable Tested                Symbol (88-Conditions) [S]
--------------------------------------------------------------

INVOICER                        I-LEVEL-2
LEDGER-2ND-INDEX                INDEX-2
LEVEL-5                         IRS
IRS-INSTEAD                     IRS-BOTH-USED
LEVEL-5                         IRS-NO
IRS-INSTEAD                     IRS-USED
OP-SYSTEM                       LINUX
OP-SYSTEM                       MAC
TRANS-PRINT                     MANDATORY
M-V                             MINIMUM-VALIDATION
MAIN-RECORD-MOVE-FLAG           MRMF-MOVE-FD
MAIN-RECORD-MOVE-FLAG           MRMF-MOVE-WS
HOST                            MULTI-USER
OP-SYSTEM                       NO-OS
INVOICER                        NOT-INVOICING
OP-SYSTEM                       OS-SINGLE
OP-SYSTEM                       OS2
PURCHASE-LEDGER                 P-L-EXISTS
LEVEL-6                         PAYROLL
BATCH-ID                        PRESERVE-BATCH
P-C                             PROFIT-CENTRES
P-C-LEVEL                       REVENUE-ONLY
LEVEL-3                         S-L
SALES-LEDGER                    S-L-EXISTS
SL-COMP-HEAD-INV                SL-COMP-INV
SL-COMP-HEAD-LETS               SL-COMP-LETS
SL-COMP-HEAD-PICK               SL-COMP-PICK
SL-COMP-HEAD-STAT               SL-COMP-STAT
SL-VAT-PRINTED                  SL-VAT-PRINTS
LEVEL-4                         STOCK
SL-STOCK-AUDIT                  STOCK-AUDIT-ON
STK-AVERAGING                   STOCK-AVERAGING
STOCK-CONTROL                   STOCK-CONTROL-EXISTS
SW-TESTING                      TESTING-1
SW-TESTING-2                    TESTING-2
TRANS-PRINTED                   TRANS-DONE
OP-SYSTEM                       UNIX
OP-SYSTEM                       VALID-OS-TYPE
OP-SYSTEM                       WINDOWS
ACS Cobol Xref v2.03.18          Dictionary File for PYJOURN    19/04/2026  23:25:56:43                                Page   82
Symbols of Module: PYJOURN (PYJOURN)
------------------------------------
Functions                       Defn     Locations
-------------------------------+---------------------------------------------------------------

CURRENT-DATE                      2148I                                                                                       x0
ACS Cobol Xref v2.03.18          Dictionary File for PYJOURN    19/04/2026  23:25:56:43                                Page   83
Symbols of Module: PYJOURN (PYJOURN)
------------------------------------
Called Procedures               Type   Locations
-------------------------------+--------------------------------------------------------

SYSTEM                          SYSTEM   2409                                                                                 x1
ACS Cobol Xref v2.03.18          Dictionary File for PYJOURN    19/04/2026  23:25:56:43                                Page   84
Symbols of Module: PYJOURN (PYJOURN)
------------------------------------
Procedure                       Defn     Locations
-------------------------------+---------------------------------------------------------------

AA000-EOJ                         2413P    2410                                                                               x1
AA000-MAIN                        2143S
AA010-OPEN-PY-FILES               2190P
CA000-12700                       2552S
CA000-6100                        2425S
CA000-7000                        2458S
CA000-8100                        2493S
CA000-ROUTINES                    2422S
CA010-CHECK-DATE-2-FORMATTED      2583S
CA020-EXIT                        2617P    2606                                                                               x1
CA020-FROM-DATE-2-FORMATTED       2588S    2382                                                                               x1
CA030-TO-DATE-2-FORMATTED         2619S
WS-                               2690P
ZZ040-EVAL-MSG-EXIT               2696P
ZZ040-EVALUATE-MESSAGE            2625S    2198   2214   2231   2268   2299   2334                                            x6
ZZ070-CONVERT-DATE                2721S    2156   2585   2604   2614   2622                                                   x5
ZZ070-EXIT                        2736P                                                                                       x0
ACS Cobol Xref v2.03.18          Dictionary File for PYJOURN    19/04/2026  23:25:56:44                                Page   85
Symbols of Module: PYJOURN (PYJOURN)
------------------------------------
Unreferenced Working Storage Symbols

<                                 2134R
>                                 2135R
ACAS-DAL-COMMON-DATA               903W
ACAS-PATH                          816W
ACCEPT-REPLY                       823W
ACCESS-TYPE                        885W
ACT-CAT                            569F
ACT-TYPE                           568F
ADDRESS-1                         1513K
ADDRESS-2                         1514K
ADDRESS-3                         1515K
ADDRESS-4                         1516K
AGE-TO-PAY                        1636K
ARCH                              1601K
ARCHIVING                         1602K
AUTO-VAT                          1611K
B                                  941W
B-L                               1527K
BATCH-ID                          1612K
BL-END-CYCLE-DATE                 1634K
BL-NEXT-BATCH                     1635K
BL-PAY-AC                         1631K
BL-PURCH-AC                       1633K
BRANCHES                          1590K
CHARGE                            1677K
CHK-AMT                            707F
CHK-CHECK-NO                       706F
CHK-HDR-APPLY-NO                   712F
CHK-HDR-CHECKS-PRINTED             717F
CHK-HDR-INTERVAL                   711F
CHK-HDR-REGISTER-PRINTED           716F
CLIENT                            1746K
COB-ALLOW-ALL-SCREEN-ACTIONS      1227W
COB-ALLOW-LEFT-DOUBLE             1219W
COB-ALLOW-LEFT-DOWN               1217W
COB-ALLOW-LEFT-UP                 1218W
COB-ALLOW-MIDDLE-DOUBLE           1222W
COB-ALLOW-MIDDLE-DOWN             1220W
COB-ALLOW-MIDDLE-UP               1221W
COB-ALLOW-MOUSE-MOVE              1226W
COB-ALLOW-RIGHT-DOUBLE            1225W
COB-ALLOW-RIGHT-DOWN              1223W
COB-ALLOW-RIGHT-UP                1224W
COB-AUTO-MOUSE-HANDLING           1216W
COB-COLOR-BLACK                   1206W
COB-COLOR-BLUE                    1207W
COB-COLOR-CYAN                    1209W
COB-COLOR-GREEN                   1208W
COB-COLOR-MAGENTA                 1211W
COB-COLOR-RED                     1210W
COB-COLOR-WHITE                   1213W
ACS Cobol Xref v2.03.18          Dictionary File for PYJOURN    19/04/2026  23:25:56:44                                Page   86
Symbols of Module: PYJOURN (PYJOURN)
------------------------------------
Unreferenced Working Storage Symbols

COB-COLOR-YELLOW                  1212W
COB-SCR-ALT-LEFT-DBL-CLICK        1350W
COB-SCR-ALT-LEFT-PRESSED          1348W
COB-SCR-ALT-LEFT-RELEASED         1349W
COB-SCR-ALT-MID-DBL-CLICK         1353W
COB-SCR-ALT-MID-PRESSED           1351W
COB-SCR-ALT-MID-RELEASED          1352W
COB-SCR-ALT-MOVE                  1347W
COB-SCR-ALT-RIGHT-DBL-CLICK       1356W
COB-SCR-ALT-RIGHT-PRESSED         1354W
COB-SCR-ALT-RIGHT-RELEASED        1355W
COB-SCR-ALT-WHEEL-DOWN            1370W
COB-SCR-ALT-WHEEL-UP              1369W
COB-SCR-BACK-TAB                  1306W
COB-SCR-BACKSPACE                 1313W
COB-SCR-CTRL-LEFT-DBL-CLICK       1340W
COB-SCR-CTRL-LEFT-PRESSED         1338W
COB-SCR-CTRL-LEFT-RELEASED        1339W
COB-SCR-CTRL-MID-DBL-CLICK        1343W
COB-SCR-CTRL-MID-PRESSED          1341W
COB-SCR-CTRL-MID-RELEASED         1342W
COB-SCR-CTRL-MOVE                 1337W
COB-SCR-CTRL-RIGHT-DBL-CLICK      1346W
COB-SCR-CTRL-RIGHT-PRESSED        1344W
COB-SCR-CTRL-RIGHT-RELEASED       1345W
COB-SCR-CTRL-WHEEL-DOWN           1366W
COB-SCR-CTRL-WHEEL-UP             1365W
COB-SCR-DELETE                    1312W
COB-SCR-ESC                       1303W
COB-SCR-F1                        1234W
COB-SCR-F10                       1243W
COB-SCR-F11                       1244W
COB-SCR-F12                       1245W
COB-SCR-F13                       1246W
COB-SCR-F14                       1247W
COB-SCR-F15                       1248W
COB-SCR-F16                       1249W
COB-SCR-F17                       1250W
COB-SCR-F18                       1251W
COB-SCR-F19                       1252W
COB-SCR-F2                        1235W
COB-SCR-F20                       1253W
COB-SCR-F21                       1254W
COB-SCR-F22                       1255W
COB-SCR-F23                       1256W
COB-SCR-F24                       1257W
COB-SCR-F25                       1258W
COB-SCR-F26                       1259W
COB-SCR-F27                       1260W
COB-SCR-F28                       1261W
COB-SCR-F29                       1262W
ACS Cobol Xref v2.03.18          Dictionary File for PYJOURN    19/04/2026  23:25:56:44                                Page   87
Symbols of Module: PYJOURN (PYJOURN)
------------------------------------
Unreferenced Working Storage Symbols

COB-SCR-F3                        1236W
COB-SCR-F30                       1263W
COB-SCR-F31                       1264W
COB-SCR-F32                       1265W
COB-SCR-F33                       1266W
COB-SCR-F34                       1267W
COB-SCR-F35                       1268W
COB-SCR-F36                       1269W
COB-SCR-F37                       1270W
COB-SCR-F38                       1271W
COB-SCR-F39                       1272W
COB-SCR-F4                        1237W
COB-SCR-F40                       1273W
COB-SCR-F41                       1274W
COB-SCR-F42                       1275W
COB-SCR-F43                       1276W
COB-SCR-F44                       1277W
COB-SCR-F45                       1278W
COB-SCR-F46                       1279W
COB-SCR-F47                       1280W
COB-SCR-F48                       1281W
COB-SCR-F49                       1282W
COB-SCR-F5                        1238W
COB-SCR-F50                       1283W
COB-SCR-F51                       1284W
COB-SCR-F52                       1285W
COB-SCR-F53                       1286W
COB-SCR-F54                       1287W
COB-SCR-F55                       1288W
COB-SCR-F56                       1289W
COB-SCR-F57                       1290W
COB-SCR-F58                       1291W
COB-SCR-F59                       1292W
COB-SCR-F6                        1239W
COB-SCR-F60                       1293W
COB-SCR-F61                       1294W
COB-SCR-F62                       1295W
COB-SCR-F63                       1296W
COB-SCR-F64                       1297W
COB-SCR-F7                        1240W
COB-SCR-F8                        1241W
COB-SCR-F9                        1242W
COB-SCR-FATAL                     1377W
COB-SCR-INSERT                    1311W
COB-SCR-KEY-DOWN                  1302W
COB-SCR-KEY-END                   1315W
COB-SCR-KEY-HOME                  1314W
COB-SCR-KEY-LEFT                  1307W
COB-SCR-KEY-RIGHT                 1308W
COB-SCR-KEY-UP                    1301W
COB-SCR-LEFT-DBL-CLICK            1320W
ACS Cobol Xref v2.03.18          Dictionary File for PYJOURN    19/04/2026  23:25:56:44                                Page   88
Symbols of Module: PYJOURN (PYJOURN)
------------------------------------
Unreferenced Working Storage Symbols

COB-SCR-LEFT-PRESSED              1318W
COB-SCR-LEFT-RELEASED             1319W
COB-SCR-MAX-FIELD                 1378W
COB-SCR-MID-DBL-CLICK             1323W
COB-SCR-MID-PRESSED               1321W
COB-SCR-MID-RELEASED              1322W
COB-SCR-MOUSE-MOVE                1317W
COB-SCR-NO-FIELD                  1374W
COB-SCR-OK                        1231W
COB-SCR-PAGE-DOWN                 1300W
COB-SCR-PAGE-UP                   1299W
COB-SCR-PRINT                     1304W
COB-SCR-RIGHT-DBL-CLICK           1326W
COB-SCR-RIGHT-PRESSED             1324W
COB-SCR-RIGHT-RELEASED            1325W
COB-SCR-SHIFT-LEFT-DBL-CLICK      1330W
COB-SCR-SHIFT-LEFT-PRESSED        1328W
COB-SCR-SHIFT-LEFT-RELEASED       1329W
COB-SCR-SHIFT-MID-DBL-CLICK       1333W
COB-SCR-SHIFT-MID-PRESSED         1331W
COB-SCR-SHIFT-MID-RELEASED        1332W
COB-SCR-SHIFT-MOVE                1327W
COB-SCR-SHIFT-RIGHT-DBL-CLICK     1336W
COB-SCR-SHIFT-RIGHT-PRESSED       1334W
COB-SCR-SHIFT-RIGHT-RELEASED      1335W
COB-SCR-SHIFT-WHEEL-DOWN          1362W
COB-SCR-SHIFT-WHEEL-UP            1361W
COB-SCR-TAB                       1305W
COB-SCR-TIME-OUT                  1375W
COB-SCR-WHEEL-DOWN                1358W
COB-SCR-WHEEL-UP                  1357W
COL2                               812W
COLE                               808W
COMPANY-EMAIL                     1583K
COMPANY-SUMMARY-DETAIL            1989R
COMPANY-SUMMARY-HEAD              1965R
COMPARATIVES                      1596K
COMPARATIVES-ACTIVE               1598K
COMPS                             1595K
COMPS-ACTIVE                      1597K
COUNTRY                           1518K
CURRENT-QUARTER                   1550K
CUST-FLAG                         1657K
DATA-CAPTURE-USED                 1570K
DATE-FORM                         1568K
DATE-VALID-FORMATS                1569K
DB-HOST                            838W
DB-PORT                            840W
DB-SCHEMA                          835W
DB-SOCKET                          839W
DB-UNAME                           836W
ACS Cobol Xref v2.03.18          Dictionary File for PYJOURN    19/04/2026  23:25:56:44                                Page   89
Symbols of Module: PYJOURN (PYJOURN)
------------------------------------
Unreferenced Working Storage Symbols

DB-UPASS                           837W
DC-COBOL-STANDARD                 1571K
DC-GUI                            1572K
DC-WIDGET                         1573K
DED-ACCT-NUMBERS                   617F
DED-CO-FICA-ACCT-NO                622F
DED-CO-FICA-LIMIT                  645F
DED-CO-FICA-RATE                   632F
DED-CO-FICA-USED                   609F
DED-CO-FUTA-ACCT-NO                624F
DED-CO-FUTA-LIMIT                  647F
DED-CO-FUTA-MAX-CREDIT             648F
DED-CO-FUTA-RATE                   634F
DED-CO-FUTA-USED                   611F
DED-CO-SUI-ACCT-NO                 625F
DED-CO-SUI-LIMIT                   649F
DED-CO-SUI-RATE                    635F
DED-CO-SUI-USED                    612F
DED-EIC-ACCT-NO                    626F
DED-EIC-EXCESS-LIMIT               651F
DED-EIC-EXCESS-RATE                637F
DED-EIC-LIMIT                      650F
DED-EIC-RATE                       636F
DED-EIC-USED                       613F
DED-EXTRAS-ACCT-NO                 628F
DED-EXTRAS-LIMIT                   653F
DED-EXTRAS-RATE                    639F
DED-EXTRAS-USED                    615F
DED-FICA-ACCT-NO                   621F
DED-FICA-LIMIT                     644F
DED-FICA-RATE                      631F
DED-FICA-USED                      608F
DED-FWT-ACCT-NO                    618F
DED-FWT-ALLOWANCE-AMT              641F
DED-FWT-MAR                        655F
DED-FWT-MAR-CUTOFF                 656F
DED-FWT-MAR-PERCENT                657F
DED-FWT-SIN                        659F
DED-FWT-SIN-CUTOFF                 660F
DED-FWT-SIN-PERCENT                661F
DED-FWT-USED                       605F
DED-LIMITS                         643F
DED-LWT-ACCT-NO                    620F
DED-LWT-USED                       607F
DED-MCARE-ACCT-NO                  627F
DED-MCARE-LIMIT                    652F
DED-MCARE-RATE                     638F
DED-MCARE-USED                     614F
DED-RATES                          630F
DED-SDI-ACCT-NO                    623F
DED-SDI-LIMIT                      646F
ACS Cobol Xref v2.03.18          Dictionary File for PYJOURN    19/04/2026  23:25:56:44                                Page   90
Symbols of Module: PYJOURN (PYJOURN)
------------------------------------
Unreferenced Working Storage Symbols

DED-SDI-RATE                       633F
DED-SDI-USED                       610F
DED-SERVICES-USED                  604F
DED-SWT-ACCT-NO                    619F
DED-SWT-USED                       606F
DED-SYS-ACCT-NO                    672F
DED-SYS-AMT-PERCENT                665F
DED-SYS-CHK-CAT                    666F
DED-SYS-DATA-BLOCKS                664F
DED-SYS-DESC                       671F
DED-SYS-ENTRIES-USED               663F
DED-SYS-EXCLUSION                  668F
DED-SYS-FACTOR                     674F
DED-SYS-LIMIT                      675F
DED-SYS-LIMIT-USED                 669F
DED-SYS-USED                       670F
DISCOUNT                          1676K
DOS                               1543K
EMP-ADDRESS-1                      435F
EMP-ADDRESS-2                      436F
EMP-ADDRESS-3                      437F
EMP-ADDRESS-4                      438F
EMP-AUTO-UNITS                     464F
EMP-BANK-ACCT-NO                   444F
EMP-BIRTH-DATE                     425F
EMP-CAL-DED-ALLOW                  448F
EMP-CAL-HEAD-OF-HOUSE              447F
EMP-CUR-APPLY-NO                   432F
EMP-DIST-ACCT                      476F
EMP-DIST-GRP                       475F
EMP-DIST-PCENT                     477F
EMP-ED-ACCT-NO                     484F
EMP-ED-AMT-PCENT                   483F
EMP-ED-CHK-CAT                     489F
EMP-ED-DESC                        485F
EMP-ED-EXCLUSION                   487F
EMP-ED-FACTOR                      481F
EMP-ED-GROUP                       480F
EMP-ED-GRP                         478F
EMP-ED-LIMIT                       482F
EMP-ED-LIMIT-USED                  488F
EMP-ED-USED                        479F
EMP-EIC-USED                       453F
EMP-EMAIL                          443F
EMP-FWT-ALLOW                      449F
EMP-HS-TYPE                        420F
EMP-JOB-CODE                       423F
EMP-LWT-ALLOW                      451F
EMP-MARITAL                        428F
EMP-MAX-PAY                        466F
EMP-MCARE-EXEMPT                   461F
ACS Cobol Xref v2.03.18          Dictionary File for PYJOURN    19/04/2026  23:25:56:44                                Page   91
Symbols of Module: PYJOURN (PYJOURN)
------------------------------------
Unreferenced Working Storage Symbols

EMP-NEXT-DEL                       430F
EMP-NORMAL-UNITS                   465F
EMP-PAY-FREQ                       429F
EMP-PAY-INTERVAL                   421F
EMP-PENSION-USED                   452F
EMP-PHONE-NO                       442F
EMP-POST-CODE                      439F
EMP-RATE                           463F
EMP-RATE4-EXCLUSION                445F
EMP-SEX                            427F
EMP-SSN                            431F
EMP-START-DATE                     424F
EMP-STATE                          441F
EMP-SWT-ALLOW                      450F
EMP-TAXING-STATE                   422F
EMP-TERM-DATE                      426F
EMP-ZIP                            440F
EMPLOYEE-DETAILED                 1923R
EMPLOYEE-DETAILED-JOURNAL-HEAD    1899R
END-DATE                          1509K
ENTRY-LEVEL                       1640K
ERROR-CODE                        1179W
ERROR-MESSAGES                    1145W
EXTRA-CHARGE-AC                   1623K
EXTRA-DESC                        1674K
EXTRA-PRINT                       1678K
EXTRA-RATE                        1684K
EXTRA-TYPE                        1675K
FA-FILE-DUPLICATES-IN-USE          860W
FA-FILE-SYSTEM-USED                851W
FA-FS-COBOL-FILES-USED             852W
FA-FS-DUPLICATE-PROCESSING         861W
FA-FS-RDBMS-USED                   853W
FA-FS-VALID-OPTIONS                859W
FA-RDBMS-FLAT-STATUSES             850W
FILE-0                            1780K
FILE-10                           1799K
FILE-11                           1801K
FILE-12                           1803K
FILE-13                           1805K
FILE-14                           1807K
FILE-15                           1809K
FILE-16                           1811K
FILE-17                           1813K
FILE-18                           1815K
FILE-19                           1817K
FILE-2                            1783K
FILE-20                           1819K
FILE-21                           1821K
FILE-22                           1823K
FILE-23                           1825K
ACS Cobol Xref v2.03.18          Dictionary File for PYJOURN    19/04/2026  23:25:56:44                                Page   92
Symbols of Module: PYJOURN (PYJOURN)
------------------------------------
Unreferenced Working Storage Symbols

FILE-24                           1827K
FILE-26                           1830K
FILE-27                           1832K
FILE-28                           1834K
FILE-29                           1836K
FILE-3                            1785K
FILE-30                           1838K
FILE-31                           1840K
FILE-32                           1842K
FILE-33                           1844K
FILE-34                           1845K
FILE-35                           1846K
FILE-36                           1847K
FILE-37                           1848K
FILE-38                           1849K
FILE-4                            1787K
FILE-41                           1854K
FILE-44                           1857K
FILE-45                           1858K
FILE-48                           1861K
FILE-49                           1863K
FILE-5                            1789K
FILE-50                           1864K
FILE-51                           1865K
FILE-52                           1866K
FILE-53                           1867K
FILE-54                           1868K
FILE-55                           1869K
FILE-56                           1870K
FILE-57                           1872K
FILE-6                            1791K
FILE-7                            1793K
FILE-8                            1795K
FILE-9                            1797K
FILE-ACCESS                        800W
FILE-DEFS-COUNT                   1876K
FILE-DEFS-OS-DELIMITER            1877K
FILE-DUPLICATES-IN-USE            1563K
FILE-FUNCTION                      866W
FILE-KEY-NO                        824W
FILE-SYSTEM-USED                  1552K
FILLER-DUMMY4                     1759K
FIRST-SL-BATCH                    1693K
FIRST-SL-INV                      1694K
FN-CLOSE                           868W
FN-DELETE                          874W
FN-DELETE-ALL                      872W
FN-EQUAL-TO                        890W
FN-EXTEND                          889W
FN-GREATER-THAN                    892W
FN-I-O                             887W
ACS Cobol Xref v2.03.18          Dictionary File for PYJOURN    19/04/2026  23:25:56:44                                Page   93
Symbols of Module: PYJOURN (PYJOURN)
------------------------------------
Unreferenced Working Storage Symbols

FN-INPUT                           886W
FN-LESS-THAN                       891W
FN-NOT-GREATER-THAN                894W
FN-NOT-LESS-THAN                   893W
FN-OPEN                            867W
FN-OUTPUT                          888W
FN-RE-WRITE                        873W
FN-READ-BY-BATCH                   881W
FN-READ-BY-CUST                    882W
FN-READ-BY-NAME                    880W
FN-READ-INDEXED                    870W
FN-READ-NEXT                       869W
FN-READ-NEXT-HEADER                883W
FN-READ-NEXT-RAW                   878W
FN-START                           875W
FN-WRITE                           871W
FN-WRITE-RAW                       877W
FS-ACTION                          819W
FS-COBOL-FILES-USED               1553K
FS-DUPLICATE-PROCESSING           1564K
FS-MYSQL-USED                     1554K
FS-RDBMS-USED                     1556K
FS-REPLY                           803W
FS-VALID-OPTIONS                  1562K
FULL-INVOICING                    1660K
G-L                               1525K
GENERAL-LEDGER-BLOCK              1587K
GL-BL-PAY-AC                      1717K
GL-BL-PURCH-AC                    1719K
GL-P-CREDITORS                    1718K
GL-S-DEBTORS                      1721K
GL-SL-PAY-AC                      1720K
GL-SL-SALES-AC                    1722K
GROUPED                           1592K
HD-HH                             1069W
HD-MM                             1070W
HD-SS                             1071W
HD-UU                             1072W
HDTIME                            1068W
HEADER-LEVEL                      1607K
HOST                              1538K
I-LEVEL-0                         1670K
I-LEVEL-1                         1671K
I-LEVEL-2                         1672K
INDEX-2                           1615K
INVOICER                          1669K
IRS                               1533K
IRS-BOTH-USED                     1618K
IRS-DATA-BLOCK                    1758K
IRS-ENTRY-BLOCK                   1758K
IRS-INSTEAD                       1616K
ACS Cobol Xref v2.03.18          Dictionary File for PYJOURN    19/04/2026  23:25:56:44                                Page   94
Symbols of Module: PYJOURN (PYJOURN)
------------------------------------
Unreferenced Working Storage Symbols

IRS-NO                            1534K
IRS-USED                          1617K
LEDGER-2ND-INDEX                  1614K
LEDGER-ACCOUNT-SUMMARY-DETAIL     2123R
LEDGER-ACCOUNT-SUMMARY-HEAD       2086R
LEDGER-SEC                        1619K
LEVEL                             1523K
LEVEL-1                           1524K
LEVEL-2                           1526K
LEVEL-3                           1528K
LEVEL-4                           1530K
LEVEL-5                           1532K
LEVEL-6                           1535K
LIN                                807W
LIN2                               811W
LINUX                             1548K
LOG-FILE-REC-WRITTEN               915W
LOGGING-DATA                       822W
M-V                               1599K
MAC                               1545K
MAIN-RECORD-MOVE-FLAG              844W
MANDATORY                         1604K
MAPS-SER                          1565K
MAPS-SER-NN                       1567K
MAPS-SER-XX                       1566K
MAPS03-WS                          753W
MINIMUM-VALIDATION                1600K
MRMF-MOVE-FD                       845W
MRMF-MOVE-WS                       846W
MULTI-USER                        1539K
NEXT-BATCH                        1622K
NEXT-FOLIO                        1630K
NEXT-INVOICE                      1506K
NEXT-POST                         1747K
NO-OS                             1542K
NOT-INVOICING                     1673K
OI-3-FLAG                         1656K
OI-5-FLAG                         1658K
OP-SYSTEM                         1540K
OS-SINGLE                         1549K
OS2                               1546K
P-C                               1588K
P-C-GROUPED                       1591K
P-C-LEVEL                         1593K
P-CREDITORS                       1632K
P-FLAG-A                          1641K
P-FLAG-I                          1642K
P-FLAG-P                          1643K
P-L-EXISTS                        1638K
PAGE-LINES                        1505K
PARAM-RESTRICT                    1578K
ACS Cobol Xref v2.03.18          Dictionary File for PYJOURN    19/04/2026  23:25:56:44                                Page   95
Symbols of Module: PYJOURN (PYJOURN)
------------------------------------
Unreferenced Working Storage Symbols

PASS-VALUE                        1522K
PASS-WORD                         1537K
PATH-WORK                          817W
PAY-APPLY-NO                       524F
PAY-EFF-DATE                       523F
PAY-EXTENDED                       526F
PAY-HDR-JOURNAL-PRINTED            535F
PAY-HDR-LAST-APPLY-NO              533F
PAY-HDR-LAST-DAY-OF-LAST-PER       534F
PAY-INTERVAL                       522F
PAYROLL                           1536K
PERIOD                            1504K
PF-RETENTION                      1692K
PHONE-NO                          1520K
PL-APPROP-AC                      1756K
PL-APPROP-AC6                     1754K
PL-AUTOGEN                        1646K
PL-DELIM                          1639K
PL-NEXT-REC                       1647K
PL-STOCK-LINK                     1644K
POST-CODE                         1517K
POST-TRANS-NAME                   1778K
POSTINGS                          1621K
PP-NAME                            743W
PP-PRINT-FILE-NAME                 745W
PRE-TRANS-NAME                    1777K
PRESERVE-BATCH                    1613K
PRINT-SPOOL-NAME2                 1625K
PRINT-SPOOL-NAME3                 1645K
PROFIT-CENTRES                    1589K
PURCHASE-LEDGER                   1637K
PURCHASE-LEDGER-BLOCK             1629K
PURCHASE-RANGE                    1609K
PY-ACCOUNTS-RECORD                 566F
PY-CHK-HDR-RECORD                  709F
PY-CHK-RECORD                      704F
PY-EMPLOYEE-RECORD                 417F
PY-PARAM1-RECORD                   220F
PY-PAY-HEADER                      530F
PY-PAY-RECORD                      520F
PY-PR1-B2B-FIELD-ORDER             328F
PY-PR1-B2B-FIELDS                  327F
PY-PR1-B2B-FILE-TYPE               283F
PY-PR1-BLOCK                       221F
PY-PR1-CHECK-HISTORY-USED          260F
PY-PR1-CHECK-PRINTING-USED         259F
PY-PR1-CO-ADDRESS-1                225F
PY-PR1-CO-ADDRESS-2                226F
PY-PR1-CO-ADDRESS-3                227F
PY-PR1-CO-ADDRESS-4                228F
PY-PR1-CO-EMAIL                    233F
ACS Cobol Xref v2.03.18          Dictionary File for PYJOURN    19/04/2026  23:25:56:44                                Page   96
Symbols of Module: PYJOURN (PYJOURN)
------------------------------------
Unreferenced Working Storage Symbols

PY-PR1-CO-NAME                     223F
PY-PR1-CO-PHONE                    232F
PY-PR1-CO-POST-CODE                229F
PY-PR1-CO-STATE                    231F
PY-PR1-CO-ZIP                      230F
PY-PR1-COLOUR-1                    321F
PY-PR1-COLOUR-2                    322F
PY-PR1-COLOUR-RESET                323F
PY-PR1-COMPANY-DATA                222F
PY-PR1-CURRENCY-SIGN               270F
PY-PR1-DATE                        291F
PY-PR1-DATE-DY                     294F
PY-PR1-DATE-MO                     293F
PY-PR1-DATE-YR                     295F
PY-PR1-DEBUGGING                   272F
PY-PR1-DFLT-DIST-ACCT              242F
PY-PR1-DFLT-GROSS-ACCT             241F
PY-PR1-DFLT-HS-TYPE                282F
PY-PR1-DFLT-NORM-UNITS             254F
PY-PR1-DFLT-PAY-INTERVAL           268F
PY-PR1-DFLT-PAY-RATE               251F
PY-PR1-DFLT-SL-RATE                253F
PY-PR1-DFLT-VAC-RATE               252F
PY-PR1-DIST-USED                   269F
PY-PR1-FED-ID                      286F
PY-PR1-FONT-NORMAL                 319F
PY-PR1-FONT-RESET                  320F
PY-PR1-FONT-SMALL                  318F
PY-PR1-GL-USED                     266F
PY-PR1-HARD-DELETE                 273F
PY-PR1-HI-DED-CHK-CAT              308F
PY-PR1-HI-EARN-CHK-CAT             310F
PY-PR1-IRS-USED                    267F
PY-PR1-JC-USED                     265F
PY-PR1-LAST-DAY-PAY-PERIOD         256F
PY-PR1-LO-DED-CHK-CAT              307F
PY-PR1-LO-EARN-CHK-CAT             309F
PY-PR1-LOCAL-ID                    288F
PY-PR1-MAX-CHK-CATS                303F
PY-PR1-MAX-DIST-ACCTS              243F
PY-PR1-MAX-ED-CATS                 305F
PY-PR1-MAX-EMP-EDS                 304F
PY-PR1-MAX-PAY-FACTOR              250F
PY-PR1-MAX-SWT-ENTRIES             306F
PY-PR1-MAX-SYS-EDS                 311F
PY-PR1-MIN-WAGE                    245F
PY-PR1-OFFSET-CASH-ACCT            240F
PY-PR1-OS-DELIMITER                271F
PY-PR1-PAGE-LINES-L                297F
PY-PR1-PAGE-LINES-P                296F
PY-PR1-PAGE-WIDTH-L                299F
ACS Cobol Xref v2.03.18          Dictionary File for PYJOURN    19/04/2026  23:25:56:44                                Page   97
Symbols of Module: PYJOURN (PYJOURN)
------------------------------------
Unreferenced Working Storage Symbols

PY-PR1-PAGE-WIDTH-P                298F
PY-PR1-PAY-METHOD                  234F
PY-PR1-PAYSLIP-MD                  235F
PY-PR1-PRINT-CONTROL               313F
PY-PR1-PRINT-CTL-FLAG              317F
PY-PR1-PRINT-SPOOL-NAME            314F
PY-PR1-PRINT-SPOOL-NAME2           315F
PY-PR1-PRINT-SPOOL-NAME3           316F
PY-PR1-QUOTE-CHAR                  325F
PY-PR1-RATE2-FACTOR                248F
PY-PR1-RATE3-FACTOR                249F
PY-PR1-RATE4-EXCLUSION-TYPE        258F
PY-PR1-STATE-ID                    287F
PY-PR1-TAX-ID                      236F
PY-PR1-TRADE-NAME                  224F
PY-PR1-USER-PROG                   301F
PY-PR1-USER-PROG-DESC              302F
PY-PR1-USER-PROG-USED              300F
PY-PR1-VOID-CHECK-AMT              246F
PY-PR1-VOID-CHECKS-OVER-MAX        257F
PY-PR2-940-PRINTED                 355F
PY-PR2-941-PRINTED                 356F
PY-PR2-BLOCK                       335F
PY-PR2-HRS-BATCH-NO                341F
PY-PR2-JUST-CLOSED-YEAR            353F
PY-PR2-LAST-CHECK-NO               359F
PY-PR2-LAST-DAY-LAST-B             343F
PY-PR2-LAST-DAY-LAST-M             345F
PY-PR2-LAST-DAY-LAST-S             344F
PY-PR2-LAST-DAY-LAST-W             342F
PY-PR2-LAST-EMPLOYEE-NO            347F
PY-PR2-LAST-Q-ENDED                358F
PY-PR2-LAST-SM-APPLY-NO            339F
PY-PR2-LAST-WB-APPLY-NO            340F
PY-PR2-LAST-YEAR-ENDED             338F
PY-PR2-NO-ACCTS                    352F
PY-PR2-NO-ACTIVE-EMPS              348F
PY-PR2-NO-EMPLOYEES                349F
PY-PR2-NO-OF-SM-APPLIES            350F
PY-PR2-NO-OF-WB-APPLIES            351F
PY-PR2-W2-PRINTED                  357F
PY-PR2-YEAR                        336F
PY-PR2-YEAR-NEXT                   337F
PY-SYSTEM-DEDUCTION-RECORD         603F
PY762                             1163W
PY765                             1166W
PY767                             1168W
PY768                             1170W
PY769                             1171W
PY770                             1172W
PY772                             1174W
ACS Cobol Xref v2.03.18          Dictionary File for PYJOURN    19/04/2026  23:25:56:44                                Page   98
Symbols of Module: PYJOURN (PYJOURN)
------------------------------------
Unreferenced Working Storage Symbols

RDB-DATA                           834W
RDBMS-DB-NAME                     1574K
RDBMS-FLAT-STATUSES               1551K
RDBMS-HOST                        1580K
RDBMS-PASSWD                      1576K
RDBMS-PORT                        1579K
RDBMS-SOCKET                      1581K
RDBMS-USER                        1575K
REVENUE-ONLY                      1594K
RUN-DATE                          1507K
S-DEBTORS                         1697K
S-END-CYCLE-DATE                  1699K
S-FLAG-A                          1661K
S-FLAG-I                          1662K
S-FLAG-OI-3                       1659K
S-FLAG-P                          1663K
S-L                               1529K
S-L-EXISTS                        1654K
S1                                 804W
SALES-LEDGER                      1653K
SALES-LEDGER-BLOCK                1652K
SALES-RANGE                       1608K
SCYCLE                            1503K
SL-AUTOGEN                        1711K
SL-BO-DEFAULT                     1714K
SL-BO-FLAG                        1713K
SL-CHARGES                        1665K
SL-COMP-HEAD-INV                  1702K
SL-COMP-HEAD-LETS                 1706K
SL-COMP-HEAD-PICK                 1700K
SL-COMP-HEAD-STAT                 1704K
SL-COMP-INV                       1703K
SL-COMP-LETS                      1707K
SL-COMP-PICK                      1701K
SL-COMP-STAT                      1705K
SL-CREDIT                         1688K
SL-DAY-BOOK                       1668K
SL-DAYS-1                         1685K
SL-DAYS-2                         1686K
SL-DAYS-3                         1687K
SL-DELIM                          1655K
SL-DISC                           1683K
SL-DUNNING                        1664K
SL-INVOICE-LINES                  1710K
SL-LATE-PER                       1682K
SL-LIMIT                          1695K
SL-MAX                            1691K
SL-MIN                            1690K
SL-NEXT-REC                       1712K
SL-OWN-NOS                        1666K
SL-PAY-AC                         1696K
ACS Cobol Xref v2.03.18          Dictionary File for PYJOURN    19/04/2026  23:25:56:44                                Page   99
Symbols of Module: PYJOURN (PYJOURN)
------------------------------------
Unreferenced Working Storage Symbols

SL-SALES-AC                       1698K
SL-STATS-RUN                      1667K
SL-STOCK-AUDIT                    1680K
SL-STOCK-LINK                     1679K
SL-VAT-PRINTED                    1708K
SL-VAT-PRINTS                     1709K
SQL-ERR                            827W
SQL-MSG                            828W
SQL-STATE                          829W
START-DATE                        1508K
STATS-DATE-PERIOD                 1582K
STK-ABREV-REF                     1728K
STK-ACTIVITY-REP-RUN              1741K
STK-AUDIT-NO                      1744K
STK-AUDIT-USED                    1732K
STK-AVERAGING                     1739K
STK-BO-ACTIVE                     1742K
STK-DEBUG                         1729K
STK-MANU-USED                     1730K
STK-MOV-AUDIT                     1733K
STK-OE-USED                       1731K
STK-PAGE-LINES                    1743K
STK-PERIOD-CUR                    1734K
STK-PERIOD-DAT                    1735K
STOCK                             1531K
STOCK-AUDIT-ON                    1681K
STOCK-AVERAGING                   1740K
STOCK-CONTROL                     1737K
STOCK-CONTROL-BLOCK               1727K
STOCK-CONTROL-EXISTS              1738K
SUSER                             1510K
SW-TESTING                         907W
SW-TESTING-2                       912W
SY000                             1147W
SYSTEM                            2409C
SYSTEM-DATA-BLOCK                 1486K
SYSTEM-FILE-NAMES                 1875K
TESTING-1                          908W
TESTING-2                          913W
TRANS-DONE                        1606K
TRANS-PRINT                       1603K
TRANS-PRINTED                     1605K
U-BIN                              777W
U-CC                               761W
U-DAYS                             756W
U-INTL                             769W
U-INTL-CC                          771W
U-INTL-DAYS                        776W
U-INTL-MONTH                       774W
U-INTL-YEAR                        770W
U-INTL-YY                          772W
ACS Cobol Xref v2.03.18          Dictionary File for PYJOURN    19/04/2026  23:25:56:44                                Page  100
Symbols of Module: PYJOURN (PYJOURN)
------------------------------------
Unreferenced Working Storage Symbols

U-MONTH                            758W
U-UK                               755W
U-USA                              763W
U-USA-DAYS                         766W
U-USA-MONTH                        764W
U-YEAR                             760W
U-YY                               762W
UNIX                              1547K
UPDATES                           1620K
USER-CODE                         1512K
VALID-OS-TYPE                     1541K
VAT                               1610K
VAT-AC                            1624K
VAT-GROUP                         1752K
VAT-PSENT                         1753K
VAT-RATE                          1501K
VAT-RATE-1                        1496K
VAT-RATE-2                        1497K
VAT-RATE-3                        1498K
VAT-RATE-4                        1499K
VAT-RATE-5                        1500K
VAT-REG-NUMBER                    1577K
VAT1                              1749K
VAT2                              1750K
VAT3                              1751K
WE-ERROR                           801W
WINDOWS                           1544K
WS-ACCOUNT-GRP                    1137W
WS-CALLED                         1424K
WS-CALLER                         1425K
WS-CD-ARGS                        1431K
WS-COUNT-ROWS                      833W
WS-DATA                            932W
WS-DATE-FORMATS                   1045W
WS-DEL-LINK                       1426K
WS-DIST-OUT                       1015W
WS-ED-DESC                        1082W
WS-ED-DESCS                       1080W
WS-EDO                            1081W
WS-FILE-KEY                        830W
WS-FILE-STATUS                    1042W
WS-FILE-STATUSES                   950W
WS-FIRST-DETAIL-LINE              1009W
WS-INTL                           1061W
WS-INTL-DAYS                      1066W
WS-INTL-MONTH                     1064W
WS-INTL-YEAR                      1062W
WS-LOG-FILE-NO                     832W
WS-LOG-SYSTEM                      825W
WS-LOG-WHERE                       831W
WS-MCARE                           995W
ACS Cobol Xref v2.03.18          Dictionary File for PYJOURN    19/04/2026  23:25:56:44                                Page  101
Symbols of Module: PYJOURN (PYJOURN)
------------------------------------
Unreferenced Working Storage Symbols

WS-NO-PARAGRAPH                    826W
WS-PAY-HDR-JOURNAL-PRINTED         927W
WS-PAY-HDR-LAST-APPLY-NO           925W
WS-PAY-HDR-LAST-DAY-OF-LAST-PER    926W
WS-PAY-HDR-NO                      923W
WS-PROCESS-FUNC                   1429K
WS-SUB-FUNCTION                   1430K
WS-SWAP                           1046W
WS-SYSTEM-RECORD-VERSION-PRIME    1488K
WS-SYSTEM-RECORD-VERSION-SECOND   1493K
WS-TABLE1                         1074W
WS-TEST-DATE9                      963W
WS-TEST-DAYS                       961W
WS-TEST-MONTH                      960W
WS-TEST-YEAR                       962W
WS-TEST-YMD                        958W
WS-TIME                           1381W
WS-UK                             1049W
WS-USA                            1055W
WSA-DATE                          1382W
WSA-DD                            1385W
WSA-MM                            1384W
WSA-YY                            1383W
WSB-HH                            1387W
WSB-MM                            1388W
WSB-SS                            1389W
WSB-TIME                          1386W
WSD-SA                            1393W
WSD-SB                            1395W
WSE-DATE-9                        1403W
WSE-DAYS                          1402W
WSE-MONTH                         1401W
WSE-TIME                          1405W
WSE-YEAR                          1400W
ACS Cobol Xref v2.03.18          Dictionary File for PYJOURN    19/04/2026  23:25:56:44                                Page  102
Symbols of Module: PYJOURN (PYJOURN)
------------------------------------
Unreferenced Procedures

AA000-MAIN                        2143S
AA010-OPEN-PY-FILES               2190P
CA000-12700                       2552S
CA000-6100                        2425S
CA000-7000                        2458S
CA000-8100                        2493S
CA000-ROUTINES                    2422S
CA010-CHECK-DATE-2-FORMATTED      2583S
CA030-TO-DATE-2-FORMATTED         2619S
WS-                               2690P
ZZ040-EVAL-MSG-EXIT               2696P
ZZ070-EXIT                        2736P
