
ACS Cobol Xref v2.03.18          Dictionary File for PYPEREND    27/03/2026  19:27:43:53                               Page    1

     1         >>source free
     2  *>****************************************************************
     3  *>               Period End (Quarterly or Yearly).               *
     4  *>                                                               *
     5  *>    Based on param in WS-Calling-Data (WS-Process-Func)        *
     6  *>                                                               *
     7  *>****************************************************************
     8  *>
     9   identification          division.
    10  *>================================
    11  *>
    12        program-id.       pyperend.  *> Will be py100 ? (from pyperend)
    13  *>**
    14  *>    Author.           Vincent B Coen FBCS, FIDM, FIDPM, 25/03/2026.
    15  *>**
    16  *>    Security.         Copyright (C) 2025 - 2026 & later, Vincent Bryan Coen.
    17  *>                      Distributed under the GNU General Public License.
    18  *>                      See the file COPYING for details.
    19  *>**
    20  *>    Remarks.          Payroll Period End (Quarterly or Yearly).
    21  *>                      Semi-sourced from Basic code from pyperend.
    22  *>**
    23  *>    Version.          See Prog-Name In Ws.
    24  *>**
    25  *>    Called Modules.   NONE.
    26  *>**
    27  *>    Functions Used:
    28  *>                      CURRENT-DATE.
    29  *>    Files used :
    30  *>                      pypr1.   Params           -  Updated
    31  *>                      pyemp.   Employee Master  - QTD/YTD etc reset depending on if yearly
    32  *>                               Terminated - are deleted - BUT NOT UNTIL TESTED.
    33  *>                      pyhis.   Employee History - QTD/YTD etc reset   proc running else quarterly
    34  *>                      pycoh.   Company History.               reset all YTD fields etc.
    35  *>
    36  *>    Error messages used.
    37  *> System wide:   CHANGE ALL TO MATCH
    38  *>                      SY002, 3, 4, 5, 10, 11, 13, 14.
    39  *> Program specific:
    40  *>                      PY001, 2 - 10
    41  *>                      PY?  -  ?.
    42  *>**
    43  *> Changes:
    44  *> 25/03/2026 vbc - 1.0.00 Created - starting.
    45  *>                         After testing version will be set to v3.3.
    46  *>                         WARNING: You MUST set the terminal program to be 80
    47  *>                         cols wide and MORE than 27 lines deep and this is to
    48  *>                         allow for the some of the extra lines beyond 24 to
    49  *>                         be used as areas for the warning or error messages
    50  *>                         to be displayed. 28 lines is the minimum.
    51  *>                         This procedure must be applied at all times when
    52  *>                         running Payroll.
    53  *>                         For almost all terminal programs, can be achieved
    54  *>                         by pulling the left and bottom edges of the terminal
ACS Cobol Xref v2.03.18          Dictionary File for PYPEREND    27/03/2026  19:27:43:53                               Page    2

    55  *>                         screen with the mouse and holding right button and
    56  *>                         pulling until the correct number is displayed, and
    57  *>                         doing so, one at a time or pulling bottom right
    58  *>                         corner.
    59  *>
    60  *>
    61  *>*************************************************************************
    62  *> Copyright Notice.
    63  *> ****************
    64  *>
    65  *> These files and programs are part of the Applewood Computers Accounting
    66  *> System and is Copyright (c) Vincent B Coen. 1976-2026 and later.
    67  *>
    68  *> This program is now free software; you can redistribute it and/or modify it
    69  *> under the terms listed here and of the GNU General Public License as
    70  *> published by the Free Software Foundation; version 3 and later as revised
    71  *> for PERSONAL USAGE ONLY and that includes for use within a business but
    72  *> EXCLUDES repackaging or for Resale, Rental or Hire in ANY way.
    73  *>
    74  *> Persons interested in repackaging, redevelopment for the purpose of resale or
    75  *> distribution in a rental or hire mode must get in touch with the copyright
    76  *> with your commercial plans and proposals to vbcoen@gmail.com.
    77  *>
    78  *> ACAS is distributed in the hope that it will be useful, but WITHOUT
    79  *> ANY WARRANTY; without even the implied warranty of MERCHANTABILITY or
    80  *> FITNESS FOR A PARTICULAR PURPOSE.  See the GNU General Public License
    81  *> for more details. If it breaks, you own both pieces but I will endeavour
    82  *> to fix it, providing you tell me about the problem.
    83  *>
    84  *> You should have received a copy of the GNU General Public License along
    85  *> with ACAS; see the file COPYING.  If not, write to the Free Software
    86  *> Foundation, 59 Temple Place, Suite 330, Boston, MA 02111-1307 USA.
    87  *>
    88  *>*************************************************************************
    89  *>
    90   environment             division.
    91  *>================================
    92  *>
    93  *>C  copy "envdiv.cob".
    94   configuration section.
    95   source-computer.      Linux.
    96   object-computer.      Linux.
    97  *> special-names.
    98  *>     console is crt.
    99   SPECIAL-NAMES.
   100         CRT STATUS IS COB-CRT-STATUS.
   101   REPOSITORY.
   102         FUNCTION ALL INTRINSIC.
   103  *>
   104   input-output            section.
   105   file-control.
   106  *>C  copy "selpyparam1.cob".
   107  *>
   108  *> Payroll param-1 (USA)
ACS Cobol Xref v2.03.18          Dictionary File for PYPEREND    27/03/2026  19:27:43:53                               Page    3

   109  *>
   110       select  PY-Param1-File  assign        File-47
   111                               access        dynamic
   112                               organization  is relative
   113                               relative key  is RRN
   114                               status        PY-PR1-Status.
   115  *>C  copy "selpyemp.cob".
   116  *>
   117  *> Payroll Employee (USA)
   118  *>
   119       select  PY-Employee-File
   120                               assign               File-43
   121                               access               dynamic
   122                               organization         indexed
   123                               record key is        Emp-No
   124                               alternate record key Emp-Search-Name with duplicates
   125                               status               PY-Emp-Status.
   126  *>
   127  *>C  copy "selpyhis.cob".
   128  *>
   129  *> Payroll History
   130  *>
   131       select  PY-History-File
   132                               assign        File-45
   133                               access        dynamic
   134                               organization  indexed
   135                               record key is His-Emp-No
   136                               status        PY-His-Emp-Status.
   137  *>
   138  *>C  copy "selpycoh.cob".
   139  *>
   140  *> Payroll Company History
   141  *>
   142       select  PY-Comp-Hist-File
   143                               assign        File-41
   144                               access        dynamic
   145                               organization  relative
   146                               relative key  RRN    *> or Coh-Apply-No or ?
   147                               status        PY-Coh-Status.
   148  *>
   149  *>
   150   data                    division.
   151  *>================================
   152  *>
   153   file section.
   154  *>
   155  *>C  copy "fdpyparam1.cob".
   156  *>*******************************************
   157  *>                                          *
   158  *>  File Definition For Payroll Param  File *
   159  *>                                          *
   160  *>*******************************************
   161  *>   Record Size 1024 Bytes (13/10/25)
   162  *>   see wspyparam1.cob for later updates
ACS Cobol Xref v2.03.18          Dictionary File for PYPEREND    27/03/2026  19:27:43:53                               Page    4

   163  *>
   164   fd  PY-Param1-File.
   165  *>
   166  *>C  copy "wspyparam1.cob".
   167  *>*******************************************
   168  *>                                          *
   169  *>  Record Definition For Py param1 File    *
   170  *>     Uses RRN = 1                         *
   171  *>                                          *
   172  *>  If moved to ACAS system file will be    *
   173  *>    record 5 and if split for PR1 rec 6.  *
   174  *>     amd only the FH will need a change & *
   175  *>      possibly the DAL if all of Payroll  *
   176  *>      is to be supported in Mysql         *
   177  *> A decision to be made after testing.     *
   178  *>                                          *
   179  *>*******************************************
   180  *>
   181  *>  File size 767 bytes padded to 1024 by filler.
   182  *>
   183  *> 13/10/25 vbc - Created.
   184  *>  Consider adding to system file as rec #5 after basic testing
   185  *> 08/11/25 vbc - Rec  changed still 1024.
   186  *> 11/11/25 vbc - Moved PR2 fields embedded within PR1 area to PR2 rec size the same.
   187  *> 26/11/25 vbc - Added new field PY-PR2-Last-Employee-no - filler adjusted.
   188  *> 28/11/25 vbc - Added new field PY-PR1-Tax-ID  to ident employer with IRS set
   189  *>                as x(24) as format not known.
   190  *> 09/03/26 vbc - PR2 fields changed from x to bin-short unsigned.
   191  *> 27/03/26 vbc - Just-closed-year-ended chg unsign bin to x (Y/N)
   192  *>
   193   01  PY-Param1-Record.
   194       03  PY-PR1-Block.                         *> Size = 670
   195           05  PY-PR1-Company-Data.                 *> size 298
   196               07  PY-PR1-Co-Name       pic x(60). *> Applewood Computers  [ 60 ] ?
   197               07  PY-PR1-Trade-Name    pic x(32).
   198               07  PY-PR1-Co-Address-1  pic x(32). *> 17 Stag Green Avenue [ 30 ]
   199               07  PY-PR1-Co-Address-2  pic x(32). *> Hatfield             [ 30 ]
   200               07  PY-PR1-Co-Address-3  pic x(32). *> Hertfordshire        [ 30 ]
   201               07  PY-PR1-Co-Address-4  pic x(32). *> spaces
   202               07  PY-PR1-Co-Post-Code.
   203                   09  PY-PR1-Co-Zip    pic x(10).
   204                   09  PY-PR1-Co-State  pic xx.
   205               07  PY-PR1-Co-Phone      pic x(12). *> 01234-123456
   206               07  PY-PR1-Co-Email      pic x(30). *> vbcoen@gmail.com
   207               07  PY-PR1-Tax-ID        pic x(24). *> Used for Employer ID for IRS  NEW 27/11/25
   208  *>
   209  *> Only set if PY-PR1-IRS-Used or PY-PR1-GL-Used  = "Y" <<<<<<<<<<<<<<<<<<<<<<<<<<
   210  *>
   211           05  PY-PR1-Offset-Cash-Acct  binary-char unsigned.    *> def 1  another file rec 5 or 6 digits
   212           05  PY-PR1-Dflt-Gross-Acct   binary-char unsigned.    *>   DITTO
   213           05  PY-PR1-Dflt-Dist-Acct    binary-char unsigned.    *>  def 3
   214           05  PY-PR1-Max-Dist-Accts    binary-char unsigned.   *> rem 11/06/79 these aren't in pr1 file, Are now!
   215  *>
   216           05  PY-PR1-Min-Wage          pic 9(5)v99    comp-3.  *>  def 0
ACS Cobol Xref v2.03.18          Dictionary File for PYPEREND    27/03/2026  19:27:43:53                               Page    5

   217           05  PY-PR1-Void-Check-Amt    pic 9(5)v99    comp-3.
   218  *>
   219           05  PY-PR1-Rate2-Factor      pic 9(5)v99    comp-3.  *> def 1.5
   220           05  PY-PR1-Rate3-Factor      pic 9(5)v99    comp-3.  *> def 2.0
   221           05  PY-PR1-Max-Pay-Factor    pic 9(5)v99    comp-3.  *> def 3.0
   222           05  PY-PR1-Dflt-Pay-Rate     pic 9(5)v99    comp-3.  *> def 1.0
   223           05  PY-PR1-Dflt-Vac-Rate     pic 9(5)v99    comp-3.  *> def 0.42
   224           05  PY-PR1-Dflt-SL-Rate      pic 9(5)v99    comp-3.  *> def 0.21
   225           05  PY-PR1-Dflt-Norm-Units   pic 9(5)v99    comp-3.  *> def 1  Regular
   226  *>
   227           05  PY-PR1-Last-Day-Pay-Period  pic 9(8). *> temp entry ? from param entry *nix format
   228           05  PY-PR1-Void-Checks-Over-Max pic x.    *> def N      - Y or N
   229           05  PY-PR1-Rate4-Exclusion-Type pic 9.    *> def 1  (1..4)
   230           05  PY-PR1-Check-Printing-Used  pic x.    *> def Y (or N)
   231           05  PY-PR1-Check-History-Used   pic x.    *> def N      - or Y
   232           05  PY-PR1-S-Used               pic x.    *> def N      - or N Semi M
   233           05  PY-PR1-M-Used               pic x.    *> def Y      - Y  Month
   234           05  PY-PR1-W-Used               pic x.    *> Def N   "  - Y  Weekly
   235           05  PY-PR1-B-Used               pic x.    *> def N   "  - Y  Bi Month
   236           05  PY-PR1-JC-Used              pic x.    *> def N      - Y
   237           05  PY-PR1-GL-Used              pic x.    *> def N      - or Y
   238           05  PY-PR1-IRS-Used             pic x.    *> del Y      - or N
   239           05  PY-PR1-Dflt-Pay-Interval    pic x.    *> def S  could be SMBW - S=Salary,W=Weekly, M=Monthly & B=Bi-Monthly
   240           05  PY-PR1-Dist-Used            pic x.    *> def N  was binary-char unsigned.    *> def Y ????? what
   241           05  PY-PR1-Currency-Sign        pic x.    *> Def "$"
   242           05  PY-PR1-OS-Delimiter         pic x.    *>   / for *nix and \ for windows Used via ACAS param
   243           05  PY-PR1-Debugging            pic x.    *> Def N (or Y !
   244           05  PY-PR1-Hard-Delete          pic x.    *> Def N (or Y)
   245  *>
   246  *>  Where are these stored, if anywhere ?
   247  *>
   248  *> interval$(1)="SEMI-MONTHLY"
   249  *> interval$(2)="MONTHLY"
   250  *> interval$(3)="BIWEEKLY"
   251  *> interval$(4)="WEEKLY"
   252  *>
   253           05  PY-PR1-Dflt-HS-Type      pic x.     *> def S  Dflt-Pay-Type ??
   254           05  PY-PR1-Rate-Name         pic x(15)       occurs 4.   *> def  "REGULAR"
   255                                                                    *> def  "OVERTIME" "SPEC. OVERTIME" "COMMISSION"
   256           05  PY-PR1-Fed-ID            pic x(15). *> "FEDERAL ID"
   257           05  PY-PR1-State-ID          pic x(15). *> "STATE ID"
   258           05  PY-PR1-Local-ID          pic x(15). *> "LOCAL ID"
   259           05  PY-PR1-Date-Format       pic 9.     *> Def: 2=mm/dd/ccyy,  1=dd/mm/ccyy
   260  *>                                                  ( Value reversed from BASIC code to match ACAS.
   261           05  PY-PR1-Date.                        *> WHAT IS THIS FOR ? - will ASSUME today for the BUT NEEDED - SO FAR NO.
   262  *>                                                  moment defaulting to USA mode - ditto for other dates
   263               07  PY-PR1-Date-Mo       pic 99.    *> def 1
   264               07  PY-PR1-Date-Dy       pic 99.    *> def 2
   265               07  PY-PR1-Date-Yr       pic 9(4).  *> def 3 Added CC
   266           05  PY-PR1-Page-Lines-P      pic 99.    *> def 60  Portrait
   267           05  PY-PR1-Page-Lines-L      pic 99.    *> def 60  Landscape
   268           05  PY-PR1-Page-Width-P      pic 999.   *> def 132  -- Portrait paper = 80
   269           05  PY-PR1-Page-Width-L      pic 999.   *> def 132  -- landscape paper = 120
   270           05  PY-PR1-User-Prog-Used    pic x.     *>  N   ----  These three not used
ACS Cobol Xref v2.03.18          Dictionary File for PYPEREND    27/03/2026  19:27:43:53                               Page    6

   271           05  PY-PR1-User-Prog         pic x(8).  *> spaces
   272           05  PY-PR1-User-Prog-Desc    pic x(20). *> spaces
   273           05  PY-PR1-Max-Chk-Cats      binary-char.  *>     This block values to be determined
   274           05  PY-PR1-Max-Emp-Eds       binary-char.  *>  3  NEEDED <<   a number but not really neeeded as fields are exact #
   275           05  PY-PR1-Max-Ed-Cats       binary-char.  *>
   276           05  PY-PR1-Max-Swt-Entries   binary-char.  *>            A / marks in use for any one line
   277           05  PY-PR1-Lo-Ded-Chk-Cat    binary-char.  *>
   278           05  PY-PR1-Hi-Ded-Chk-Cat    binary-char.  *>
   279           05  PY-PR1-Lo-Earn-Chk-Cat   binary-char.  *>
   280           05  PY-PR1-Hi-Earn-Chk-Cat   binary-char.  *>
   281           05  PY-PR1-Max-Sys-Eds       binary-char.  *> 5
   282  *>
   283           05  PY-PR1-Print-Spool-Name  pic x(48). *> All 3 from ACAS system params
   284           05  PY-PR1-Print-Spool-Name2 pic x(48). *> but only 1st used (or is it)
   285           05  PY-PR1-Print-Spool-Name3 pic x(48). *>     consider creating a pdf file from prt-1
   286  *>
   287       03  PY-PR2-Block.                        *> Size = 97  COULD BE REC 2 ? (+ filler = 640 or 768 etc) (RRN = 2). sizes wrong
   288           05  PY-PR2-Year              pic 9(4).  *> current year
   289           05  PY-PR2-Year-Next         pic 9(4).  *> Year + 1  --- New field
   290           05  PY-PR2-Last-Year-Ended   pic 9(4).  *> Used in pyperend only so far?????? { if no where else can kill it }
   291           05  PY-PR2-Last-SM-Apply-No  pic 9(4).  *> def 0
   292           05  PY-PR2-Last-WB-Apply-No  pic 9(4).  *> def 0
   293           05  PY-PR2-Hrs-Batch-No      pic 9(4).  *> def 0
   294           05  PY-PR2-Last-Day-Last-W   pic 9(8).  *> }
   295           05  PY-PR2-Last-Day-Last-B   pic 9(8).  *> }
   296           05  PY-PR2-Last-Day-Last-S   pic 9(8).  *> }  use todays to yyyymmdd
   297           05  PY-PR2-Last-Day-Last-M   pic 9(8).  *> }       error,  may be not ??????
   298           05  PY-PR2-Check-Date        pic 9(8).  *> }
   299           05  PY-PR2-Last-Employee-No  pic 9(8)   comp.    *>  ?? NEW for py010 data entry EXCLUDES check digit. allows for # = 64k
   300           05  PY-PR2-No-Active-Emps    binary-short unsigned.   *> def 0 - NEEDED ??
   301           05  PY-PR2-No-Employees      binary-short unsigned.   *> def 0 - NEEDED ??
   302           05  PY-PR2-No-Of-SM-Applies  binary-short unsigned.   *> SIZE emough 65k ?  - 12/02/79 pr2.no.of.xx.applies% = number of sm, wb applies this quarter
   303           05  PY-PR2-No-Of-WB-Applies  binary-short unsigned.   *> SIZE emough 65k ?    DITTO
   304           05  PY-PR2-No-Accts          binary-char  unsigned.    *> def 4 = 4 accounts ? is it needed ??
   305           05  PY-PR2-Just-Closed-Year  pic x. *> pyperpend - wrong ? binary-short unsigned.
   306  *>                    - 12/02/79 pr2.just.closed.year% = no applies run since year end close THIS DOES NOT MATCH UP - FIND THIS!!!!!!
   307           05  PY-PR2-940-Printed       pic x.     *> N  (or Y)
   308           05  PY-PR2-941-Printed       pic x.     *> N  (or Y)
   309           05  PY-PR2-W2-Printed        pic x.     *> N  (or Y)
   310           05  PY-PR2-Last-Q-Ended      pic 9.     *> 4 ( vals 1, 2, 3 or 4 )
   311           05  PY-PR2-Last-Check-No     pic 9(15). *> 000000     - 12/02/79 pr2.last.check.no$    = last check number written by PYCHECKS
   312  *>
   313       03  filler                       pic x(257).  *> could just be 768.
   314  *>
   315  *>
   316  *>C  copy "fdpyemp.cob".
   317  *>*******************************************
   318  *>                                          *
   319  *>  File Definition For PY Employee File    *
   320  *>                                          *
   321  *>*******************************************
   322  *>   Record Size 508 Bytes
   323  *>   see wspyemp.cob for later updates
   324  *>
ACS Cobol Xref v2.03.18          Dictionary File for PYPEREND    27/03/2026  19:27:43:53                               Page    7

   325   fd  PY-Employee-File.
   326  *>
   327  *>C  copy "wspyemp.cob".
   328  *>*******************************************
   329  *>                                          *
   330  *>  Record Definition For Employee          *
   331  *>           File                           *
   332  *>     Uses Emp-No as key                   *
   333  *>*******************************************
   334  *>  File size 508 bytes.
   335  *>
   336  *> THESE FIELDS DEFINITIONS MAY NEED CHANGING
   337  *>
   338  *> 29/10/25 vbc - Created.
   339  *> 10/11/25 vbc - Field changes.
   340  *> 20/11/25 vbc - Phone# 12 -> 13 reduced filler to 14 & removed dup phone field.
   341  *> 28/11/25 vbc - Zip code, SSN sizes chg.  Date fiormats are all ccyymmdd.
   342  *> 02/12/25 vbc - Fields with -Allow chgd from x to 99.size will be the same.
   343  *> 17/03/26 vbc - Mcare-Exempt added - File size change ?
   344  *>
   345   01  PY-Employee-Record.
   346       03  Emp-No                pic 9(7)   comp.
   347       03  Emp-Status            pic x.     *> A = Active, T = Terminated, L = On leave & Hidden D = Deleted
   348       03  Emp-HS-Type           pic x.     *> H = Hourly or S = Salaried
   349       03  Emp-Pay-Interval      pic x.     *> W, M, B ( Bi weekly), S (semi-monthly
   350       03  Emp-Taxing-State      pic xx.    *> USA state code
   351       03  Emp-Job-Code          pic xxx.   *> information only
   352       03  Emp-Start-Date        pic 9(8)   comp. *> date started ccyymmdd
   353       03  Emp-Birth-Date        pic 9(8)   comp. *> ccyymmdd
   354       03  Emp-Term-Date         pic 9(8)   comp. *> date left  ccyymmdd - (last date of pay ?)
   355       03  Emp-Sex               pic x.     *> M, F
   356       03  Emp-Marital           pic x.     *> S, M
   357       03  Emp-Pay-Freq          binary-char.     *> 52, 24 or same / 2 = 26 / 12 Subject to change when looking at basic code
   358       03  Emp-Next-Del          pic x.     *> No idea yet
   359       03  Emp-SSN               pic 9(9)   comp.  *> 000-00-0000 & one spare for growth Excludes "-"
   360       03  Emp-Cur-Apply-No      pic 99.    *>  9  or ??  2 bytes
   361       03  Emp-Name              pic x(32). *> last 1st & middle init -NO> 1st middle last (middle can be initial only
   362       03  Emp-Search-Name       pic x(32). *> Uses Emp-Name to create Last, Middle & First Name - INDEX 2
   363       03  Emp-Address-1         pic x(32).
   364       03  Emp-Address-2         pic x(32).
   365       03  Emp-Address-3         pic x(32).
   366       03  Emp-Address-4         pic x(32).
   367       03  Emp-Post-Code.                   *> UK = 8 Canada 7 incl space,
   368           05  Emp-Zip           pic x(10).  *> 5 & + 5
   369           05  Emp-State         pic xx.
   370       03  Emp-Phone-No          pic 9(11). *> 01234-123456 / (123)-456-7890 09/12/25 reduced from 13
   371       03  Emp-Email             pic x(30). *> vbcoen@btconnect.com  + 10
   372       03  Emp-Bank-Acct-No      pic x(24). *> Allows also for sortcode/acct # (6+8) & - between numbers )
   373       03  Emp-Rate4-Exclusion   pic 9.     *> 1 = all taxes, 2 = All taxes except FICA,
   374                                            *> 3 = All except FICA,SWT, LWT 4 = none
   375       03  Emp-Cal-Head-Of-House pic x.     *> Y or N for all these
   376       03  Emp-Cal-Ded-Allow     pic 99    comp.
   377       03  Emp-FWT-Allow         pic 99    comp.
   378       03  Emp-SWT-Allow         pic 99    comp.
ACS Cobol Xref v2.03.18          Dictionary File for PYPEREND    27/03/2026  19:27:43:53                               Page    8

   379       03  Emp-LWT-Allow         pic 99    comp.
   380       03  Emp-Pension-Used      pic x. *> Y or N
   381       03  Emp-Eic-Used          pic x. *> all Y or N
   382       03  Emp-FWT-Exempt        pic x. *>
   383       03  Emp-SWT-Exempt        pic x. *>
   384       03  Emp-LWT-Exempt        pic x. *>
   385       03  Emp-FICA-Exempt       pic x. *>
   386       03  Emp-SDI-Exempt        pic x. *>
   387       03  Emp-Co-FUTA-Exempt    pic x. *>
   388       03  Emp-Co-SUI-Exempt     pic x. *>
   389       03  Emp-Mcare-Exempt      pic x. *>
   390       03  Emp-Sys-Exempt        pic x    occurs 5.
   391       03  Emp-Rate              pic 9(5)v99   comp-3  occurs 4.
   392       03  Emp-Auto-Units        pic 999       comp-3.
   393       03  Emp-Normal-Units      pic 999       comp-3.
   394       03  Emp-Max-Pay           pic 9(6)v99   comp-3.
   395       03  Emp-Vac-Rate          pic 9(5)v99   comp-3.
   396       03  Emp-Vac-Accum         pic 9(5)v99   comp-3.
   397       03  Emp-Vac-Used          pic 9(5)v99   comp-3.
   398       03  Emp-SL-Rate           pic 9(5)v99   comp-3.
   399       03  Emp-SL-Accum          pic 9(5)v99   comp-3.
   400       03  Emp-SL-Used           pic 9(5)v99   comp-3.
   401       03  Emp-Comp-Accum        pic 9(5)v99   comp-3.
   402       03  Emp-Comp-Used         pic 9(5)v99   comp-3.
   403       03  Emp-Dist-Grp                   occurs 5.   *> Distribution account and %
   404           05  Emp-Dist-Acct     binary-char  unsigned.
   405           05  Emp-Dist-Pcent    pic 999v99      comp-3.
   406       03  Emp-ED-Grp                     occurs 3.  *> Should this be 5 or even 10 ?
   407           05  Emp-Ed-Used       pic x.   *> Y or N /
   408           05  Emp-Ed-Group.
   409               07  Emp-ED-Factor     pic 9(6)v99   comp-3.
   410               07  Emp-ED-Limit      pic 9(6)v99   comp-3.
   411               07  Emp-ED-Amt-Pcent  pic x.   *> A  or P /
   412               07  Emp-ED-Acct-No    binary-char  unsigned. *> /
   413               07  Emp-ED-Desc       pic x(15).  *> /
   414               07  Emp-ED-Earn-Ded   pic x.   *> D or E /
   415               07  Emp-ED-Exclusion  pic 9.   *> /
   416               07  Emp-ED-Limit-Used pic x.   *> Y or N
   417               07  Emp-ED-Chk-Cat    pic 99   comp.  *> /
   418       03  filler                pic x(11).
   419  *>
   420  *>
   421  *>C  copy "fdpyhis.cob".
   422  *>*******************************************
   423  *>                                          *
   424  *>  File Definition For PY Employee History *
   425  *>                 File                     *
   426  *>                                          *
   427  *>*******************************************
   428  *>   Record Size 232 Bytes
   429  *>   see wspyhis.cob for later updates
   430  *>
   431   fd  PY-History-File.
   432  *>
ACS Cobol Xref v2.03.18          Dictionary File for PYPEREND    27/03/2026  19:27:43:53                               Page    9

   433  *>C  copy "wspyhis.cob".
   434  *>*******************************************
   435  *>                                          *
   436  *>  Record Definition For Employee          *
   437  *>       History  File                      *
   438  *>     Uses His-Emp-No as key               *
   439  *>*******************************************
   440  *>  File size 328 bytes. 27/03/26
   441  *>
   442  *> THESE FIELD DEFINITIONS MAY NEED CHANGING
   443  *>
   444  *> 29/10/25 vbc - Created.
   445  *> 09/12/25 vbc - Added xtras DEDs for QTD & YTD
   446  *> 17/03/26 vbc - MCare added for QTD & YTD.
   447  *> 27/03/26 vbc - Change field order mcare, other-ded
   448  *>
   449   01  PY-History-Record.
   450       03  His-Emp-No                    pic 9(7)   comp.
   451       03  His-QTD                                  comp-3.
   452           05  His-QTD-Income-Taxable    pic 9(7)v99.
   453           05  His-QTD-Other-Taxable     pic 9(7)v99.
   454           05  His-QTD-Other-NonTaxable  pic 9(7)v99.
   455           05  His-QTD-Fica-Taxable      pic 9(7)v99.
   456           05  His-QTD-Tips              pic 9(7)v99.
   457           05  His-QTD-Net               pic 9(7)v99.
   458           05  His-QTD-EIC               pic 9(7)v99.
   459           05  His-QTD-FWT               pic 9(7)v99.
   460           05  His-QTD-SWT               pic 9(7)v99.
   461           05  His-QTD-LWT               pic 9(7)v99.
   462           05  His-QTD-FICA              pic 9(7)v99.
   463           05  His-QTD-SDI               pic 9(7)v99.
   464           05  His-QTD-MCare             pic 9(7)v99.
   465           05  His-QTD-Other-Ded         pic 9(7)v99.
   466           05  His-QTD-Sys               pic 9(7)v99  occurs 5.
   467           05  His-QTD-Emp               pic 9(7)v99  occurs 3.
   468           05  His-QTD-Units             pic 9(7)v99  occurs 4.
   469           05  His-QTD-Extras            pic 9(7)v99  occurs 5. *> extra state/fed deductions enough ?
   470       03  His-YTD                                  comp-3.
   471           05  His-YTD-Income-Taxable    pic 9(7)v99.
   472           05  His-YTD-Other-Taxable     pic 9(7)v99.
   473           05  His-YTD-Other-NonTaxable  pic 9(7)v99.
   474           05  His-YTD-Fica-Taxable      pic 9(7)v99.
   475           05  His-YTD-Tips              pic 9(7)v99.
   476           05  His-YTD-Net               pic 9(7)v99.
   477           05  His-YTD-EIC               pic 9(7)v99.
   478           05  His-YTD-FWT               pic 9(7)v99.
   479           05  His-YTD-SWT               pic 9(7)v99.
   480           05  His-YTD-LWT               pic 9(7)v99.
   481           05  His-YTD-FICA              pic 9(7)v99.
   482           05  His-YTD-SDI               pic 9(7)v99.
   483           05  His-YTD-MCare             pic 9(7)v99.
   484           05  His-YTD-Other-Ded         pic 9(7)v99.
   485           05  His-YTD-Sys               pic 9(7)v99  occurs 5.
   486           05  His-YTD-Emp               pic 9(7)v99  occurs 3.
ACS Cobol Xref v2.03.18          Dictionary File for PYPEREND    27/03/2026  19:27:43:53                               Page   10

   487           05  His-YTD-Units             pic 9(7)v99  occurs 4.
   488           05  His-YTD-Extras            pic 9(7)v99  occurs 5. *> extra state/fed deductions enough ?
   489       03  filler                        pic x(4).
   490  *>
   491  *>   IS this header rec needed (Last-To-Date ? )
   492  *>
   493   01  PY-History-Header.
   494       03  Hdr-His-No                    pic 9(7)   comp.   *> value zero.
   495       03  Hdr-His-Last-To-Date          pic 9(8)   comp.   *> ccyymmdd
   496       03  FILLER                        pic x(320).        *> Expansion ?
   497  *>
   498  *>
   499  *>C  copy "fdpycoh.cob".
   500  *>*******************************************
   501  *>                                          *
   502  *>  File Definition For PY Company History  *
   503  *>              File                        *
   504  *>*******************************************
   505  *>   Record Size 513 Bytes
   506  *>   see wspycoh.cob for later updates
   507  *>
   508   fd  PY-Comp-Hist-File.
   509  *>
   510  *>C  copy "wspycoh.cob".
   511  *>*******************************************
   512  *>                                          *
   513  *>  Record Definition For Company History   *
   514  *>              File                        *
   515  *>     Uses RRN         as  relative key    *
   516  *>   BUT could be Apply-No                  *
   517  *>*******************************************
   518  *>  File size 572 bytes.    ?? resize <<<<<<<<
   519  *>
   520  *> THESE FIELD DEFINITIONS MAY NEED CHANGING
   521  *>
   522  *> 30/10/25 vbc - Created.
   523  *> 04/12/25 vbc - Some fields chgd to 9 from x etc & get rid of tabs.
   524  *> 27/03/26 vbc - + 60 bytes new fields added (mcare & extras)
   525  *>
   526   01  PY-Comp-Hist-Record.
   527    *>   03  RRN                      pic 9.              *> Possibly needs to use Apply-No
   528       03  Coh-Interval                 pic x.
   529       03  Coh-Starting-Up              pic x.              *> on 1st starting set to Y, after 1st apply set to N but is this CORRECT ?
   530  *>                                                           Should the tests relate to specific Emp His / Emp records ?
   531  *>
   532       03  Coh-Last-Apply-No            pic 9(4) comp.           *> Possibly the KEY and not RRN then can be removed if multiple records??
   533       03  Coh-QTD                                  comp-3.
   534           05  Coh-QTD-Income-Taxable   pic 9(7)v99.
   535           05  Coh-QTD-Other-Taxable    pic 9(7)v99.
   536           05  Coh-QTD-Other-NonTaxable pic 9(7)v99.
   537           05  Coh-QTD-Fica-Taxable     pic 9(7)v99.
   538           05  Coh-QTD-Tips             pic 9(7)v99.
   539           05  Coh-QTD-Net              pic 9(7)v99.
   540           05  Coh-QTD-Eic-Credit       pic 9(7)v99.
ACS Cobol Xref v2.03.18          Dictionary File for PYPEREND    27/03/2026  19:27:43:53                               Page   11

   541           05  Coh-QTD-Fwt-Liab         pic 9(7)v99.
   542           05  Coh-QTD-Swt-Liab         pic 9(7)v99.
   543           05  Coh-QTD-Lwt-Liab         pic 9(7)v99.
   544           05  Coh-QTD-Fica-Liab        pic 9(7)v99.
   545           05  Coh-QTD-Sdi-Liab         pic 9(7)v99.
   546           05  Coh-QTD-Co-Futa-Liab     pic 9(7)v99.
   547           05  Coh-QTD-Co-Fica-Liab     pic 9(7)v99.
   548           05  Coh-QTD-Co-Sui-Liab      pic 9(7)v99.
   549           05  Coh-QTD-MCare            pic 9(7)v99.  *> New
   550           05  Coh-QTD-Other-Ded        pic 9(7)v99.
   551           05  Coh-QTD-Sys              pic 9(7)v99   occurs 5.
   552           05  Coh-QTD-Emp              pic 9(7)v99   occurs 3.
   553           05  Coh-QTD-Units            pic 9(7)v99   occurs 4.
   554           05  Coh-QTY-Extras           pic 9(7)v99   occurs 5. *> NEW extra state/fed deductions enough ?
   555           05  Coh-QTD-Comp-Time-Earned pic 9(7)v99.
   556           05  Coh-QTD-Comp-Time-Taken  pic 9(7)v99.
   557           05  Coh-QTD-Vac-Earned       pic 9(7)v99.
   558           05  Coh-QTD-Vac-Taken        pic 9(7)v99.
   559           05  Coh-QTD-Sl-Earned        pic 9(7)v99.
   560           05  Coh-QTD-Sl-Taken         pic 9(7)v99.
   561       03  Coh-YTD                                  comp-3.
   562           05  Coh-YTD-Income-Taxable   pic 9(7)v99.
   563           05  Coh-YTD-Other-Taxable    pic 9(7)v99.
   564           05  Coh-YTD-Other-NonTaxable pic 9(7)v99.
   565           05  Coh-YTD-Fica-Taxable     pic 9(7)v99.
   566           05  Coh-YTD-Tips             pic 9(7)v99.
   567           05  Coh-YTD-Net              pic 9(7)v99.
   568           05  Coh-YTD-Eic-Credit       pic 9(7)v99.
   569           05  Coh-YTD-Fwt-Liab         pic 9(7)v99.
   570           05  Coh-YTD-Swt-Liab         pic 9(7)v99.
   571           05  Coh-YTD-Lwt-Liab         pic 9(7)v99.
   572           05  Coh-YTD-Fica-Liab        pic 9(7)v99.
   573           05  Coh-YTD-Sdi-Liab         pic 9(7)v99.
   574           05  Coh-YTD-Co-Futa-Liab     pic 9(7)v99.
   575           05  Coh-YTD-Co-Fica-Liab     pic 9(7)v99.
   576           05  Coh-YTD-Co-Sui-Liab      pic 9(7)v99.
   577           05  Coh-QTD-MCare            pic 9(7)v99.    *> New
   578           05  Coh-YTD-Other-Ded        pic 9(7)v99.
   579           05  Coh-YTD-Sys              pic 9(7)v99   occurs 5.
   580           05  Coh-YTD-Emp              pic 9(7)v99   occurs 3.
   581           05  Coh-YTD-Units            pic 9(7)v99   occurs 4.
   582           05  Coh-YTY-Extras           pic 9(7)v99   occurs 5. *> NEW extra state/fed deductions enough ?
   583           05  Coh-YTD-Comp-Time-Earned pic 9(7)v99.
   584           05  Coh-YTD-Comp-Time-Taken  pic 9(7)v99.
   585           05  Coh-YTD-Vac-Earned       pic 9(7)v99.
   586           05  Coh-YTD-Vac-Taken        pic 9(7)v99.
   587           05  Coh-YTD-Sl-Earned        pic 9(7)v99.
   588           05  Coh-YTD-Sl-Taken         pic 9(7)v99.
   589       03  Coh-Date-Tax.
   590           05  Coh-Date                 pic 9(8)     comp    occurs 12.   *>  ccyymmdd
   591           05  Coh-Tax                  pic 9(7)v99  comp-3  occurs 12.
   592       03  Coh-Q-Taxes.
   593           05  Coh-Q-Tax                pic 9(7)v99  comp-3  occurs 4.
   594           05  Coh-Q-Fica-Tax           pic 9(7)v99  comp-3  occurs 4.
ACS Cobol Xref v2.03.18          Dictionary File for PYPEREND    27/03/2026  19:27:43:54                               Page   12

   595           05  Coh-Q-Co-Futa-Liab       pic 9(7)v99  comp-3  occurs 4.
   596       03  Coh-All-Q-Taxes redefines Coh-Q-Taxes.    *> Used in py930 for data I/P and ???
   597           05  Coh-All-Q-Tax            pic 9(7)v99  comp-3  occurs 12.
   598  *>
   599  *>
   600  *>
   601   working-storage section.
   602  *>-----------------------
   603   77  prog-name               pic x(15) value "PEREND (1.0.00)".  *> First release pre testing.
   604  *>
   605   01  WS-Data.
   606       03  Menu-Reply          pic x.
   607       03  PY-PR1-Status       pic xx       value zero.
   608       03  PY-Emp-Status       pic xx       value zero.
   609       03  PY-His-Emp-Status pic xx     value zero.
   610       03  PY-Coh-Status       pic xx.
   611  *>
   612       03  WS-Reply            pic x.
   613       03  WS-Answer           pic xxx.
   614       03  WS-Eval-Msg         pic x(25)    value spaces.
   615       03  WS-Err-Msg          pic x(40)    value spaces.  *> Make large enough for longest SY msg
   616       03  WS-Env-Columns      pic 999      value zero.
   617       03  WS-Env-Lines        pic 999      value zero.
   618       03  WS-22-Lines         pic 99.
   619       03  WS-23-Lines         pic 99.
   620       03  WS-Lines            pic 99.
   621  *>
   622   01  WS-Test-Date            pic x(10).
   623   01  WS-Test-YMD             pic 9(8).
   624   01  WS-PR1-Dating           pic 9(8).
   625   01  WS-Date-Formats.
   626       03  WS-Swap             pic 99.
   627       03  WS-Conv-Date        pic x(10).
   628       03  WS-Date             pic x(10)   value "99/99/9999".
   629       03  WS-UK redefines WS-Date.   *> Other optional format
   630           05  WS-Days         pic 99.
   631           05  filler          pic x.
   632           05  WS-Month        pic 99.
   633           05  filler          pic x.
   634           05  WS-Year         pic 9(4).
   635       03  WS-USA redefines WS-Date.  *> Default format
   636           05  WS-USA-Month    pic 99.
   637           05  filler          pic x.
   638           05  WS-USA-Days     pic 99.
   639           05  filler          pic x.
   640           05  filler          pic 9(4).
   641       03  WS-Intl redefines WS-Date.   *> Not used.
   642           05  WS-Intl-Year    pic 9(4).
   643           05  filler          pic x.
   644           05  WS-Intl-Month   pic 99.
   645           05  filler          pic x.
   646           05  WS-Intl-Days    pic 99.
   647  *>
   648   01  WS-Quarter-Table.
ACS Cobol Xref v2.03.18          Dictionary File for PYPEREND    27/03/2026  19:27:43:54                               Page   13

   649       03   filler         pic x(6) value "FIRST".
   650       03   filler         pic x(6) value "SECOND".
   651       03   filler         pic x(6) value "THIRD".
   652       03   filler         pic x(6) value "FOURTH".
   653   01  WS-Quarters redefines WS-Quarter-Table
   654                           pic x(6) occurs 4.
   655  *>
   656   01  WS-Local-Vars.
   657       03  WS-Ending.
   658           05  WS-Ending9  pic 9     value zero.
   659       03  WS-OK           pic x     value "N".      *> = Y to continue
   660       03  WS-New-Year     pic 9(4)  value zero.
   661       03  WS-Delete-OK    pic x     value "N".
   662  *>
   663   01  Error-Messages.
   664  *> System Wide
   665       03  SY001           pic x(46) value "SY001 Aborting run - Note error and hit Return".
   666   *>    03  SY002           pic x(31) value "SY002 Note error and hit Return".
   667   *>    03  SY003           pic x(51) value "SY003 Aborting function - Note error and hit Return".
   668       03  SY004           pic x(20) value "SY004 Now Hit Return".
   669   *>    03  SY005           pic x(18) value "SY005 Invalid Date".
   670   *>    03  SY008           pic x(32) value "SY008 Note message & Hit Return ".
   671       03  SY010           pic x(46) value "SY010 Terminal program not set to length => 28".
   672   *>    03  SY011           pic x(47) value "SY011 Error on systemMT processing, FS-Reply = ".
   673       03  SY013           pic x(47) value "SY013 Terminal program not set to Columns => 80".
   674   *>    03  SY014           pic x(30) value "SY014 Press return to continue".
   675       03  SY015           pic x(30) value "SY015 Completed Unsuccessfully".
   676       03  SY016           pic x(28) value "SY016 Completed Successfully".
   677  *>
   678  *> Module General ?
   679  *>
   680       03  PY001           pic x(36) value "PY001 Re/Write PARAM record Error = ".
   681       03  PY002           pic x(32) value "PY002 Read PARAM record Error = ".
   682   *>    03  PY004           pic x(29) value "PY004 To quit, use ESCape key".
   683  *>
   684       03  PY015           pic x(33) value "PY015 Error Reading Emp Record - ".
   685       03  PY016           pic x(33) value "PY016 Error Reading His Record - ".
   686       03  PY017           pic x(33) value "PY017 Error Reading Coh Record - ".
   687  *>
   688       03  PY018           pic x(35) value "PY018 Error Rewriting Emp Record - ".
   689       03  PY019           pic x(35) value "PY019 Error Rewriting His Record - ".
   690       03  PY020           pic x(35) value "PY020 Error Rewriting Coh Record - ".
   691  *>
   692  *> Module specific
   693  *>
   694       03  PY721           pic x(24) value "PY721 Emp File Not Found".
   695       03  PY722           pic x(24) value "PY722 His File Not Found".
   696       03  PY723           pic x(24) value "PY723 Coh File Not Found".
   697   *>    03  PY724           pic x(32) value "PY724 Unexpected Eof On Coh File".
   698       03  PY725           pic x(24) value "PY725 PR2 File Not Found".
   699       03  PY726           pic x(48) value "PY726 Can't End Year.  Fourth Quarter Not Closed".
   700   *>    03  PY727           pic x(48) value "PY727 Can't End Year.  Fourth Quarter Not Closed".
   701       03  PY728           pic x(38) value "PY728 Can't End Year.  940 Not Printed".
   702       03  PY729           pic x(37) value "PY729 Can't End Year.  W2 Not Printed".
ACS Cobol Xref v2.03.18          Dictionary File for PYPEREND    27/03/2026  19:27:43:54                               Page   14

   703   *>    03  PY730           pic x(55) value "PY730 Can't End Quarter.  Not Enough Week based Applies".
   704   *>    03  PY731           pic x(56) value "PY731 Can't End Quarter.  Not Enough Month based Applies".
   705       03  PY732           pic x(41) value "PY732 Can't End Quarter.  941 Not Printed".
   706       03  PY733           pic x(38) value "PY733 Can't End Year.  Just Ended Year".
   707       03  PY734           pic x(52) value "PY734 Bug - Do not know what to process - Not Q or Y".
   708       03  PY735           pic x(37) value "PY735 Bug - Wrong value for Ending - ".
   709  *>
   710       03  PY736           pic x(25) value "PY736 Ending for the Year".                         *> 15
   711       03  PY737           pic x(38) value "PY737 Ending for the        Quarter Of".            *> 16
   712   *>    03  PY738           pic x(71) value "PY738 The Next Check Date Must Be Within January, February, or March of".     *> 17
   713   *>    03  PY739           pic x(63) value "PY739 The Next Check Date Must Be Within April, May, or June of".             *> 18
   714   *>    03  PY740           pic x(70) value "PY740 The Next Check Date Must Be Within July, August, or September of".      *> 19
   715   *>    03  PY741           pic x(74) value "PY741 The Next Check Date Must Be Within October, November, or December of".  *> 20
   716   *>    03  PY742           pic x(48) value "PY742 Employee Processing Will Begin Momentarily".  *> 21
   717   *>    03  PY743           pic x(37) value "PY743 Now Processing Employee Number:".             *> 22
   718       03  PY744           pic x(44) value "PY744 If All Period Ending Information Shown".      *> 23
   719       03  PY745           pic x(36) value "PY745 Is Correct, Type 'YES'   [   ]".              *> 24
   720       03  PY746           pic x(47) value "PY746 Terminated Employees are Being Deleted - ".   *> 25
   721       03  PY747           pic x(42) value "PY747 Can I DELETE terminated Employees - ".
   722  *>
   723
   724
   725
   726
   727   01  Error-Code          pic 999.
   728  *>
   729   01  COB-CRT-Status      pic 9(4)         value zero.
   730  *>C      copy "screenio.cpy".
   731        *>  Copyright (C) 2008-2012, 2015-2016, 2019, 2021
   732        *>  Free Software Foundation, Inc.
   733        *>  Written by Roger While, Simon Sobisch
   734        *>
   735        *>  This file is part of GnuCOBOL.
   736        *>
   737        *>  The GnuCOBOL compiler is free software: you can redistribute
   738        *>  it and/or modify it under the terms of the GNU General Public
   739        *>  License as published by the Free Software Foundation, either
   740        *>  version 3 of the License, or (at your option) any later
   741        *>  version.
   742        *>
   743        *>  GnuCOBOL is distributed in the hope that it will be useful,
   744        *>  but WITHOUT ANY WARRANTY; without even the implied warranty of
   745        *>  MERCHANTABILITY or FITNESS FOR A PARTICULAR PURPOSE.  See the
   746        *>  GNU General Public License for more details.
   747        *>
   748        *>  You should have received a copy of the GNU General Public
   749        *>  License along with GnuCOBOL.
   750        *>  If not, see <https://www.gnu.org/licenses/>.
   751
   752
   753        *>   Colors
   754         78  COB-COLOR-BLACK                  VALUE 0.
   755         78  COB-COLOR-BLUE                   VALUE 1.
   756         78  COB-COLOR-GREEN                  VALUE 2.
ACS Cobol Xref v2.03.18          Dictionary File for PYPEREND    27/03/2026  19:27:43:54                               Page   15

   757         78  COB-COLOR-CYAN                   VALUE 3.
   758         78  COB-COLOR-RED                    VALUE 4.
   759         78  COB-COLOR-MAGENTA                VALUE 5.
   760         78  COB-COLOR-YELLOW                 VALUE 6.
   761         78  COB-COLOR-WHITE                  VALUE 7.
   762
   763        *>   mouse mask, apply to COB-MOUSE-FLAGS
   764         78  COB-AUTO-MOUSE-HANDLING          VALUE 1.
   765         78  COB-ALLOW-LEFT-DOWN              VALUE 2.
   766         78  COB-ALLOW-LEFT-UP                VALUE 4.
   767         78  COB-ALLOW-LEFT-DOUBLE            VALUE 8.
   768         78  COB-ALLOW-MIDDLE-DOWN            VALUE 16.
   769         78  COB-ALLOW-MIDDLE-UP              VALUE 32.
   770         78  COB-ALLOW-MIDDLE-DOUBLE          VALUE 64.
   771         78  COB-ALLOW-RIGHT-DOWN             VALUE 128.
   772         78  COB-ALLOW-RIGHT-UP               VALUE 256.
   773         78  COB-ALLOW-RIGHT-DOUBLE           VALUE 512.
   774         78  COB-ALLOW-MOUSE-MOVE             VALUE 1024.
   775         78  COB-ALLOW-ALL-SCREEN-ACTIONS     VALUE 16384. *> reserved
   776
   777        *> Values that may be returned in CRT STATUS (or COB-CRT-STATUS)
   778        *> Normal return - Value 0000
   779         78  COB-SCR-OK                       VALUE  0.
   780
   781        *>  Function keys - Values 1xxx
   782         78  COB-SCR-F1                       VALUE  1001.
   783         78  COB-SCR-F2                       VALUE  1002.
   784         78  COB-SCR-F3                       VALUE  1003.
   785         78  COB-SCR-F4                       VALUE  1004.
   786         78  COB-SCR-F5                       VALUE  1005.
   787         78  COB-SCR-F6                       VALUE  1006.
   788         78  COB-SCR-F7                       VALUE  1007.
   789         78  COB-SCR-F8                       VALUE  1008.
   790         78  COB-SCR-F9                       VALUE  1009.
   791         78  COB-SCR-F10                      VALUE  1010.
   792         78  COB-SCR-F11                      VALUE  1011.
   793         78  COB-SCR-F12                      VALUE  1012.
   794         78  COB-SCR-F13                      VALUE  1013.
   795         78  COB-SCR-F14                      VALUE  1014.
   796         78  COB-SCR-F15                      VALUE  1015.
   797         78  COB-SCR-F16                      VALUE  1016.
   798         78  COB-SCR-F17                      VALUE  1017.
   799         78  COB-SCR-F18                      VALUE  1018.
   800         78  COB-SCR-F19                      VALUE  1019.
   801         78  COB-SCR-F20                      VALUE  1020.
   802         78  COB-SCR-F21                      VALUE  1021.
   803         78  COB-SCR-F22                      VALUE  1022.
   804         78  COB-SCR-F23                      VALUE  1023.
   805         78  COB-SCR-F24                      VALUE  1024.
   806         78  COB-SCR-F25                      VALUE  1025.
   807         78  COB-SCR-F26                      VALUE  1026.
   808         78  COB-SCR-F27                      VALUE  1027.
   809         78  COB-SCR-F28                      VALUE  1028.
   810         78  COB-SCR-F29                      VALUE  1029.
ACS Cobol Xref v2.03.18          Dictionary File for PYPEREND    27/03/2026  19:27:43:54                               Page   16

   811         78  COB-SCR-F30                      VALUE  1030.
   812         78  COB-SCR-F31                      VALUE  1031.
   813         78  COB-SCR-F32                      VALUE  1032.
   814         78  COB-SCR-F33                      VALUE  1033.
   815         78  COB-SCR-F34                      VALUE  1034.
   816         78  COB-SCR-F35                      VALUE  1035.
   817         78  COB-SCR-F36                      VALUE  1036.
   818         78  COB-SCR-F37                      VALUE  1037.
   819         78  COB-SCR-F38                      VALUE  1038.
   820         78  COB-SCR-F39                      VALUE  1039.
   821         78  COB-SCR-F40                      VALUE  1040.
   822         78  COB-SCR-F41                      VALUE  1041.
   823         78  COB-SCR-F42                      VALUE  1042.
   824         78  COB-SCR-F43                      VALUE  1043.
   825         78  COB-SCR-F44                      VALUE  1044.
   826         78  COB-SCR-F45                      VALUE  1045.
   827         78  COB-SCR-F46                      VALUE  1046.
   828         78  COB-SCR-F47                      VALUE  1047.
   829         78  COB-SCR-F48                      VALUE  1048.
   830         78  COB-SCR-F49                      VALUE  1049.
   831         78  COB-SCR-F50                      VALUE  1050.
   832         78  COB-SCR-F51                      VALUE  1051.
   833         78  COB-SCR-F52                      VALUE  1052.
   834         78  COB-SCR-F53                      VALUE  1053.
   835         78  COB-SCR-F54                      VALUE  1054.
   836         78  COB-SCR-F55                      VALUE  1055.
   837         78  COB-SCR-F56                      VALUE  1056.
   838         78  COB-SCR-F57                      VALUE  1057.
   839         78  COB-SCR-F58                      VALUE  1058.
   840         78  COB-SCR-F59                      VALUE  1059.
   841         78  COB-SCR-F60                      VALUE  1060.
   842         78  COB-SCR-F61                      VALUE  1061.
   843         78  COB-SCR-F62                      VALUE  1062.
   844         78  COB-SCR-F63                      VALUE  1063.
   845         78  COB-SCR-F64                      VALUE  1064.
   846        *>  Exception keys - Values 2xxx
   847         78  COB-SCR-PAGE-UP                  VALUE  2001.
   848         78  COB-SCR-PAGE-DOWN                VALUE  2002.
   849         78  COB-SCR-KEY-UP                   VALUE  2003.
   850         78  COB-SCR-KEY-DOWN                 VALUE  2004.
   851         78  COB-SCR-ESC                      VALUE  2005.
   852         78  COB-SCR-PRINT                    VALUE  2006.
   853         78  COB-SCR-TAB                      VALUE  2007.
   854         78  COB-SCR-BACK-TAB                 VALUE  2008.
   855         78  COB-SCR-KEY-LEFT                 VALUE  2009.
   856         78  COB-SCR-KEY-RIGHT                VALUE  2010.
   857        *>  The following exception keys are currently *only* returned
   858        *>  on ACCEPT OMITTED
   859         78  COB-SCR-INSERT                   VALUE  2011.
   860         78  COB-SCR-DELETE                   VALUE  2012.
   861         78  COB-SCR-BACKSPACE                VALUE  2013.
   862         78  COB-SCR-KEY-HOME                 VALUE  2014.
   863         78  COB-SCR-KEY-END                  VALUE  2015.
   864        *>  Exception keys for mouse handling
ACS Cobol Xref v2.03.18          Dictionary File for PYPEREND    27/03/2026  19:27:43:54                               Page   17

   865         78  COB-SCR-MOUSE-MOVE               VALUE  2040.
   866         78  COB-SCR-LEFT-PRESSED             VALUE  2041.
   867         78  COB-SCR-LEFT-RELEASED            VALUE  2042.
   868         78  COB-SCR-LEFT-DBL-CLICK           VALUE  2043.
   869         78  COB-SCR-MID-PRESSED              VALUE  2044.
   870         78  COB-SCR-MID-RELEASED             VALUE  2045.
   871         78  COB-SCR-MID-DBL-CLICK            VALUE  2046.
   872         78  COB-SCR-RIGHT-PRESSED            VALUE  2047.
   873         78  COB-SCR-RIGHT-RELEASED           VALUE  2048.
   874         78  COB-SCR-RIGHT-DBL-CLICK          VALUE  2049.
   875         78  COB-SCR-SHIFT-MOVE               VALUE  2050.
   876         78  COB-SCR-SHIFT-LEFT-PRESSED       VALUE  2051.
   877         78  COB-SCR-SHIFT-LEFT-RELEASED      VALUE  2052.
   878         78  COB-SCR-SHIFT-LEFT-DBL-CLICK     VALUE  2053.
   879         78  COB-SCR-SHIFT-MID-PRESSED        VALUE  2054.
   880         78  COB-SCR-SHIFT-MID-RELEASED       VALUE  2055.
   881         78  COB-SCR-SHIFT-MID-DBL-CLICK      VALUE  2056.
   882         78  COB-SCR-SHIFT-RIGHT-PRESSED      VALUE  2057.
   883         78  COB-SCR-SHIFT-RIGHT-RELEASED     VALUE  2058.
   884         78  COB-SCR-SHIFT-RIGHT-DBL-CLICK    VALUE  2059.
   885         78  COB-SCR-CTRL-MOVE                VALUE  2060.
   886         78  COB-SCR-CTRL-LEFT-PRESSED        VALUE  2061.
   887         78  COB-SCR-CTRL-LEFT-RELEASED       VALUE  2062.
   888         78  COB-SCR-CTRL-LEFT-DBL-CLICK      VALUE  2063.
   889         78  COB-SCR-CTRL-MID-PRESSED         VALUE  2064.
   890         78  COB-SCR-CTRL-MID-RELEASED        VALUE  2065.
   891         78  COB-SCR-CTRL-MID-DBL-CLICK       VALUE  2066.
   892         78  COB-SCR-CTRL-RIGHT-PRESSED       VALUE  2067.
   893         78  COB-SCR-CTRL-RIGHT-RELEASED      VALUE  2068.
   894         78  COB-SCR-CTRL-RIGHT-DBL-CLICK     VALUE  2069.
   895         78  COB-SCR-ALT-MOVE                 VALUE  2070.
   896         78  COB-SCR-ALT-LEFT-PRESSED         VALUE  2071.
   897         78  COB-SCR-ALT-LEFT-RELEASED        VALUE  2072.
   898         78  COB-SCR-ALT-LEFT-DBL-CLICK       VALUE  2073.
   899         78  COB-SCR-ALT-MID-PRESSED          VALUE  2074.
   900         78  COB-SCR-ALT-MID-RELEASED         VALUE  2075.
   901         78  COB-SCR-ALT-MID-DBL-CLICK        VALUE  2076.
   902         78  COB-SCR-ALT-RIGHT-PRESSED        VALUE  2077.
   903         78  COB-SCR-ALT-RIGHT-RELEASED       VALUE  2078.
   904         78  COB-SCR-ALT-RIGHT-DBL-CLICK      VALUE  2079.
   905         78  COB-SCR-WHEEL-UP                 VALUE  2080.
   906         78  COB-SCR-WHEEL-DOWN               VALUE  2081.
   907        *>78 COB-SCR-WHEEL-LEFT               VALUE  2082.  *reserved*
   908        *>78 COB-SCR-WHEEL-RIGHT              VALUE  2083.  *reserved*
   909         78  COB-SCR-SHIFT-WHEEL-UP           VALUE  2084.
   910         78  COB-SCR-SHIFT-WHEEL-DOWN         VALUE  2085.
   911        *>78 COB-SCR-SHIFT-WHEEL-LEFT         VALUE  2086.  *reserved*
   912        *>78 COB-SCR-SHIFT-WHEEL-RIGHT        VALUE  2087.  *reserved*
   913         78  COB-SCR-CTRL-WHEEL-UP            VALUE  2088.
   914         78  COB-SCR-CTRL-WHEEL-DOWN          VALUE  2089.
   915        *>78 COB-SCR-CTRL-WHEEL-LEFT          VALUE  2090.  *reserved*
   916        *>78 COB-SCR-CTRL-WHEEL-RIGHT         VALUE  2091.  *reserved*
   917         78  COB-SCR-ALT-WHEEL-UP             VALUE  2092.
   918         78  COB-SCR-ALT-WHEEL-DOWN           VALUE  2093.
ACS Cobol Xref v2.03.18          Dictionary File for PYPEREND    27/03/2026  19:27:43:54                               Page   18

   919        *>78 COB-SCR-ALT-WHEEL-LEFT           VALUE  2094.  *reserved*
   920        *>78 COB-SCR-ALT-WHEEL-RIGHT          VALUE  2095.  *reserved*
   921        *>  Input validation - Values 8xxx
   922         78  COB-SCR-NO-FIELD                 VALUE  8000.
   923         78  COB-SCR-TIME-OUT                 VALUE  8001.
   924        *>  Other errors - Values 9xxx
   925         78  COB-SCR-FATAL                    VALUE  9000.
   926         78  COB-SCR-MAX-FIELD                VALUE  9001.
   927  *>
   928  *>  might be needed but test remed out
   929  *>
   930  *>C  copy "wstime.cob".
   931   01  ws-time.
   932       03  wsa-date.
   933         05  wsa-yy        pic 99.
   934         05  wsa-mm        pic 99.
   935         05  wsa-dd        pic 99.
   936       03  wsb-time.
   937         05  wsb-hh        pic 99.
   938         05  wsb-mm        pic 99.
   939         05  wsb-ss        pic 99.
   940         05  filler        pic xx.
   941       03  wsd-time.
   942         05  wsd-hh        pic 99.
   943         05  wsd-sa        pic x  value ":".
   944         05  wsd-mm        pic 99.
   945         05  wsd-sb        pic x  value ":".
   946         05  wsd-ss        pic 99.
   947  *>
   948   01  wse-date-block.
   949       03  wse-date.
   950           05  wse-year    pic 9(4).
   951           05  wse-month   pic 99.
   952           05  wse-days    pic 99.
   953       03  WSE-Date-9 redefines wse-date
   954                           pic 9(8).
   955       03  wse-time.
   956           05  wse-hh      pic 99.
   957           05  wse-mm      pic 99.
   958           05  wse-ss      pic 99.
   959       03  filler          pic x(7).
   960  *>
   961
   962  *>
   963  *>C  copy "wsmaps03.cob".    *> for maps04
   964         >>source free
   965  *>*********
   966  *> maps03 *
   967  *>*********
   968  *> 23/04/09 vbc - Support for UK, USA, Intl formats
   969   01  maps03-ws.
   970       03  u-date          pic x(10).
   971       03  u-UK redefines u-date.
   972           05  u-days      pic 99.
ACS Cobol Xref v2.03.18          Dictionary File for PYPEREND    27/03/2026  19:27:43:54                               Page   19

   973           05  filler      pic x.
   974           05  u-month     pic 99.
   975           05  filler      pic x.
   976           05  u-year.
   977               07  u-cc    pic 99.
   978               07  u-yy    pic 99.
   979       03  u-USA redefines u-date.
   980           05  u-usa-month pic 99.
   981           05  filler      pic x.
   982           05  u-usa-days  pic 99.
   983           05  filler      pic x.
   984           05  filler      pic x(4).
   985       03  u-Intl redefines u-date.
   986           05  u-intl-year.
   987               07  u-intl-cc pic 99.
   988               07  u-intl-yy pic 99.
   989           05  filler        pic x.
   990           05  u-intl-month  pic 99.
   991           05  filler        pic x.
   992           05  u-intl-days   pic 99.
   993       03  u-bin           binary-long.
   994  *>C  copy "wsfnctn.cob".
   995  *>**********************************
   996  *>                                 *
   997  *>  File Access Control Functions  *
   998  *>                                 *
   999  *>**********************************
  1000  *> 28/05/16 vbc - Added RDB setup fields - socket, host, port to user, passwd, schema.
  1001  *> 25/08/16 vbc - Amended size of RDBMS-Socket from 32 to 64 chars.
  1002  *> 01/10/16 vbc - Changed WE-Error & Rrn to pic 999 / 9.  To see if it is the cause
  1003  *>                of No data in SYSTOT-REC bug after running sys4LD.
  1004  *> 29/10/16 vbc - FS-Action increased size from 20 to 22 for logest msg in sys002.
  1005  *>  7/12/16 vbc - Increased Access-Type to 99 from 9 for extra adhoc functions
  1006  *>                such as select x ORDER BY etc.
  1007  *>                Not used yet.
  1008  *> 22/12/16 vbc - Oops, previous chg should have been for File-Function.
  1009  *>                next-read-raw changed to 13.
  1010  *> 06/01/17 vbc - Increased size of rrn for GL. System to be recompiled.
  1011  *> 18/04/17 vbc - Added function Read-Next-Header (34) for SL020, 50, 140.
  1012  *> 21/04/18 vbc - Added ACAS-Path and Path-Work for scr save/dumps delete files).
  1013  *> 20/05/23 vbc - Added notes for read header for sl820.
  1014  *> 06/08/23 vbc - Activated  fn-not-greater-than (for Stock file).
  1015  *>
  1016   01  File-Access.
  1017       03  We-Error        pic 999.
  1018       03  Rrn             pic 9(5)   comp.     *> increased from 9 for GL.
  1019       03  Fs-Reply        pic 99.
  1020       03  s1              pic x.               *> this is USED for some programs 28.05.18.
  1021       03  Curs            pic 9(4).
  1022       03  filler redefines Curs.
  1023           05  Lin         pic 99.
  1024           05  Cole        pic 99.
  1025       03  Curs2           pic 9(4).
  1026       03  filler redefines Curs2.
ACS Cobol Xref v2.03.18          Dictionary File for PYPEREND    27/03/2026  19:27:43:54                               Page   20

  1027           05  Lin2        pic 99.
  1028           05  Col2        pic 99.
  1029  *>
  1030  *> Holds path to current working dir - used for screen dump & restores.
  1031  *>
  1032       03  ACAS-Path       pic x(525)     value spaces.
  1033       03  Path-Work       pic x(525)     value spaces.
  1034  *>
  1035       03  FS-Action       pic x(22)  value spaces.
  1036  *> current range 1 thru 3
  1037  *>     1 = Stock-Key (or only key), 2 = Stock-Abrev-Key, 3 = Stock-Desc
  1038       03  Logging-Data.
  1039           05  Accept-Reply    pic x      value space.
  1040           05  File-Key-No     pic 9.
  1041           05  ws-Log-System   pic 9      value zero.       *> loaded by caller of FHlogger
  1042           05  ws-No-Paragraph pic 999.
  1043           05  SQL-Err         pic x(5).
  1044           05  SQL-Msg         pic x(512) value spaces.
  1045           05  SQL-State       pic x(5).
  1046           05  WS-File-Key     pic x(64)  value spaces.     *> loaded by caller of FHlogging increased to 64-- 30/12/16
  1047           05  WS-Log-Where    pic x(231) value spaces.
  1048           05  WS-Log-File-No  pic 99     value zeroes.     *> loaded by caller of FHlogger
  1049           05  WS-Count-Rows   pic 9(7)   value zeroes.     *> used in Delete-All in valueMT
  1050       03  RDB-Data.
  1051           05  DB-Schema   pic x(12)  value spaces.
  1052           05  DB-UName    pic x(12)  value spaces.
  1053           05  DB-UPass    pic x(12)  value spaces.
  1054           05  DB-Host     pic x(32)  value spaces.
  1055           05  DB-Socket   pic x(64)  value spaces.
  1056           05  DB-Port     pic x(5)   value spaces.
  1057  *>
  1058  *>  Helps to tell MT to move file record from the FD or the WS record. NOT YET USED
  1059  *>
  1060       03  Main-Record-Move-Flag pic 9 value zero.
  1061           88  MRMF-Move-FD           value 1.
  1062           88  MRMF-Move-WS           value 2.
  1063  *>
  1064  *>   need to change next one if used in the DAL, e.g., move "66" ...
  1065  *>
  1066       03  FA-RDBMS-Flat-Statuses.                        *> Comes from System-Record via acas0nn
  1067           07  FA-File-System-Used  pic 9.
  1068               88  FA-FS-Cobol-Files-Used        value zero.
  1069               88  FA-FS-RDBMS-Used              value 1.
  1070  *>                 88  FA-FS-MySql-Used          value 1.  *> ditto
  1071  *>                 88  FA-FS-Oracle-Used         value 2.  *> THESE NOT IN USE
  1072  *>                 88  FA-FS-Postgres-Used       value 3.  *> ditto
  1073  *>                 88  FA-FS-DB2-Used            value 4.  *> ditto
  1074  *>                 88  FA-FS-MS-SQL-Used         value 5.  *> ditto
  1075               88  FA-FS-Valid-Options           values 0 thru 1.    *> 5. (not in use unless 1-5)
  1076           07  FA-File-Duplicates-In-Use pic 9.                      *> NO LONGER USED other than for a '6' = rdb.
  1077               88  FA-FS-Duplicate-Processing    value 1.
  1078  *>
  1079  *> Block for File/table access via acas000 thru acas033 for IS files and rdbms
  1080  *> Also see RDBMS-Flat-Statuses in System-Record
ACS Cobol Xref v2.03.18          Dictionary File for PYPEREND    27/03/2026  19:27:43:54                               Page   21

  1081  *>
  1082       03  File-Function   pic 99.
  1083           88  fn-open            value 1.
  1084           88  fn-close           value 2.
  1085           88  fn-read-next       value 3.
  1086           88  fn-read-indexed    value 4.
  1087           88  fn-write           value 5.
  1088           88  fn-Delete-All      value 6.       *> 10/10/16 - Delete all records.
  1089           88  fn-re-write        value 7.
  1090           88  fn-delete          value 8.
  1091           88  fn-start           value 9.
  1092  *>
  1093           88  fn-Write-Raw       value 15.
  1094           88  fn-Read-Next-Raw   value 13.       *> 14/11/16 - Special 4 LD.
  1095  *>
  1096           88  fn-Read-By-Name    value 31.       *> 15/01/17 for Salesled (SL160), could be used for GL ledger?
  1097           88  fn-Read-By-Batch   value 32.       *> 08/02/17 for OTM3/5 (sl095/pl095)
  1098           88  fn-Read-By-Cust    value 33.       *> 09/02/17 for OTM3 (sl110, 120, 190)
  1099           88  fn-Read-Next-Header value 34.      *> 18/04/17 for Invoice (sl020, 50, 140, 820)
  1100  *>
  1101       03  Access-Type     pic 9.                *> For rdbms 2 should cover all !!!
  1102           88  fn-input           value 1.
  1103           88  fn-i-o             value 2.
  1104           88  fn-output          value 3.
  1105           88  fn-extend          value 4.       *> not valid for ISAM
  1106           88  fn-equal-to        value 5.
  1107           88  fn-less-than       value 6.
  1108           88  fn-greater-than    value 7.
  1109           88  fn-not-less-than   value 8.
  1110           88  fn-not-greater-than value 9.
  1111  *>
  1112  *>
  1113  *>C  copy "Test-Data-Flags.cob".  *> set sw-Testing to zero to stop logging.
  1114  *>
  1115  *>  This data is present in ALL ACAS modules.
  1116  *>   When testing comlete you can set SW-Testing to zero
  1117  *>    to stop the logging file being produced.
  1118  *>
  1119   01 ACAS-DAL-Common-data.     *> For DAL processing.
  1120  *>
  1121  *> log file reporting for testing otherwise zero
  1122  *>
  1123       03  SW-Testing               pic 9   value 1.    *>   zero.
  1124           88  Testing-1                    value 1.
  1125  *>
  1126  *>  Testing only for displays ws-where etc  otherwise zero
  1127  *>
  1128       03  SW-Testing-2             pic 9   value zero.
  1129           88  Testing-2                    value 1.
  1130  *>
  1131       03  Log-File-Rec-Written     pic 9(6) value zero.    *> in both acas0nn and a DAL.
  1132  *>
  1133  *>
  1134   linkage section.
ACS Cobol Xref v2.03.18          Dictionary File for PYPEREND    27/03/2026  19:27:43:54                               Page   22

  1135  *>***************
  1136  *>
  1137  *>C  copy "wscall.cob".
  1138  *> 14/03/18 vbc - 1.01   WS-CD-Args for passing extra info to called process
  1139  *>                        that will help in a cron call by time via menu
  1140  *>                        program. picked by position within WS-Args.
  1141  *> 14/11/25 vbc - 1.02 - Chg WS-Term-Code from 9 to 99.
  1142  *>
  1143   01  WS-Calling-Data.
  1144       03  WS-Called       pic x(8).
  1145       03  WS-Caller       pic x(8).
  1146       03  WS-Del-Link     pic x(8).
  1147       03  WS-Term-Code    pic 99.
  1148  *>                                 new 18/5/13
  1149       03  WS-Process-Func pic 9.
  1150       03  WS-Sub-Function pic 9.
  1151       03  WS-CD-Args      pic x(13).    *> Changed / Added 14/03/18
  1152  *>
  1153  *>C  copy "wssystem.cob"   replacing System-Record by WS-System-Record.
  1154  *>
  1155  *>*******************************************
  1156  *>                                          *
  1157  *>  Record Definition For The System File   *
  1158  *>                                          *
  1159  *>*******************************************
  1160  *>  File size 1024 with fillers
  1161  *>   Cleared down update details 01/02/09 to 12/06/13
  1162  *>
  1163  *> 22/09/15 vbc - Added Param-Restrict (Access) within a current filler.
  1164  *>                Set this will stop display of option Z in sub-system menus.
  1165  *>                Need to detect actual user though when setup or could just use
  1166  *>                chown for sys002 to admin user?
  1167  *> 25/06/16 vbc - Added RDBMS-Port & needs RDBMS-Host, RDBMS-Socket.
  1168  *>                Increased 'System-data' from 384 to 512 bytes & removed O/E
  1169  *>                  Block (128) as it is unused.
  1170  *> 26/06/16 vbc - Updated MySQL Load scripts ACASDB.sql in ACAS/mysql.
  1171  *>                  Prima is yet to be done !!!
  1172  *> 19/10/16 vbc - Changed PL-Approp-AC in IRS block from 9(5) to 9(6) for GL
  1173  *>                support & reduced filler by 1.
  1174  *>                With IRS data mapped into ACAS the IRS block can reduce to 32 bytes
  1175  *>                Just need to change all of the IRS programs to use ACAS fields but
  1176  *>                also NEED to change the date processing to use same in rest of ACAS
  1177  *>                and not binary days since 01/01/2000 and hold dates in dd/mm/yy form.
  1178  *>                Added 2 88s to Op-System for IRS.
  1179  *> 27/10/16 vbc - Changed level-5 to IRS instead of omitted O/E.
  1180  *> 15/01/18 vbc - Added Stats-Date-Period with a filler & vers = 14.
  1181  *> 02/02/18 vbc - Replaced file-statuses with filler x(32).
  1182  *> 10/02/18 vbc - For PL-Approp-AC6 move filler to beginning of field as irs
  1183  *>                does not need the leading digit (uses only 5).
  1184  *> 17/03/18 vbc - Added SL-Invoice-Lines within last filler so gone from 45 to 43.
  1185  *> 18/03/18 vbc - Added false for Level-5 & 6, e.g., zero.
  1186  *> 06/06/18 vbc - Added six new fields as bin-long to support for G-L and IRS used at same time.
  1187  *>                RDBMS needs to be updated. Done 06/06/16 -> Mariadb backups.
  1188  *>                sys002 needs to be updated if implemented.
ACS Cobol Xref v2.03.18          Dictionary File for PYPEREND    27/03/2026  19:27:43:54                               Page   23

  1189  *>                systemMT needs to be updated (in un/load moves).
  1190  *> 03/06/20 vbc - Changes to some RDBMS values.
  1191  *> 10/12/22 vbc - Remove File-Duplicates-In-Use - not used.
  1192  *> 14/04/23 vbc - SL-Autogen added (& PL-Autogen) both using FILLER space.
  1193  *> 15/05/23 vbc - SL-Next-Rec and PL-Next-Rec bin-short unsigned for next Autogen record key.
  1194  *> 26/06/23 vbc - Added Company-Email repacing filler.
  1195  *> 09/09/23 vbc - Pre support for OE but as comments for now as will not be used in ACAS - pointless.
  1196  *> 10/09/23 vbc - Removed condition Payroll-No as not used.
  1197  *> 13/03/24 vbc - In fillers added fields SL-BO-Flag and Stk-BO-Active,
  1198  *> 18/12/24 vbc - Clean up remd out texts & added Co. Phone No reducing filler.
  1199  *> 14/11/25 vbc - Support for Payroll in use that replaces OE usage as not needed.
  1200  *>
  1201   01
  1202   WS-System-Record.
  1203  *>******************
  1204  *>   System Data   *
  1205  *>******************
  1206       03  System-Data-Block.               *>  512 bytes (25/06/16)
  1207   05
  1208   WS-System-Record-Version-Prime
  1209
  1210
  1211   binary-char.
  1212   05
  1213   WS-System-Record-Version-Secondary
  1214   binary-char.
  1215           05  Vat-Rates                    comp.
  1216               07 Vat-Rate-1   pic 99v99.   *> Standard rate
  1217               07 Vat-Rate-2   pic 99v99.   *> Reduced rate
  1218               07 Vat-Rate-3   pic 99v99.   *> Minimal or exempt
  1219               07 Vat-Rate-4   pic 99v99.   *> 2b used for local sales tax   Not UK
  1220               07 Vat-Rate-5   pic 99v99.   *> 2b used for local sales tax   Not UK
  1221           05  Vat-Rate redefines Vat-Rates pic 99v99 comp occurs 5.
  1222           05  Cyclea          binary-char.  *> 99.
  1223           05  Scycle Redefines cyclea  binary-char.
  1224           05  Period          binary-char.  *> 99.
  1225           05  Page-Lines      binary-char  unsigned. *> 999. Portrait / default
  1226           05  Next-Invoice    binary-long. *> 9(8) comp.
  1227           05  Run-Date        binary-long. *> 9(8) comp.
  1228           05  Start-Date      binary-long. *> 9(8) comp.
  1229           05  End-Date        binary-long. *> 9(8) comp.
  1230           05  Suser.                       *> IRS
  1231               07  Usera       pic x(32).
  1232           05  User-Code       pic x(32).   *> encrypted username not used on OS versions so also b 4 client?
  1233           05  Address-1       pic x(24).
  1234           05  Address-2       pic x(24).
  1235           05  Address-3       pic x(24).
  1236           05  Address-4       pic x(24).
  1237           05  Post-Code       pic x(12).   *> or ZipCode size should cover all countries
  1238           05  Country         pic x(24).
  1239           05  Print-Spool-Name pic x(48).
  1240           05  Phone-No        pic x(12).  *> added 21/10/25 reducing filler.
  1241           05  FILLER          pic x(20).
  1242           05  Pass-Value      pic 9.
ACS Cobol Xref v2.03.18          Dictionary File for PYPEREND    27/03/2026  19:27:43:54                               Page   24

  1243           05  Level.
  1244               07  Level-1     pic 9.
  1245                   88  G-L                    value 1.    *> General (Nominal) ledger
  1246               07  Level-2     pic 9.
  1247                   88  B-L                    value 1.    *> Purchase (Payables) ledger
  1248               07  Level-3     pic 9.
  1249                   88  S-L                    value 1.    *> Sales (Receivables) ledger
  1250               07  Level-4     pic 9.
  1251                   88  Stock                  value 1.    *> Stock Control (Inventory)
  1252               07  Level-5     pic 9.
  1253                   88  IRS                    value 1.    *> IRS used (instead of General).
  1254                   88  IRS-No                 value zero. *> IRS NOT Used.
  1255               07  Level-6     pic 9.
  1256                   88  Payroll                value 1.    *> Payroll - USA
  1257           05  Pass-Word       pic x(4).
  1258           05  Host            pic 9.
  1259               88  Multi-User                 value 1.
  1260           05  Op-System       pic 9.
  1261               88  valid-os-type              values 1 2 3 4 5 6.
  1262               88  No-OS                      value zero.
  1263               88  Dos                        value 1.
  1264               88  Windows                    value 2.
  1265               88  Mac                        value 3.
  1266               88  Os2                        value 4.
  1267               88  Unix                       value 5.
  1268               88  Linux                      value 6.
  1269               88  OS-Single                  values 1 2 4.
  1270           05  Current-Quarter pic 9.
  1271           05  RDBMS-Flat-Statuses.
  1272               07  File-System-Used  pic 9.
  1273                   88  FS-Cobol-Files-Used    value zero.
  1274                   88  FS-MySql-Used          value 1.
  1275                                            *> THESE NOT IN USE at this time
  1276                   88  FS-RDBMS-Used          value 1.  *> Was generic
  1277  *>                 88  FS-Oracle-Used         value 3.  *> ditto   -  change values to order in which
  1278  *>                 88  FS-Postgres-Used       value 2.  *> ditto       they are implemented
  1279  *>                 88  FS-DB2-Used            value 4.  *> ditto        or made available
  1280  *>                 88  FS-MS-SQL-Used         value 5.  *> ditto
  1281  *>                 88  FS-ODBC-Used           value 6.  *> ditto
  1282                   88  FS-Valid-Options       values 0 thru 1.    *> 5. (not in use unless 1-5)
  1283               07  File-Duplicates-In-Use pic 9.           *> No longer in use
  1284                   88  FS-Duplicate-Processing value 1.    *>  Ditto
  1285           05  Maps-Ser.      *> Not needed in OpenSource version, = 9999 (No Maintenance Contract]
  1286               07  Maps-Ser-xx pic xx.        *> Allows for 36^2  customers = 60,466,176
  1287               07  Maps-Ser-nn binary-short.  *>     x  129600 - 2  - Very very large.
  1288           05  Date-Form       pic 9.
  1289               88  Date-Valid-Formats         values 1 2 3.
  1290           05  Data-Capture-Used pic 9.
  1291               88  DC-Cobol-Standard          value zero.
  1292               88  DC-GUI                     value 1.
  1293               88  DC-Widget                  value 2.
  1294           05  RDBMS-DB-Name   pic x(12)      value "ACASDB".     *> change in setup
  1295           05  RDBMS-User      pic x(12)      value "ACAS-User".  *> change in setup
  1296           05  RDBMS-Passwd    pic x(12)      value "PaSsWoRd".   *> change in setup
ACS Cobol Xref v2.03.18          Dictionary File for PYPEREND    27/03/2026  19:27:43:54                               Page   25

  1297           05  VAT-Reg-Number  pic x(11)      value spaces.
  1298           05  Param-Restrict  pic x.                             *> Only via ACAS?
  1299           05  RDBMS-Port      pic x(5)       value "3306".       *> change in setup
  1300           05  RDBMS-Host      pic x(32)      value spaces.       *> change in setup
  1301           05  RDBMS-Socket    pic x(64)      value spaces.       *> change in setup v3
  1302           05  Stats-Date-Period pic 9(4).                      *> added 15/01/18.
  1303           05  Company-Email   pic x(30).                         *> changed from filler 26/06/23
  1304  *>***************
  1305  *>   G/L Data   *
  1306  *>***************
  1307       03  General-Ledger-Block.               *> 80 bytes
  1308           05  P-C             pic x.
  1309               88  Profit-Centres             value "P".
  1310               88  Branches                   value "B".
  1311           05  P-C-Grouped     pic x.
  1312               88  Grouped                    value "Y".
  1313           05  P-C-Level       pic x.
  1314               88  Revenue-Only               value "R".
  1315           05  Comps           pic x.
  1316               88  Comparatives               value "Y".
  1317           05  Comps-Active    pic x.
  1318               88  Comparatives-Active        value "Y".
  1319           05  M-V             pic x.
  1320               88  Minimum-Validation         value "Y".
  1321           05  Arch            pic x.
  1322               88  Archiving                  value "Y".
  1323           05  Trans-Print     pic x.
  1324               88  Mandatory                  value "Y".
  1325           05  Trans-Printed   pic x.
  1326               88  Trans-Done                 value "Y".
  1327           05  Header-Level    pic 9.                      *> Not directly used in sys002 but anywhere ?
  1328           05  Sales-Range     pic 9.
  1329           05  Purchase-Range  pic 9.
  1330           05  Vat             pic x.
  1331               88  Auto-Vat                   value "Y".
  1332           05  Batch-Id        pic x.
  1333               88  Preserve-Batch             value "Y".
  1334           05  Ledger-2nd-Index pic x.                     *> But file uses SINGLE INDEX only & gl030 uses a table.
  1335               88  Index-2                    value "Y".
  1336           05  IRS-Instead     pic x.
  1337               88  IRS-Used                   value "Y".
  1338               88  IRS-Both-Used              value "B".   *> 26/11/16
  1339           05  Ledger-Sec      binary-short.  *> 9(4) comp
  1340           05  Updates         binary-short.  *> 9(4) comp
  1341           05  Postings        binary-short.  *> 9(4) comp
  1342           05  Next-Batch      binary-short.  *> 9(4) comp  should be unsigned used for all ledgers
  1343           05  Extra-Charge-Ac binary-long.   *> 9(8) comp        NOTHING IS USING THIS FIELD IN SALES or PURCHASE
  1344           05  Vat-Ac          binary-long.   *> 9(8) comp
  1345           05  Print-Spool-Name2 pic x(48).
  1346  *>******************
  1347  *>   P(B)/L Data   *
  1348  *>******************
  1349       03  Purchase-Ledger-Block.             *> 88 bytes
  1350           05  Next-Folio      binary-long.   *> 9(8) comp
ACS Cobol Xref v2.03.18          Dictionary File for PYPEREND    27/03/2026  19:27:43:54                               Page   26

  1351           05  BL-Pay-Ac       binary-long.   *> 9(8) comp
  1352           05  P-Creditors     binary-long.   *> 9(8) comp
  1353           05  BL-Purch-Ac     binary-long.   *> 9(8) comp
  1354           05  BL-End-Cycle-Date binary-long. *> 9(8) comp
  1355           05  BL-Next-Batch   binary-short.  *> 9(4) comp  should be unsigned - unused ?
  1356           05  Age-To-Pay      binary-char.   *> 9(4) comp should be unsigned
  1357           05  Purchase-Ledger pic x.
  1358               88  P-L-Exists                 value "Y".
  1359           05  PL-Delim        pic x.
  1360           05  Entry-Level     pic 9.
  1361           05  P-Flag-A        pic 9.
  1362           05  P-Flag-I        pic 9.
  1363           05  P-Flag-P        pic 9.
  1364           05  PL-Stock-Link   pic x.
  1365           05  Print-Spool-Name3 pic x(48).
  1366           05  PL-Autogen      pic x          value space.        *> added 14/04/23 NOT USED YET
  1367           05  PL-Next-Rec     binary-short unsigned.            *> 2 bytes 0 - 65k
  1368           05  FILLER          pic x(7).
  1369  *>***************
  1370  *>   S/L Data   *
  1371  *>***************
  1372       03  Sales-Ledger-Block.                *> 128 bytes
  1373           05  Sales-Ledger    pic x.
  1374               88  S-L-Exists                 value "Y".
  1375           05  SL-Delim        pic x.
  1376           05  Oi-3-Flag       pic x.         *> 'Y' used in sl060 why?
  1377           05  Cust-Flag       pic x.
  1378           05  Oi-5-Flag       pic x.
  1379           05  S-Flag-Oi-3     pic x.         *> 'Z' when otm3 created, used in sl060 why? NO LONGER USED
  1380           05  Full-Invoicing  pic 9.
  1381           05  S-Flag-A        pic 9.         *> '1' used in sl060 why?
  1382           05  S-Flag-I        pic 9.         *> '2' used in sl060 why?
  1383           05  S-Flag-P        pic 9.
  1384           05  SL-Dunning      pic 9.
  1385           05  SL-Charges      pic 9.
  1386           05  Sl-Own-Nos      pic x.
  1387           05  SL-Stats-Run    pic 9.
  1388           05  Sl-Day-Book     pic 9.
  1389           05  invoicer        pic 9.
  1390               88  I-Level-0                  value 0.  *> show totals only (no net & vat) not used?
  1391               88  I-Level-1                  value 1.  *> Show net, vat
  1392               88  I-Level-2                  value 2.  *> show Details + vat etc looks wrong in sl910 totals only (no net & vat)
  1393               88  Not-Invoicing              value 9.  *> show totals only (no net & vat) but not found yet nor level 3 (see sl900)
  1394           05  Extra-Desc      pic x(14).
  1395           05  Extra-Type      pic x.
  1396               88  Discount                   value "D".
  1397               88  Charge                     value "C".
  1398           05  Extra-Print     pic x.
  1399           05  SL-Stock-Link   pic x.
  1400           05  SL-Stock-Audit  pic x.
  1401               88  Stock-Audit-On             value "Y".   *> Invoicing will create an audit record (15/05/13)
  1402           05  SL-Late-Per     pic 99v99    comp.
  1403           05  SL-Disc         pic 99v99    comp.
  1404           05  Extra-Rate      pic 99v99    comp.
ACS Cobol Xref v2.03.18          Dictionary File for PYPEREND    27/03/2026  19:27:43:54                               Page   27

  1405           05  SL-Days-1       binary-char.    *> 999  comp.
  1406           05  SL-Days-2       binary-char.    *> 999  comp.
  1407           05  SL-Days-3       binary-char.    *> 999  comp.
  1408           05  SL-Credit       binary-char.    *> 999  comp.
  1409           05  FILLER          binary-short.   *> No longer used.
  1410           05  SL-Min          binary-short.   *> 9999  comp.
  1411           05  SL-Max          binary-short.   *> 9999  comp.
  1412           05  PF-Retention    binary-short.   *> 9999  comp.
  1413           05  First-Sl-Batch  binary-short.   *> 9999  comp.   *>unused ?
  1414           05  First-Sl-Inv    binary-long.    *> 9(8) comp.
  1415           05  SL-Limit        binary-long.    *> 9(8) comp.
  1416           05  SL-Pay-Ac       binary-long.    *> 9(8) comp.
  1417           05  S-Debtors       binary-long.    *> 9(8) comp.
  1418           05  SL-Sales-Ac     binary-long.    *> 9(8) comp.
  1419           05  S-End-Cycle-Date binary-long.   *> 9(8) comp.
  1420           05  SL-Comp-Head-Pick Pic x.
  1421               88  SL-Comp-Pick               value "Y".
  1422           05  SL-Comp-Head-Inv  pic x.
  1423               88  SL-Comp-Inv                value "Y".
  1424           05  SL-Comp-Head-Stat pic x.
  1425               88  SL-Comp-Stat               value "Y".
  1426           05  SL-Comp-Head-Lets pic x.
  1427               88  SL-Comp-Lets               value "Y".
  1428           05  SL-VAT-Printed  pic x.
  1429               88  SL-VAT-Prints              value "Y".
  1430           05  SL-Invoice-Lines pic 99.
  1431           05  SL-Autogen      pic x          value space.        *> added 14/04/23
  1432           05  SL-Next-Rec     binary-short unsigned.             *> 2 bytes 0 - 65k
  1433           05  SL-BO-Flag      pic x          value space.      *> support for Back Ordering - may be = Y for true.
  1434           05  SL-BO-Default   pic x.
  1435           05  FILLER          pic X(14).                       *> was x (16)
  1436  *> GL overflow
  1437           05  GL-BL-Pay-Ac    binary-long.    *> 9(8) comp    THESE 6 ADDED 06/06/18 to poss. support GL and IRS
  1438           05  GL-P-Creditors  binary-long.    *> 9(8) comp    RUNNING at same time.
  1439           05  GL-BL-Purch-Ac  binary-long.    *> 9(8) comp
  1440           05  GL-SL-Pay-Ac    binary-long.    *> 9(8) comp.
  1441           05  GL-S-Debtors    binary-long.    *> 9(8) comp.
  1442           05  GL-SL-Sales-Ac  binary-long.    *> 9(8) comp.
  1443  *>***************
  1444  *> Stock Data   *
  1445  *>***************
  1446  *>
  1447       03  Stock-Control-Block.                *> 88 bytes
  1448           05  Stk-Abrev-Ref   pic x(6).
  1449           05  Stk-Debug       pic 9.          *> T/F (1/0).
  1450           05  Stk-Manu-Used   pic 9.          *> T/F (Bomp/Wip)
  1451           05  Stk-OE-Used     pic 9.          *> T/F.
  1452           05  Stk-Audit-Used  pic 9.          *> T/F.
  1453           05  Stk-Mov-Audit   pic 9.          *> T/F.
  1454           05  Stk-Period-Cur  pic x.          *> M=Monthly, Q=Quarterly, Y=Yearly
  1455           05  Stk-Period-dat  pic x.          *>  --  ditto  --
  1456           05  FILLER          pic x.          *> was stk-date-form
  1457           05  Stock-Control   pic x.
  1458               88  Stock-Control-Exists   value "Y".
ACS Cobol Xref v2.03.18          Dictionary File for PYPEREND    27/03/2026  19:27:43:55                               Page   28

  1459           05  Stk-Averaging   pic 9.          *> T/F.
  1460               88  Stock-Averaging        value 1.
  1461           05  Stk-Activity-Rep-Run pic 9.     *> T/F.  =17 bytes 0=no, 1=add, 2=del, 3=both
  1462           05  Stk-BO-Active   pic x.          *> was filler 13/03/24
  1463           05  Stk-Page-Lines  binary-char unsigned.  *> 9999 comp. Taken from Print-Lines
  1464           05  Stk-Audit-No    binary-char unsigned.  *> 9999 comp.
  1465           05  FILLER          pic x(68).             *> 64    (just in case)
  1466           05  Client             pic x(24). 	*> 		24      *> Not needed as will use suser
  1467           05  Next-Post          pic 9(5).  	*> 		29                                                  N   5
  1468           05  Vat-Rates2.                                             *> these can be replaced by the other VAT blk
  1469               07  vat1           pic 99v99. 	*> 		33   *> Standard  changed from vat (11/06/13)
  1470               07  vat2           pic 99v99. 	*> 		37   *> reduced 1 [not yet used]
  1471               07  vat3           pic 99v99. 	*> 		41   *> reduced 2 [not yet used]
  1472           05  Vat-Group redefines Vat-Rates2.
  1473               07  Vat-Psent      pic 99v99    occurs 3.
  1474           05  FILLER redefines PL-Approp-AC6.
  1475               07  FILLER         pic 9.           *>                   loose leading char for IRS
  1476               07  PL-Approp-AC   pic 9(5).        *>                   For IRS
  1477           05  FILLER             pic x(59).       *>             128  Old fn-1 to 5 files
  1478       03  IRS-Data-Block redefines IRS-Entry-Block.
  1479           05  FILLER-Dummy4   pic x(128).
  1480  *>
  1481  *>>W Msg29 Caution: One or more replacing sources not found
  1482  *>C  copy "wsnames.cob".
  1483  *>
  1484  *> Sales, Purchase, Stock, General & now IRS for v3.3 with integrated IRS
  1485  *>    for use in xl150 and ??
  1486  *>
  1487  *>  Files used in Sales, Stock, Purchase, General & IRS
  1488  *> 17/11/16 vbc - Added IRS files + their renaming with irs prefix.
  1489  *> 04/12/16 vbc - Added irs055 sort file as file-38.
  1490  *> 09/05/23 vbc - Added PL & SL autogen (files04, 30 increased count to 38
  1491  *> 16/03/24 vbc - Added Sales Bo-Stk-Itm as file31  increased count to 39
  1492  *> 21/10/25 vbc - Added Payroll - USA/Canada - other files needed for elsewhere
  1493  *>                inc UK / Europe etc.
  1494  *>
  1495   01  File-Defs.
  1496       02  file-defs-a.
  1497           03  pre-trans-name   pic x(532)  value "pretrans.tmp". *> gl071
  1498           03  post-trans-name  pic x(532)  value "postrans.tmp". *> gl071
  1499  *>C  copy "file00.cob".    *> "system"
  1500       03  file-0         pic x(532)        value "system.dat".
  1501  *>                        No file 1
  1502  *>C  copy "file02.cob".    *> "archive".
  1503       03  file-2         pic x(532)        value "archive.dat".
  1504  *>C  copy "file03.cob".    *> "final".
  1505       03  file-3         pic x(532)        value "final.dat".
  1506  *>C  copy "file04.cob".    *> "SLautogen"
  1507       03  file-4         pic x(532)        value "slautogen.dat".
  1508  *>C  copy "file05.cob".    *> "ledger".
  1509       03  file-5         pic x(532)        value "ledger.dat".
  1510  *>C  copy "file06.cob".    *> "posting".
  1511       03  file-6         pic x(532)        value "posting.dat".
  1512  *>C  copy "file07.cob".    *> "batch".
ACS Cobol Xref v2.03.18          Dictionary File for PYPEREND    27/03/2026  19:27:43:55                               Page   29

  1513       03  file-7         pic x(532)        value "batch.dat".
  1514  *>C  copy "file08.cob".    *> "postings2irs.dat"
  1515       03  file-8         pic x(532)        value "postings2irs.dat".
  1516  *>C  copy "file09.cob".    *> "tmp-stock".
  1517       03  file-9         pic x(532)        value "tmp-stock.dat".
  1518  *>C  copy "file10.cob".    *> "staudit".
  1519       03  file-10        pic x(532)        value "staudit.dat".
  1520  *>C  copy "file11.cob".    *> "stockctl".
  1521       03  file-11        pic x(532)        value "stockctl.dat".
  1522  *>C  copy "file12.cob".    *> "salesled".
  1523       03  file-12        pic x(532)        value "salesled.dat".
  1524  *>C  copy "file13.cob".    *> "value.dat"
  1525       03  file-13        pic x(532)        value "value.dat".
  1526  *>C  copy "file14.cob".    *> "delivery.dat"
  1527       03  file-14        pic x(532)        value "delivery.dat".
  1528  *>C  copy "file15.cob".    *> "analysis.dat"
  1529       03  file-15        pic x(532)        value "analysis.dat".
  1530  *>C  copy "file16.cob".    *> "invoice ".
  1531       03  file-16        pic x(532)        value "invoice.dat".
  1532  *>C  copy "file17.cob".    *> "delinvno".
  1533       03  file-17        pic x(532)        value "delinvno.dat".
  1534  *>C  copy "file18.cob".    *> "openitm2".
  1535       03  file-18        pic x(532)        value "openitm2.dat".
  1536  *>C  copy "file19.cob".    *> "openitm3".
  1537       03  file-19        pic x(532)        value "openitm3.dat".
  1538  *>C  copy "file20.cob".    *> "oisort".
  1539       03  file-20        pic x(532)        value "oisort.wrk".
  1540  *>C  copy "file21.cob".    *> "work.tmp"
  1541       03  file-21        pic x(532)        value "work.tmp".
  1542  *>C  copy "file22.cob".    *> "purchled"
  1543       03  file-22        pic x(532)        value "purchled.dat".
  1544  *>C  copy "file23.cob".    *> "delfolio.dat"
  1545       03  file-23        pic x(532)        value "delfolio.dat".
  1546  *>C  copy "file24.cob".    *> dummy to build file-02
  1547       03  file-24        pic x(532)        value spaces.
  1548  *>                        No file 25
  1549  *>C  copy "file26.cob".    *> "pinvoice"
  1550       03  file-26        pic x(532)        value "pinvoice.dat".
  1551  *>C  copy "file27.cob".    *> "poisort"
  1552       03  file-27        pic x(532)        value "poisort.wrk".
  1553  *>C  copy "file28.cob".    *> "openitm4"
  1554       03  file-28        pic x(532)        value "openitm4.dat".
  1555  *>C  copy "file29.cob".    *> "openitm5"
  1556       03  file-29        pic x(532)        value "openitm5.dat".
  1557  *>C  copy "file30.cob".    *> "PLautogen.dat"
  1558       03  file-30        pic x(532)        value "plautogen.dat".
  1559  *>C  copy "file31.cob".    *> "boStkitm.dat" NEw 16/03/24
  1560       03  file-31        pic x(532)        value "bostkitm.dat".
  1561  *>C  copy "file32.cob".    *> "pay.dat"
  1562       03  file-32        pic x(532)        value "pay.dat".
  1563  *>C  copy "file33.cob".    *> "cheque.dat"
  1564       03  file-33        pic x(532)        value "cheque.dat".
  1565           03  file-34          pic x(532)  value "irsacnts.dat".        *> IRS ex file 1  These 4 added 19/10/16 for IRS integration
  1566           03  file-35          pic x(532)  value "irsdflt.dat".         *> IRS ex file 3  all name have 'irs' prefix.
ACS Cobol Xref v2.03.18          Dictionary File for PYPEREND    27/03/2026  19:27:43:55                               Page   30

  1567           03  file-36          pic x(532)  value "irspost.dat".         *> IRS ex file 4
  1568           03  file-37          pic x(532)  value "irsfinal.dat".        *> IRS ex file 5
  1569           03  file-38          pic x(532)  value "postsort.dat".        *> IRS ex irs055 sort file.
  1570
  1571  *> Code for Payroll  AND INCREASE occurs both times
  1572           03  file-39          pic x(532)  value "pyact.dat".               *> PY account
  1573           03  file-40          pic x(532)  value "pychk.dat".               *> PY check / bacs
  1574           03  file-41          pic x(532)  value "pycoh.dat".               *> PY company history
  1575           03  file-42          pic x(532)  value "pyded.dat".               *> PY deduction {/ earnings}
  1576           03  file-43          pic x(532)  value "pyemp.dat".               *> PY employee master
  1577           03  file-44          pic x(532)  value "pyhis.dat".               *> PY employee (pay) history
  1578           03  file-45          pic x(532)  value "pyhrs.dat".               *> PY pay trans
  1579           03  file-46          pic x(532)  value "pypay.dat".               *> PY pay detail jrn + header ???
  1580           03  file-47          pic x(532)  value "pypr1.dat".               *> PY param 1
  1581           03  file-48          pic x(532)  value "pypr2.dat".               *> PY param 2
  1582  *> TABLES Blk 1
  1583           03  file-49          pic x(532)  value "pycalm.dat".              *> PY  calx - x = s,m,h, x?
  1584           03  file-50          pic x(532)  value "pycals.dat".              *> PY
  1585           03  file-51          pic x(532)  value "pycalh.dat".              *> PY
  1586           03  file-52          pic x(532)  value "pycalx.dat".              *> PY  california special tables ???
  1587           03  file-53          pic x(532)  value "pylwt.dat".               *> PY  tax table ???
  1588           03  file-54          pic x(532)  value "pyswtaa.dat".             *> PY  swt aa = State abbrev. code Only one used
  1589           03  file-55          pic x(532)  value "pyglcoann.dat".           *> PY gl CoA transfer ??
  1590           03  file-56          pic x(532)  value "pyglgjbss.dat".           *> PY  ???
  1591  *> Not sure about these two up/down
  1592             03  file-57          pic x(532)  value "pycal.dat".             *> PY  ??? calm,s,h etc
  1593  *>
  1594       02  filler         redefines file-defs-a.
  1595           03  System-File-Names   pic x(532) occurs 58.            *> 39 chg for sales BO file plus py
  1596       02  File-Defs-Count         binary-short value 58.           *> MUST be the same as above occurs
  1597       02  File-Defs-os-Delimiter  pic x.                           *> if = \ or / then paths have been set.
  1598  *>
  1599  *>
  1600   01  To-Day              pic x(10).
  1601  *>
  1602   screen section.
  1603  *>
  1604   01  Display-Heads                background-color cob-color-black
  1605                                    foreground-color 3
  1606                                    erase eos.
  1607       03  from  Prog-Name  pic x(15)  line  1 col  1 foreground-color 2.
  1608       03  value "Payroll Period End "         col 37.
  1609       03  from  U-Date     pic x(10)          col 71 foreground-color 2.
  1610       03  from  Usera      pic x(32)  line  3 col  1.
  1611  *>
  1612   *>    03  value "Copyright (c) 2025-" line 24 col  1 foreground-color 3.
  1613   *>    03  from  wse-year              line 24 col 20 foreground-color 3.
  1614   *>    03  value "Applewood Computers" line 24 col 25 foreground-color 3.
  1615   *>    03  from maps-ser-xx            line 24 col 74 foreground-color 3. *> mp or MP
  1616   *>    03  from curs2                  line 24 col 76 foreground-color 3. *> = 9999 - O/S version
  1617  *>
  1618  *> 01  SS-Param-Menu-1    background-color cob-color-black
  1619  *>                        foreground-color cob-color-green
  1620  *>                        erase eos.
ACS Cobol Xref v2.03.18          Dictionary File for PYPEREND    27/03/2026  19:27:43:55                               Page   31

  1621
  1622
  1623  *>
  1624  *>
  1625   procedure division using WS-Calling-Data  *> ACAS
  1626                            WS-System-Record *> ACAS
  1627                            To-Day           *> ACAS
  1628                            File-Defs.       *> ACAS
  1629  *>
  1630   aa000-Main                  section.
  1631  *>**********************************
  1632  *> Force Esc, PgUp, PgDown, PrtSC to be detected
  1633       set      ENVIRONMENT "COB_SCREEN_EXCEPTIONS" to "Y".
  1634       set      ENVIRONMENT "COB_SCREEN_ESC" to "Y".
  1635       move     Current-Date to WSE-Date-block.
  1636  *>
  1637       perform  forever
  1638                accept   WS-Env-Lines   from lines
  1639                if       WS-Env-Lines < 28
  1640                         display  SY010    at 0101 with erase eos
  1641                         accept   WS-Reply at 0133
  1642                         move     8 to WS-Term-Code
  1643                         exit perform cycle
  1644                end-if
  1645                accept   WS-Env-Columns from Columns
  1646                if       WS-Env-Columns < 80
  1647                         display  SY013    at 0101 with erase eos
  1648                         accept   WS-Reply at 0130
  1649                         move     8 to WS-Term-Code
  1650                         exit perform cycle
  1651                end-if
  1652       end-perform.
  1653  *>
  1654  *> Set up error message areas on screen - NEEDED ?
  1655  *>
  1656       subtract 2 from WS-Env-Lines giving WS-22-Lines.
  1657       subtract 1 from WS-Env-Lines giving WS-23-Lines.
  1658       move     WS-Env-Lines to WS-Lines.
  1659  *>
  1660       move     1 to RRN.
  1661       open     input PY-Param1-File.
  1662       if       PY-PR1-Status not = "00"      *> Does not exist yet so lets create it & write rec
  1663                close    PY-Param1-File
  1664                display  PY725 at line WS-23-Lines col 1 with erase eos
  1665                display  SY001         at line WS-Lines    col 1
  1666                accept   WS-Reply      at line WS-Lines    col 48 AUTO
  1667                move     16 to WS-Term-Code
  1668                goback   returning 1.
  1669  *>
  1670       move     1 to RRN.
  1671       read     PY-Param1-File key RRN.
  1672       if       PY-PR1-Status not = "00"
  1673                perform  ZZ040-Evaluate-Message
  1674                display  PY002         at line WS-23-Lines col 1 with erase eos
ACS Cobol Xref v2.03.18          Dictionary File for PYPEREND    27/03/2026  19:27:43:55                               Page   32

  1675                display  PY-PR1-Status at line WS-23-Lines col 33
  1676                display  WS-Eval-Msg   at line WS-23-Lines col 36
  1677                display  SY001         at line WS-Lines    col 1
  1678                accept   WS-Reply      at line WS-Lines    col 48 AUTO
  1679                close    PY-Param1-File
  1680                move     16 to WS-Term-Code
  1681                goback   returning 1.
  1682  *> PR1 left open
  1683   *>    move     zero  to  Menu-Reply.
  1684  *>
  1685       open     i-o PY-Employee-File.
  1686       if       PY-Emp-Status not = zeros
  1687                display  PY721 at line  WS-23-Lines col 1 with erase eos
  1688                display  SY001         at line WS-Lines    col 1
  1689                accept   WS-Reply      at line WS-Lines    col 48 AUTO
  1690                close    PY-Param1-File
  1691                close    PY-Employee-File
  1692                move     16 to WS-Term-Code
  1693                goback   returning 2.
  1694   *>
  1695       open     i-o PY-History-File.
  1696       if       PY-His-Emp-Status not = zeros
  1697                display  PY722 at line  WS-23-Lines col 1 with erase eos
  1698                display  SY001         at line WS-Lines    col 1
  1699                accept   WS-Reply      at line WS-Lines    col 48 AUTO
  1700                close    PY-Param1-File
  1701                         PY-Employee-File
  1702                         PY-History-File
  1703                move     16 to WS-Term-Code
  1704                goback   returning 3.
  1705  *>
  1706       open     i-o PY-Comp-Hist-File.
  1707       if       PY-Coh-Status not = zeros
  1708                display  PY723 at line  WS-23-Lines col 1 with erase eos
  1709                display  SY001         at line WS-Lines    col 1
  1710                accept   WS-Reply      at line WS-Lines    col 48 AUTO
  1711                close    PY-Param1-File
  1712                         PY-Employee-File
  1713                         PY-History-File
  1714                         PY-Comp-Hist-File
  1715                move     16 to WS-Term-Code
  1716                goback   returning 4.
  1717  *>
  1718       move     1 to RRN.
  1719       read     PY-Comp-Hist-File.
  1720       if       PY-Coh-Status not = zeros
  1721                move     PY-Coh-Status to PY-PR1-Status
  1722                perform  ZZ040-Evaluate-Message
  1723                display  PY017 at line  WS-23-Lines col 1 with erase eos
  1724                display  PY-Emp-Status at line WS-23-Lines col 34
  1725                display  WS-Eval-Msg   at line WS-23-Lines col 37
  1726                display  SY001         at line WS-Lines    col 1
  1727                accept   WS-Reply      at line WS-Lines    col 48 AUTO
  1728                close    PY-Param1-File
ACS Cobol Xref v2.03.18          Dictionary File for PYPEREND    27/03/2026  19:27:43:55                               Page   33

  1729                         PY-Employee-File
  1730                         PY-History-File
  1731                         PY-Comp-Hist-File
  1732                move     16 to WS-Term-Code
  1733                goback   returning 4.
  1734  *>
  1735  *> Determine which period
  1736  *>
  1737       display  space at 0101 erase eos.  *> should be already
  1738  *> start 400
  1739       if       WS-Process-Func = 1      *> Quarter end proceesing requested  410
  1740                move     "Q" to WS-Ending
  1741        else
  1742         if     WS-Process-Func = 2   *> Year end proceesing requested
  1743                move     "Y" to WS-Ending
  1744          else                        *> A  bug some where?
  1745                display  PY734 at line WS-22-Lines  col 1 with erase eos
  1746                display  SY001 at line WS-Lines     col 1
  1747                accept   WS-Reply  at line WS-Lines col 48 AUTO
  1748                close    PY-Param1-File
  1749                         PY-Employee-File
  1750                         PY-History-File
  1751                         PY-Comp-Hist-File
  1752                move     16 to WS-Term-Code
  1753                goback   returning 5.
  1754  *>
  1755       if       WS-Ending = "Y"
  1756         and    PY-PR2-Last-Q-Ended not = 4
  1757                display  PY726 at line WS-22-Lines  col 1 with erase eos
  1758                display  SY001 at line WS-Lines     col 1
  1759                accept   WS-Reply  at line WS-Lines col 48 AUTO
  1760                close    PY-Param1-File
  1761                         PY-Employee-File
  1762                         PY-History-File
  1763                         PY-Comp-Hist-File
  1764                move     16 to WS-Term-Code
  1765                goback   returning 6.
  1766  *>
  1767       if       WS-Ending = "Q"      *> Determine which Quarter start 420
  1768                evaluate PY-PR2-Last-Q-Ended
  1769                  when   4
  1770                         move     1 to WS-Ending  *> Set to next Q
  1771                  when   3
  1772                         move     4 to WS-Ending
  1773                  when   2
  1774                         move     3 to WS-Ending
  1775                  when   1
  1776                         move     2 to WS-Ending
  1777                  when   other
  1778                         display  PY735 at line WS-22-Lines  col 1 with erase eos
  1779                         display  SY001 at line WS-Lines     col 1
  1780                         accept   WS-Reply  at line WS-Lines col 48 AUTO
  1781                         close    PY-Param1-File
  1782                                  PY-Employee-File
ACS Cobol Xref v2.03.18          Dictionary File for PYPEREND    27/03/2026  19:27:43:55                               Page   34

  1783                                  PY-History-File
  1784                                  PY-Comp-Hist-File
  1785                         move     16 to WS-Term-Code
  1786                         goback   returning 7
  1787                end-evaluate.
  1788  *> 430 EOY ?
  1789       move     space    to WS-OK.
  1790       if       WS-Ending = "Y"
  1791                if       PY-PR2-940-Printed not = "Y" *> 08 728
  1792                         move     "N" to WS-OK
  1793                         display  PY728 at 1201
  1794                else
  1795                 if      PY-PR2-W2-Printed not = "Y"  *> 09 729
  1796                         move     "N" to WS-OK
  1797                         display  PY729 at 1301
  1798                 else
  1799                  if     PY-PR2-Just-Closed-Year = "Y" *> 13 733
  1800                         move     "N" to WS-OK
  1801                         display  PY733 at 1401
  1802                  else
  1803                         move     "Y" to WS-OK.
  1804  *> 435 EOQ ?
  1805       if       WS-Ending not = "Y"
  1806         and    PY-PR2-941-Printed not = "Y"  *> 12  732
  1807                move     "N" to WS-OK
  1808                display  PY732 at 1501
  1809       end-if
  1810  *> 400 B
  1811       if       WS-OK not = "Y"
  1812                close    PY-Param1-File
  1813                         PY-Employee-File
  1814                         PY-History-File
  1815                         PY-Comp-Hist-File
  1816                display  SY015 at 1501
  1817                display  SY001 at 1601
  1818                accept   WS-Reply at 1648
  1819                move     16 to WS-Term-Code
  1820                goback   returning 8.         *> Not ready for EOY / EOQ
  1821  *> 400 C
  1822       if       WS-Ending = "Y"
  1823                add      1  PY-PR2-Year giving WS-New-Year.
  1824  *> 440 450
  1825       if       WS-OK = "N"
  1826                display  SY015 at 2201 foreground-color 6
  1827                close    PY-Param1-File
  1828                         PY-Employee-File
  1829                         PY-History-File
  1830                         PY-Comp-Hist-File
  1831                move     16 to WS-Term-Code
  1832                goback   returning 8.
  1833  *>
  1834       move     PY-PR2-Year to WS-Year.
  1835       if       WS-Ending = "Y"
  1836                display  PY736   at 1201    *> next 27
ACS Cobol Xref v2.03.18          Dictionary File for PYPEREND    27/03/2026  19:27:43:55                               Page   35

  1837                display  WS-Year at 1227
  1838       else
  1839                display  PY737   at 1201    *> next 27
  1840                display  WS-Quarters (WS-Ending9)  at 1222
  1841                display  WS-Year at 1240.
  1842  *> 440 still
  1843       if       WS-Ending = 4
  1844                add       1 to WS-Year
  1845                move      1 to WS-Ending9
  1846       else
  1847                add       1 to WS-Ending9.
  1848       display  PY737   at 1201.
  1849       display  WS-Quarters (WS-Ending9)  at 1222.
  1850       display  WS-Year at 1240.
  1851  *> 450
  1852       display  PY744 at line WS-22-Lines     col 1.
  1853       display  PY745 at line WS-23-Lines     col 1.
  1854       accept   WS-Answer at line WS-23-Lines col 32 UPPER.
  1855       if       WS-Answer = "YES"
  1856                move     "Y" to WS-OK
  1857       else
  1858                move     "N" to WS-OK.
  1859       display  PY747 at line WS-22-Lines   col 1.
  1860       display  PY745 at line WS-23-Lines   col 1.
  1861       accept   WS-Answer at line WS-23-Lines col 32 UPPER.
  1862       if       WS-Answer = "YES"
  1863                move     "Y" to WS-Delete-OK
  1864       else
  1865                move     "N" to WS-Delete-OK.
  1866  *>
  1867       display  space    at line WS-22-Lines col 1 erase eos.
  1868  *>
  1869       if       WS-OK = "N"
  1870                display  SY015 at 2201 foreground-color 6
  1871                close    PY-Param1-File
  1872                         PY-Employee-File
  1873                         PY-History-File
  1874                         PY-Comp-Hist-File
  1875                move     16 to WS-Term-Code
  1876                goback   returning 8.
  1877  *>
  1878  *> Get the Emp and matching His Emp records
  1879  *>
  1880       perform  forever
  1881                read     PY-Employee-File next at end
  1882                         exit perform
  1883                end-read
  1884                if       PY-Emp-Status not = zero
  1885                         move     PY-Emp-Status to PY-PR1-Status
  1886                         perform  ZZ040-Evaluate-Message
  1887                         display  PY015         at line WS-23-Lines col 1 foreground-color 6 erase eos
  1888                         display  PY-Emp-Status at line WS-23-Lines col 34
  1889                         display  WS-Eval-Msg   at line WS-23-Lines col 37
  1890                         display  SY001         at line WS-Lines    col 1
ACS Cobol Xref v2.03.18          Dictionary File for PYPEREND    27/03/2026  19:27:43:55                               Page   36

  1891                         accept   WS-Reply      at line WS-Lines    col 48 AUTO
  1892                         close    PY-Param1-File
  1893                                  PY-Employee-File
  1894                                  PY-History-File
  1895                                  PY-Comp-Hist-File
  1896                         move     16 to WS-Term-Code
  1897                         goback   returning 10
  1898                end-if
  1899                move     Emp-No to His-Emp-No
  1900                read     PY-History-File key His-Emp-No
  1901                if       PY-His-Emp-Status not = zero
  1902                         move     PY-His-Emp-Status to PY-PR1-Status
  1903                         perform  ZZ040-Evaluate-Message
  1904                         display  PY016         at line WS-23-Lines col 1 foreground-color 6 erase eos
  1905                         display  PY-Emp-Status at line WS-23-Lines col 34
  1906                         display  WS-Eval-Msg   at line WS-23-Lines col 37
  1907                         display  SY001         at line WS-Lines    col 1
  1908                         accept   WS-Reply      at line WS-Lines    col 48 AUTO
  1909                         close    PY-Param1-File
  1910                                  PY-Employee-File
  1911                                  PY-History-File
  1912                                  PY-Comp-Hist-File
  1913                         move     16 to WS-Term-Code
  1914                         goback   returning 11
  1915                end-if
  1916  *>
  1917  *> So have both Employee and Employee History records - lucky us
  1918  *>
  1919                if       WS-Ending = "Y"
  1920                         subtract Emp-Vac-Used from Emp-Vac-Accum
  1921                         subtract Emp-SL-Used  from Emp-SL-Accum
  1922                         subtract Emp-Comp-Used from Emp-Comp-Accum
  1923                         move     zero to Emp-Vac-Used
  1924                                          Emp-SL-Used
  1925                                          Emp-Comp-Used
  1926                end-if
  1927  *>
  1928                if       Emp-Status = "T"
  1929                   and   WS-Ending = "Y"
  1930                         move     "D" to Emp-Status *> mark it but not delete it - YET
  1931                         display  PY746  at line WS-22-Lines col 1
  1932                         display  Emp-No at line WS-22-Lines col 48
  1933                else
  1934                         display  space  at line WS-22-Lines col 1 erase eol
  1935                end-if
  1936  *>
  1937                if       WS-Ending = "Y"
  1938                         initialise
  1939                                  His-YTD
  1940                                  His-QTD
  1941                end-if
  1942  *>
  1943                rewrite  PY-Employee-Record
  1944                if       PY-Emp-Status not = zeros  *> ABORT
ACS Cobol Xref v2.03.18          Dictionary File for PYPEREND    27/03/2026  19:27:43:55                               Page   37

  1945                         move     PY-Emp-Status to PY-PR1-Status
  1946                         perform  ZZ040-Evaluate-Message
  1947                         display  PY018         at line WS-23-Lines col 1 foreground-color 6 erase eos
  1948                         display  PY-Emp-Status at line WS-23-Lines col 34
  1949                         display  WS-Eval-Msg   at line WS-23-Lines col 37
  1950                         display  SY001         at line WS-Lines    col 1
  1951                         accept   WS-Reply      at line WS-Lines    col 48 AUTO
  1952                         close    PY-Param1-File
  1953                                  PY-Employee-File
  1954                                  PY-History-File
  1955                                  PY-Comp-Hist-File
  1956                         move     16 to WS-Term-Code
  1957                         goback   returning 12
  1958                end-if
  1959  *>
  1960                rewrite  PY-History-Record
  1961                if       PY-His-Emp-Status not = zeros  *> ABORT
  1962                         move     PY-His-Emp-Status to PY-PR1-Status
  1963                         perform  ZZ040-Evaluate-Message
  1964                         display  PY019         at line WS-23-Lines col 1 foreground-color 6 erase eos
  1965                         display  PY-Emp-Status at line WS-23-Lines col 34
  1966                         display  WS-Eval-Msg   at line WS-23-Lines col 37
  1967                         display  SY001         at line WS-Lines    col 1
  1968                         accept   WS-Reply      at line WS-Lines    col 48 AUTO
  1969                         close    PY-Param1-File
  1970                                  PY-Employee-File
  1971                                  PY-History-File
  1972                                  PY-Comp-Hist-File
  1973                         move     16 to WS-Term-Code
  1974                         goback   returning 12
  1975                end-if
  1976       end-perform.
  1977  *>
  1978       if       WS-Ending = "Y"  *> Year Init.
  1979                initialise
  1980                         Coh-YTD
  1981                         Coh-Date-Tax
  1982                         Coh-Q-Taxes
  1983
  1984       else     *> Quarter init.
  1985                move     Coh-QTD-Co-futa-Liab to Coh-Q-Co-Futa-Liab (WS-Ending9)
  1986                move     Coh-QTD-FWT-Liab     to Coh-Q-Tax (WS-Ending9)
  1987                add      Coh-QTD-Fica-Liab
  1988                         Coh-QTD-Co-Fica-Liab  to Coh-Q-Fica-Tax (WS-Ending9)
  1989                initialise
  1990                         Coh-QTD
  1991                         Coh-Date-Tax
  1992       end-if
  1993       move     1 to RRN.
  1994       rewrite  PY-Comp-Hist-Record.
  1995       if       PY-Coh-Status not = zeros    *> ABORT
  1996                move     PY-Coh-Status to PY-PR1-Status
  1997                perform  ZZ040-Evaluate-Message
  1998                display  PY020         at line WS-23-Lines col 1 foreground-color 6 erase eos
ACS Cobol Xref v2.03.18          Dictionary File for PYPEREND    27/03/2026  19:27:43:55                               Page   38

  1999                display  PY-Coh-Status at line WS-23-Lines col 34
  2000                display  WS-Eval-Msg   at line WS-23-Lines col 37
  2001                display  SY001         at line WS-Lines    col 1
  2002                accept   WS-Reply      at line WS-Lines    col 48 AUTO
  2003                close    PY-Param1-File
  2004                         PY-Employee-File
  2005                         PY-History-File
  2006                         PY-Comp-Hist-File
  2007                move     16 to WS-Term-Code
  2008                goback   returning 12
  2009       end-if
  2010  *>
  2011  *> Update PR2
  2012  *>
  2013       if       WS-Ending = "Y"
  2014                Move     PY-PR2-Year to PY-PR2-Last-Year-Ended
  2015                add      1 to PY-PR2-Year
  2016                move     "N" to PY-PR2-940-Printed
  2017                                PY-PR2-W2-Printed
  2018                move     "Y" to PY-PR2-Just-Closed-Year
  2019       else
  2020                move     WS-Ending9 to PY-PR2-Last-Q-Ended
  2021                move     "N"  to PY-PR2-941-Printed
  2022                                 PY-PR2-Just-Closed-Year
  2023                move     zero to PY-PR2-No-of-WB-Applies
  2024                                 PY-PR2-No-of-SM-Applies
  2025       end-if,
  2026  *>
  2027  *> EOJ
  2028  *>
  2029       rewrite  PY-Param1-Record.
  2030       if       PY-PR1-Status not = "00"   *> If error just report it as too late now - data recovery and rerun ?
  2031                perform  ZZ040-Evaluate-Message
  2032                display  PY001         at line WS-23-Lines col 1 with erase eos
  2033                display  PY-PR1-Status at line WS-23-Lines col 37
  2034                display  WS-Eval-Msg   at line WS-23-Lines col 40
  2035                display  SY001         at line WS-Lines    col 1
  2036                accept   WS-Reply      at line WS-Lines    col 48 AUTO.
  2037  *>
  2038       close    PY-Param1-File
  2039                PY-Employee-File
  2040                PY-History-File
  2041                PY-Comp-Hist-File.
  2042       move     0 to WS-Term-Code.
  2043       display  SY016 at line WS-23-Lines  col 1 with erase eos.
  2044       display  SY004 at line WS-Lines     col 1.
  2045       accept   WS-Reply  at line WS-Lines col 22 AUTO.
  2046       goback.
  2047  *>
  2048  *>
  2049   ZZ040-Evaluate-Message      Section.
  2050  *>**********************************
  2051  *>
  2052  *> For PY-PR1 parameter file anfd other using PR-PR1-Status.
ACS Cobol Xref v2.03.18          Dictionary File for PYPEREND    27/03/2026  19:27:43:55                               Page   39

  2053  *>
  2054  *>C      copy "FileStat-Msgs-2.cpy" replacing MSG  by WS-Eval-Msg
  2055  *>C                                         STATUS by PY-PR1-Status.
  2056  *> ***************************************************************
  2057  *> ** Author: Gary L. Cutler                                    **
  2058  *> **         CutlerGL@gmail.com                                **
  2059  *> ** Amendments Vincent B. Coen                                **
  2060  *> **         vbcoen@gmail.com                                  **
  2061  *> **                                                           **
  2062  *> ** This copybook defines an EVALUATE statement capable of    **
  2063  *> ** translating two-digit FILE-STATUS codes to a message.     **
  2064  *> **                                                           **
  2065  *> ** Use the REPLACING option to COPY to change the names of   **
  2066  *> ** the MSG and STATUS identifiers to                         **
  2067  *> ** the names your program needs.                             **
  2068  *> Such as replacing STATUS by fs-reply msg by exception-msg.   **
  2069  *>                                                              **
  2070  *> ** chg 09/08/23 vbc for missing statuses                     **
  2071  *> ** Chg 11/12/23 vbc for missing statuses                     **
  2072  *> ** Chg 10/04/25 vbc match all quotes & spacing/layout        **
  2073  *> ** chg to FREE format                                        **
  2074  *> ** Chg 24/08/25 vbc #91 description.                         **
  2075  *> ** Chg 15.11.25 vbc Replace all ' for "                      **
  2076  *> ***************************************************************
  2077  *>
  2078   EVALUATE PY-PR1-Status
  2079   WHEN "00" MOVE "Success                  " TO WS-Eval-Msg
  2080   WHEN "02" MOVE "Success Duplicate        " TO WS-Eval-Msg
  2081   WHEN "04" MOVE "Success Incomplete       " TO WS-Eval-Msg
  2082   WHEN "05" MOVE "Success Optional, Missing" TO WS-Eval-Msg
  2083   when "06" move "Multiple Records LS      " TO WS-Eval-Msg
  2084   WHEN "07" MOVE "Success No Unit          " TO WS-Eval-Msg
  2085   when "09" move "Success LS Bad Data      " TO WS-Eval-Msg
  2086   WHEN "10" MOVE "End Of File              " TO WS-Eval-Msg
  2087   WHEN "14" MOVE "Out Of Key Range         " TO WS-Eval-Msg
  2088   WHEN "21" MOVE "Key Invalid              " TO WS-Eval-Msg
  2089   WHEN "22" MOVE "Key Exists               " TO WS-Eval-Msg
  2090   WHEN "23" MOVE "Key Not Exists           " TO WS-Eval-Msg
  2091   WHEN "24" MOVE "Key Boundary violation   " TO WS-Eval-Msg
  2092   WHEN "30" MOVE "Permanent Error          " TO WS-Eval-Msg
  2093   WHEN "31" MOVE "Inconsistent Filename    " TO WS-Eval-Msg
  2094   WHEN "34" MOVE "Boundary Violation       " TO WS-Eval-Msg
  2095   WHEN "35" MOVE "File Not Found           " TO WS-Eval-Msg
  2096   WHEN "37" MOVE "Permission Denied        " TO WS-Eval-Msg
  2097   WHEN "38" MOVE "Closed With Lock         " TO WS-Eval-Msg
  2098   WHEN "39" MOVE "Conflict Attribute       " TO WS-Eval-Msg
  2099   WHEN "41" MOVE "Already Open             " TO WS-Eval-Msg
  2100   WHEN "42" MOVE "Not Open                 " TO WS-Eval-Msg
  2101   WHEN "43" MOVE "Read Not Done            " TO WS-Eval-Msg
  2102   WHEN "44" MOVE "Record Overflow          " TO WS-Eval-Msg
  2103   WHEN "46" MOVE "Read Error               " TO WS-Eval-Msg
  2104   WHEN "47" MOVE "Input Denied             " TO WS-Eval-Msg
  2105   WHEN "48" MOVE "Output Denied            " TO WS-Eval-Msg
  2106   WHEN "49" MOVE "I/O Denied               " TO WS-Eval-Msg
ACS Cobol Xref v2.03.18          Dictionary File for PYPEREND    27/03/2026  19:27:43:55                               Page   40

  2107   WHEN "51" MOVE "Record Locked            " TO WS-Eval-Msg
  2108   WHEN "52" MOVE "End-Of-Page              " TO WS-Eval-Msg
  2109   WHEN "57" MOVE "I/O Linage               " TO WS-Eval-Msg
  2110   WHEN "61" MOVE "File Sharing Failure     " TO WS-Eval-Msg
  2111   WHEN "71" MOVE "Bad Character LS         " TO WS-Eval-Msg
  2112   WHEN "91" MOVE "Feature Not Available    " TO WS-Eval-Msg
  2113            WHEN OTHER
  2114   MOVE "Unknown File PY-PR1-Status      " TO WS-
  2115  *>
  2116       END-EVALUATE.
  2117
  2118  *>>W Msg29 Caution: One or more replacing sources not found
  2119       exit     section.
  2120  *>
  2121        *>>>Info: Total Copy Depth Used = 03;  Caution messages issued =   2
ACS Cobol Xref v2.03.18          Dictionary File for PYPEREND    27/03/2026  19:27:43:56                               Page   41
Symbols of Module: PYPEREND (PYPEREND)
--------------------------------------

Data Section (FILE)             Defn     Locations
-------------------------------+---------------------------------------------------------------

COH-ALL-Q-TAX                      597F
COH-ALL-Q-TAXES                    596F
COH-DATE                           590F
COH-DATE-TAX                       589F    1981   1991                                                                        x2
COH-INTERVAL                       528F
COH-LAST-APPLY-NO                  532F
COH-Q-CO-FUTA-LIAB                 595F    1985                                                                               x1
COH-Q-FICA-TAX                     594F    1988                                                                               x1
COH-Q-TAX                          593F    1986                                                                               x1
COH-Q-TAXES                        592F     596   1982                                                                        x2
COH-QTD                            533F    1990                                                                               x1
COH-QTD-CO-FICA-LIAB               547F    1988                                                                               x1
COH-QTD-CO-FUTA-LIAB               546F    1985                                                                               x1
COH-QTD-CO-SUI-LIAB                548F
COH-QTD-COMP-TIME-EARNED           555F
COH-QTD-COMP-TIME-TAKEN            556F
COH-QTD-EIC-CREDIT                 540F
COH-QTD-EMP                        552F
COH-QTD-FICA-LIAB                  544F    1987                                                                               x1
COH-QTD-FICA-TAXABLE               537F
COH-QTD-FWT-LIAB                   541F    1986                                                                               x1
COH-QTD-INCOME-TAXABLE             534F
COH-QTD-LWT-LIAB                   543F
COH-QTD-MCARE                      549F     577                                                                               x1
COH-QTD-NET                        539F
COH-QTD-OTHER-DED                  550F
COH-QTD-OTHER-NONTAXABLE           536F
COH-QTD-OTHER-TAXABLE              535F
COH-QTD-SDI-LIAB                   545F
COH-QTD-SL-EARNED                  559F
COH-QTD-SL-TAKEN                   560F
COH-QTD-SWT-LIAB                   542F
COH-QTD-SYS                        551F
COH-QTD-TIPS                       538F
COH-QTD-UNITS                      553F
COH-QTD-VAC-EARNED                 557F
COH-QTD-VAC-TAKEN                  558F
COH-QTY-EXTRAS                     554F
COH-STARTING-UP                    529F
COH-TAX                            591F
COH-YTD                            561F    1980                                                                               x1
COH-YTD-CO-FICA-LIAB               575F
COH-YTD-CO-FUTA-LIAB               574F
COH-YTD-CO-SUI-LIAB                576F
COH-YTD-COMP-TIME-EARNED           583F
COH-YTD-COMP-TIME-TAKEN            584F
COH-YTD-EIC-CREDIT                 568F
COH-YTD-EMP                        580F
COH-YTD-FICA-LIAB                  572F
ACS Cobol Xref v2.03.18          Dictionary File for PYPEREND    27/03/2026  19:27:43:56                               Page   42
Symbols of Module: PYPEREND (PYPEREND)
--------------------------------------

Data Section (FILE)             Defn     Locations
-------------------------------+---------------------------------------------------------------

COH-YTD-FICA-TAXABLE               565F
COH-YTD-FWT-LIAB                   569F
COH-YTD-INCOME-TAXABLE             562F
COH-YTD-LWT-LIAB                   571F
COH-YTD-NET                        567F
COH-YTD-OTHER-DED                  578F
COH-YTD-OTHER-NONTAXABLE           564F
COH-YTD-OTHER-TAXABLE              563F
COH-YTD-SDI-LIAB                   573F
COH-YTD-SL-EARNED                  587F
COH-YTD-SL-TAKEN                   588F
COH-YTD-SWT-LIAB                   570F
COH-YTD-SYS                        579F
COH-YTD-TIPS                       566F
COH-YTD-UNITS                      581F
COH-YTD-VAC-EARNED                 585F
COH-YTD-VAC-TAKEN                  586F
COH-YTY-EXTRAS                     582F
EMP-ADDRESS-1                      363F
EMP-ADDRESS-2                      364F
EMP-ADDRESS-3                      365F
EMP-ADDRESS-4                      366F
EMP-AUTO-UNITS                     392F
EMP-BANK-ACCT-NO                   372F
EMP-BIRTH-DATE                     353F
EMP-CAL-DED-ALLOW                  376F
EMP-CAL-HEAD-OF-HOUSE              375F
EMP-CO-FUTA-EXEMPT                 387F
EMP-CO-SUI-EXEMPT                  388F
EMP-COMP-ACCUM                     401F    1922                                                                               x1
EMP-COMP-USED                      402F    1925                                                                               x1
EMP-CUR-APPLY-NO                   360F
EMP-DIST-ACCT                      404F
EMP-DIST-GRP                       403F
EMP-DIST-PCENT                     405F
EMP-ED-ACCT-NO                     412F
EMP-ED-AMT-PCENT                   411F
EMP-ED-CHK-CAT                     417F
EMP-ED-DESC                        413F
EMP-ED-EARN-DED                    414F
EMP-ED-EXCLUSION                   415F
EMP-ED-FACTOR                      409F
EMP-ED-GROUP                       408F
EMP-ED-GRP                         406F
EMP-ED-LIMIT                       410F
EMP-ED-LIMIT-USED                  416F
EMP-ED-USED                        407F
EMP-EIC-USED                       381F
EMP-EMAIL                          371F
ACS Cobol Xref v2.03.18          Dictionary File for PYPEREND    27/03/2026  19:27:43:56                               Page   43
Symbols of Module: PYPEREND (PYPEREND)
--------------------------------------

Data Section (FILE)             Defn     Locations
-------------------------------+---------------------------------------------------------------

EMP-FICA-EXEMPT                    385F
EMP-FWT-ALLOW                      377F
EMP-FWT-EXEMPT                     382F
EMP-HS-TYPE                        348F
EMP-JOB-CODE                       351F
EMP-LWT-ALLOW                      379F
EMP-LWT-EXEMPT                     384F
EMP-MARITAL                        356F
EMP-MAX-PAY                        394F
EMP-MCARE-EXEMPT                   389F
EMP-NAME                           361F
EMP-NEXT-DEL                       358F
EMP-NO                             123F     346   1899   1932                                                                 x3
EMP-NORMAL-UNITS                   393F
EMP-PAY-FREQ                       357F
EMP-PAY-INTERVAL                   349F
EMP-PENSION-USED                   380F
EMP-PHONE-NO                       370F
EMP-POST-CODE                      367F
EMP-RATE                           391F
EMP-RATE4-EXCLUSION                373F
EMP-SDI-EXEMPT                     386F
EMP-SEARCH-NAME                    124F     362                                                                               x1
EMP-SEX                            355F
EMP-SL-ACCUM                       399F    1921                                                                               x1
EMP-SL-RATE                        398F
EMP-SL-USED                        400F    1924                                                                               x1
EMP-SSN                            359F
EMP-START-DATE                     352F
EMP-STATE                          369F
EMP-STATUS                         347F    1928   1930                                                                        x2
EMP-SWT-ALLOW                      378F
EMP-SWT-EXEMPT                     383F
EMP-SYS-EXEMPT                     390F
EMP-TAXING-STATE                   350F
EMP-TERM-DATE                      354F
EMP-VAC-ACCUM                      396F    1920                                                                               x1
EMP-VAC-RATE                       395F
EMP-VAC-USED                       397F    1923                                                                               x1
EMP-ZIP                            368F
FILE-41                            143F    1574                                                                               x1
FILE-43                            120F    1576                                                                               x1
FILE-45                            132F    1578                                                                               x1
FILE-47                            110F    1580                                                                               x1
HDR-HIS-LAST-TO-DATE               495F
HDR-HIS-NO                         494F
HIS-EMP-NO                         135F     450   1899   1900                                                                 x3
HIS-QTD                            451F    1940                                                                               x1
HIS-QTD-EIC                        458F
ACS Cobol Xref v2.03.18          Dictionary File for PYPEREND    27/03/2026  19:27:43:56                               Page   44
Symbols of Module: PYPEREND (PYPEREND)
--------------------------------------

Data Section (FILE)             Defn     Locations
-------------------------------+---------------------------------------------------------------

HIS-QTD-EMP                        467F
HIS-QTD-EXTRAS                     469F
HIS-QTD-FICA                       462F
HIS-QTD-FICA-TAXABLE               455F
HIS-QTD-FWT                        459F
HIS-QTD-INCOME-TAXABLE             452F
HIS-QTD-LWT                        461F
HIS-QTD-MCARE                      464F
HIS-QTD-NET                        457F
HIS-QTD-OTHER-DED                  465F
HIS-QTD-OTHER-NONTAXABLE           454F
HIS-QTD-OTHER-TAXABLE              453F
HIS-QTD-SDI                        463F
HIS-QTD-SWT                        460F
HIS-QTD-SYS                        466F
HIS-QTD-TIPS                       456F
HIS-QTD-UNITS                      468F
HIS-YTD                            470F    1939                                                                               x1
HIS-YTD-EIC                        477F
HIS-YTD-EMP                        486F
HIS-YTD-EXTRAS                     488F
HIS-YTD-FICA                       481F
HIS-YTD-FICA-TAXABLE               474F
HIS-YTD-FWT                        478F
HIS-YTD-INCOME-TAXABLE             471F
HIS-YTD-LWT                        480F
HIS-YTD-MCARE                      483F
HIS-YTD-NET                        476F
HIS-YTD-OTHER-DED                  484F
HIS-YTD-OTHER-NONTAXABLE           473F
HIS-YTD-OTHER-TAXABLE              472F
HIS-YTD-SDI                        482F
HIS-YTD-SWT                        479F
HIS-YTD-SYS                        485F
HIS-YTD-TIPS                       475F
HIS-YTD-UNITS                      487F
PY-COH-STATUS                      147F     610   1707   1720   1721   1995   1996   1999                                     x7
PY-COMP-HIST-FILE                  142F     508   2041   1706   1714   1719   1731   1751   1763   1784   1815   1830   1874
                                           1895   1912   1955   1972   2006                                                   x17
PY-COMP-HIST-RECORD                526F    1994                                                                               x1
PY-EMP-STATUS                      125F     608   1686   1724   1884   1885   1888   1905   1944   1945   1948   1965         x11
PY-EMPLOYEE-FILE                   119F     325   1685   1691   1701   1712   1729   1749   1761   1782   1813   1828   1872
                                           1881   1893   1910   1953   1970   2004   2039                                     x19
PY-EMPLOYEE-RECORD                 345F    1943                                                                               x1
PY-HIS-EMP-STATUS                  136F     609   1696   1901   1902   1961   1962                                            x6
PY-HISTORY-FILE                    131F     431   1695   1702   1713   1730   1750   1762   1783   1814   1829   1873   1894
                                           1900   1911   1954   1971   2005   2040                                            x18
PY-HISTORY-HEADER                  493F
PY-HISTORY-RECORD                  449F    1960                                                                               x1
ACS Cobol Xref v2.03.18          Dictionary File for PYPEREND    27/03/2026  19:27:43:56                               Page   45
Symbols of Module: PYPEREND (PYPEREND)
--------------------------------------

Data Section (FILE)             Defn     Locations
-------------------------------+---------------------------------------------------------------

PY-PARAM1-FILE                     110F     164   1661   1663   1671   1679   1690   1700   1711   1728   1748   1760   1781
                                           1812   1827   1871   1892   1909   1952   1969   2003   2038                       x21
PY-PARAM1-RECORD                   193F    2029                                                                               x1
PY-PR1-B-USED                      235F
PY-PR1-BLOCK                       194F
PY-PR1-CHECK-HISTORY-USED          231F
PY-PR1-CHECK-PRINTING-USED         230F
PY-PR1-CO-ADDRESS-1                198F
PY-PR1-CO-ADDRESS-2                199F
PY-PR1-CO-ADDRESS-3                200F
PY-PR1-CO-ADDRESS-4                201F
PY-PR1-CO-EMAIL                    206F
PY-PR1-CO-NAME                     196F
PY-PR1-CO-PHONE                    205F
PY-PR1-CO-POST-CODE                202F
PY-PR1-CO-STATE                    204F
PY-PR1-CO-ZIP                      203F
PY-PR1-COMPANY-DATA                195F
PY-PR1-CURRENCY-SIGN               241F
PY-PR1-DATE                        261F
PY-PR1-DATE-DY                     264F
PY-PR1-DATE-FORMAT                 259F
PY-PR1-DATE-MO                     263F
PY-PR1-DATE-YR                     265F
PY-PR1-DEBUGGING                   243F
PY-PR1-DFLT-DIST-ACCT              213F
PY-PR1-DFLT-GROSS-ACCT             212F
PY-PR1-DFLT-HS-TYPE                253F
PY-PR1-DFLT-NORM-UNITS             225F
PY-PR1-DFLT-PAY-INTERVAL           239F
PY-PR1-DFLT-PAY-RATE               222F
PY-PR1-DFLT-SL-RATE                224F
PY-PR1-DFLT-VAC-RATE               223F
PY-PR1-DIST-USED                   240F
PY-PR1-FED-ID                      256F
PY-PR1-GL-USED                     237F
PY-PR1-HARD-DELETE                 244F
PY-PR1-HI-DED-CHK-CAT              278F
PY-PR1-HI-EARN-CHK-CAT             280F
PY-PR1-IRS-USED                    238F
PY-PR1-JC-USED                     236F
PY-PR1-LAST-DAY-PAY-PERIOD         227F
PY-PR1-LO-DED-CHK-CAT              277F
PY-PR1-LO-EARN-CHK-CAT             279F
PY-PR1-LOCAL-ID                    258F
PY-PR1-M-USED                      233F
PY-PR1-MAX-CHK-CATS                273F
PY-PR1-MAX-DIST-ACCTS              214F
PY-PR1-MAX-ED-CATS                 275F
ACS Cobol Xref v2.03.18          Dictionary File for PYPEREND    27/03/2026  19:27:43:56                               Page   46
Symbols of Module: PYPEREND (PYPEREND)
--------------------------------------

Data Section (FILE)             Defn     Locations
-------------------------------+---------------------------------------------------------------

PY-PR1-MAX-EMP-EDS                 274F
PY-PR1-MAX-PAY-FACTOR              221F
PY-PR1-MAX-SWT-ENTRIES             276F
PY-PR1-MAX-SYS-EDS                 281F
PY-PR1-MIN-WAGE                    216F
PY-PR1-OFFSET-CASH-ACCT            211F
PY-PR1-OS-DELIMITER                242F
PY-PR1-PAGE-LINES-L                267F
PY-PR1-PAGE-LINES-P                266F
PY-PR1-PAGE-WIDTH-L                269F
PY-PR1-PAGE-WIDTH-P                268F
PY-PR1-PRINT-SPOOL-NAME            283F
PY-PR1-PRINT-SPOOL-NAME2           284F
PY-PR1-PRINT-SPOOL-NAME3           285F
PY-PR1-RATE-NAME                   254F
PY-PR1-RATE2-FACTOR                219F
PY-PR1-RATE3-FACTOR                220F
PY-PR1-RATE4-EXCLUSION-TYPE        229F
PY-PR1-S-USED                      232F
PY-PR1-STATE-ID                    257F
PY-PR1-STATUS                      114F     607   1662   1672   1675   1721   1885   1902   1945   1962   1996   2030   2033
                                           2078                                                                               x13
PY-PR1-TAX-ID                      207F
PY-PR1-TRADE-NAME                  197F
PY-PR1-USER-PROG                   271F
PY-PR1-USER-PROG-DESC              272F
PY-PR1-USER-PROG-USED              270F
PY-PR1-VOID-CHECK-AMT              217F
PY-PR1-VOID-CHECKS-OVER-MAX        228F
PY-PR1-W-USED                      234F
PY-PR2-940-PRINTED                 307F    1791   2016                                                                        x2
PY-PR2-941-PRINTED                 308F    1806   2021                                                                        x2
PY-PR2-BLOCK                       287F
PY-PR2-CHECK-DATE                  298F
PY-PR2-HRS-BATCH-NO                293F
PY-PR2-JUST-CLOSED-YEAR            305F    1799   2018   2022                                                                 x3
PY-PR2-LAST-CHECK-NO               311F
PY-PR2-LAST-DAY-LAST-B             295F
PY-PR2-LAST-DAY-LAST-M             297F
PY-PR2-LAST-DAY-LAST-S             296F
PY-PR2-LAST-DAY-LAST-W             294F
PY-PR2-LAST-EMPLOYEE-NO            299F
PY-PR2-LAST-Q-ENDED                310F    1756   1768   2020                                                                 x3
PY-PR2-LAST-SM-APPLY-NO            291F
PY-PR2-LAST-WB-APPLY-NO            292F
PY-PR2-LAST-YEAR-ENDED             290F    2014                                                                               x1
PY-PR2-NO-ACCTS                    304F
PY-PR2-NO-ACTIVE-EMPS              300F
PY-PR2-NO-EMPLOYEES                301F
ACS Cobol Xref v2.03.18          Dictionary File for PYPEREND    27/03/2026  19:27:43:56                               Page   47
Symbols of Module: PYPEREND (PYPEREND)
--------------------------------------

Data Section (FILE)             Defn     Locations
-------------------------------+---------------------------------------------------------------

PY-PR2-NO-OF-SM-APPLIES            302F    2024                                                                               x1
PY-PR2-NO-OF-WB-APPLIES            303F    2023                                                                               x1
PY-PR2-W2-PRINTED                  309F    1795   2017                                                                        x2
PY-PR2-YEAR                        288F    1823   1834   2014   2015                                                          x4
PY-PR2-YEAR-NEXT                   289F
RRN                                113F     146   1018   1660   1670   1671   1718   1993                                     x7
ACS Cobol Xref v2.03.18          Dictionary File for PYPEREND    27/03/2026  19:27:43:56                               Page   48
Symbols of Module: PYPEREND (PYPEREND)
--------------------------------------

Data Section (WORKING-STORAGE)  Defn     Locations
-------------------------------+---------------------------------------------------------------

ACAS-DAL-COMMON-DATA              1119W
ACAS-PATH                         1032W
ACCEPT-REPLY                      1039W
ACCESS-TYPE                       1101W
COB-ALLOW-ALL-SCREEN-ACTIONS       775W
COB-ALLOW-LEFT-DOUBLE              767W
COB-ALLOW-LEFT-DOWN                765W
COB-ALLOW-LEFT-UP                  766W
COB-ALLOW-MIDDLE-DOUBLE            770W
COB-ALLOW-MIDDLE-DOWN              768W
COB-ALLOW-MIDDLE-UP                769W
COB-ALLOW-MOUSE-MOVE               774W
COB-ALLOW-RIGHT-DOUBLE             773W
COB-ALLOW-RIGHT-DOWN               771W
COB-ALLOW-RIGHT-UP                 772W
COB-AUTO-MOUSE-HANDLING            764W
COB-COLOR-BLACK                    754W    1604                                                                               x1
COB-COLOR-BLUE                     755W
COB-COLOR-CYAN                     757W
COB-COLOR-GREEN                    756W
COB-COLOR-MAGENTA                  759W
COB-COLOR-RED                      758W
COB-COLOR-WHITE                    761W
COB-COLOR-YELLOW                   760W
COB-SCR-ALT-LEFT-DBL-CLICK         898W
COB-SCR-ALT-LEFT-PRESSED           896W
COB-SCR-ALT-LEFT-RELEASED          897W
COB-SCR-ALT-MID-DBL-CLICK          901W
COB-SCR-ALT-MID-PRESSED            899W
COB-SCR-ALT-MID-RELEASED           900W
COB-SCR-ALT-MOVE                   895W
COB-SCR-ALT-RIGHT-DBL-CLICK        904W
COB-SCR-ALT-RIGHT-PRESSED          902W
COB-SCR-ALT-RIGHT-RELEASED         903W
COB-SCR-ALT-WHEEL-DOWN             918W
COB-SCR-ALT-WHEEL-UP               917W
COB-SCR-BACK-TAB                   854W
COB-SCR-BACKSPACE                  861W
COB-SCR-CTRL-LEFT-DBL-CLICK        888W
COB-SCR-CTRL-LEFT-PRESSED          886W
COB-SCR-CTRL-LEFT-RELEASED         887W
COB-SCR-CTRL-MID-DBL-CLICK         891W
COB-SCR-CTRL-MID-PRESSED           889W
COB-SCR-CTRL-MID-RELEASED          890W
COB-SCR-CTRL-MOVE                  885W
COB-SCR-CTRL-RIGHT-DBL-CLICK       894W
COB-SCR-CTRL-RIGHT-PRESSED         892W
COB-SCR-CTRL-RIGHT-RELEASED        893W
COB-SCR-CTRL-WHEEL-DOWN            914W
ACS Cobol Xref v2.03.18          Dictionary File for PYPEREND    27/03/2026  19:27:43:56                               Page   49
Symbols of Module: PYPEREND (PYPEREND)
--------------------------------------

Data Section (WORKING-STORAGE)  Defn     Locations
-------------------------------+---------------------------------------------------------------

COB-SCR-CTRL-WHEEL-UP              913W
COB-SCR-DELETE                     860W
COB-SCR-ESC                        851W
COB-SCR-F1                         782W
COB-SCR-F10                        791W
COB-SCR-F11                        792W
COB-SCR-F12                        793W
COB-SCR-F13                        794W
COB-SCR-F14                        795W
COB-SCR-F15                        796W
COB-SCR-F16                        797W
COB-SCR-F17                        798W
COB-SCR-F18                        799W
COB-SCR-F19                        800W
COB-SCR-F2                         783W
COB-SCR-F20                        801W
COB-SCR-F21                        802W
COB-SCR-F22                        803W
COB-SCR-F23                        804W
COB-SCR-F24                        805W
COB-SCR-F25                        806W
COB-SCR-F26                        807W
COB-SCR-F27                        808W
COB-SCR-F28                        809W
COB-SCR-F29                        810W
COB-SCR-F3                         784W
COB-SCR-F30                        811W
COB-SCR-F31                        812W
COB-SCR-F32                        813W
COB-SCR-F33                        814W
COB-SCR-F34                        815W
COB-SCR-F35                        816W
COB-SCR-F36                        817W
COB-SCR-F37                        818W
COB-SCR-F38                        819W
COB-SCR-F39                        820W
COB-SCR-F4                         785W
COB-SCR-F40                        821W
COB-SCR-F41                        822W
COB-SCR-F42                        823W
COB-SCR-F43                        824W
COB-SCR-F44                        825W
COB-SCR-F45                        826W
COB-SCR-F46                        827W
COB-SCR-F47                        828W
COB-SCR-F48                        829W
COB-SCR-F49                        830W
COB-SCR-F5                         786W
COB-SCR-F50                        831W
ACS Cobol Xref v2.03.18          Dictionary File for PYPEREND    27/03/2026  19:27:43:56                               Page   50
Symbols of Module: PYPEREND (PYPEREND)
--------------------------------------

Data Section (WORKING-STORAGE)  Defn     Locations
-------------------------------+---------------------------------------------------------------

COB-SCR-F51                        832W
COB-SCR-F52                        833W
COB-SCR-F53                        834W
COB-SCR-F54                        835W
COB-SCR-F55                        836W
COB-SCR-F56                        837W
COB-SCR-F57                        838W
COB-SCR-F58                        839W
COB-SCR-F59                        840W
COB-SCR-F6                         787W
COB-SCR-F60                        841W
COB-SCR-F61                        842W
COB-SCR-F62                        843W
COB-SCR-F63                        844W
COB-SCR-F64                        845W
COB-SCR-F7                         788W
COB-SCR-F8                         789W
COB-SCR-F9                         790W
COB-SCR-FATAL                      925W
COB-SCR-INSERT                     859W
COB-SCR-KEY-DOWN                   850W
COB-SCR-KEY-END                    863W
COB-SCR-KEY-HOME                   862W
COB-SCR-KEY-LEFT                   855W
COB-SCR-KEY-RIGHT                  856W
COB-SCR-KEY-UP                     849W
COB-SCR-LEFT-DBL-CLICK             868W
COB-SCR-LEFT-PRESSED               866W
COB-SCR-LEFT-RELEASED              867W
COB-SCR-MAX-FIELD                  926W
COB-SCR-MID-DBL-CLICK              871W
COB-SCR-MID-PRESSED                869W
COB-SCR-MID-RELEASED               870W
COB-SCR-MOUSE-MOVE                 865W
COB-SCR-NO-FIELD                   922W
COB-SCR-OK                         779W
COB-SCR-PAGE-DOWN                  848W
COB-SCR-PAGE-UP                    847W
COB-SCR-PRINT                      852W
COB-SCR-RIGHT-DBL-CLICK            874W
COB-SCR-RIGHT-PRESSED              872W
COB-SCR-RIGHT-RELEASED             873W
COB-SCR-SHIFT-LEFT-DBL-CLICK       878W
COB-SCR-SHIFT-LEFT-PRESSED         876W
COB-SCR-SHIFT-LEFT-RELEASED        877W
COB-SCR-SHIFT-MID-DBL-CLICK        881W
COB-SCR-SHIFT-MID-PRESSED          879W
COB-SCR-SHIFT-MID-RELEASED         880W
COB-SCR-SHIFT-MOVE                 875W
ACS Cobol Xref v2.03.18          Dictionary File for PYPEREND    27/03/2026  19:27:43:56                               Page   51
Symbols of Module: PYPEREND (PYPEREND)
--------------------------------------

Data Section (WORKING-STORAGE)  Defn     Locations
-------------------------------+---------------------------------------------------------------

COB-SCR-SHIFT-RIGHT-DBL-CLICK      884W
COB-SCR-SHIFT-RIGHT-PRESSED        882W
COB-SCR-SHIFT-RIGHT-RELEASED       883W
COB-SCR-SHIFT-WHEEL-DOWN           910W
COB-SCR-SHIFT-WHEEL-UP             909W
COB-SCR-TAB                        853W
COB-SCR-TIME-OUT                   923W
COB-SCR-WHEEL-DOWN                 906W
COB-SCR-WHEEL-UP                   905W
COL2                              1028W
COLE                              1024W
CURS                              1021W    1022                                                                               x1
CURS2                             1025W    1026                                                                               x1
DB-HOST                           1054W
DB-PORT                           1056W
DB-SCHEMA                         1051W
DB-SOCKET                         1055W
DB-UNAME                          1052W
DB-UPASS                          1053W
ERROR-CODE                         727W
ERROR-MESSAGES                     663W
FA-FILE-DUPLICATES-IN-USE         1076W
FA-FILE-SYSTEM-USED               1067W
FA-FS-COBOL-FILES-USED            1068W
FA-FS-DUPLICATE-PROCESSING        1077W
FA-FS-RDBMS-USED                  1069W
FA-FS-VALID-OPTIONS               1075W
FA-RDBMS-FLAT-STATUSES            1066W
FILE-ACCESS                       1016W
FILE-FUNCTION                     1082W
FILE-KEY-NO                       1040W
FN-CLOSE                          1084W
FN-DELETE                         1090W
FN-DELETE-ALL                     1088W
FN-EQUAL-TO                       1106W
FN-EXTEND                         1105W
FN-GREATER-THAN                   1108W
FN-I-O                            1103W
FN-INPUT                          1102W
FN-LESS-THAN                      1107W
FN-NOT-GREATER-THAN               1110W
FN-NOT-LESS-THAN                  1109W
FN-OPEN                           1083W
FN-OUTPUT                         1104W
FN-RE-WRITE                       1089W
FN-READ-BY-BATCH                  1097W
FN-READ-BY-CUST                   1098W
FN-READ-BY-NAME                   1096W
FN-READ-INDEXED                   1086W
ACS Cobol Xref v2.03.18          Dictionary File for PYPEREND    27/03/2026  19:27:43:56                               Page   52
Symbols of Module: PYPEREND (PYPEREND)
--------------------------------------

Data Section (WORKING-STORAGE)  Defn     Locations
-------------------------------+---------------------------------------------------------------

FN-READ-NEXT                      1085W
FN-READ-NEXT-HEADER               1099W
FN-READ-NEXT-RAW                  1094W
FN-START                          1091W
FN-WRITE                          1087W
FN-WRITE-RAW                      1093W
FS-ACTION                         1035W
FS-REPLY                          1019W
LIN                               1023W
LIN2                              1027W
LOG-FILE-REC-WRITTEN              1131W
LOGGING-DATA                      1038W
MAIN-RECORD-MOVE-FLAG             1060W
MAPS03-WS                          969W
MENU-REPLY                         606W
MRMF-MOVE-FD                      1061W
MRMF-MOVE-WS                      1062W
PATH-WORK                         1033W
PROG-NAME                          603W    1607                                                                               x1
PY-COH-STATUS                      610W    1707   1720   1721   1995   1996   1999                                            x6
PY-EMP-STATUS                      608W    1686   1724   1884   1885   1888   1905   1944   1945   1948   1965                x10
PY-HIS-EMP-STATUS                  609W    1696   1901   1902   1961   1962                                                   x5
PY-PR1-STATUS                      607W    1662   1672   1675   1721   1885   1902   1945   1962   1996   2030   2033   2078  x12
PY001                              680W    2032                                                                               x1
PY002                              681W    1674                                                                               x1
PY015                              684W    1887                                                                               x1
PY016                              685W    1904                                                                               x1
PY017                              686W    1723                                                                               x1
PY018                              688W    1947                                                                               x1
PY019                              689W    1964                                                                               x1
PY020                              690W    1998                                                                               x1
PY721                              694W    1687                                                                               x1
PY722                              695W    1697                                                                               x1
PY723                              696W    1708                                                                               x1
PY725                              698W    1664                                                                               x1
PY726                              699W    1757                                                                               x1
PY728                              701W    1793                                                                               x1
PY729                              702W    1797                                                                               x1
PY732                              705W    1808                                                                               x1
PY733                              706W    1801                                                                               x1
PY734                              707W    1745                                                                               x1
PY735                              708W    1778                                                                               x1
PY736                              710W    1836                                                                               x1
PY737                              711W    1839   1848                                                                        x2
PY744                              718W    1852                                                                               x1
PY745                              719W    1853   1860                                                                        x2
PY746                              720W    1931                                                                               x1
PY747                              721W    1859                                                                               x1
RDB-DATA                          1050W
ACS Cobol Xref v2.03.18          Dictionary File for PYPEREND    27/03/2026  19:27:43:56                               Page   53
Symbols of Module: PYPEREND (PYPEREND)
--------------------------------------

Data Section (WORKING-STORAGE)  Defn     Locations
-------------------------------+---------------------------------------------------------------

RRN                               1018W    1660   1670   1671   1718   1993                                                   x5
S1                                1020W
SQL-ERR                           1043W
SQL-MSG                           1044W
SQL-STATE                         1045W
SW-TESTING                        1123W
SW-TESTING-2                      1128W
SY001                              665W    1665   1677   1688   1698   1709   1726   1746   1758   1779   1817   1890   1907
                                           1950   1967   2001   2035                                                          x16
SY004                              668W    2044                                                                               x1
SY010                              671W    1640                                                                               x1
SY013                              673W    1647                                                                               x1
SY015                              675W    1816   1826   1870                                                                 x3
SY016                              676W    2043                                                                               x1
TESTING-1                         1124W
TESTING-2                         1129W
U-BIN                              993W
U-CC                               977W
U-DATE                             970W     971    979    985   1609                                                          x4
U-DAYS                             972W
U-INTL                             985W
U-INTL-CC                          987W
U-INTL-DAYS                        992W
U-INTL-MONTH                       990W
U-INTL-YEAR                        986W
U-INTL-YY                          988W
U-MONTH                            974W
U-UK                               971W
U-USA                              979W
U-USA-DAYS                         982W
U-USA-MONTH                        980W
U-YEAR                             976W
U-YY                               978W
WE-ERROR                          1017W
WS-22-LINES                        618W    1656   1745   1757   1778   1852   1859   1867   1931   1932   1934                x10
WS-23-LINES                        619W    1657   1664   1674   1675   1676   1687   1697   1708   1723   1724   1725   1853
                                           1854   1860   1861   1887   1888   1889   1904   1905   1906   1947   1948   1949
                                           1964   1965   1966   1998   1999   2000   2032   2033   2034   2043                x34
WS-ANSWER                          613W    1854   1855   1861   1862                                                          x4
WS-CONV-DATE                       627W
WS-COUNT-ROWS                     1049W
WS-DATA                            605W
WS-DATE                            628W     629    635    641                                                                 x3
WS-DATE-FORMATS                    625W
WS-DAYS                            630W
WS-DELETE-OK                       661W    1863   1865                                                                        x2
WS-ENDING                          657W    1740   1743   1755   1767   1770   1772   1774   1776   1790   1805   1822   1835
                                           1843   1919   1929   1937   1978   2013                                            x18
WS-ENDING9                         658W    1840   1845   1847   1849   1985   1986   1988   2020                              x8
ACS Cobol Xref v2.03.18          Dictionary File for PYPEREND    27/03/2026  19:27:43:56                               Page   54
Symbols of Module: PYPEREND (PYPEREND)
--------------------------------------

Data Section (WORKING-STORAGE)  Defn     Locations
-------------------------------+---------------------------------------------------------------

WS-ENV-COLUMNS                     616W    1645   1646                                                                        x2
WS-ENV-LINES                       617W    1638   1639   1656   1657   1658                                                   x5
WS-ERR-MSG                         615W
WS-EVAL-MSG                        614W    1676   1725   1889   1906   1949   1966   2000   2034   2079   2080   2081   2082
                                           2083   2084   2085   2086   2087   2088   2089   2090   2091   2092   2093   2094
                                           2095   2096   2097   2098   2099   2100   2101   2102   2103   2104   2105   2106
                                           2107   2108   2109   2110   2111   2112                                            x42
WS-FILE-KEY                       1046W
WS-INTL                            641W
WS-INTL-DAYS                       646W
WS-INTL-MONTH                      644W
WS-INTL-YEAR                       642W
WS-LINES                           620W    1658   1665   1666   1677   1678   1688   1689   1698   1699   1709   1710   1726
                                           1727   1746   1747   1758   1759   1779   1780   1890   1891   1907   1908   1950
                                           1951   1967   1968   2001   2002   2035   2036   2044   2045                       x33
WS-LOCAL-VARS                      656W
WS-LOG-FILE-NO                    1048W
WS-LOG-SYSTEM                     1041W
WS-LOG-WHERE                      1047W
WS-MONTH                           632W
WS-NEW-YEAR                        660W    1823                                                                               x1
WS-NO-PARAGRAPH                   1042W
WS-OK                              659W    1789   1792   1796   1800   1803   1807   1811   1825   1856   1858   1869         x11
WS-PR1-DATING                      624W
WS-QUARTER-TABLE                   648W     653                                                                               x1
WS-QUARTERS                        653W    1840   1849                                                                        x2
WS-REPLY                           612W    1641   1648   1666   1678   1689   1699   1710   1727   1747   1759   1780   1818
                                           1891   1908   1951   1968   2002   2036   2045                                     x19
WS-SWAP                            626W
WS-TEST-DATE                       622W
WS-TEST-YMD                        623W
WS-TIME                            931W
WS-UK                              629W
WS-USA                             635W
WS-USA-DAYS                        638W
WS-USA-MONTH                       636W
WS-YEAR                            634W    1834   1837   1841   1844   1850                                                   x5
WSA-DATE                           932W
WSA-DD                             935W
WSA-MM                             934W
WSA-YY                             933W
WSB-HH                             937W
WSB-MM                             938W
WSB-SS                             939W
WSB-TIME                           936W
WSD-HH                             942W
WSD-MM                             944W
WSD-SA                             943W
WSD-SB                             945W
ACS Cobol Xref v2.03.18          Dictionary File for PYPEREND    27/03/2026  19:27:43:56                               Page   55
Symbols of Module: PYPEREND (PYPEREND)
--------------------------------------

Data Section (WORKING-STORAGE)  Defn     Locations
-------------------------------+---------------------------------------------------------------

WSD-SS                             946W
WSD-TIME                           941W
WSE-DATE                           949W     953                                                                               x1
WSE-DATE-9                         953W
WSE-DATE-BLOCK                     948W    1635                                                                               x1
WSE-DAYS                           952W
WSE-HH                             956W
WSE-MM                             957W
WSE-MONTH                          951W
WSE-SS                             958W
WSE-TIME                           955W
WSE-YEAR                           950W                                                                                       x0
ACS Cobol Xref v2.03.18          Dictionary File for PYPEREND    27/03/2026  19:27:43:56                               Page   56
Symbols of Module: PYPEREND (PYPEREND)
--------------------------------------

Data Section (LINKAGE)          Defn     Locations
-------------------------------+---------------------------------------------------------------

ADDRESS-1                         1233K
ADDRESS-2                         1234K
ADDRESS-3                         1235K
ADDRESS-4                         1236K
AGE-TO-PAY                        1356K
ARCH                              1321K
ARCHIVING                         1322K
AUTO-VAT                          1331K
B-L                               1247K
BATCH-ID                          1332K
BL-END-CYCLE-DATE                 1354K
BL-NEXT-BATCH                     1355K
BL-PAY-AC                         1351K
BL-PURCH-AC                       1353K
BRANCHES                          1310K
CHARGE                            1397K
CLIENT                            1466K
COMPANY-EMAIL                     1303K
COMPARATIVES                      1316K
COMPARATIVES-ACTIVE               1318K
COMPS                             1315K
COMPS-ACTIVE                      1317K
COUNTRY                           1238K
CURRENT-QUARTER                   1270K
CUST-FLAG                         1377K
CYCLEA                            1222K    1223                                                                               x1
DATA-CAPTURE-USED                 1290K
DATE-FORM                         1288K
DATE-VALID-FORMATS                1289K
DC-COBOL-STANDARD                 1291K
DC-GUI                            1292K
DC-WIDGET                         1293K
DISCOUNT                          1396K
DOS                               1263K
END-DATE                          1229K
ENTRY-LEVEL                       1360K
EXTRA-CHARGE-AC                   1343K
EXTRA-DESC                        1394K
EXTRA-PRINT                       1398K
EXTRA-RATE                        1404K
EXTRA-TYPE                        1395K
FILE-0                            1500K
FILE-10                           1519K
FILE-11                           1521K
FILE-12                           1523K
FILE-13                           1525K
FILE-14                           1527K
FILE-15                           1529K
FILE-16                           1531K
ACS Cobol Xref v2.03.18          Dictionary File for PYPEREND    27/03/2026  19:27:43:56                               Page   57
Symbols of Module: PYPEREND (PYPEREND)
--------------------------------------

Data Section (LINKAGE)          Defn     Locations
-------------------------------+---------------------------------------------------------------

FILE-17                           1533K
FILE-18                           1535K
FILE-19                           1537K
FILE-2                            1503K
FILE-20                           1539K
FILE-21                           1541K
FILE-22                           1543K
FILE-23                           1545K
FILE-24                           1547K
FILE-26                           1550K
FILE-27                           1552K
FILE-28                           1554K
FILE-29                           1556K
FILE-3                            1505K
FILE-30                           1558K
FILE-31                           1560K
FILE-32                           1562K
FILE-33                           1564K
FILE-34                           1565K
FILE-35                           1566K
FILE-36                           1567K
FILE-37                           1568K
FILE-38                           1569K
FILE-39                           1572K
FILE-4                            1507K
FILE-40                           1573K
FILE-41                           1574K
FILE-42                           1575K
FILE-43                           1576K
FILE-44                           1577K
FILE-45                           1578K
FILE-46                           1579K
FILE-47                           1580K
FILE-48                           1581K
FILE-49                           1583K
FILE-5                            1509K
FILE-50                           1584K
FILE-51                           1585K
FILE-52                           1586K
FILE-53                           1587K
FILE-54                           1588K
FILE-55                           1589K
FILE-56                           1590K
FILE-57                           1592K
FILE-6                            1511K
FILE-7                            1513K
FILE-8                            1515K
FILE-9                            1517K
FILE-DEFS                         1495K    1628                                                                               x1
ACS Cobol Xref v2.03.18          Dictionary File for PYPEREND    27/03/2026  19:27:43:56                               Page   58
Symbols of Module: PYPEREND (PYPEREND)
--------------------------------------

Data Section (LINKAGE)          Defn     Locations
-------------------------------+---------------------------------------------------------------

FILE-DEFS-A                       1496K    1594                                                                               x1
FILE-DEFS-COUNT                   1596K
FILE-DEFS-OS-DELIMITER            1597K
FILE-DUPLICATES-IN-USE            1283K
FILE-SYSTEM-USED                  1272K
FILLER-DUMMY4                     1479K
FIRST-SL-BATCH                    1413K
FIRST-SL-INV                      1414K
FS-COBOL-FILES-USED               1273K
FS-DUPLICATE-PROCESSING           1284K
FS-MYSQL-USED                     1274K
FS-RDBMS-USED                     1276K
FS-VALID-OPTIONS                  1282K
FULL-INVOICING                    1380K
G-L                               1245K
GENERAL-LEDGER-BLOCK              1307K
GL-BL-PAY-AC                      1437K
GL-BL-PURCH-AC                    1439K
GL-P-CREDITORS                    1438K
GL-S-DEBTORS                      1441K
GL-SL-PAY-AC                      1440K
GL-SL-SALES-AC                    1442K
GROUPED                           1312K
HEADER-LEVEL                      1327K
HOST                              1258K
I-LEVEL-0                         1390K
I-LEVEL-1                         1391K
I-LEVEL-2                         1392K
INDEX-2                           1335K
INVOICER                          1389K
IRS                               1253K
IRS-BOTH-USED                     1338K
IRS-DATA-BLOCK                    1478K
IRS-ENTRY-BLOCK                   1478K
IRS-INSTEAD                       1336K
IRS-NO                            1254K
IRS-USED                          1337K
LEDGER-2ND-INDEX                  1334K
LEDGER-SEC                        1339K
LEVEL                             1243K
LEVEL-1                           1244K
LEVEL-2                           1246K
LEVEL-3                           1248K
LEVEL-4                           1250K
LEVEL-5                           1252K
LEVEL-6                           1255K
LINUX                             1268K
M-V                               1319K
MAC                               1265K
ACS Cobol Xref v2.03.18          Dictionary File for PYPEREND    27/03/2026  19:27:43:56                               Page   59
Symbols of Module: PYPEREND (PYPEREND)
--------------------------------------

Data Section (LINKAGE)          Defn     Locations
-------------------------------+---------------------------------------------------------------

MANDATORY                         1324K
MAPS-SER                          1285K
MAPS-SER-NN                       1287K
MAPS-SER-XX                       1286K
MINIMUM-VALIDATION                1320K
MULTI-USER                        1259K
NEXT-BATCH                        1342K
NEXT-FOLIO                        1350K
NEXT-INVOICE                      1226K
NEXT-POST                         1467K
NO-OS                             1262K
NOT-INVOICING                     1393K
OI-3-FLAG                         1376K
OI-5-FLAG                         1378K
OP-SYSTEM                         1260K
OS-SINGLE                         1269K
OS2                               1266K
P-C                               1308K
P-C-GROUPED                       1311K
P-C-LEVEL                         1313K
P-CREDITORS                       1352K
P-FLAG-A                          1361K
P-FLAG-I                          1362K
P-FLAG-P                          1363K
P-L-EXISTS                        1358K
PAGE-LINES                        1225K
PARAM-RESTRICT                    1298K
PASS-VALUE                        1242K
PASS-WORD                         1257K
PAYROLL                           1256K
PERIOD                            1224K
PF-RETENTION                      1412K
PHONE-NO                          1240K
PL-APPROP-AC                      1476K
PL-APPROP-AC6                     1474K
PL-AUTOGEN                        1366K
PL-DELIM                          1359K
PL-NEXT-REC                       1367K
PL-STOCK-LINK                     1364K
POST-CODE                         1237K
POST-TRANS-NAME                   1498K
POSTINGS                          1341K
PRE-TRANS-NAME                    1497K
PRESERVE-BATCH                    1333K
PRINT-SPOOL-NAME                  1239K
PRINT-SPOOL-NAME2                 1345K
PRINT-SPOOL-NAME3                 1365K
PROFIT-CENTRES                    1309K
PURCHASE-LEDGER                   1357K
ACS Cobol Xref v2.03.18          Dictionary File for PYPEREND    27/03/2026  19:27:43:56                               Page   60
Symbols of Module: PYPEREND (PYPEREND)
--------------------------------------

Data Section (LINKAGE)          Defn     Locations
-------------------------------+---------------------------------------------------------------

PURCHASE-LEDGER-BLOCK             1349K
PURCHASE-RANGE                    1329K
RDBMS-DB-NAME                     1294K
RDBMS-FLAT-STATUSES               1271K
RDBMS-HOST                        1300K
RDBMS-PASSWD                      1296K
RDBMS-PORT                        1299K
RDBMS-SOCKET                      1301K
RDBMS-USER                        1295K
REVENUE-ONLY                      1314K
RUN-DATE                          1227K
S-DEBTORS                         1417K
S-END-CYCLE-DATE                  1419K
S-FLAG-A                          1381K
S-FLAG-I                          1382K
S-FLAG-OI-3                       1379K
S-FLAG-P                          1383K
S-L                               1249K
S-L-EXISTS                        1374K
SALES-LEDGER                      1373K
SALES-LEDGER-BLOCK                1372K
SALES-RANGE                       1328K
SCYCLE                            1223K
SL-AUTOGEN                        1431K
SL-BO-DEFAULT                     1434K
SL-BO-FLAG                        1433K
SL-CHARGES                        1385K
SL-COMP-HEAD-INV                  1422K
SL-COMP-HEAD-LETS                 1426K
SL-COMP-HEAD-PICK                 1420K
SL-COMP-HEAD-STAT                 1424K
SL-COMP-INV                       1423K
SL-COMP-LETS                      1427K
SL-COMP-PICK                      1421K
SL-COMP-STAT                      1425K
SL-CREDIT                         1408K
SL-DAY-BOOK                       1388K
SL-DAYS-1                         1405K
SL-DAYS-2                         1406K
SL-DAYS-3                         1407K
SL-DELIM                          1375K
SL-DISC                           1403K
SL-DUNNING                        1384K
SL-INVOICE-LINES                  1430K
SL-LATE-PER                       1402K
SL-LIMIT                          1415K
SL-MAX                            1411K
SL-MIN                            1410K
SL-NEXT-REC                       1432K
ACS Cobol Xref v2.03.18          Dictionary File for PYPEREND    27/03/2026  19:27:43:56                               Page   61
Symbols of Module: PYPEREND (PYPEREND)
--------------------------------------

Data Section (LINKAGE)          Defn     Locations
-------------------------------+---------------------------------------------------------------

SL-OWN-NOS                        1386K
SL-PAY-AC                         1416K
SL-SALES-AC                       1418K
SL-STATS-RUN                      1387K
SL-STOCK-AUDIT                    1400K
SL-STOCK-LINK                     1399K
SL-VAT-PRINTED                    1428K
SL-VAT-PRINTS                     1429K
START-DATE                        1228K
STATS-DATE-PERIOD                 1302K
STK-ABREV-REF                     1448K
STK-ACTIVITY-REP-RUN              1461K
STK-AUDIT-NO                      1464K
STK-AUDIT-USED                    1452K
STK-AVERAGING                     1459K
STK-BO-ACTIVE                     1462K
STK-DEBUG                         1449K
STK-MANU-USED                     1450K
STK-MOV-AUDIT                     1453K
STK-OE-USED                       1451K
STK-PAGE-LINES                    1463K
STK-PERIOD-CUR                    1454K
STK-PERIOD-DAT                    1455K
STOCK                             1251K
STOCK-AUDIT-ON                    1401K
STOCK-AVERAGING                   1460K
STOCK-CONTROL                     1457K
STOCK-CONTROL-BLOCK               1447K
STOCK-CONTROL-EXISTS              1458K
SUSER                             1230K
SYSTEM-DATA-BLOCK                 1206K
SYSTEM-FILE-NAMES                 1595K
TO-DAY                            1600K    1627                                                                               x1
TRANS-DONE                        1326K
TRANS-PRINT                       1323K
TRANS-PRINTED                     1325K
UNIX                              1267K
UPDATES                           1340K
USER-CODE                         1232K
USERA                             1231K    1610                                                                               x1
VALID-OS-TYPE                     1261K
VAT                               1330K
VAT-AC                            1344K
VAT-GROUP                         1472K
VAT-PSENT                         1473K
VAT-RATE                          1221K
VAT-RATE-1                        1216K
VAT-RATE-2                        1217K
VAT-RATE-3                        1218K
ACS Cobol Xref v2.03.18          Dictionary File for PYPEREND    27/03/2026  19:27:43:56                               Page   62
Symbols of Module: PYPEREND (PYPEREND)
--------------------------------------

Data Section (LINKAGE)          Defn     Locations
-------------------------------+---------------------------------------------------------------

VAT-RATE-4                        1219K
VAT-RATE-5                        1220K
VAT-RATES                         1215K    1221                                                                               x1
VAT-RATES2                        1468K    1472                                                                               x1
VAT-REG-NUMBER                    1297K
VAT1                              1469K
VAT2                              1470K
VAT3                              1471K
WINDOWS                           1264K
WS-CALLED                         1144K
WS-CALLER                         1145K
WS-CALLING-DATA                   1143K    1625                                                                               x1
WS-CD-ARGS                        1151K
WS-DEL-LINK                       1146K
WS-PROCESS-FUNC                   1149K    1739   1742                                                                        x2
WS-SUB-FUNCTION                   1150K
WS-SYSTEM-RECORD                  1202K    1626                                                                               x1
WS-SYSTEM-RECORD-VERSION-PRIME    1208K
WS-SYSTEM-RECORD-VERSION-SECOND   1213K
WS-TERM-CODE                      1147K    1642   1649   1667   1680   1692   1703   1715   1732   1752   1764   1785   1819
                                           1831   1875   1896   1913   1956   1973   2007   2042                              x20
ACS Cobol Xref v2.03.18          Dictionary File for PYPEREND    27/03/2026  19:27:43:56                               Page   63
Symbols of Module: PYPEREND (PYPEREND)
--------------------------------------

Data Section (SCREEN)           Defn     Locations
-------------------------------+---------------------------------------------------------------

COB-COLOR-BLACK                   1604S
DISPLAY-HEADS                     1604S
PROG-NAME                         1607S
U-DATE                            1609S
USERA                             1610S                                                                                       x0
ACS Cobol Xref v2.03.18          Dictionary File for PYPEREND    27/03/2026  19:27:43:56                               Page   64
Symbols of Module: PYPEREND (PYPEREND)
--------------------------------------
Variable Tested [S]            Symbol (88-Conditions)
--------------------------------------------------------------

ACCESS-TYPE                     FN-INPUT
ACCESS-TYPE                     FN-I-O
ACCESS-TYPE                     FN-OUTPUT
ACCESS-TYPE                     FN-EXTEND
ACCESS-TYPE                     FN-EQUAL-TO
ACCESS-TYPE                     FN-LESS-THAN
ACCESS-TYPE                     FN-GREATER-THAN
ACCESS-TYPE                     FN-NOT-LESS-THAN
ACCESS-TYPE                     FN-NOT-GREATER-THAN
ARCH                            ARCHIVING
BATCH-ID                        PRESERVE-BATCH
COMPS                           COMPARATIVES
COMPS-ACTIVE                    COMPARATIVES-ACTIVE
DATA-CAPTURE-USED               DC-COBOL-STANDARD
DATA-CAPTURE-USED               DC-GUI
DATA-CAPTURE-USED               DC-WIDGET
DATE-FORM                       DATE-VALID-FORMATS
EXTRA-TYPE                      DISCOUNT
EXTRA-TYPE                      CHARGE
FA-FILE-DUPLICATES-IN-USE       FA-FS-DUPLICATE-PROCESSING
FA-FILE-SYSTEM-USED             FA-FS-COBOL-FILES-USED
FA-FILE-SYSTEM-USED             FA-FS-RDBMS-USED
FA-FILE-SYSTEM-USED             FA-FS-VALID-OPTIONS
FILE-DUPLICATES-IN-USE          FS-DUPLICATE-PROCESSING
FILE-FUNCTION                   FN-OPEN
FILE-FUNCTION                   FN-CLOSE
FILE-FUNCTION                   FN-READ-NEXT
FILE-FUNCTION                   FN-READ-INDEXED
FILE-FUNCTION                   FN-WRITE
FILE-FUNCTION                   FN-DELETE-ALL
FILE-FUNCTION                   FN-RE-WRITE
FILE-FUNCTION                   FN-DELETE
FILE-FUNCTION                   FN-START
FILE-FUNCTION                   FN-WRITE-RAW
FILE-FUNCTION                   FN-READ-NEXT-RAW
FILE-FUNCTION                   FN-READ-BY-NAME
FILE-FUNCTION                   FN-READ-BY-BATCH
FILE-FUNCTION                   FN-READ-BY-CUST
FILE-FUNCTION                   FN-READ-NEXT-HEADER
FILE-SYSTEM-USED                FS-COBOL-FILES-USED
FILE-SYSTEM-USED                FS-MYSQL-USED
FILE-SYSTEM-USED                FS-RDBMS-USED
FILE-SYSTEM-USED                FS-VALID-OPTIONS
HOST                            MULTI-USER
INVOICER                        I-LEVEL-0
INVOICER                        I-LEVEL-1
INVOICER                        I-LEVEL-2
INVOICER                        NOT-INVOICING
IRS-INSTEAD                     IRS-USED
IRS-INSTEAD                     IRS-BOTH-USED
ACS Cobol Xref v2.03.18          Dictionary File for PYPEREND    27/03/2026  19:27:43:56                               Page   65
Symbols of Module: PYPEREND (PYPEREND)
--------------------------------------
Variable Tested [S]            Symbol (88-Conditions)
--------------------------------------------------------------

LEDGER-2ND-INDEX                INDEX-2
LEVEL-1                         G-L
LEVEL-2                         B-L
LEVEL-3                         S-L
LEVEL-4                         STOCK
LEVEL-5                         IRS
LEVEL-5                         IRS-NO
LEVEL-6                         PAYROLL
M-V                             MINIMUM-VALIDATION
MAIN-RECORD-MOVE-FLAG           MRMF-MOVE-FD
MAIN-RECORD-MOVE-FLAG           MRMF-MOVE-WS
OP-SYSTEM                       VALID-OS-TYPE
OP-SYSTEM                       NO-OS
OP-SYSTEM                       DOS
OP-SYSTEM                       WINDOWS
OP-SYSTEM                       MAC
OP-SYSTEM                       OS2
OP-SYSTEM                       UNIX
OP-SYSTEM                       LINUX
OP-SYSTEM                       OS-SINGLE
P-C                             PROFIT-CENTRES
P-C                             BRANCHES
P-C-GROUPED                     GROUPED
P-C-LEVEL                       REVENUE-ONLY
PURCHASE-LEDGER                 P-L-EXISTS
SALES-LEDGER                    S-L-EXISTS
SL-COMP-HEAD-INV                SL-COMP-INV
SL-COMP-HEAD-LETS               SL-COMP-LETS
SL-COMP-HEAD-PICK               SL-COMP-PICK
SL-COMP-HEAD-STAT               SL-COMP-STAT
SL-STOCK-AUDIT                  STOCK-AUDIT-ON
SL-VAT-PRINTED                  SL-VAT-PRINTS
STK-AVERAGING                   STOCK-AVERAGING
STOCK-CONTROL                   STOCK-CONTROL-EXISTS
SW-TESTING                      TESTING-1
SW-TESTING-2                    TESTING-2
TRANS-PRINT                     MANDATORY
TRANS-PRINTED                   TRANS-DONE
VAT                             AUTO-VAT
ACS Cobol Xref v2.03.18          Dictionary File for PYPEREND    27/03/2026  19:27:43:56                               Page   66
Symbols of Module: PYPEREND (PYPEREND)
--------------------------------------
Variable Tested                Symbol (88-Conditions) [S]
--------------------------------------------------------------

ARCH                            ARCHIVING
VAT                             AUTO-VAT
LEVEL-2                         B-L
P-C                             BRANCHES
EXTRA-TYPE                      CHARGE
COMPS                           COMPARATIVES
COMPS-ACTIVE                    COMPARATIVES-ACTIVE
DATE-FORM                       DATE-VALID-FORMATS
DATA-CAPTURE-USED               DC-COBOL-STANDARD
DATA-CAPTURE-USED               DC-GUI
DATA-CAPTURE-USED               DC-WIDGET
EXTRA-TYPE                      DISCOUNT
OP-SYSTEM                       DOS
FA-FILE-SYSTEM-USED             FA-FS-COBOL-FILES-USED
FA-FILE-DUPLICATES-IN-USE       FA-FS-DUPLICATE-PROCESSING
FA-FILE-SYSTEM-USED             FA-FS-RDBMS-USED
FA-FILE-SYSTEM-USED             FA-FS-VALID-OPTIONS
FILE-FUNCTION                   FN-CLOSE
FILE-FUNCTION                   FN-DELETE
FILE-FUNCTION                   FN-DELETE-ALL
ACCESS-TYPE                     FN-EQUAL-TO
ACCESS-TYPE                     FN-EXTEND
ACCESS-TYPE                     FN-GREATER-THAN
ACCESS-TYPE                     FN-I-O
ACCESS-TYPE                     FN-INPUT
ACCESS-TYPE                     FN-LESS-THAN
ACCESS-TYPE                     FN-NOT-GREATER-THAN
ACCESS-TYPE                     FN-NOT-LESS-THAN
FILE-FUNCTION                   FN-OPEN
ACCESS-TYPE                     FN-OUTPUT
FILE-FUNCTION                   FN-RE-WRITE
FILE-FUNCTION                   FN-READ-BY-BATCH
FILE-FUNCTION                   FN-READ-BY-CUST
FILE-FUNCTION                   FN-READ-BY-NAME
FILE-FUNCTION                   FN-READ-INDEXED
FILE-FUNCTION                   FN-READ-NEXT
FILE-FUNCTION                   FN-READ-NEXT-HEADER
FILE-FUNCTION                   FN-READ-NEXT-RAW
FILE-FUNCTION                   FN-START
FILE-FUNCTION                   FN-WRITE
FILE-FUNCTION                   FN-WRITE-RAW
FILE-SYSTEM-USED                FS-COBOL-FILES-USED
FILE-DUPLICATES-IN-USE          FS-DUPLICATE-PROCESSING
FILE-SYSTEM-USED                FS-MYSQL-USED
FILE-SYSTEM-USED                FS-RDBMS-USED
FILE-SYSTEM-USED                FS-VALID-OPTIONS
LEVEL-1                         G-L
P-C-GROUPED                     GROUPED
INVOICER                        I-LEVEL-0
INVOICER                        I-LEVEL-1
ACS Cobol Xref v2.03.18          Dictionary File for PYPEREND    27/03/2026  19:27:43:56                               Page   67
Symbols of Module: PYPEREND (PYPEREND)
--------------------------------------
Variable Tested                Symbol (88-Conditions) [S]
--------------------------------------------------------------

INVOICER                        I-LEVEL-2
LEDGER-2ND-INDEX                INDEX-2
LEVEL-5                         IRS
IRS-INSTEAD                     IRS-BOTH-USED
LEVEL-5                         IRS-NO
IRS-INSTEAD                     IRS-USED
OP-SYSTEM                       LINUX
OP-SYSTEM                       MAC
TRANS-PRINT                     MANDATORY
M-V                             MINIMUM-VALIDATION
MAIN-RECORD-MOVE-FLAG           MRMF-MOVE-FD
MAIN-RECORD-MOVE-FLAG           MRMF-MOVE-WS
HOST                            MULTI-USER
OP-SYSTEM                       NO-OS
INVOICER                        NOT-INVOICING
OP-SYSTEM                       OS-SINGLE
OP-SYSTEM                       OS2
PURCHASE-LEDGER                 P-L-EXISTS
LEVEL-6                         PAYROLL
BATCH-ID                        PRESERVE-BATCH
P-C                             PROFIT-CENTRES
P-C-LEVEL                       REVENUE-ONLY
LEVEL-3                         S-L
SALES-LEDGER                    S-L-EXISTS
SL-COMP-HEAD-INV                SL-COMP-INV
SL-COMP-HEAD-LETS               SL-COMP-LETS
SL-COMP-HEAD-PICK               SL-COMP-PICK
SL-COMP-HEAD-STAT               SL-COMP-STAT
SL-VAT-PRINTED                  SL-VAT-PRINTS
LEVEL-4                         STOCK
SL-STOCK-AUDIT                  STOCK-AUDIT-ON
STK-AVERAGING                   STOCK-AVERAGING
STOCK-CONTROL                   STOCK-CONTROL-EXISTS
SW-TESTING                      TESTING-1
SW-TESTING-2                    TESTING-2
TRANS-PRINTED                   TRANS-DONE
OP-SYSTEM                       UNIX
OP-SYSTEM                       VALID-OS-TYPE
OP-SYSTEM                       WINDOWS
ACS Cobol Xref v2.03.18          Dictionary File for PYPEREND    27/03/2026  19:27:43:56                               Page   68
Symbols of Module: PYPEREND (PYPEREND)
--------------------------------------
Functions                       Defn     Locations
-------------------------------+---------------------------------------------------------------

CURRENT-DATE                      1635I                                                                                       x0
ACS Cobol Xref v2.03.18          Dictionary File for PYPEREND    27/03/2026  19:27:43:56                               Page   69
Symbols of Module: PYPEREND (PYPEREND)
--------------------------------------
Procedure                       Defn     Locations
-------------------------------+---------------------------------------------------------------

AA000-MAIN                        1630S
WS-                               2114P
ZZ040-EVALUATE-MESSAGE            2049S    1673   1722   1886   1903   1946   1963   1997   2031                              x8
ACS Cobol Xref v2.03.18          Dictionary File for PYPEREND    27/03/2026  19:27:43:56                               Page   70
Symbols of Module: PYPEREND (PYPEREND)
--------------------------------------
Unreferenced Working Storage Symbols

ACAS-DAL-COMMON-DATA              1119W
ACAS-PATH                         1032W
ACCEPT-REPLY                      1039W
ACCESS-TYPE                       1101W
ADDRESS-1                         1233K
ADDRESS-2                         1234K
ADDRESS-3                         1235K
ADDRESS-4                         1236K
AGE-TO-PAY                        1356K
ARCH                              1321K
ARCHIVING                         1322K
AUTO-VAT                          1331K
B-L                               1247K
BATCH-ID                          1332K
BL-END-CYCLE-DATE                 1354K
BL-NEXT-BATCH                     1355K
BL-PAY-AC                         1351K
BL-PURCH-AC                       1353K
BRANCHES                          1310K
CHARGE                            1397K
CLIENT                            1466K
COB-ALLOW-ALL-SCREEN-ACTIONS       775W
COB-ALLOW-LEFT-DOUBLE              767W
COB-ALLOW-LEFT-DOWN                765W
COB-ALLOW-LEFT-UP                  766W
COB-ALLOW-MIDDLE-DOUBLE            770W
COB-ALLOW-MIDDLE-DOWN              768W
COB-ALLOW-MIDDLE-UP                769W
COB-ALLOW-MOUSE-MOVE               774W
COB-ALLOW-RIGHT-DOUBLE             773W
COB-ALLOW-RIGHT-DOWN               771W
COB-ALLOW-RIGHT-UP                 772W
COB-AUTO-MOUSE-HANDLING            764W
COB-COLOR-BLUE                     755W
COB-COLOR-CYAN                     757W
COB-COLOR-GREEN                    756W
COB-COLOR-MAGENTA                  759W
COB-COLOR-RED                      758W
COB-COLOR-WHITE                    761W
COB-COLOR-YELLOW                   760W
COB-SCR-ALT-LEFT-DBL-CLICK         898W
COB-SCR-ALT-LEFT-PRESSED           896W
COB-SCR-ALT-LEFT-RELEASED          897W
COB-SCR-ALT-MID-DBL-CLICK          901W
COB-SCR-ALT-MID-PRESSED            899W
COB-SCR-ALT-MID-RELEASED           900W
COB-SCR-ALT-MOVE                   895W
COB-SCR-ALT-RIGHT-DBL-CLICK        904W
COB-SCR-ALT-RIGHT-PRESSED          902W
COB-SCR-ALT-RIGHT-RELEASED         903W
COB-SCR-ALT-WHEEL-DOWN             918W
ACS Cobol Xref v2.03.18          Dictionary File for PYPEREND    27/03/2026  19:27:43:56                               Page   71
Symbols of Module: PYPEREND (PYPEREND)
--------------------------------------
Unreferenced Working Storage Symbols

COB-SCR-ALT-WHEEL-UP               917W
COB-SCR-BACK-TAB                   854W
COB-SCR-BACKSPACE                  861W
COB-SCR-CTRL-LEFT-DBL-CLICK        888W
COB-SCR-CTRL-LEFT-PRESSED          886W
COB-SCR-CTRL-LEFT-RELEASED         887W
COB-SCR-CTRL-MID-DBL-CLICK         891W
COB-SCR-CTRL-MID-PRESSED           889W
COB-SCR-CTRL-MID-RELEASED          890W
COB-SCR-CTRL-MOVE                  885W
COB-SCR-CTRL-RIGHT-DBL-CLICK       894W
COB-SCR-CTRL-RIGHT-PRESSED         892W
COB-SCR-CTRL-RIGHT-RELEASED        893W
COB-SCR-CTRL-WHEEL-DOWN            914W
COB-SCR-CTRL-WHEEL-UP              913W
COB-SCR-DELETE                     860W
COB-SCR-ESC                        851W
COB-SCR-F1                         782W
COB-SCR-F10                        791W
COB-SCR-F11                        792W
COB-SCR-F12                        793W
COB-SCR-F13                        794W
COB-SCR-F14                        795W
COB-SCR-F15                        796W
COB-SCR-F16                        797W
COB-SCR-F17                        798W
COB-SCR-F18                        799W
COB-SCR-F19                        800W
COB-SCR-F2                         783W
COB-SCR-F20                        801W
COB-SCR-F21                        802W
COB-SCR-F22                        803W
COB-SCR-F23                        804W
COB-SCR-F24                        805W
COB-SCR-F25                        806W
COB-SCR-F26                        807W
COB-SCR-F27                        808W
COB-SCR-F28                        809W
COB-SCR-F29                        810W
COB-SCR-F3                         784W
COB-SCR-F30                        811W
COB-SCR-F31                        812W
COB-SCR-F32                        813W
COB-SCR-F33                        814W
COB-SCR-F34                        815W
COB-SCR-F35                        816W
COB-SCR-F36                        817W
COB-SCR-F37                        818W
COB-SCR-F38                        819W
COB-SCR-F39                        820W
COB-SCR-F4                         785W
ACS Cobol Xref v2.03.18          Dictionary File for PYPEREND    27/03/2026  19:27:43:56                               Page   72
Symbols of Module: PYPEREND (PYPEREND)
--------------------------------------
Unreferenced Working Storage Symbols

COB-SCR-F40                        821W
COB-SCR-F41                        822W
COB-SCR-F42                        823W
COB-SCR-F43                        824W
COB-SCR-F44                        825W
COB-SCR-F45                        826W
COB-SCR-F46                        827W
COB-SCR-F47                        828W
COB-SCR-F48                        829W
COB-SCR-F49                        830W
COB-SCR-F5                         786W
COB-SCR-F50                        831W
COB-SCR-F51                        832W
COB-SCR-F52                        833W
COB-SCR-F53                        834W
COB-SCR-F54                        835W
COB-SCR-F55                        836W
COB-SCR-F56                        837W
COB-SCR-F57                        838W
COB-SCR-F58                        839W
COB-SCR-F59                        840W
COB-SCR-F6                         787W
COB-SCR-F60                        841W
COB-SCR-F61                        842W
COB-SCR-F62                        843W
COB-SCR-F63                        844W
COB-SCR-F64                        845W
COB-SCR-F7                         788W
COB-SCR-F8                         789W
COB-SCR-F9                         790W
COB-SCR-FATAL                      925W
COB-SCR-INSERT                     859W
COB-SCR-KEY-DOWN                   850W
COB-SCR-KEY-END                    863W
COB-SCR-KEY-HOME                   862W
COB-SCR-KEY-LEFT                   855W
COB-SCR-KEY-RIGHT                  856W
COB-SCR-KEY-UP                     849W
COB-SCR-LEFT-DBL-CLICK             868W
COB-SCR-LEFT-PRESSED               866W
COB-SCR-LEFT-RELEASED              867W
COB-SCR-MAX-FIELD                  926W
COB-SCR-MID-DBL-CLICK              871W
COB-SCR-MID-PRESSED                869W
COB-SCR-MID-RELEASED               870W
COB-SCR-MOUSE-MOVE                 865W
COB-SCR-NO-FIELD                   922W
COB-SCR-OK                         779W
COB-SCR-PAGE-DOWN                  848W
COB-SCR-PAGE-UP                    847W
COB-SCR-PRINT                      852W
ACS Cobol Xref v2.03.18          Dictionary File for PYPEREND    27/03/2026  19:27:43:56                               Page   73
Symbols of Module: PYPEREND (PYPEREND)
--------------------------------------
Unreferenced Working Storage Symbols

COB-SCR-RIGHT-DBL-CLICK            874W
COB-SCR-RIGHT-PRESSED              872W
COB-SCR-RIGHT-RELEASED             873W
COB-SCR-SHIFT-LEFT-DBL-CLICK       878W
COB-SCR-SHIFT-LEFT-PRESSED         876W
COB-SCR-SHIFT-LEFT-RELEASED        877W
COB-SCR-SHIFT-MID-DBL-CLICK        881W
COB-SCR-SHIFT-MID-PRESSED          879W
COB-SCR-SHIFT-MID-RELEASED         880W
COB-SCR-SHIFT-MOVE                 875W
COB-SCR-SHIFT-RIGHT-DBL-CLICK      884W
COB-SCR-SHIFT-RIGHT-PRESSED        882W
COB-SCR-SHIFT-RIGHT-RELEASED       883W
COB-SCR-SHIFT-WHEEL-DOWN           910W
COB-SCR-SHIFT-WHEEL-UP             909W
COB-SCR-TAB                        853W
COB-SCR-TIME-OUT                   923W
COB-SCR-WHEEL-DOWN                 906W
COB-SCR-WHEEL-UP                   905W
COH-ALL-Q-TAX                      597F
COH-ALL-Q-TAXES                    596F
COH-DATE                           590F
COH-INTERVAL                       528F
COH-LAST-APPLY-NO                  532F
COH-QTD-CO-SUI-LIAB                548F
COH-QTD-COMP-TIME-EARNED           555F
COH-QTD-COMP-TIME-TAKEN            556F
COH-QTD-EIC-CREDIT                 540F
COH-QTD-EMP                        552F
COH-QTD-FICA-TAXABLE               537F
COH-QTD-INCOME-TAXABLE             534F
COH-QTD-LWT-LIAB                   543F
COH-QTD-NET                        539F
COH-QTD-OTHER-DED                  550F
COH-QTD-OTHER-NONTAXABLE           536F
COH-QTD-OTHER-TAXABLE              535F
COH-QTD-SDI-LIAB                   545F
COH-QTD-SL-EARNED                  559F
COH-QTD-SL-TAKEN                   560F
COH-QTD-SWT-LIAB                   542F
COH-QTD-SYS                        551F
COH-QTD-TIPS                       538F
COH-QTD-UNITS                      553F
COH-QTD-VAC-EARNED                 557F
COH-QTD-VAC-TAKEN                  558F
COH-QTY-EXTRAS                     554F
COH-STARTING-UP                    529F
COH-TAX                            591F
COH-YTD-CO-FICA-LIAB               575F
COH-YTD-CO-FUTA-LIAB               574F
COH-YTD-CO-SUI-LIAB                576F
ACS Cobol Xref v2.03.18          Dictionary File for PYPEREND    27/03/2026  19:27:43:56                               Page   74
Symbols of Module: PYPEREND (PYPEREND)
--------------------------------------
Unreferenced Working Storage Symbols

COH-YTD-COMP-TIME-EARNED           583F
COH-YTD-COMP-TIME-TAKEN            584F
COH-YTD-EIC-CREDIT                 568F
COH-YTD-EMP                        580F
COH-YTD-FICA-LIAB                  572F
COH-YTD-FICA-TAXABLE               565F
COH-YTD-FWT-LIAB                   569F
COH-YTD-INCOME-TAXABLE             562F
COH-YTD-LWT-LIAB                   571F
COH-YTD-NET                        567F
COH-YTD-OTHER-DED                  578F
COH-YTD-OTHER-NONTAXABLE           564F
COH-YTD-OTHER-TAXABLE              563F
COH-YTD-SDI-LIAB                   573F
COH-YTD-SL-EARNED                  587F
COH-YTD-SL-TAKEN                   588F
COH-YTD-SWT-LIAB                   570F
COH-YTD-SYS                        579F
COH-YTD-TIPS                       566F
COH-YTD-UNITS                      581F
COH-YTD-VAC-EARNED                 585F
COH-YTD-VAC-TAKEN                  586F
COH-YTY-EXTRAS                     582F
COL2                              1028W
COLE                              1024W
COMPANY-EMAIL                     1303K
COMPARATIVES                      1316K
COMPARATIVES-ACTIVE               1318K
COMPS                             1315K
COMPS-ACTIVE                      1317K
COUNTRY                           1238K
CURRENT-QUARTER                   1270K
CUST-FLAG                         1377K
DATA-CAPTURE-USED                 1290K
DATE-FORM                         1288K
DATE-VALID-FORMATS                1289K
DB-HOST                           1054W
DB-PORT                           1056W
DB-SCHEMA                         1051W
DB-SOCKET                         1055W
DB-UNAME                          1052W
DB-UPASS                          1053W
DC-COBOL-STANDARD                 1291K
DC-GUI                            1292K
DC-WIDGET                         1293K
DISCOUNT                          1396K
DISPLAY-HEADS                     1604S
DOS                               1263K
EMP-ADDRESS-1                      363F
EMP-ADDRESS-2                      364F
EMP-ADDRESS-3                      365F
ACS Cobol Xref v2.03.18          Dictionary File for PYPEREND    27/03/2026  19:27:43:56                               Page   75
Symbols of Module: PYPEREND (PYPEREND)
--------------------------------------
Unreferenced Working Storage Symbols

EMP-ADDRESS-4                      366F
EMP-AUTO-UNITS                     392F
EMP-BANK-ACCT-NO                   372F
EMP-BIRTH-DATE                     353F
EMP-CAL-DED-ALLOW                  376F
EMP-CAL-HEAD-OF-HOUSE              375F
EMP-CO-FUTA-EXEMPT                 387F
EMP-CO-SUI-EXEMPT                  388F
EMP-CUR-APPLY-NO                   360F
EMP-DIST-ACCT                      404F
EMP-DIST-GRP                       403F
EMP-DIST-PCENT                     405F
EMP-ED-ACCT-NO                     412F
EMP-ED-AMT-PCENT                   411F
EMP-ED-CHK-CAT                     417F
EMP-ED-DESC                        413F
EMP-ED-EARN-DED                    414F
EMP-ED-EXCLUSION                   415F
EMP-ED-FACTOR                      409F
EMP-ED-GROUP                       408F
EMP-ED-GRP                         406F
EMP-ED-LIMIT                       410F
EMP-ED-LIMIT-USED                  416F
EMP-ED-USED                        407F
EMP-EIC-USED                       381F
EMP-EMAIL                          371F
EMP-FICA-EXEMPT                    385F
EMP-FWT-ALLOW                      377F
EMP-FWT-EXEMPT                     382F
EMP-HS-TYPE                        348F
EMP-JOB-CODE                       351F
EMP-LWT-ALLOW                      379F
EMP-LWT-EXEMPT                     384F
EMP-MARITAL                        356F
EMP-MAX-PAY                        394F
EMP-MCARE-EXEMPT                   389F
EMP-NAME                           361F
EMP-NEXT-DEL                       358F
EMP-NORMAL-UNITS                   393F
EMP-PAY-FREQ                       357F
EMP-PAY-INTERVAL                   349F
EMP-PENSION-USED                   380F
EMP-PHONE-NO                       370F
EMP-POST-CODE                      367F
EMP-RATE                           391F
EMP-RATE4-EXCLUSION                373F
EMP-SDI-EXEMPT                     386F
EMP-SEX                            355F
EMP-SL-RATE                        398F
EMP-SSN                            359F
EMP-START-DATE                     352F
ACS Cobol Xref v2.03.18          Dictionary File for PYPEREND    27/03/2026  19:27:43:56                               Page   76
Symbols of Module: PYPEREND (PYPEREND)
--------------------------------------
Unreferenced Working Storage Symbols

EMP-STATE                          369F
EMP-SWT-ALLOW                      378F
EMP-SWT-EXEMPT                     383F
EMP-SYS-EXEMPT                     390F
EMP-TAXING-STATE                   350F
EMP-TERM-DATE                      354F
EMP-VAC-RATE                       395F
EMP-ZIP                            368F
END-DATE                          1229K
ENTRY-LEVEL                       1360K
ERROR-CODE                         727W
ERROR-MESSAGES                     663W
EXTRA-CHARGE-AC                   1343K
EXTRA-DESC                        1394K
EXTRA-PRINT                       1398K
EXTRA-RATE                        1404K
EXTRA-TYPE                        1395K
FA-FILE-DUPLICATES-IN-USE         1076W
FA-FILE-SYSTEM-USED               1067W
FA-FS-COBOL-FILES-USED            1068W
FA-FS-DUPLICATE-PROCESSING        1077W
FA-FS-RDBMS-USED                  1069W
FA-FS-VALID-OPTIONS               1075W
FA-RDBMS-FLAT-STATUSES            1066W
FILE-0                            1500K
FILE-10                           1519K
FILE-11                           1521K
FILE-12                           1523K
FILE-13                           1525K
FILE-14                           1527K
FILE-15                           1529K
FILE-16                           1531K
FILE-17                           1533K
FILE-18                           1535K
FILE-19                           1537K
FILE-2                            1503K
FILE-20                           1539K
FILE-21                           1541K
FILE-22                           1543K
FILE-23                           1545K
FILE-24                           1547K
FILE-26                           1550K
FILE-27                           1552K
FILE-28                           1554K
FILE-29                           1556K
FILE-3                            1505K
FILE-30                           1558K
FILE-31                           1560K
FILE-32                           1562K
FILE-33                           1564K
FILE-34                           1565K
ACS Cobol Xref v2.03.18          Dictionary File for PYPEREND    27/03/2026  19:27:43:56                               Page   77
Symbols of Module: PYPEREND (PYPEREND)
--------------------------------------
Unreferenced Working Storage Symbols

FILE-35                           1566K
FILE-36                           1567K
FILE-37                           1568K
FILE-38                           1569K
FILE-39                           1572K
FILE-4                            1507K
FILE-40                           1573K
FILE-42                           1575K
FILE-44                           1577K
FILE-46                           1579K
FILE-48                           1581K
FILE-49                           1583K
FILE-5                            1509K
FILE-50                           1584K
FILE-51                           1585K
FILE-52                           1586K
FILE-53                           1587K
FILE-54                           1588K
FILE-55                           1589K
FILE-56                           1590K
FILE-57                           1592K
FILE-6                            1511K
FILE-7                            1513K
FILE-8                            1515K
FILE-9                            1517K
FILE-ACCESS                       1016W
FILE-DEFS-COUNT                   1596K
FILE-DEFS-OS-DELIMITER            1597K
FILE-DUPLICATES-IN-USE            1283K
FILE-FUNCTION                     1082W
FILE-KEY-NO                       1040W
FILE-SYSTEM-USED                  1272K
FILLER-DUMMY4                     1479K
FIRST-SL-BATCH                    1413K
FIRST-SL-INV                      1414K
FN-CLOSE                          1084W
FN-DELETE                         1090W
FN-DELETE-ALL                     1088W
FN-EQUAL-TO                       1106W
FN-EXTEND                         1105W
FN-GREATER-THAN                   1108W
FN-I-O                            1103W
FN-INPUT                          1102W
FN-LESS-THAN                      1107W
FN-NOT-GREATER-THAN               1110W
FN-NOT-LESS-THAN                  1109W
FN-OPEN                           1083W
FN-OUTPUT                         1104W
FN-RE-WRITE                       1089W
FN-READ-BY-BATCH                  1097W
FN-READ-BY-CUST                   1098W
ACS Cobol Xref v2.03.18          Dictionary File for PYPEREND    27/03/2026  19:27:43:56                               Page   78
Symbols of Module: PYPEREND (PYPEREND)
--------------------------------------
Unreferenced Working Storage Symbols

FN-READ-BY-NAME                   1096W
FN-READ-INDEXED                   1086W
FN-READ-NEXT                      1085W
FN-READ-NEXT-HEADER               1099W
FN-READ-NEXT-RAW                  1094W
FN-START                          1091W
FN-WRITE                          1087W
FN-WRITE-RAW                      1093W
FS-ACTION                         1035W
FS-COBOL-FILES-USED               1273K
FS-DUPLICATE-PROCESSING           1284K
FS-MYSQL-USED                     1274K
FS-RDBMS-USED                     1276K
FS-REPLY                          1019W
FS-VALID-OPTIONS                  1282K
FULL-INVOICING                    1380K
G-L                               1245K
GENERAL-LEDGER-BLOCK              1307K
GL-BL-PAY-AC                      1437K
GL-BL-PURCH-AC                    1439K
GL-P-CREDITORS                    1438K
GL-S-DEBTORS                      1441K
GL-SL-PAY-AC                      1440K
GL-SL-SALES-AC                    1442K
GROUPED                           1312K
HDR-HIS-LAST-TO-DATE               495F
HDR-HIS-NO                         494F
HEADER-LEVEL                      1327K
HIS-QTD-EIC                        458F
HIS-QTD-EMP                        467F
HIS-QTD-EXTRAS                     469F
HIS-QTD-FICA                       462F
HIS-QTD-FICA-TAXABLE               455F
HIS-QTD-FWT                        459F
HIS-QTD-INCOME-TAXABLE             452F
HIS-QTD-LWT                        461F
HIS-QTD-MCARE                      464F
HIS-QTD-NET                        457F
HIS-QTD-OTHER-DED                  465F
HIS-QTD-OTHER-NONTAXABLE           454F
HIS-QTD-OTHER-TAXABLE              453F
HIS-QTD-SDI                        463F
HIS-QTD-SWT                        460F
HIS-QTD-SYS                        466F
HIS-QTD-TIPS                       456F
HIS-QTD-UNITS                      468F
HIS-YTD-EIC                        477F
HIS-YTD-EMP                        486F
HIS-YTD-EXTRAS                     488F
HIS-YTD-FICA                       481F
HIS-YTD-FICA-TAXABLE               474F
ACS Cobol Xref v2.03.18          Dictionary File for PYPEREND    27/03/2026  19:27:43:56                               Page   79
Symbols of Module: PYPEREND (PYPEREND)
--------------------------------------
Unreferenced Working Storage Symbols

HIS-YTD-FWT                        478F
HIS-YTD-INCOME-TAXABLE             471F
HIS-YTD-LWT                        480F
HIS-YTD-MCARE                      483F
HIS-YTD-NET                        476F
HIS-YTD-OTHER-DED                  484F
HIS-YTD-OTHER-NONTAXABLE           473F
HIS-YTD-OTHER-TAXABLE              472F
HIS-YTD-SDI                        482F
HIS-YTD-SWT                        479F
HIS-YTD-SYS                        485F
HIS-YTD-TIPS                       475F
HIS-YTD-UNITS                      487F
HOST                              1258K
I-LEVEL-0                         1390K
I-LEVEL-1                         1391K
I-LEVEL-2                         1392K
INDEX-2                           1335K
INVOICER                          1389K
IRS                               1253K
IRS-BOTH-USED                     1338K
IRS-DATA-BLOCK                    1478K
IRS-ENTRY-BLOCK                   1478K
IRS-INSTEAD                       1336K
IRS-NO                            1254K
IRS-USED                          1337K
LEDGER-2ND-INDEX                  1334K
LEDGER-SEC                        1339K
LEVEL                             1243K
LEVEL-1                           1244K
LEVEL-2                           1246K
LEVEL-3                           1248K
LEVEL-4                           1250K
LEVEL-5                           1252K
LEVEL-6                           1255K
LIN                               1023W
LIN2                              1027W
LINUX                             1268K
LOG-FILE-REC-WRITTEN              1131W
LOGGING-DATA                      1038W
M-V                               1319K
MAC                               1265K
MAIN-RECORD-MOVE-FLAG             1060W
MANDATORY                         1324K
MAPS-SER                          1285K
MAPS-SER-NN                       1287K
MAPS-SER-XX                       1286K
MAPS03-WS                          969W
MENU-REPLY                         606W
MINIMUM-VALIDATION                1320K
MRMF-MOVE-FD                      1061W
ACS Cobol Xref v2.03.18          Dictionary File for PYPEREND    27/03/2026  19:27:43:56                               Page   80
Symbols of Module: PYPEREND (PYPEREND)
--------------------------------------
Unreferenced Working Storage Symbols

MRMF-MOVE-WS                      1062W
MULTI-USER                        1259K
NEXT-BATCH                        1342K
NEXT-FOLIO                        1350K
NEXT-INVOICE                      1226K
NEXT-POST                         1467K
NO-OS                             1262K
NOT-INVOICING                     1393K
OI-3-FLAG                         1376K
OI-5-FLAG                         1378K
OP-SYSTEM                         1260K
OS-SINGLE                         1269K
OS2                               1266K
P-C                               1308K
P-C-GROUPED                       1311K
P-C-LEVEL                         1313K
P-CREDITORS                       1352K
P-FLAG-A                          1361K
P-FLAG-I                          1362K
P-FLAG-P                          1363K
P-L-EXISTS                        1358K
PAGE-LINES                        1225K
PARAM-RESTRICT                    1298K
PASS-VALUE                        1242K
PASS-WORD                         1257K
PATH-WORK                         1033W
PAYROLL                           1256K
PERIOD                            1224K
PF-RETENTION                      1412K
PHONE-NO                          1240K
PL-APPROP-AC                      1476K
PL-APPROP-AC6                     1474K
PL-AUTOGEN                        1366K
PL-DELIM                          1359K
PL-NEXT-REC                       1367K
PL-STOCK-LINK                     1364K
POST-CODE                         1237K
POST-TRANS-NAME                   1498K
POSTINGS                          1341K
PRE-TRANS-NAME                    1497K
PRESERVE-BATCH                    1333K
PRINT-SPOOL-NAME                  1239K
PRINT-SPOOL-NAME2                 1345K
PRINT-SPOOL-NAME3                 1365K
PROFIT-CENTRES                    1309K
PURCHASE-LEDGER                   1357K
PURCHASE-LEDGER-BLOCK             1349K
PURCHASE-RANGE                    1329K
PY-HISTORY-HEADER                  493F
PY-PR1-B-USED                      235F
PY-PR1-BLOCK                       194F
ACS Cobol Xref v2.03.18          Dictionary File for PYPEREND    27/03/2026  19:27:43:56                               Page   81
Symbols of Module: PYPEREND (PYPEREND)
--------------------------------------
Unreferenced Working Storage Symbols

PY-PR1-CHECK-HISTORY-USED          231F
PY-PR1-CHECK-PRINTING-USED         230F
PY-PR1-CO-ADDRESS-1                198F
PY-PR1-CO-ADDRESS-2                199F
PY-PR1-CO-ADDRESS-3                200F
PY-PR1-CO-ADDRESS-4                201F
PY-PR1-CO-EMAIL                    206F
PY-PR1-CO-NAME                     196F
PY-PR1-CO-PHONE                    205F
PY-PR1-CO-POST-CODE                202F
PY-PR1-CO-STATE                    204F
PY-PR1-CO-ZIP                      203F
PY-PR1-COMPANY-DATA                195F
PY-PR1-CURRENCY-SIGN               241F
PY-PR1-DATE                        261F
PY-PR1-DATE-DY                     264F
PY-PR1-DATE-FORMAT                 259F
PY-PR1-DATE-MO                     263F
PY-PR1-DATE-YR                     265F
PY-PR1-DEBUGGING                   243F
PY-PR1-DFLT-DIST-ACCT              213F
PY-PR1-DFLT-GROSS-ACCT             212F
PY-PR1-DFLT-HS-TYPE                253F
PY-PR1-DFLT-NORM-UNITS             225F
PY-PR1-DFLT-PAY-INTERVAL           239F
PY-PR1-DFLT-PAY-RATE               222F
PY-PR1-DFLT-SL-RATE                224F
PY-PR1-DFLT-VAC-RATE               223F
PY-PR1-DIST-USED                   240F
PY-PR1-FED-ID                      256F
PY-PR1-GL-USED                     237F
PY-PR1-HARD-DELETE                 244F
PY-PR1-HI-DED-CHK-CAT              278F
PY-PR1-HI-EARN-CHK-CAT             280F
PY-PR1-IRS-USED                    238F
PY-PR1-JC-USED                     236F
PY-PR1-LAST-DAY-PAY-PERIOD         227F
PY-PR1-LO-DED-CHK-CAT              277F
PY-PR1-LO-EARN-CHK-CAT             279F
PY-PR1-LOCAL-ID                    258F
PY-PR1-M-USED                      233F
PY-PR1-MAX-CHK-CATS                273F
PY-PR1-MAX-DIST-ACCTS              214F
PY-PR1-MAX-ED-CATS                 275F
PY-PR1-MAX-EMP-EDS                 274F
PY-PR1-MAX-PAY-FACTOR              221F
PY-PR1-MAX-SWT-ENTRIES             276F
PY-PR1-MAX-SYS-EDS                 281F
PY-PR1-MIN-WAGE                    216F
PY-PR1-OFFSET-CASH-ACCT            211F
PY-PR1-OS-DELIMITER                242F
ACS Cobol Xref v2.03.18          Dictionary File for PYPEREND    27/03/2026  19:27:43:56                               Page   82
Symbols of Module: PYPEREND (PYPEREND)
--------------------------------------
Unreferenced Working Storage Symbols

PY-PR1-PAGE-LINES-L                267F
PY-PR1-PAGE-LINES-P                266F
PY-PR1-PAGE-WIDTH-L                269F
PY-PR1-PAGE-WIDTH-P                268F
PY-PR1-PRINT-SPOOL-NAME            283F
PY-PR1-PRINT-SPOOL-NAME2           284F
PY-PR1-PRINT-SPOOL-NAME3           285F
PY-PR1-RATE-NAME                   254F
PY-PR1-RATE2-FACTOR                219F
PY-PR1-RATE3-FACTOR                220F
PY-PR1-RATE4-EXCLUSION-TYPE        229F
PY-PR1-S-USED                      232F
PY-PR1-STATE-ID                    257F
PY-PR1-TAX-ID                      207F
PY-PR1-TRADE-NAME                  197F
PY-PR1-USER-PROG                   271F
PY-PR1-USER-PROG-DESC              272F
PY-PR1-USER-PROG-USED              270F
PY-PR1-VOID-CHECK-AMT              217F
PY-PR1-VOID-CHECKS-OVER-MAX        228F
PY-PR1-W-USED                      234F
PY-PR2-BLOCK                       287F
PY-PR2-CHECK-DATE                  298F
PY-PR2-HRS-BATCH-NO                293F
PY-PR2-LAST-CHECK-NO               311F
PY-PR2-LAST-DAY-LAST-B             295F
PY-PR2-LAST-DAY-LAST-M             297F
PY-PR2-LAST-DAY-LAST-S             296F
PY-PR2-LAST-DAY-LAST-W             294F
PY-PR2-LAST-EMPLOYEE-NO            299F
PY-PR2-LAST-SM-APPLY-NO            291F
PY-PR2-LAST-WB-APPLY-NO            292F
PY-PR2-NO-ACCTS                    304F
PY-PR2-NO-ACTIVE-EMPS              300F
PY-PR2-NO-EMPLOYEES                301F
PY-PR2-YEAR-NEXT                   289F
RDB-DATA                          1050W
RDBMS-DB-NAME                     1294K
RDBMS-FLAT-STATUSES               1271K
RDBMS-HOST                        1300K
RDBMS-PASSWD                      1296K
RDBMS-PORT                        1299K
RDBMS-SOCKET                      1301K
RDBMS-USER                        1295K
REVENUE-ONLY                      1314K
RUN-DATE                          1227K
S-DEBTORS                         1417K
S-END-CYCLE-DATE                  1419K
S-FLAG-A                          1381K
S-FLAG-I                          1382K
S-FLAG-OI-3                       1379K
ACS Cobol Xref v2.03.18          Dictionary File for PYPEREND    27/03/2026  19:27:43:56                               Page   83
Symbols of Module: PYPEREND (PYPEREND)
--------------------------------------
Unreferenced Working Storage Symbols

S-FLAG-P                          1383K
S-L                               1249K
S-L-EXISTS                        1374K
S1                                1020W
SALES-LEDGER                      1373K
SALES-LEDGER-BLOCK                1372K
SALES-RANGE                       1328K
SCYCLE                            1223K
SL-AUTOGEN                        1431K
SL-BO-DEFAULT                     1434K
SL-BO-FLAG                        1433K
SL-CHARGES                        1385K
SL-COMP-HEAD-INV                  1422K
SL-COMP-HEAD-LETS                 1426K
SL-COMP-HEAD-PICK                 1420K
SL-COMP-HEAD-STAT                 1424K
SL-COMP-INV                       1423K
SL-COMP-LETS                      1427K
SL-COMP-PICK                      1421K
SL-COMP-STAT                      1425K
SL-CREDIT                         1408K
SL-DAY-BOOK                       1388K
SL-DAYS-1                         1405K
SL-DAYS-2                         1406K
SL-DAYS-3                         1407K
SL-DELIM                          1375K
SL-DISC                           1403K
SL-DUNNING                        1384K
SL-INVOICE-LINES                  1430K
SL-LATE-PER                       1402K
SL-LIMIT                          1415K
SL-MAX                            1411K
SL-MIN                            1410K
SL-NEXT-REC                       1432K
SL-OWN-NOS                        1386K
SL-PAY-AC                         1416K
SL-SALES-AC                       1418K
SL-STATS-RUN                      1387K
SL-STOCK-AUDIT                    1400K
SL-STOCK-LINK                     1399K
SL-VAT-PRINTED                    1428K
SL-VAT-PRINTS                     1429K
SQL-ERR                           1043W
SQL-MSG                           1044W
SQL-STATE                         1045W
START-DATE                        1228K
STATS-DATE-PERIOD                 1302K
STK-ABREV-REF                     1448K
STK-ACTIVITY-REP-RUN              1461K
STK-AUDIT-NO                      1464K
STK-AUDIT-USED                    1452K
ACS Cobol Xref v2.03.18          Dictionary File for PYPEREND    27/03/2026  19:27:43:56                               Page   84
Symbols of Module: PYPEREND (PYPEREND)
--------------------------------------
Unreferenced Working Storage Symbols

STK-AVERAGING                     1459K
STK-BO-ACTIVE                     1462K
STK-DEBUG                         1449K
STK-MANU-USED                     1450K
STK-MOV-AUDIT                     1453K
STK-OE-USED                       1451K
STK-PAGE-LINES                    1463K
STK-PERIOD-CUR                    1454K
STK-PERIOD-DAT                    1455K
STOCK                             1251K
STOCK-AUDIT-ON                    1401K
STOCK-AVERAGING                   1460K
STOCK-CONTROL                     1457K
STOCK-CONTROL-BLOCK               1447K
STOCK-CONTROL-EXISTS              1458K
SUSER                             1230K
SW-TESTING                        1123W
SW-TESTING-2                      1128W
SYSTEM-DATA-BLOCK                 1206K
SYSTEM-FILE-NAMES                 1595K
TESTING-1                         1124W
TESTING-2                         1129W
TRANS-DONE                        1326K
TRANS-PRINT                       1323K
TRANS-PRINTED                     1325K
U-BIN                              993W
U-CC                               977W
U-DAYS                             972W
U-INTL                             985W
U-INTL-CC                          987W
U-INTL-DAYS                        992W
U-INTL-MONTH                       990W
U-INTL-YEAR                        986W
U-INTL-YY                          988W
U-MONTH                            974W
U-UK                               971W
U-USA                              979W
U-USA-DAYS                         982W
U-USA-MONTH                        980W
U-YEAR                             976W
U-YY                               978W
UNIX                              1267K
UPDATES                           1340K
USER-CODE                         1232K
VALID-OS-TYPE                     1261K
VAT                               1330K
VAT-AC                            1344K
VAT-GROUP                         1472K
VAT-PSENT                         1473K
VAT-RATE                          1221K
VAT-RATE-1                        1216K
ACS Cobol Xref v2.03.18          Dictionary File for PYPEREND    27/03/2026  19:27:43:56                               Page   85
Symbols of Module: PYPEREND (PYPEREND)
--------------------------------------
Unreferenced Working Storage Symbols

VAT-RATE-2                        1217K
VAT-RATE-3                        1218K
VAT-RATE-4                        1219K
VAT-RATE-5                        1220K
VAT-REG-NUMBER                    1297K
VAT1                              1469K
VAT2                              1470K
VAT3                              1471K
WE-ERROR                          1017W
WINDOWS                           1264K
WS-CALLED                         1144K
WS-CALLER                         1145K
WS-CD-ARGS                        1151K
WS-CONV-DATE                       627W
WS-COUNT-ROWS                     1049W
WS-DATA                            605W
WS-DATE-FORMATS                    625W
WS-DAYS                            630W
WS-DEL-LINK                       1146K
WS-ERR-MSG                         615W
WS-FILE-KEY                       1046W
WS-INTL                            641W
WS-INTL-DAYS                       646W
WS-INTL-MONTH                      644W
WS-INTL-YEAR                       642W
WS-LOCAL-VARS                      656W
WS-LOG-FILE-NO                    1048W
WS-LOG-SYSTEM                     1041W
WS-LOG-WHERE                      1047W
WS-MONTH                           632W
WS-NO-PARAGRAPH                   1042W
WS-PR1-DATING                      624W
WS-SUB-FUNCTION                   1150K
WS-SWAP                            626W
WS-SYSTEM-RECORD-VERSION-PRIME    1208K
WS-SYSTEM-RECORD-VERSION-SECOND   1213K
WS-TEST-DATE                       622W
WS-TEST-YMD                        623W
WS-TIME                            931W
WS-UK                              629W
WS-USA                             635W
WS-USA-DAYS                        638W
WS-USA-MONTH                       636W
WSA-DATE                           932W
WSA-DD                             935W
WSA-MM                             934W
WSA-YY                             933W
WSB-HH                             937W
WSB-MM                             938W
WSB-SS                             939W
WSB-TIME                           936W
ACS Cobol Xref v2.03.18          Dictionary File for PYPEREND    27/03/2026  19:27:43:56                               Page   86
Symbols of Module: PYPEREND (PYPEREND)
--------------------------------------
Unreferenced Working Storage Symbols

WSD-HH                             942W
WSD-MM                             944W
WSD-SA                             943W
WSD-SB                             945W
WSD-SS                             946W
WSD-TIME                           941W
WSE-DATE-9                         953W
WSE-DAYS                           952W
WSE-HH                             956W
WSE-MM                             957W
WSE-MONTH                          951W
WSE-SS                             958W
WSE-TIME                           955W
WSE-YEAR                           950W
ACS Cobol Xref v2.03.18          Dictionary File for PYPEREND    27/03/2026  19:27:43:56                               Page   87
Symbols of Module: PYPEREND (PYPEREND)
--------------------------------------
Unreferenced Procedures

AA000-MAIN                        1630S
WS-                               2114P
